Date,Close,Open,High,Low,Volume
1999-03-10,50.82,50.89,50.92,50.05,5230000.0
1999-03-11,51.07,51.2,51.49,50.08,9690000.0
1999-03-12,49.83,50.89,50.92,49.42,8740000.0
1999-03-15,51.26,50.2,51.32,49.67,6370000.0
1999-03-16,51.7,51.48,51.91,50.92,4910000.0
1999-03-17,51.32,51.7,51.76,51.17,3970000.0
1999-03-18,52.32,51.26,52.35,51.24,4850000.0
1999-03-19,50.98,53.0,53.0,50.95,7160000.0
1999-03-22,50.36,51.2,51.32,50.26,5020000.0
1999-03-23,48.59,50.08,50.26,48.49,10960000.0
1999-03-24,50.23,49.02,50.26,48.27,8450000.0
1999-03-25,52.07,51.01,52.07,50.68,8130000.0
1999-03-26,51.51,51.63,52.22,51.29,8260000.0
1999-03-29,53.38,52.13,53.41,51.82,5110000.0
1999-03-30,53.0,53.31,53.75,52.78,4940000.0
1999-03-31,52.22,53.87,53.94,52.07,8260000.0
1999-04-01,53.31,53.75,53.81,52.44,8720000.0
1999-04-05,55.24,54.18,55.32,53.84,5700000.0
1999-04-06,55.35,55.18,55.96,54.71,7520000.0
1999-04-07,54.77,55.86,55.99,53.59,11920000.0
1999-04-08,55.21,54.68,55.47,53.56,7950000.0
1999-04-09,55.55,55.12,55.68,54.96,4950000.0
1999-04-12,55.18,54.25,55.55,54.18,10930000.0
1999-04-13,54.43,55.52,55.65,54.0,9960000.0
1999-04-14,52.57,55.12,55.18,52.26,21250000.0
1999-04-15,53.28,52.75,53.37,50.89,17650000.0
1999-04-16,51.73,53.16,53.16,51.45,17270000.0
1999-04-19,49.3,52.07,52.5,48.78,19460000.0
1999-04-20,50.42,49.08,50.82,48.62,17410000.0
1999-04-21,52.91,50.89,52.94,50.2,10940000.0
1999-04-22,54.34,53.41,54.49,53.06,13630000.0
1999-04-23,55.05,54.06,55.46,53.5,7060000.0
1999-04-26,56.32,55.43,56.73,55.25,5420000.0
1999-04-27,55.46,56.73,57.01,54.75,16480000.0
1999-04-28,53.56,54.99,55.18,53.32,7680000.0
1999-04-29,53.13,53.31,53.62,52.01,19150000.0
1999-04-30,53.47,53.87,54.15,51.57,15300000.0
1999-05-03,53.19,53.31,53.53,52.29,11110000.0
1999-05-04,52.35,53.28,54.12,52.04,15430000.0
1999-05-05,53.94,52.38,53.94,50.79,12640000.0
1999-05-06,51.98,53.44,53.9,51.48,15170000.0
1999-05-07,52.72,52.44,52.88,51.32,16430000.0
1999-05-10,53.25,53.06,53.61,52.44,10600000.0
1999-05-11,54.09,53.69,54.37,53.38,8800000.0
1999-05-12,55.21,54.34,55.4,52.75,12510000.0
1999-05-13,54.18,55.65,55.74,53.94,9860000.0
1999-05-14,53.16,53.13,53.75,52.75,12210000.0
1999-05-17,54.11,52.69,54.28,52.17,9910000.0
1999-05-18,53.87,54.06,54.37,53.25,9270000.0
1999-05-19,54.62,54.09,54.65,53.25,7990000.0
1999-05-20,53.12,54.74,54.74,53.03,6000000.0
1999-05-21,52.63,53.28,53.44,52.35,10470000.0
1999-05-24,51.29,52.72,52.82,50.95,9570000.0
1999-05-25,49.61,51.23,51.98,49.39,17770000.0
1999-05-26,51.0,50.26,51.2,48.71,26770000.0
1999-05-27,50.95,50.79,51.69,50.14,23330000.0
1999-05-28,51.79,51.26,52.07,50.61,12970000.0
1999-06-01,50.64,51.7,51.94,50.36,6960000.0
1999-06-02,51.49,50.61,51.76,49.34,12000000.0
1999-06-03,50.76,51.88,51.88,50.45,11150000.0
1999-06-04,52.32,51.14,52.5,51.14,12990000.0
1999-06-07,53.41,52.68,53.74,52.57,11490000.0
1999-06-08,52.07,53.53,53.78,51.8,8130000.0
1999-06-09,52.94,52.26,53.09,52.22,8380000.0
1999-06-10,52.33,52.38,52.69,51.7,9390000.0
1999-06-11,51.54,52.69,52.75,51.07,16570000.0
1999-06-14,50.57,51.73,51.73,50.45,14140000.0
1999-06-15,51.32,50.69,51.63,50.54,9150000.0
1999-06-16,53.96,52.6,53.96,52.54,15060000.0
1999-06-17,54.56,53.25,54.81,53.25,16280000.0
1999-06-18,54.81,54.06,54.96,53.97,5390000.0
1999-06-21,56.45,55.18,56.48,55.09,10570000.0
1999-06-22,54.74,56.11,56.83,54.74,10860000.0
1999-06-23,55.61,54.75,55.74,54.4,9610000.0
1999-06-24,54.5,55.58,55.61,54.25,14990000.0
1999-06-25,54.43,54.87,55.3,53.94,8640000.0
1999-06-28,55.72,54.9,55.8,54.45,7670000.0
1999-06-29,56.49,55.68,56.7,55.4,9000000.0
1999-06-30,57.36,56.54,59.66,55.87,19470000.0
1999-07-01,57.75,57.54,58.07,56.55,6820000.0
1999-07-02,58.48,57.73,58.54,57.73,3300000.0
1999-07-06,58.1,58.79,59.38,57.79,8790000.0
1999-07-07,58.2,58.07,58.45,57.67,10520000.0
1999-07-08,58.97,58.2,59.22,57.92,11230000.0
1999-07-09,59.57,59.19,59.63,58.76,4190000.0
1999-07-12,59.25,59.78,60.09,58.91,7820000.0
1999-07-13,58.97,58.97,59.19,58.51,6230000.0
1999-07-14,59.98,59.57,60.09,58.73,6910000.0
1999-07-15,60.53,60.19,60.53,59.85,6540000.0
1999-07-16,61.09,60.56,61.43,60.54,4910000.0
1999-07-19,60.47,61.34,61.34,60.23,6830000.0
1999-07-20,58.13,59.73,59.81,57.98,14840000.0
1999-07-21,58.41,58.26,58.92,57.79,10980000.0
1999-07-22,56.93,58.41,58.41,56.77,15150000.0
1999-07-23,57.01,57.36,57.6,56.42,12120000.0
1999-07-26,55.61,56.24,56.86,55.52,10720000.0
1999-07-27,56.73,56.73,57.61,56.25,13730000.0
1999-07-28,57.85,57.42,58.17,56.68,10160000.0
1999-07-29,56.61,56.77,57.23,56.05,13030000.0
1999-07-30,56.33,56.86,57.48,56.24,10950000.0
1999-08-02,56.17,56.42,57.54,55.96,9640000.0
1999-08-03,55.81,56.94,56.95,54.99,13010000.0
1999-08-04,54.8,55.81,56.23,54.75,13230000.0
1999-08-05,55.67,54.81,55.67,53.5,18700000.0
1999-08-06,55.07,55.27,56.3,54.68,12390000.0
1999-08-09,54.36,55.27,55.43,54.25,7980000.0
1999-08-10,53.87,54.22,54.61,52.69,16770000.0
1999-08-11,55.65,54.84,55.74,54.01,13100000.0
1999-08-12,54.99,55.86,56.24,54.87,12720000.0
1999-08-13,57.39,56.14,57.45,56.05,14340000.0
1999-08-16,57.85,57.36,58.04,56.98,11470000.0
1999-08-17,58.13,58.35,58.41,57.08,11410000.0
1999-08-18,57.48,57.85,58.57,57.26,7040000.0
1999-08-19,56.8,56.95,57.36,56.43,10160000.0
1999-08-20,57.7,56.86,57.7,56.55,6920000.0
1999-08-23,59.53,58.23,59.53,58.1,9650000.0
1999-08-24,59.94,59.1,60.59,58.98,13890000.0
1999-08-25,61.21,60.31,61.46,59.66,11350000.0
1999-08-26,60.19,61.21,61.43,60.1,9750000.0
1999-08-27,59.6,60.65,60.65,59.44,9640000.0
1999-08-30,58.76,59.84,60.03,58.6,10140000.0
1999-08-31,59.41,59.16,59.78,57.85,14590000.0
1999-09-01,59.84,59.78,60.34,59.41,10750000.0
1999-09-02,59.63,58.73,59.94,58.6,14580000.0
1999-09-03,62.36,61.34,62.39,61.12,14200000.0
1999-09-07,62.08,62.24,62.86,61.99,9010000.0
1999-09-08,61.24,61.71,62.33,60.75,14300000.0
1999-09-09,62.12,61.28,62.27,60.96,12680000.0
1999-09-10,62.83,62.96,63.45,62.24,10250000.0
1999-09-13,62.08,62.77,62.89,61.74,7240000.0
1999-09-14,62.42,61.84,62.85,61.71,10020000.0
1999-09-15,61.21,63.2,63.2,61.15,16100000.0
1999-09-16,61.18,61.18,61.74,59.91,15370000.0
1999-09-17,63.02,61.74,63.14,61.65,14510000.0
1999-09-20,63.17,63.2,63.45,62.74,6190000.0
1999-09-21,61.65,62.61,62.74,61.47,12270000.0
1999-09-22,62.3,61.74,62.63,61.0,12440000.0
1999-09-23,59.72,62.96,63.08,59.36,19770000.0
1999-09-24,59.8,59.35,60.03,58.35,23570000.0
1999-09-27,60.22,60.65,61.09,60.03,12610000.0
1999-09-28,60.5,59.91,60.72,58.63,20620000.0
1999-09-29,59.29,60.5,60.93,59.29,15560000.0
1999-09-30,59.91,59.84,60.53,59.1,17600000.0
1999-10-01,59.93,59.1,59.93,58.48,19610000.0
1999-10-04,61.28,60.25,61.49,59.91,12430000.0
1999-10-05,61.71,61.49,62.46,60.4,19530000.0
1999-10-06,62.95,62.08,63.04,61.14,19100000.0
1999-10-07,62.8,63.3,63.6,62.33,22010000.0
1999-10-08,63.46,62.55,63.64,61.71,22520000.0
1999-10-11,64.36,63.64,64.39,63.48,13020000.0
1999-10-12,62.89,64.14,64.65,62.71,20180000.0
1999-10-13,61.03,62.18,62.92,60.78,22570000.0
1999-10-14,61.41,61.24,61.84,60.25,22130000.0
1999-10-15,59.6,59.84,60.72,59.23,33700000.0
1999-10-18,58.84,59.66,59.88,57.15,24710000.0
1999-10-19,59.16,59.48,59.78,58.17,26660000.0
1999-10-20,60.96,60.06,61.45,59.47,22490000.0
1999-10-21,61.96,59.97,61.96,59.53,22450000.0
1999-10-22,61.68,62.33,62.96,61.46,16590000.0
1999-10-25,61.71,61.4,62.39,61.15,13860000.0
1999-10-26,61.21,62.46,62.8,61.09,13540000.0
1999-10-27,61.12,61.06,61.34,60.16,15230000.0
1999-10-28,63.24,62.08,63.45,61.52,14100000.0
1999-10-29,65.44,64.7,65.94,64.48,19000000.0
1999-11-01,65.1,65.44,66.22,65.02,9680000.0
1999-11-02,65.14,65.44,66.25,64.89,12830000.0
1999-11-03,66.44,66.07,66.81,65.88,18750000.0
1999-11-04,67.19,67.36,67.5,66.47,20050000.0
1999-11-05,67.87,68.55,68.9,67.87,15130000.0
1999-11-08,69.24,68.12,69.48,67.9,10890000.0
1999-11-09,68.77,69.8,69.92,68.18,14630000.0
1999-11-10,69.67,68.8,70.26,68.49,16560000.0
1999-11-11,70.92,70.42,71.01,69.8,18500000.0
1999-11-12,71.85,71.29,71.91,69.05,28650000.0
1999-11-15,71.71,71.91,72.16,71.35,10910000.0
1999-11-16,73.53,71.98,73.87,71.66,19130000.0
1999-11-17,72.54,73.53,73.85,72.16,21680000.0
1999-11-18,74.76,73.03,74.76,72.6,17740000.0
1999-11-19,75.43,74.43,75.55,74.15,17940000.0
1999-11-22,77.14,75.58,77.14,74.78,18840000.0
1999-11-23,74.62,76.08,76.14,73.9,24050000.0
1999-11-24,77.08,74.84,77.38,74.06,18620000.0
1999-11-26,77.33,78.04,78.41,77.01,8050000.0
1999-11-29,76.05,77.17,77.82,75.96,20490000.0
1999-11-30,73.16,76.21,76.33,73.16,23700000.0
1999-12-01,74.74,73.97,75.12,73.41,23210000.0
1999-12-02,77.12,75.02,77.26,74.98,17230000.0
1999-12-03,78.76,78.94,79.81,78.54,21440000.0
1999-12-06,79.47,79.06,80.13,78.32,16020000.0
1999-12-07,79.47,79.72,80.03,78.47,23400000.0
1999-12-08,78.51,79.5,80.12,78.32,19560000.0
1999-12-09,78.88,79.63,80.06,76.89,28450000.0
1999-12-10,79.53,79.53,79.81,77.76,20430000.0
1999-12-13,80.61,79.26,80.96,78.91,16210000.0
1999-12-14,79.16,80.37,80.84,78.63,27760000.0
1999-12-15,80.68,78.26,80.68,77.57,31800000.0
1999-12-16,82.68,81.74,82.86,81.37,27220000.0
1999-12-17,83.39,84.11,84.48,83.04,23890000.0
1999-12-20,84.48,84.01,84.85,83.3,15390000.0
1999-12-21,89.02,84.73,89.02,84.25,26000000.0
1999-12-22,88.74,88.77,88.9,87.03,22310000.0
1999-12-23,89.8,89.45,90.33,88.59,17540000.0
1999-12-27,89.27,89.89,89.92,87.5,19280000.0
1999-12-28,88.71,89.33,90.08,88.15,15350000.0
1999-12-29,92.07,89.58,92.07,89.46,16510000.0
1999-12-30,91.07,93.19,93.31,91.07,21890000.0
1999-12-31,90.95,92.19,92.75,90.95,14460000.0
2000-01-03,94.31,95.74,95.74,90.33,36430000.0
2000-01-04,87.84,91.57,93.06,87.53,33790000.0
2000-01-05,85.6,87.09,89.21,83.86,42500000.0
2000-01-06,79.72,86.47,87.59,79.38,37140000.0
2000-01-07,89.58,82.55,89.58,82.12,28140000.0
2000-01-10,92.07,90.58,93.5,89.52,29680000.0
2000-01-11,87.59,91.32,92.44,86.59,32550000.0
2000-01-12,85.66,88.59,88.83,85.6,29050000.0
2000-01-13,90.82,88.09,91.07,86.67,25170000.0
2000-01-14,92.94,92.57,93.19,91.57,21900000.0
2000-01-18,93.44,91.63,94.0,91.01,16750000.0
2000-01-19,95.55,93.06,95.55,92.0,19010000.0
2000-01-20,94.62,95.06,96.42,93.57,25960000.0
2000-01-21,95.8,96.05,96.11,94.62,18700000.0
2000-01-24,91.2,96.98,97.17,90.55,28340000.0
2000-01-25,92.57,91.45,93.68,88.99,33280000.0
2000-01-26,88.83,92.82,92.88,88.59,23100000.0
2000-01-27,90.14,91.32,92.07,87.22,30740000.0
2000-01-28,85.6,89.58,90.05,84.36,35310000.0
2000-01-31,89.27,85.48,89.58,83.11,36010000.0
2000-02-01,91.66,89.11,92.07,88.03,26420000.0
2000-02-02,92.44,91.82,94.28,91.66,26170000.0
2000-02-03,96.05,93.87,96.17,91.85,30580000.0
2000-02-04,96.7,96.55,97.78,95.77,26640000.0
2000-02-07,98.04,96.8,98.17,95.8,17760000.0
2000-02-08,102.15,98.91,102.4,98.91,22000000.0
2000-02-09,98.54,101.59,101.72,98.29,27290000.0
2000-02-10,101.77,99.35,101.77,98.1,26340000.0
2000-02-11,99.41,101.59,101.59,97.54,24880000.0
2000-02-14,99.29,99.53,99.53,97.29,22810000.0
2000-02-15,100.0,98.48,100.16,95.43,30570000.0
2000-02-16,99.53,99.44,101.21,98.85,25310000.0
2000-02-17,101.65,100.72,102.77,99.16,30080000.0
2000-02-18,97.98,102.15,102.52,97.98,25270000.0
2000-02-22,98.29,98.54,99.47,95.8,37230000.0
2000-02-23,103.76,99.22,104.51,98.69,32170000.0
2000-02-24,106.0,104.39,106.31,101.52,48870000.0
2000-02-25,103.58,105.69,107.0,103.39,32620000.0
2000-02-28,103.52,102.77,105.2,100.03,38220000.0
2000-02-29,106.25,105.26,106.59,104.45,23980000.0
2000-03-01,107.12,106.75,108.06,106.0,24470000.0
2000-03-02,104.64,107.56,107.68,104.26,32740000.0
2000-03-03,110.55,107.5,110.61,106.5,32020000.0
2000-03-06,111.42,111.23,112.69,109.74,23270000.0
2000-03-07,109.74,113.28,113.34,108.24,39470000.0
2000-03-08,110.73,110.48,111.48,105.79,43510000.0
2000-03-09,114.46,110.7,114.96,108.59,30100000.0
2000-03-10,113.97,114.34,115.9,112.98,29750000.0
2000-03-13,110.98,109.49,113.59,109.02,37540000.0
2000-03-14,106.87,112.22,112.85,104.51,39110000.0
2000-03-15,102.4,106.0,106.5,101.4,51200000.0
2000-03-16,108.24,104.88,108.74,100.53,55280000.0
2000-03-17,110.3,107.5,110.55,107.43,31420000.0
2000-03-20,107.19,110.48,110.98,105.76,21170000.0
2000-03-21,111.23,105.63,111.42,103.08,33440000.0
2000-03-22,113.47,112.97,115.43,110.61,24370000.0
2000-03-23,115.46,113.95,117.2,113.03,19230000.0
2000-03-24,117.01,116.94,119.94,114.48,22060000.0
2000-03-27,117.2,117.45,118.94,116.58,11750000.0
2000-03-28,114.22,116.44,117.26,112.6,18340000.0
2000-03-29,109.49,114.84,114.9,109.49,27190000.0
2000-03-30,106.75,106.75,112.22,103.02,42330000.0
2000-03-31,108.99,107.64,110.11,103.52,31350000.0
2000-04-03,102.46,107.26,108.62,100.28,31550000.0
2000-04-04,101.46,103.14,103.45,87.9,66210000.0
2000-04-05,99.66,97.05,103.45,95.8,37010000.0
2000-04-06,102.02,101.9,103.39,99.29,30500000.0
2000-04-07,106.13,103.64,106.87,102.15,20650000.0
2000-04-10,99.66,107.12,107.19,98.79,26990000.0
2000-04-11,97.29,96.67,101.03,95.3,34500000.0
2000-04-12,91.94,97.17,98.29,89.83,34830000.0
2000-04-13,87.59,92.38,95.55,87.59,46330000.0
2000-04-14,80.0,85.66,88.09,77.64,60850000.0
2000-04-17,89.21,77.65,89.58,77.64,55400000.0
2000-04-18,91.57,89.07,92.57,86.97,36260000.0
2000-04-19,88.77,92.07,93.19,88.65,28080000.0
2000-04-20,86.84,89.95,90.55,85.66,21260000.0
2000-04-24,84.36,83.05,84.85,79.5,31250000.0
2000-04-25,90.05,86.1,90.08,85.6,28660000.0
2000-04-26,86.97,90.2,91.99,86.72,25690000.0
2000-04-27,90.82,83.11,92.05,83.11,37040000.0
2000-04-28,94.31,93.13,94.31,91.7,24830000.0
2000-05-01,95.18,95.3,96.42,93.81,23210000.0
2000-05-02,89.71,94.43,95.18,89.33,20310000.0
2000-05-03,88.71,89.08,89.83,85.12,26590000.0
2000-05-04,88.9,88.59,90.33,87.22,17750000.0
2000-05-05,91.01,87.71,91.88,87.62,20570000.0
2000-05-08,87.47,90.08,90.33,87.34,13900000.0
2000-05-09,85.6,88.09,88.71,83.92,19810000.0
2000-05-10,79.38,83.98,84.59,79.13,34850000.0
2000-05-11,84.23,82.36,84.85,80.5,24710000.0
2000-05-12,84.23,84.98,87.15,83.61,17830000.0
2000-05-15,87.9,84.42,88.21,82.24,17950000.0
2000-05-16,90.39,89.58,91.07,87.65,23830000.0
2000-05-17,88.52,88.83,90.08,87.34,20340000.0
2000-05-18,85.35,88.59,88.94,84.98,19060000.0
2000-05-19,81.31,83.36,84.6,80.93,28180000.0
2000-05-22,81.24,81.24,81.87,75.23,43880000.0
2000-05-23,74.46,81.0,82.24,73.9,31920000.0
2000-05-24,79.13,74.65,79.5,71.91,49480000.0
2000-05-25,77.39,79.88,81.87,76.14,29630000.0
2000-05-26,77.39,77.39,78.88,75.4,18200000.0
2000-05-30,85.16,79.63,85.54,79.63,30890000.0
2000-05-31,82.74,84.08,86.27,82.36,29680000.0
2000-06-01,86.97,84.79,87.96,83.61,28990000.0
2000-06-02,93.19,92.19,93.67,91.45,32240000.0
2000-06-05,93.42,91.82,94.87,91.45,23780000.0
2000-06-06,90.82,92.75,94.56,90.45,23200000.0
2000-06-07,93.25,91.14,93.56,89.15,22520000.0
2000-06-08,92.82,94.18,94.43,91.2,19310000.0
2000-06-09,93.31,94.31,94.31,92.57,17010000.0
2000-06-12,90.33,93.87,93.87,89.58,16480000.0
2000-06-13,93.81,90.08,94.18,88.94,25190000.0
2000-06-14,91.7,94.43,94.43,91.07,20270000.0
2000-06-15,93.31,91.45,93.44,90.45,18810000.0
2000-06-16,93.81,94.31,94.87,92.63,21200000.0
2000-06-19,97.54,93.58,97.79,92.26,20040000.0
2000-06-20,97.17,97.79,99.22,96.73,20990000.0
2000-06-21,98.41,96.36,99.25,96.24,20880000.0
2000-06-22,94.81,98.17,98.54,94.06,21530000.0
2000-06-23,91.07,94.56,95.06,90.95,24890000.0
2000-06-26,93.56,92.63,93.98,91.57,22170000.0
2000-06-27,92.44,93.33,94.62,91.94,14790000.0
2000-06-28,93.56,92.55,95.06,92.07,19260000.0
2000-06-29,91.21,92.5,92.94,90.2,21360000.0
2000-06-30,93.0,91.38,93.52,90.89,15150000.0
2000-07-03,94.81,93.06,94.81,92.82,5210000.0
2000-07-05,91.14,93.19,93.53,90.45,16490000.0
2000-07-06,93.56,91.14,94.31,89.64,23590000.0
2000-07-07,95.49,94.56,96.55,94.0,16600000.0
2000-07-10,94.04,94.25,95.43,93.56,12660000.0
2000-07-11,94.56,93.62,95.3,92.38,14370000.0
2000-07-12,96.8,94.99,97.29,94.18,18250000.0
2000-07-13,98.04,97.48,99.29,96.67,19570000.0
2000-07-14,100.16,99.78,100.65,98.35,17220000.0
2000-07-17,101.28,100.47,101.59,99.41,13140000.0
2000-07-18,99.04,99.91,100.31,97.9,20680000.0
2000-07-19,96.8,97.85,98.48,95.21,21830000.0
2000-07-20,99.91,97.42,100.03,96.81,19520000.0
2000-07-21,96.55,97.98,99.05,96.55,14410000.0
2000-07-24,94.56,97.48,98.54,93.81,18580000.0
2000-07-25,95.3,95.18,96.55,93.38,19070000.0
2000-07-26,95.18,95.06,95.68,92.82,20320000.0
2000-07-27,91.45,93.5,94.62,91.14,26140000.0
2000-07-28,86.47,91.76,92.44,85.6,36490000.0
2000-07-31,89.02,87.22,89.71,85.32,27610000.0
2000-08-01,87.84,89.39,89.57,87.28,15750000.0
2000-08-02,86.28,87.47,89.97,86.1,23580000.0
2000-08-03,90.02,83.86,90.82,82.92,35870000.0
2000-08-04,89.71,91.57,92.33,88.71,22280000.0
2000-08-07,91.82,90.45,92.6,89.83,15100000.0
2000-08-08,93.69,91.63,94.56,91.07,14830000.0
2000-08-09,91.2,93.25,94.0,90.95,18650000.0
2000-08-10,89.39,91.38,91.8,89.08,15340000.0
2000-08-11,90.64,88.83,90.69,87.47,21050000.0
2000-08-14,92.57,90.95,92.57,89.78,12540000.0
2000-08-15,92.57,92.32,93.55,91.57,14090000.0
2000-08-16,93.5,93.0,94.25,91.57,15250000.0
2000-08-17,95.3,92.5,95.43,92.44,14490000.0
2000-08-18,94.81,95.49,96.17,94.25,14710000.0
2000-08-21,95.06,95.55,96.41,93.94,13560000.0
2000-08-22,95.06,95.55,96.91,94.82,14880000.0
2000-08-23,96.61,94.25,96.98,93.39,21400000.0
2000-08-24,98.1,96.98,98.23,95.62,13570000.0
2000-08-25,97.57,98.03,99.49,96.55,11760000.0
2000-08-28,98.04,97.79,99.38,97.48,12310000.0
2000-08-29,98.54,98.17,98.71,97.4,11160000.0
2000-08-30,98.41,97.85,99.04,97.31,10550000.0
2000-08-31,101.15,99.16,101.52,99.1,15590000.0
2000-09-01,102.15,102.52,103.03,100.72,14070000.0
2000-09-05,99.04,101.15,101.28,98.96,16350000.0
2000-09-06,95.55,98.79,99.02,95.06,20960000.0
2000-09-07,97.67,96.36,98.96,96.11,16670000.0
2000-09-08,94.68,97.31,97.54,94.32,23480000.0
2000-09-11,92.38,94.06,95.68,91.57,27260000.0
2000-09-12,90.95,93.06,94.25,90.42,24260000.0
2000-09-13,93.06,89.83,93.44,89.58,34090000.0
2000-09-14,92.57,94.81,95.49,92.21,28620000.0
2000-09-15,90.89,92.69,93.19,90.27,24990000.0
2000-09-18,89.46,91.38,92.57,87.59,29220000.0
2000-09-19,92.75,90.33,93.34,89.46,27570000.0
2000-09-20,94.18,92.94,94.79,90.89,33120000.0
2000-09-21,87.34,93.31,94.04,86.59,25030000.0
2000-09-22,92.5,87.22,92.82,87.09,33710000.0
2000-09-25,90.05,93.19,93.81,89.58,20560000.0
2000-09-26,89.02,90.34,92.07,88.51,26010000.0
2000-09-27,89.15,90.2,90.76,87.59,28480000.0
2000-09-28,91.14,88.31,92.57,88.31,29050000.0
2000-09-29,88.34,91.57,92.02,88.27,27200000.0
2000-10-02,86.35,89.83,89.83,85.6,24970000.0
2000-10-03,83.61,87.65,88.09,82.88,35730000.0
2000-10-04,85.23,83.11,86.45,81.74,37680000.0
2000-10-05,85.48,84.85,86.78,84.17,23440000.0
2000-10-06,82.61,85.16,86.16,80.88,36340000.0
2000-10-09,82.24,82.18,83.42,79.01,28830000.0
2000-10-10,77.95,81.43,82.92,77.51,35280000.0
2000-10-11,76.7,76.52,80.08,75.71,48460000.0
2000-10-12,74.78,78.88,79.19,73.97,53220000.0
2000-10-13,80.87,74.34,81.24,74.28,42410000.0
2000-10-16,81.62,80.75,81.93,79.38,27640000.0
2000-10-17,77.89,82.74,82.78,77.64,52110000.0
2000-10-18,77.64,76.39,80.81,74.22,64810000.0
2000-10-19,84.67,82.01,84.71,81.06,42450000.0
2000-10-20,85.91,84.11,87.47,84.0,40690000.0
2000-10-23,85.79,85.79,87.09,83.73,28990000.0
2000-10-24,82.12,86.03,86.59,81.99,31470000.0
2000-10-25,77.51,80.87,81.62,76.53,48640000.0
2000-10-26,79.5,77.82,79.63,73.28,70010000.0
2000-10-27,79.35,80.48,81.48,77.12,51050000.0
2000-10-30,76.41,77.82,79.5,75.35,35500000.0
2000-10-31,81.32,77.64,82.18,77.51,43860000.0
2000-11-01,80.62,79.94,82.43,78.82,45190000.0
2000-11-02,81.62,81.8,82.86,80.68,26590000.0
2000-11-03,82.68,82.49,83.55,81.26,29840000.0
2000-11-06,82.05,83.24,83.73,81.62,23490000.0
2000-11-07,81.74,81.06,82.08,79.88,24340000.0
2000-11-08,75.35,81.74,81.87,75.27,40340000.0
2000-11-09,75.33,74.4,76.58,72.66,64960000.0
2000-11-10,71.42,73.9,75.33,71.42,49240000.0
2000-11-13,69.74,70.62,73.84,67.95,75020000.0
2000-11-14,75.49,72.66,75.65,72.41,44830000.0
2000-11-15,77.01,75.21,77.7,74.45,37760000.0
2000-11-16,72.54,75.02,76.64,72.54,33900000.0
2000-11-17,72.49,72.85,74.84,70.67,49910000.0
2000-11-20,69.53,70.61,71.73,68.93,46860000.0
2000-11-21,69.43,69.86,70.79,68.12,42130000.0
2000-11-22,66.31,68.12,69.8,66.19,56620000.0
2000-11-24,70.11,68.06,70.3,67.85,19990000.0
2000-11-27,69.24,72.22,72.6,68.43,35420000.0
2000-11-28,65.15,68.62,69.61,65.01,48810000.0
2000-11-29,62.64,65.51,66.44,62.21,66200000.0
2000-11-30,62.69,61.46,63.95,60.22,74880000.0
2000-12-01,63.7,63.76,66.45,61.84,57110000.0
2000-12-04,63.39,63.83,65.05,61.46,49110000.0
2000-12-05,70.36,65.75,70.67,65.19,76540000.0
2000-12-06,67.68,70.26,71.96,67.43,63350000.0
2000-12-07,66.19,66.69,68.66,65.19,41480000.0
2000-12-08,67.68,70.76,73.66,67.31,65860000.0
2000-12-11,74.03,71.72,74.43,70.62,51830000.0
2000-12-12,71.32,73.16,73.53,70.98,31050000.0
2000-12-13,68.41,73.1,73.16,67.99,51660000.0
2000-12-14,65.07,68.2,69.36,64.95,41570000.0
2000-12-15,63.58,63.95,65.32,62.27,59030000.0
2000-12-18,63.7,64.85,65.66,62.27,42950000.0
2000-12-19,58.85,63.16,65.55,58.48,80500000.0
2000-12-20,55.47,57.05,58.1,54.49,81430000.0
2000-12-21,55.8,54.76,58.48,54.0,85880000.0
2000-12-22,60.22,57.36,60.47,57.36,57260000.0
2000-12-26,60.59,60.31,61.63,57.73,37080000.0
2000-12-27,61.28,59.41,61.9,58.66,33960000.0
2000-12-28,61.15,60.5,62.19,59.97,31000000.0
2000-12-29,58.1,61.28,61.94,57.73,49200000.0
2001-01-02,53.19,58.29,58.41,52.19,62520000.0
2001-01-03,62.15,51.94,64.95,51.91,118250000.0
2001-01-04,61.03,61.34,63.33,59.95,58470000.0
2001-01-05,56.36,61.03,61.03,55.74,68780000.0
2001-01-08,56.98,56.05,57.23,53.27,55580000.0
2001-01-09,56.98,57.48,58.85,56.36,53320000.0
2001-01-10,59.91,55.86,60.09,55.49,74280000.0
2001-01-11,61.65,58.99,63.39,58.91,65460000.0
2001-01-12,62.44,62.46,64.32,61.21,60790000.0
2001-01-16,61.7,62.27,62.63,60.28,32200000.0
2001-01-17,63.58,64.2,65.3,62.85,61400000.0
2001-01-18,66.25,63.83,66.44,62.4,54930000.0
2001-01-19,66.0,67.82,67.99,65.26,56200000.0
2001-01-22,66.07,65.57,66.69,64.45,35780000.0
2001-01-23,67.45,65.6,68.09,65.01,49860000.0
2001-01-24,66.81,67.75,68.8,66.44,53940000.0
2001-01-25,64.2,66.56,67.36,64.09,57170000.0
2001-01-26,65.24,63.27,65.63,62.71,45680000.0
2001-01-29,66.69,64.45,66.94,63.95,31510000.0
2001-01-30,66.44,66.84,67.42,63.25,42840000.0
2001-01-31,64.0,66.94,67.68,64.0,59330000.0
2001-02-01,64.85,64.25,65.3,63.3,45160000.0
2001-02-02,61.26,64.64,65.0,59.72,47470000.0
2001-02-05,61.21,60.9,61.61,59.84,36020000.0
2001-02-06,61.31,61.2,62.83,60.88,42420000.0
2001-02-07,60.32,60.23,60.91,58.31,61970000.0
2001-02-08,58.52,60.62,61.21,58.31,48270000.0
2001-02-09,56.14,57.98,60.76,55.74,55400000.0
2001-02-12,56.81,55.99,57.67,55.36,50540000.0
2001-02-13,54.99,57.38,58.9,54.72,58910000.0
2001-02-14,57.18,55.14,57.48,53.87,63050000.0
2001-02-15,58.13,58.53,60.21,58.03,67800000.0
2001-02-16,54.87,55.7,56.61,54.28,66780000.0
2001-02-20,52.74,55.48,55.58,52.06,55300000.0
2001-02-21,51.26,51.31,53.82,50.68,72350000.0
2001-02-22,50.76,51.21,51.92,48.66,103910000.0
2001-02-23,50.94,49.86,51.36,48.01,93340000.0
2001-02-26,51.91,51.84,52.35,50.02,78340000.0
2001-02-27,48.77,51.3,51.84,48.67,66740000.0
2001-02-28,47.23,49.22,49.98,46.64,102220000.0
2001-03-01,48.57,46.75,48.97,45.54,101770000.0
2001-03-02,46.48,46.98,49.4,45.44,95980000.0
2001-03-05,47.33,47.28,48.13,46.87,43890000.0
2001-03-06,49.17,49.07,50.42,48.87,60830000.0
2001-03-07,49.19,50.17,50.2,48.74,55220000.0
2001-03-08,48.27,49.12,49.58,47.88,48970000.0
2001-03-09,44.89,47.03,47.15,44.74,79990000.0
2001-03-12,42.1,43.8,44.74,41.61,80670000.0
2001-03-13,44.24,42.58,44.53,41.93,80020000.0
2001-03-14,43.55,42.5,44.98,42.11,97190000.0
2001-03-15,41.95,44.99,45.11,41.85,74140000.0
2001-03-16,40.91,41.68,42.6,40.37,77790000.0
2001-03-19,43.06,41.25,43.06,40.56,53250000.0
2001-03-20,40.16,43.24,43.61,40.01,105000000.0
2001-03-21,40.16,40.33,41.61,39.53,96200000.0
2001-03-22,42.6,40.41,42.6,39.31,130210000.0
2001-03-23,42.6,43.35,43.63,41.31,95280000.0
2001-03-26,41.62,43.27,43.3,41.36,57670000.0
2001-03-27,43.05,41.61,43.52,41.23,69950000.0
2001-03-28,39.52,41.7,42.0,39.5,77980000.0
2001-03-29,38.77,39.2,40.42,38.22,79650000.0
2001-03-30,38.97,39.12,39.79,37.82,63660000.0
2001-04-02,37.23,38.99,39.66,37.13,69710000.0
2001-04-03,34.5,37.03,37.57,34.46,89020000.0
2001-04-04,33.89,34.55,35.64,33.44,76470000.0
2001-04-05,37.14,35.83,37.78,35.54,87040000.0
2001-04-06,36.13,36.73,36.93,35.33,86130000.0
2001-04-09,36.88,36.62,37.22,35.68,51640000.0
2001-04-10,39.61,37.72,40.27,37.6,94270000.0
2001-04-11,40.81,41.96,42.3,40.26,92830000.0
2001-04-12,42.6,40.11,42.6,39.81,79530000.0
2001-04-16,40.06,41.75,42.23,39.87,65230000.0
2001-04-17,41.06,39.76,42.5,39.71,94690000.0
2001-04-18,45.34,43.52,48.73,43.0,129200000.0
2001-04-19,48.08,45.89,48.52,45.37,110470000.0
2001-04-20,48.17,47.96,49.21,46.78,80600000.0
2001-04-23,44.94,46.77,47.5,44.68,79320000.0
2001-04-24,44.09,44.89,46.2,43.55,88890000.0
2001-04-25,44.89,43.7,45.37,42.9,68420000.0
2001-04-26,43.75,45.69,46.03,43.67,71110000.0
2001-04-27,44.94,44.94,45.26,44.03,56470000.0
2001-04-30,45.94,46.03,47.35,45.09,73860000.0
2001-05-01,47.83,45.98,47.86,45.19,54500000.0
2001-05-02,48.75,48.57,49.17,47.28,77570000.0
2001-05-03,46.58,47.68,47.68,45.98,67120000.0
2001-05-04,47.98,45.09,47.98,44.9,72670000.0
2001-05-07,46.98,47.78,48.37,46.88,45560000.0
2001-05-08,47.98,48.08,48.12,46.77,56970000.0
2001-05-09,46.33,46.83,47.73,46.22,60980000.0
2001-05-10,45.56,47.7,47.83,45.51,61130000.0
2001-05-11,45.34,45.63,46.2,44.88,48760000.0
2001-05-14,44.61,45.09,45.15,43.9,43060000.0
2001-05-15,44.94,44.69,46.08,44.37,69010000.0
2001-05-16,46.93,44.1,47.3,43.85,80110000.0
2001-05-17,47.68,47.23,48.56,47.04,73810000.0
2001-05-18,47.82,47.42,48.15,46.87,41100000.0
2001-05-21,50.81,47.95,50.91,47.43,85430000.0
2001-05-22,50.66,51.07,51.71,49.95,77240000.0
2001-05-23,48.42,50.21,50.22,48.41,65620000.0
2001-05-24,49.67,48.74,49.76,48.05,61790000.0
2001-05-25,48.76,49.73,49.79,47.8,36190000.0
2001-05-29,45.91,48.27,48.27,45.89,66610000.0
2001-05-30,44.22,45.23,45.64,43.87,81400000.0
2001-05-31,44.52,44.33,45.64,44.09,68020000.0
2001-06-01,45.84,45.33,46.01,44.12,61870000.0
2001-06-04,45.62,46.12,46.68,45.08,41700000.0
2001-06-05,47.63,46.09,48.13,45.98,68150000.0
2001-06-06,47.26,47.86,48.66,46.85,61170000.0
2001-06-07,48.47,46.92,49.26,46.86,65400000.0
2001-06-08,47.13,48.49,48.54,46.73,56390000.0
2001-06-11,45.84,46.68,47.54,45.28,48870000.0
2001-06-12,45.59,44.66,46.58,44.02,78450000.0
2001-06-13,44.34,46.06,46.53,44.31,68540000.0
2001-06-14,42.05,43.82,44.19,41.8,91050000.0
2001-06-15,42.4,41.61,42.9,41.09,84590000.0
2001-06-18,41.83,42.44,42.97,41.21,63540000.0
2001-06-19,41.63,43.12,43.36,41.07,73390000.0
2001-06-20,42.57,41.11,42.77,41.09,83590000.0
2001-06-21,43.15,42.47,44.02,42.1,67210000.0
2001-06-22,43.05,43.42,43.99,42.39,51870000.0
2001-06-25,43.16,43.41,43.6,42.45,39210000.0
2001-06-26,43.31,42.34,43.69,42.28,55160000.0
2001-06-27,43.59,43.48,43.94,42.8,53290000.0
2001-06-28,44.14,44.2,46.14,44.14,89990000.0
2001-06-29,45.49,44.88,46.3,44.49,59720000.0
2001-07-02,45.24,45.44,46.26,44.98,50880000.0
2001-07-03,45.43,45.04,45.48,44.59,24760000.0
2001-07-05,43.25,44.66,44.98,43.25,44410000.0
2001-07-06,41.46,42.81,42.91,41.3,53440000.0
2001-07-09,41.81,41.7,42.49,41.31,45550000.0
2001-07-10,40.31,42.56,42.68,40.21,58620000.0
2001-07-11,40.81,40.23,40.91,39.68,77840000.0
2001-07-12,43.4,42.43,43.63,42.1,70370000.0
2001-07-13,42.95,43.18,44.22,42.7,62480000.0
2001-07-16,42.15,43.17,43.66,41.7,53390000.0
2001-07-17,43.1,41.63,43.2,41.35,59810000.0
2001-07-18,41.46,42.08,42.65,40.95,64800000.0
2001-07-19,42.44,42.26,43.15,41.56,76590000.0
2001-07-20,41.46,41.3,41.94,41.17,49010000.0
2001-07-23,40.42,42.04,42.2,40.36,55330000.0
2001-07-24,39.96,40.19,40.71,39.13,70430000.0
2001-07-25,40.31,39.95,40.53,39.22,68860000.0
2001-07-26,40.91,40.26,41.69,39.79,69220000.0
2001-07-27,41.75,41.45,42.06,40.71,47490000.0
2001-07-30,41.51,41.93,42.1,41.21,39460000.0
2001-07-31,41.57,41.65,42.58,41.31,55730000.0
2001-08-01,42.9,42.44,43.3,42.21,53860000.0
2001-08-02,43.71,43.59,43.8,42.62,53190000.0
2001-08-03,42.98,43.33,43.33,42.36,51510000.0
2001-08-06,42.3,42.34,42.65,42.15,31110000.0
2001-08-07,42.08,41.9,42.62,41.74,38410000.0
2001-08-08,40.31,41.66,42.45,40.11,76070000.0
2001-08-09,40.48,40.22,40.69,39.79,66860000.0
2001-08-10,40.09,40.24,40.56,39.05,68490000.0
2001-08-13,40.91,40.4,41.15,40.01,48430000.0
2001-08-14,40.41,41.3,41.51,40.35,51270000.0
2001-08-15,38.92,40.43,40.74,38.89,58810000.0
2001-08-16,39.38,38.47,39.41,37.86,68230000.0
2001-08-17,37.58,38.26,38.62,37.53,56650000.0
2001-08-20,38.1,37.67,38.47,37.35,49910000.0
2001-08-21,36.52,38.11,38.47,36.48,56450000.0
2001-08-22,37.51,37.28,37.66,36.37,65240000.0
2001-08-23,37.15,37.5,38.28,37.13,54710000.0
2001-08-24,39.12,37.68,39.21,37.57,58450000.0
2001-08-27,39.17,39.1,39.71,38.65,50820000.0
2001-08-28,37.94,39.14,39.26,37.83,65280000.0
2001-08-29,37.39,38.19,38.27,36.96,59060000.0
2001-08-30,36.0,36.63,37.14,35.58,65840000.0
2001-08-31,36.46,35.87,36.86,35.77,54300000.0
2001-09-04,35.3,36.35,37.33,35.19,74030000.0
2001-09-05,35.17,35.32,35.74,33.99,94910000.0
2001-09-06,33.74,34.58,35.35,33.62,87710000.0
2001-09-07,33.54,33.46,34.94,33.19,95530000.0
2001-09-10,33.94,33.33,34.16,33.19,80370000.0
2001-09-17,31.05,31.1,32.65,30.95,97090000.0
2001-09-18,30.36,31.38,32.35,30.23,65940000.0
2001-09-19,29.83,30.5,30.86,28.13,116620000.0
2001-09-20,28.84,29.16,29.95,28.67,90690000.0
2001-09-21,28.06,27.28,28.84,27.07,112120000.0
2001-09-24,29.47,28.94,29.86,28.46,85690000.0
2001-09-25,29.56,29.57,30.29,28.82,83800000.0
2001-09-26,28.54,29.81,29.86,28.28,59260000.0
2001-09-27,28.35,28.27,28.66,27.29,70050000.0
2001-09-28,28.85,28.71,29.78,28.18,84810000.0
2001-10-01,28.6,28.72,28.85,27.72,53460000.0
2001-10-02,28.69,28.52,29.27,28.27,74180000.0
2001-10-03,30.86,28.3,31.46,28.2,136220000.0
2001-10-04,31.15,31.5,33.05,30.8,127400000.0
2001-10-05,31.61,30.86,31.75,30.12,96560000.0
2001-10-08,31.71,30.99,32.2,30.82,67790000.0
2001-10-09,30.95,31.71,31.87,30.73,57460000.0
2001-10-10,32.35,30.73,32.39,30.61,73840000.0
2001-10-11,34.54,33.04,35.09,32.99,117270000.0
2001-10-12,34.39,34.17,34.64,32.99,111900000.0
2001-10-15,34.24,33.96,34.39,33.5,78320000.0
2001-10-16,34.8,34.51,34.94,33.91,81350000.0
2001-10-17,32.3,35.7,35.83,32.15,141530000.0
2001-10-18,33.17,32.55,33.38,32.25,94450000.0
2001-10-19,33.39,32.72,33.59,31.85,73430000.0
2001-10-22,34.29,33.28,34.34,33.07,74080000.0
2001-10-23,34.47,34.66,35.24,33.84,103630000.0
2001-10-24,35.22,34.44,35.51,34.16,90060000.0
2001-10-25,36.63,34.54,36.65,34.07,118550000.0
2001-10-26,35.84,36.33,36.89,35.84,93820000.0
2001-10-29,33.88,35.83,35.99,33.88,92150000.0
2001-10-30,33.22,33.55,33.93,32.69,96090000.0
2001-10-31,33.74,33.88,34.8,33.52,106180000.0
2001-11-01,35.18,34.28,35.4,33.62,92720000.0
2001-11-02,35.43,35.11,35.68,34.73,64920000.0
2001-11-05,36.59,36.09,36.99,35.99,64430000.0
2001-11-06,38.01,36.44,38.02,36.22,107000000.0
2001-11-07,37.96,37.43,38.66,37.33,92140000.0
2001-11-08,37.57,38.37,39.22,37.08,105920000.0
2001-11-09,37.55,37.42,37.9,36.95,74120000.0
2001-11-12,37.82,36.83,38.17,36.13,112990000.0
2001-11-13,39.18,38.85,39.32,38.45,97930000.0
2001-11-14,39.46,39.77,40.05,38.56,88660000.0
2001-11-15,39.3,38.98,39.92,38.77,86350000.0
2001-11-16,39.19,39.3,39.5,38.74,64040000.0
2001-11-19,40.3,39.6,40.3,39.31,69200000.0
2001-11-20,38.44,39.89,40.04,38.3,85220000.0
2001-11-21,38.46,38.29,38.77,37.8,60870000.0
2001-11-23,39.1,38.58,39.25,38.39,27050000.0
2001-11-26,40.06,39.4,40.17,38.83,75270000.0
2001-11-27,40.01,39.86,40.78,39.02,100290000.0
2001-11-28,38.57,39.54,40.18,38.51,101570000.0
2001-11-29,39.76,38.85,39.81,38.61,83820000.0
2001-11-30,39.47,39.54,39.85,39.18,66020000.0
2001-12-03,38.79,39.11,39.42,38.69,60450000.0
2001-12-04,40.64,39.16,40.65,38.26,79410000.0
2001-12-05,42.65,41.02,42.95,40.93,115770000.0
2001-12-06,42.71,42.51,43.04,42.16,77700000.0
2001-12-07,41.54,42.29,42.4,40.95,81630000.0
2001-12-10,40.81,41.13,42.03,40.69,69090000.0
2001-12-11,41.04,41.27,42.06,40.94,66060000.0
2001-12-12,41.37,41.31,41.74,40.41,76090000.0
2001-12-13,39.57,40.52,40.81,39.57,79590000.0
2001-12-14,39.92,39.69,40.27,39.39,70010000.0
2001-12-17,40.61,39.83,41.05,39.83,62450000.0
2001-12-18,41.07,40.97,41.31,39.97,50850000.0
2001-12-19,40.32,40.37,41.13,40.13,79600000.0
2001-12-20,38.61,39.91,40.11,38.5,83050000.0
2001-12-21,39.3,39.24,39.53,38.97,56210000.0
2001-12-24,39.14,39.36,39.45,38.97,13660000.0
2001-12-26,39.51,39.19,40.11,38.98,37690000.0
2001-12-27,39.82,39.66,40.01,39.42,34260000.0
2001-12-28,40.14,40.1,40.61,40.04,38250000.0
2001-12-31,38.73,40.12,40.26,38.73,46180000.0
2002-01-02,39.92,39.39,39.96,38.75,61710000.0
2002-01-03,41.31,40.12,41.36,40.07,85770000.0
2002-01-04,41.48,41.75,42.09,40.74,86880000.0
2002-01-07,41.02,41.92,42.02,39.92,75170000.0
2002-01-08,41.3,40.92,41.58,40.65,66960000.0
2002-01-09,40.92,41.84,42.4,40.71,85120000.0
2002-01-10,41.19,40.98,41.35,40.49,75550000.0
2002-01-11,40.66,41.16,41.41,40.28,60830000.0
2002-01-14,39.77,40.3,40.49,39.52,71310000.0
2002-01-15,40.15,39.85,40.56,39.38,66920000.0
2002-01-16,38.6,39.35,39.75,38.59,90940000.0
2002-01-17,39.47,39.3,39.79,38.83,75290000.0
2002-01-18,38.41,38.65,39.27,38.04,81990000.0
2002-01-22,37.23,38.82,38.84,37.16,81770000.0
2002-01-23,38.25,37.47,38.51,37.18,74970000.0
2002-01-24,38.76,38.76,39.33,38.17,77250000.0
2002-01-25,38.65,38.29,38.97,38.18,58830000.0
2002-01-28,38.87,38.97,39.2,38.25,47800000.0
2002-01-29,37.8,38.95,39.22,37.34,83340000.0
2002-01-30,38.09,37.82,38.67,36.68,101390000.0
2002-01-31,38.33,38.4,38.57,37.84,69660000.0
2002-02-01,37.96,38.22,38.7,37.52,61210000.0
2002-02-04,36.75,37.78,37.89,36.44,82760000.0
2002-02-05,36.14,36.42,37.16,36.02,86850000.0
2002-02-06,35.89,36.67,36.72,35.53,98680000.0
2002-02-07,35.03,35.83,36.38,34.84,97730000.0
2002-02-08,36.0,35.29,36.07,34.81,80480000.0
2002-02-11,36.46,35.97,38.99,35.81,57640000.0
2002-02-12,36.16,36.14,36.81,35.87,51480000.0
2002-02-13,36.78,36.55,36.98,36.44,60980000.0
2002-02-14,36.71,36.98,37.4,35.83,77510000.0
2002-02-15,35.61,36.67,36.74,35.47,79830000.0
2002-02-19,34.52,35.21,35.29,33.84,72440000.0
2002-02-20,34.99,34.75,35.01,33.77,106550000.0
2002-02-21,33.32,34.63,34.79,33.32,109310000.0
2002-02-22,33.49,33.46,34.04,32.94,99820000.0
2002-02-25,34.85,33.85,35.09,33.8,89000000.0
2002-02-26,34.72,35.07,35.26,34.21,94680000.0
2002-02-27,34.24,35.23,35.34,33.9,95160000.0
2002-02-28,33.62,34.35,34.81,33.59,95710000.0
2002-03-01,35.57,33.99,35.58,33.93,86080000.0
2002-03-04,36.98,35.54,37.06,35.24,105730000.0
2002-03-05,37.25,36.77,37.69,36.64,91460000.0
2002-03-06,37.42,36.91,37.77,36.43,86850000.0
2002-03-07,37.5,37.94,38.15,36.84,85510000.0
2002-03-08,38.49,38.05,38.85,37.95,84450000.0
2002-03-11,38.35,38.17,39.01,37.88,71080000.0
2002-03-12,37.82,37.4,37.82,37.15,82680000.0
2002-03-13,36.91,37.24,37.48,35.83,71410000.0
2002-03-14,36.69,36.9,37.23,36.55,70750000.0
2002-03-15,37.06,36.73,37.16,36.43,63980000.0
2002-03-18,37.27,37.46,37.76,36.88,78960000.0
2002-03-19,37.21,37.43,37.7,37.05,58960000.0
2002-03-20,35.89,36.71,36.91,35.87,61840000.0
2002-03-21,36.85,35.98,36.97,35.73,92330000.0
2002-03-22,36.51,36.77,36.97,36.3,58930000.0
2002-03-25,35.39,36.52,36.73,35.35,87440000.0
2002-03-26,35.72,35.26,36.25,35.24,92470000.0
2002-03-27,35.44,35.47,35.83,35.24,64550000.0
2002-03-28,35.89,35.85,36.2,35.73,59580000.0
2002-04-01,36.58,35.63,36.73,35.14,70740000.0
2002-04-02,34.93,35.82,35.98,34.84,77800000.0
2002-04-03,34.87,35.14,35.28,34.14,85800000.0
2002-04-04,34.6,34.35,35.0,34.12,90540000.0
2002-04-05,34.21,34.85,35.01,34.02,68440000.0
2002-04-08,34.64,33.32,34.64,33.27,74990000.0
2002-04-09,33.43,34.62,34.82,33.34,80940000.0
2002-04-10,33.68,33.6,34.09,32.98,85770000.0
2002-04-11,32.85,33.5,33.69,32.74,90710000.0
2002-04-12,33.36,33.17,33.64,32.8,78360000.0
2002-04-15,33.63,33.65,33.8,33.05,69340000.0
2002-04-16,35.04,34.27,35.06,34.26,72180000.0
2002-04-17,34.86,35.24,35.33,34.29,69140000.0
2002-04-18,34.19,34.62,34.99,33.84,91270000.0
2002-04-19,34.3,34.89,34.9,34.22,62440000.0
2002-04-22,33.43,33.85,33.86,33.1,64650000.0
2002-04-23,32.86,33.44,33.62,32.55,73140000.0
2002-04-24,32.35,33.06,33.15,32.05,69010000.0
2002-04-25,32.27,32.16,32.58,31.85,103100000.0
2002-04-26,30.9,32.51,33.84,30.87,100210000.0
2002-04-29,30.98,31.1,31.4,30.43,85340000.0
2002-04-30,31.58,30.89,32.05,30.8,95430000.0
2002-05-01,31.41,31.52,31.69,30.44,109980000.0
2002-05-02,30.37,31.25,31.84,30.32,85870000.0
2002-05-03,29.6,30.33,30.37,29.35,92140000.0
2002-05-06,28.84,29.5,29.84,28.72,96530000.0
2002-05-07,28.57,29.13,29.21,28.29,102250000.0
2002-05-08,31.62,29.99,31.73,29.86,129950000.0
2002-05-09,30.81,31.43,31.74,30.66,106540000.0
2002-05-10,29.42,30.87,30.95,29.36,112390000.0
2002-05-13,30.62,29.73,30.84,29.54,93980000.0
2002-05-14,32.42,31.91,32.5,31.72,107860000.0
2002-05-15,32.66,31.93,33.47,31.7,204690000.0
2002-05-16,32.71,32.39,32.9,32.07,89980000.0
2002-05-17,32.78,33.13,33.26,32.32,82730000.0
2002-05-20,32.06,32.45,32.55,31.79,78170000.0
2002-05-21,31.18,32.22,32.44,30.86,104180000.0
2002-05-22,31.25,30.85,31.44,30.27,89550000.0
2002-05-23,31.88,31.48,31.95,30.66,94460000.0
2002-05-24,31.09,31.44,31.55,30.87,55900000.0
2002-05-28,30.96,31.32,31.38,30.35,68850000.0
2002-05-29,30.14,30.52,30.76,30.1,73480000.0
2002-05-30,30.4,29.87,30.58,29.76,92100000.0
2002-05-31,29.9,30.62,30.9,29.86,79910000.0
2002-06-03,28.85,29.87,30.11,28.66,77080000.0
2002-06-04,29.22,28.62,29.54,28.48,98410000.0
2002-06-05,29.52,29.28,29.66,28.84,95370000.0
2002-06-06,28.75,29.37,29.38,27.77,93740000.0
2002-06-07,28.17,27.5,28.66,27.39,106060000.0
2002-06-10,28.12,28.23,28.62,28.01,73150000.0
2002-06-11,27.33,28.47,28.56,27.24,84620000.0
2002-06-12,27.73,27.12,27.83,26.71,153040000.0
2002-06-13,27.55,27.64,28.08,27.23,97620000.0
2002-06-14,27.49,26.74,27.59,26.08,122110000.0
2002-06-17,28.43,27.87,28.62,27.78,87650000.0
2002-06-18,28.88,28.19,29.01,28.15,100630000.0
2002-06-19,27.21,27.97,28.19,27.12,93530000.0
2002-06-20,26.34,27.14,27.32,25.55,99930000.0
2002-06-21,25.7,26.24,26.66,25.53,101840000.0
2002-06-24,26.21,25.34,26.68,25.09,139730000.0
2002-06-25,25.34,26.46,26.6,25.18,137010000.0
2002-06-26,25.33,24.32,25.66,24.28,149080000.0
2002-06-27,26.09,25.88,26.13,24.9,121390000.0
2002-06-28,25.98,25.93,26.63,25.73,87870000.0
2002-07-01,24.73,25.86,26.02,24.66,64800000.0
2002-07-02,23.84,24.49,24.63,22.98,111630000.0
2002-07-03,24.63,23.74,24.63,22.62,101090000.0
2002-07-05,26.22,25.15,26.27,24.93,56770000.0
2002-07-08,25.26,26.08,26.43,24.96,97370000.0
2002-07-09,24.55,25.13,25.36,24.48,91100000.0
2002-07-10,23.79,24.88,24.91,23.72,115370000.0
2002-07-11,24.68,23.66,24.77,23.42,170290000.0
2002-07-12,24.68,25.13,25.41,24.44,130030000.0
2002-07-15,25.45,24.57,25.52,23.64,140570000.0
2002-07-16,25.07,25.13,25.91,24.78,148280000.0
2002-07-17,25.53,25.96,26.32,24.77,158230000.0
2002-07-18,24.61,25.27,25.45,24.41,114050000.0
2002-07-19,23.88,24.22,24.59,23.69,124800000.0
2002-07-22,23.29,23.74,24.39,22.98,150030000.0
2002-07-23,22.3,23.34,23.64,22.18,150850000.0
2002-07-24,23.51,21.71,23.55,21.54,186590000.0
2002-07-25,22.15,23.15,23.29,21.7,153930000.0
2002-07-26,22.56,22.46,22.74,21.91,96050000.0
2002-07-29,23.72,23.17,24.01,22.97,96760000.0
2002-07-30,24.2,23.62,24.57,23.48,117400000.0
2002-07-31,23.74,23.89,24.08,23.25,93880000.0
2002-08-01,22.62,23.63,23.79,22.55,85210000.0
2002-08-02,22.15,22.67,22.73,21.72,86750000.0
2002-08-05,21.34,22.01,22.22,21.2,84930000.0
2002-08-06,22.4,21.7,22.9,21.69,115360000.0
2002-08-07,22.69,23.09,23.26,21.86,126230000.0
2002-08-08,23.46,22.65,23.49,22.2,111700000.0
2002-08-09,23.22,23.1,23.61,22.77,93580000.0
2002-08-12,23.29,22.94,23.37,22.79,62920000.0
2002-08-13,22.49,23.12,23.76,22.44,88360000.0
2002-08-14,23.93,22.56,24.09,22.37,102710000.0
2002-08-15,24.42,24.13,24.44,23.61,120310000.0
2002-08-16,24.58,24.02,24.88,23.62,95860000.0
2002-08-19,25.18,24.65,25.47,24.57,76040000.0
2002-08-20,25.07,25.07,25.31,24.73,89990000.0
2002-08-21,25.63,25.28,25.73,24.88,101400000.0
2002-08-22,26.04,25.63,26.09,25.3,80390000.0
2002-08-23,25.03,25.68,25.69,24.83,75250000.0
2002-08-26,25.13,25.18,25.27,24.5,83350000.0
2002-08-27,24.26,25.31,25.4,24.04,92360000.0
2002-08-28,23.37,23.91,23.98,23.28,115760000.0
2002-08-29,23.68,23.09,24.11,22.91,97080000.0
2002-08-30,23.38,23.51,23.9,23.27,59510000.0
2002-09-03,22.53,22.95,23.32,22.24,81890000.0
2002-09-04,22.62,22.4,22.91,22.14,82730000.0
2002-09-05,22.07,22.3,22.4,21.83,92660000.0
2002-09-06,22.74,22.55,23.11,22.49,86030000.0
2002-09-09,22.97,22.57,23.26,22.29,72720000.0
2002-09-10,23.54,23.12,23.56,22.92,74690000.0
2002-09-11,23.34,24.01,24.24,23.31,73920000.0
2002-09-12,22.7,23.13,23.16,22.6,70800000.0
2002-09-13,22.88,22.49,22.97,22.42,79720000.0
2002-09-16,22.55,22.75,22.9,22.27,58900000.0
2002-09-17,22.08,22.94,23.1,22.08,89210000.0
2002-09-18,21.83,21.91,22.44,21.68,92410000.0
2002-09-19,21.48,21.6,22.03,21.45,86320000.0
2002-09-20,21.57,21.73,21.8,21.38,78200000.0
2002-09-23,20.92,21.35,21.42,20.71,72780000.0
2002-09-24,20.93,20.59,21.35,20.55,91560000.0
2002-09-25,21.77,21.25,21.94,21.0,98110000.0
2002-09-26,21.5,22.06,22.23,21.27,104460000.0
2002-09-27,21.21,21.45,22.11,21.21,92280000.0
2002-09-30,20.62,20.97,21.14,20.39,91580000.0
2002-10-01,21.88,20.81,21.89,20.37,102140000.0
2002-10-02,21.15,21.41,21.87,20.87,94900000.0
2002-10-03,20.64,20.96,21.3,20.58,74410000.0
2002-10-04,20.26,20.84,20.92,20.02,81890000.0
2002-10-07,20.07,20.17,20.49,19.76,79900000.0
2002-10-08,20.07,20.19,20.51,19.67,94120000.0
2002-10-09,19.97,19.85,20.43,19.75,103350000.0
2002-10-10,20.98,20.01,21.11,19.82,109610000.0
2002-10-11,22.12,21.45,22.28,21.32,124830000.0
2002-10-14,22.38,21.77,22.4,21.68,78960000.0
2002-10-15,23.45,23.33,23.52,23.07,118200000.0
2002-10-16,22.67,22.61,23.05,21.97,97780000.0
2002-10-17,23.44,23.49,23.7,22.47,96260000.0
2002-10-18,23.7,23.17,23.74,22.82,85250000.0
2002-10-21,24.18,23.41,24.34,23.19,85770000.0
2002-10-22,24.03,23.63,24.23,23.54,90340000.0
2002-10-23,24.49,23.74,24.52,23.56,88340000.0
2002-10-24,23.87,24.57,24.74,23.81,89210000.0
2002-10-25,24.51,23.88,24.64,23.88,71810000.0
2002-10-28,24.38,24.88,24.92,24.06,90300000.0
2002-10-29,23.81,24.2,24.36,23.26,90390000.0
2002-10-30,24.45,23.96,24.67,23.74,103550000.0
2002-10-31,24.44,24.55,24.92,24.25,81530000.0
2002-11-01,25.13,24.26,25.28,24.03,86700000.0
2002-11-04,25.78,25.93,26.7,25.68,110580000.0
2002-11-05,25.98,25.59,26.05,25.44,79630000.0
2002-11-06,26.35,26.17,26.49,25.52,116870000.0
2002-11-07,25.42,25.87,25.98,25.19,82770000.0
2002-11-08,24.95,25.37,25.75,24.84,77030000.0
2002-11-11,24.2,24.83,24.9,24.04,74660000.0
2002-11-12,24.81,24.29,25.28,24.29,88960000.0
2002-11-13,25.11,24.58,25.33,24.38,119400000.0
2002-11-14,25.98,25.46,26.3,25.4,86670000.0
2002-11-15,26.32,25.78,26.33,25.63,69330000.0
2002-11-18,25.93,26.59,26.65,25.87,76940000.0
2002-11-19,25.53,25.68,25.93,25.18,88220000.0
2002-11-20,26.62,25.44,26.63,25.42,75650000.0
2002-11-21,27.6,26.8,27.71,26.63,105620000.0
2002-11-22,27.59,27.24,27.81,27.19,73830000.0
2002-11-25,27.86,27.63,28.07,27.41,72730000.0
2002-11-26,26.92,27.65,27.8,26.77,80060000.0
2002-11-27,27.78,27.4,28.07,27.36,73700000.0
2002-11-29,27.59,28.08,28.16,27.09,34650000.0
2002-12-02,27.87,28.29,28.66,27.44,86010000.0
2002-12-03,27.04,27.42,27.45,26.8,76720000.0
2002-12-04,26.45,26.44,26.82,26.09,130490000.0
2002-12-05,26.08,26.82,26.87,26.01,85410000.0
2002-12-06,26.35,25.69,26.6,25.62,81770000.0
2002-12-09,25.1,26.1,26.43,25.08,76220000.0
2002-12-10,25.48,25.3,25.83,25.23,69680000.0
2002-12-11,25.6,25.32,25.95,25.2,64290000.0
2002-12-12,25.74,25.88,26.57,25.44,62400000.0
2002-12-13,24.92,25.4,25.45,24.89,72720000.0
2002-12-16,25.73,25.1,25.84,24.95,60400000.0
2002-12-17,25.81,25.69,26.08,25.54,63040000.0
2002-12-18,25.26,25.43,25.48,24.93,67600000.0
2002-12-19,24.94,25.05,25.66,24.69,96190000.0
2002-12-20,25.2,25.21,25.33,24.95,65610000.0
2002-12-23,25.55,25.06,25.64,25.01,46010000.0
2002-12-24,25.23,25.38,25.61,25.2,16770000.0
2002-12-26,25.16,25.41,25.79,25.05,33820000.0
2002-12-27,24.7,25.06,25.73,24.63,42560000.0
2002-12-30,24.52,24.72,24.85,24.25,57470000.0
2002-12-31,24.26,24.43,24.59,24.17,46030000.0
2003-01-02,25.28,24.6,25.43,24.34,66320000.0
2003-01-03,25.56,25.34,25.59,25.16,39110000.0
2003-01-06,26.2,25.59,26.47,25.08,67430000.0
2003-01-07,26.53,26.29,26.8,26.13,88790000.0
2003-01-08,25.78,26.27,26.37,25.72,75100000.0
2003-01-09,26.58,26.12,26.85,26.1,75450000.0
2003-01-10,26.97,26.23,27.13,26.1,82650000.0
2003-01-13,26.81,27.2,27.34,26.61,72960000.0
2003-01-14,26.95,26.78,27.19,26.72,47300000.0
2003-01-15,26.62,27.11,27.23,26.46,55470000.0
2003-01-16,26.32,26.67,26.85,26.13,69780000.0
2003-01-17,25.19,25.78,25.82,25.15,77460000.0
2003-01-21,24.91,25.29,25.43,24.9,68050000.0
2003-01-22,24.81,24.85,25.41,24.75,81020000.0
2003-01-23,25.39,25.28,25.72,24.99,78680000.0
2003-01-24,24.7,25.41,25.41,24.53,74600000.0
2003-01-27,24.42,24.34,24.91,24.26,76610000.0
2003-01-28,24.66,24.65,24.93,24.31,65320000.0
2003-01-29,25.03,24.64,25.33,24.23,95820000.0
2003-01-30,24.43,25.2,25.3,24.38,70520000.0
2003-01-31,24.33,23.95,24.64,23.9,90560000.0
2003-02-03,24.38,24.41,24.68,24.27,53200000.0
2003-02-04,24.08,24.07,24.19,23.71,69620000.0
2003-02-05,23.97,24.22,24.74,23.9,80190000.0
2003-02-06,24.1,23.93,24.24,23.75,103610000.0
2003-02-07,23.7,24.25,24.34,23.54,72350000.0
2003-02-10,23.91,23.79,24.14,23.51,67650000.0
2003-02-11,24.04,24.14,24.5,23.81,78060000.0
2003-02-12,23.71,23.96,24.22,23.67,51830000.0
2003-02-13,23.83,23.74,23.87,23.21,77800000.0
2003-02-14,24.38,23.72,24.39,23.51,67590000.0
2003-02-18,25.13,24.58,25.22,24.57,74050000.0
2003-02-19,24.96,25.08,25.12,24.59,45630000.0
2003-02-20,24.86,25.03,25.15,24.72,59960000.0
2003-02-21,25.05,24.81,25.25,24.4,70360000.0
2003-02-24,24.62,25.01,25.09,24.59,56730000.0
2003-02-25,24.65,24.34,24.83,23.97,74660000.0
2003-02-26,24.11,24.57,24.82,24.09,60170000.0
2003-02-27,24.65,24.31,24.8,24.16,66530000.0
2003-02-28,25.04,24.69,25.1,24.6,50610000.0
2003-03-03,24.54,25.15,25.36,24.45,60460000.0
2003-03-04,24.39,24.55,24.65,24.31,56120000.0
2003-03-05,24.44,24.29,24.66,24.21,69230000.0
2003-03-06,24.38,24.32,24.57,24.12,59670000.0
2003-03-07,24.43,23.97,24.83,23.85,73340000.0
2003-03-10,23.9,24.22,24.34,23.8,56000000.0
2003-03-11,23.69,23.95,24.13,23.67,54970000.0
2003-03-12,24.12,23.65,24.13,23.43,78040000.0
2003-03-13,25.5,24.53,25.53,24.29,128610000.0
2003-03-14,25.6,25.61,25.86,25.24,89840000.0
2003-03-17,26.48,25.31,26.68,25.23,141230000.0
2003-03-18,26.8,26.68,26.84,26.3,97220000.0
2003-03-19,26.58,26.72,26.85,26.21,91460000.0
2003-03-20,26.68,26.42,27.01,26.05,93140000.0
2003-03-21,27.04,27.08,27.25,26.08,93420000.0
2003-03-24,25.92,26.35,26.48,25.85,85350000.0
2003-03-25,26.29,26.04,26.64,25.89,78820000.0
2003-03-26,26.44,26.38,26.65,26.24,68040000.0
2003-03-27,26.25,26.15,26.53,25.98,64210000.0
2003-03-28,25.96,26.02,26.31,25.83,45420000.0
2003-03-31,25.13,25.48,25.61,25.09,89430000.0
2003-04-01,25.33,25.32,25.55,25.13,73630000.0
2003-04-02,26.24,25.94,26.44,25.91,76050000.0
2003-04-03,26.36,26.52,26.72,26.19,71170000.0
2003-04-04,25.93,26.45,26.48,25.85,65770000.0
2003-04-07,25.97,26.98,27.07,25.95,83960000.0
2003-04-08,25.94,26.03,26.17,25.76,54290000.0
2003-04-09,25.34,25.98,26.5,25.29,76580000.0
2003-04-10,25.65,25.34,25.65,25.18,57500000.0
2003-04-11,25.39,25.9,26.05,25.24,68010000.0
2003-04-14,25.91,25.48,26.02,25.37,53440000.0
2003-04-15,26.16,25.85,26.34,25.73,64700000.0
2003-04-16,26.1,26.53,26.71,26.0,70760000.0
2003-04-17,26.7,26.04,26.85,26.03,70330000.0
2003-04-21,26.79,26.82,26.98,26.5,52760000.0
2003-04-22,27.3,26.61,27.33,26.53,70940000.0
2003-04-23,27.5,27.37,27.62,27.13,70600000.0
2003-04-24,27.35,27.23,27.62,27.14,72610000.0
2003-04-25,26.82,27.19,27.29,26.73,63360000.0
2003-04-28,27.35,26.92,27.5,26.82,59710000.0
2003-04-29,27.6,27.51,27.93,27.28,80390000.0
2003-04-30,27.32,27.52,27.66,27.3,60470000.0
2003-05-01,27.56,27.31,27.74,27.06,66080000.0
2003-05-02,28.15,27.48,28.16,27.44,85080000.0
2003-05-05,28.12,28.19,28.58,28.04,80690000.0
2003-05-06,28.48,28.09,28.77,28.08,77650000.0
2003-05-07,28.16,28.28,28.56,27.99,70390000.0
2003-05-08,27.64,27.73,28.06,27.63,80370000.0
2003-05-09,28.28,27.91,28.35,27.86,58600000.0
2003-05-12,28.71,28.23,28.83,28.04,67630000.0
2003-05-13,28.53,28.5,28.85,28.41,65210000.0
2003-05-14,28.47,28.74,28.84,28.23,62270000.0
2003-05-15,28.79,28.62,28.85,28.43,62520000.0
2003-05-16,28.57,28.6,28.81,28.35,70660000.0
2003-05-19,27.56,28.39,28.55,27.48,91820000.0
2003-05-20,27.64,27.63,27.83,27.28,72050000.0
2003-05-21,27.56,27.52,27.62,27.31,64160000.0
2003-05-22,27.96,27.63,28.19,27.49,62490000.0
2003-05-23,27.97,27.91,28.12,27.82,37940000.0
2003-05-27,28.96,27.8,29.08,27.77,101600000.0
2003-05-28,29.05,29.02,29.26,28.83,76420000.0
2003-05-29,29.17,29.09,29.66,29.02,97640000.0
2003-05-30,29.65,29.39,29.73,29.31,78190000.0
2003-06-02,29.44,29.94,30.06,29.17,103120000.0
2003-06-03,29.72,29.3,29.74,28.53,82250000.0
2003-06-04,30.28,29.67,30.44,29.58,87150000.0
2003-06-05,30.28,29.99,30.54,29.83,89550000.0
2003-06-06,29.99,31.02,31.32,29.88,157200000.0
2003-06-09,29.59,29.86,30.08,29.39,94990000.0
2003-06-10,30.04,29.72,30.06,29.54,69960000.0
2003-06-11,30.38,29.93,30.5,29.66,87430000.0
2003-06-12,30.51,30.5,30.61,30.12,79620000.0
2003-06-13,29.82,30.51,30.59,29.72,83400000.0
2003-06-16,30.74,30.03,30.76,29.86,71630000.0
2003-06-17,30.62,30.88,30.97,30.42,67730000.0
2003-06-18,30.78,30.52,31.08,30.31,80260000.0
2003-06-19,30.28,30.84,31.09,30.24,79570000.0
2003-06-20,30.24,30.55,30.64,30.11,71590000.0
2003-06-23,29.77,30.19,30.23,29.42,86650000.0
2003-06-24,29.54,29.59,29.99,29.39,83060000.0
2003-06-25,29.38,29.53,30.04,29.33,94370000.0
2003-06-26,30.08,29.57,30.14,29.47,79300000.0
2003-06-27,29.69,30.11,30.43,29.63,82570000.0
2003-06-30,29.81,30.02,30.2,29.66,72100000.0
2003-07-01,30.21,29.56,30.24,29.12,105980000.0
2003-07-02,30.83,30.27,30.85,30.24,82020000.0
2003-07-03,30.44,30.56,30.96,30.33,50050000.0
2003-07-07,31.74,30.83,31.75,30.82,88770000.0
2003-07-08,32.13,31.63,32.16,31.47,82340000.0
2003-07-09,32.05,32.03,32.34,31.78,89870000.0
2003-07-10,31.45,31.7,31.84,31.18,103230000.0
2003-07-11,31.69,31.5,31.84,31.46,67820000.0
2003-07-14,32.07,32.19,32.6,31.92,84580000.0
2003-07-15,32.11,32.38,32.5,31.79,76340000.0
2003-07-16,32.01,32.31,32.35,31.58,81730000.0
2003-07-17,31.03,31.52,31.69,30.9,110520000.0
2003-07-18,31.13,31.25,31.81,30.78,80600000.0
2003-07-21,30.74,31.09,31.15,30.47,112040000.0
2003-07-22,31.19,30.97,31.35,30.72,91650000.0
2003-07-23,31.45,31.24,31.49,30.85,69220000.0
2003-07-24,31.03,31.7,31.87,30.94,83640000.0
2003-07-25,31.65,30.99,31.69,30.63,83090000.0
2003-07-28,31.74,31.71,31.84,31.45,56220000.0
2003-07-29,31.5,31.78,31.87,31.08,80630000.0
2003-07-30,31.27,31.56,31.59,31.18,56660000.0
2003-07-31,31.65,31.64,32.18,31.37,85740000.0
2003-08-01,31.31,31.54,31.64,31.15,73580000.0
2003-08-04,31.3,31.27,31.77,30.7,96440000.0
2003-08-05,30.07,31.26,31.33,29.91,111220000.0
2003-08-06,30.05,30.22,30.63,29.96,96860000.0
2003-08-07,30.17,30.08,30.37,29.88,67370000.0
2003-08-08,29.93,30.29,30.41,29.79,66710000.0
2003-08-11,30.26,29.94,30.46,29.89,63750000.0
2003-08-12,30.72,30.37,30.76,30.18,59790000.0
2003-08-13,30.73,30.84,30.92,30.51,58080000.0
2003-08-14,30.76,30.74,31.04,30.53,51230000.0
2003-08-15,31.02,30.85,31.14,30.79,28140000.0
2003-08-18,31.82,31.16,31.86,30.91,67540000.0
2003-08-19,32.22,31.96,32.23,31.7,68430000.0
2003-08-20,32.14,31.95,32.37,31.87,58290000.0
2003-08-21,32.49,32.44,32.67,32.12,77280000.0
2003-08-22,32.29,33.11,33.21,32.18,93040000.0
2003-08-25,32.36,32.21,32.42,32.06,43090000.0
2003-08-26,32.39,32.13,32.44,31.66,79930000.0
2003-08-27,32.65,32.34,32.68,32.22,47290000.0
2003-08-28,32.94,32.79,32.97,32.37,55370000.0
2003-08-29,33.23,32.89,33.3,32.83,53200000.0
2003-09-02,33.71,33.33,33.73,32.98,80530000.0
2003-09-03,33.69,33.94,34.04,33.49,85270000.0
2003-09-04,34.0,33.67,34.06,33.54,63960000.0
2003-09-05,33.78,33.81,34.18,33.51,91060000.0
2003-09-08,34.34,33.84,34.37,33.79,69380000.0
2003-09-09,33.93,34.17,34.23,33.76,88040000.0
2003-09-10,33.12,33.59,33.73,32.96,111720000.0
2003-09-11,33.48,33.12,33.62,32.86,96980000.0
2003-09-12,33.66,33.18,33.68,32.9,105040000.0
2003-09-15,33.33,33.68,33.75,33.29,54640000.0
2003-09-16,34.24,33.36,34.27,33.36,87640000.0
2003-09-17,34.1,34.17,34.34,33.87,79830000.0
2003-09-18,34.62,34.01,34.7,33.84,91660000.0
2003-09-19,34.42,34.63,34.7,34.2,69840000.0
2003-09-22,33.76,33.97,34.04,33.61,97500000.0
2003-09-23,34.36,33.81,34.4,33.75,77880000.0
2003-09-24,33.07,34.35,34.64,33.02,115620000.0
2003-09-25,32.64,33.22,33.82,32.61,118070000.0
2003-09-26,32.43,32.74,33.02,32.37,106720000.0
2003-09-29,32.99,32.61,33.02,32.3,97130000.0
2003-09-30,32.27,32.77,32.81,32.21,119200000.0
2003-10-01,33.0,32.46,33.08,32.27,106840000.0
2003-10-02,33.11,32.95,33.27,32.78,83950000.0
2003-10-03,34.03,33.69,34.31,33.66,112950000.0
2003-10-06,34.28,34.12,34.29,33.9,49280000.0
2003-10-07,34.49,34.0,34.49,33.85,80200000.0
2003-10-08,34.27,34.65,34.68,34.06,71450000.0
2003-10-09,34.53,34.75,35.11,34.27,118300000.0
2003-10-10,34.85,34.61,34.87,34.48,68410000.0
2003-10-13,35.08,34.98,35.21,34.76,61000000.0
2003-10-14,35.17,34.94,35.26,34.8,64300000.0
2003-10-15,35.02,35.63,35.68,34.87,97820000.0
2003-10-16,35.29,34.94,35.36,34.84,74130000.0
2003-10-17,34.45,35.25,35.32,34.44,98040000.0
2003-10-20,34.88,34.49,35.51,33.92,76220000.0
2003-10-21,35.09,34.98,35.28,34.78,75050000.0
2003-10-22,34.41,34.73,34.77,34.28,88870000.0
2003-10-23,34.01,33.99,34.35,33.89,99460000.0
2003-10-24,34.04,33.63,34.07,33.33,101850000.0
2003-10-27,34.05,34.12,34.29,33.88,63490000.0
2003-10-28,35.2,34.27,35.25,34.21,107540000.0
2003-10-29,35.16,35.04,35.25,34.91,74140000.0
2003-10-30,35.23,35.64,35.83,34.98,95160000.0
2003-10-31,35.02,35.27,35.32,34.9,55500000.0
2003-11-03,35.59,35.26,35.81,35.2,71200000.0
2003-11-04,35.35,35.52,35.7,35.28,60120000.0
2003-11-05,35.67,35.35,35.72,34.99,68540000.0
2003-11-06,35.77,35.62,35.8,35.18,90660000.0
2003-11-07,35.46,35.91,36.01,35.43,63620000.0
2003-11-10,35.03,35.53,35.58,34.93,68960000.0
2003-11-11,34.9,34.99,35.14,34.69,75950000.0
2003-11-12,35.64,35.01,35.8,34.98,81200000.0
2003-11-13,35.6,35.54,35.73,35.38,64340000.0
2003-11-14,34.88,35.64,35.85,34.79,91060000.0
2003-11-17,34.52,34.68,34.75,34.1,108530000.0
2003-11-18,33.72,34.71,34.81,33.66,108770000.0
2003-11-19,34.05,33.85,34.24,33.72,86620000.0
2003-11-20,33.72,33.73,34.52,33.65,117420000.0
2003-11-21,34.07,33.92,34.11,33.57,81830000.0
2003-11-24,35.02,34.36,35.09,34.31,92210000.0
2003-11-25,35.02,35.13,35.28,34.93,72580000.0
2003-11-26,35.18,35.24,35.35,34.65,72880000.0
2003-11-28,35.22,35.1,35.33,35.04,24810000.0
2003-12-01,35.73,35.54,35.84,35.3,82830000.0
2003-12-02,35.53,35.65,35.88,35.41,65090000.0
2003-12-03,35.09,35.67,35.95,35.09,107870000.0
2003-12-04,35.46,35.22,35.54,34.92,102490000.0
2003-12-05,34.88,35.11,35.33,34.8,87640000.0
2003-12-08,35.07,34.86,35.17,34.62,87160000.0
2003-12-09,34.27,35.28,35.29,34.19,110020000.0
2003-12-10,34.4,34.37,34.54,33.97,103570000.0
2003-12-11,35.14,34.34,35.23,34.33,108450000.0
2003-12-12,35.08,35.13,35.18,34.74,72230000.0
2003-12-15,34.62,35.76,35.82,34.49,106260000.0
2003-12-16,34.69,34.63,34.86,34.26,89900000.0
2003-12-17,34.75,34.65,34.84,34.41,68580000.0
2003-12-18,35.39,34.79,35.47,34.79,90030000.0
2003-12-19,35.29,35.44,35.48,35.04,89770000.0
2003-12-22,35.4,35.19,35.51,35.13,63620000.0
2003-12-23,35.67,35.43,35.85,35.36,67060000.0
2003-12-24,35.73,35.67,35.85,35.63,44840000.0
2003-12-26,35.68,35.79,35.92,35.65,25500000.0
2003-12-29,36.27,35.86,36.36,35.85,63370000.0
2003-12-30,36.39,36.36,36.41,36.13,48280000.0
2003-12-31,36.29,36.45,36.47,36.08,60530000.0
2004-01-02,36.19,36.49,36.62,36.05,55260000.0
2004-01-05,36.92,36.41,36.98,36.39,69760000.0
2004-01-06,37.17,36.91,37.25,36.78,60080000.0
2004-01-07,37.5,37.11,37.5,36.9,71900000.0
2004-01-08,37.8,37.67,37.82,37.42,78270000.0
2004-01-09,37.55,37.53,38.17,37.41,94330000.0
2004-01-12,38.15,37.67,38.17,37.5,77720000.0
2004-01-13,37.77,38.09,38.18,37.42,93060000.0
2004-01-14,37.9,37.93,38.07,37.57,69070000.0
2004-01-15,38.0,37.75,38.28,37.45,104600000.0
2004-01-16,38.39,38.2,38.45,37.99,77370000.0
2004-01-20,38.36,38.55,38.82,38.13,82080000.0
2004-01-21,38.2,38.21,38.48,37.82,112320000.0
2004-01-22,37.97,38.37,38.51,37.88,90970000.0
2004-01-23,37.83,38.03,38.28,37.6,88810000.0
2004-01-26,38.41,37.8,38.47,37.66,84700000.0
2004-01-27,37.56,38.33,38.45,37.51,97370000.0
2004-01-28,36.93,37.76,37.88,36.83,128170000.0
2004-01-29,37.07,37.06,37.14,36.49,144040000.0
2004-01-30,36.9,37.03,37.27,36.8,84310000.0
2004-02-02,36.8,37.03,37.31,36.65,94540000.0
2004-02-03,36.76,36.74,37.07,36.55,73890000.0
2004-02-04,36.16,36.45,37.58,36.16,110070000.0
2004-02-05,36.3,36.34,36.54,36.16,96970000.0
2004-02-06,36.96,36.43,37.11,36.36,107250000.0
2004-02-09,36.95,37.17,37.21,36.88,58920000.0
2004-02-10,37.01,36.88,37.24,36.86,65100000.0
2004-02-11,37.4,37.06,37.49,36.83,92510000.0
2004-02-12,37.08,37.35,37.52,37.07,70750000.0
2004-02-13,36.77,37.22,37.79,36.59,90600000.0
2004-02-17,37.27,37.11,37.44,37.05,69820000.0
2004-02-18,37.38,37.34,37.49,37.15,71200000.0
2004-02-19,36.81,37.65,37.72,36.65,100950000.0
2004-02-20,36.69,36.8,36.97,36.38,132390000.0
2004-02-23,36.28,36.83,36.86,35.73,125320000.0
2004-02-24,36.19,36.1,36.5,35.83,124570000.0
2004-02-25,36.41,36.26,36.5,36.16,74560000.0
2004-02-26,36.5,36.3,36.67,36.14,71490000.0
2004-02-27,36.4,36.59,36.77,36.1,99460000.0
2004-03-01,36.88,36.51,36.9,36.3,79790000.0
2004-03-02,36.45,36.81,37.01,36.44,91630000.0
2004-03-03,36.25,36.34,36.46,36.04,84050000.0
2004-03-04,36.59,36.27,36.66,36.22,66040000.0
2004-03-05,36.46,36.24,36.98,36.19,118140000.0
2004-03-08,35.6,36.52,36.65,35.56,112740000.0
2004-03-09,35.49,35.66,35.81,35.35,126260000.0
2004-03-10,35.03,35.58,35.83,34.97,134350000.0
2004-03-11,34.71,34.91,35.36,34.64,152590000.0
2004-03-12,35.34,35.04,35.42,34.99,118420000.0
2004-03-15,34.73,35.2,35.24,34.65,115900000.0
2004-03-16,34.79,34.95,35.09,34.47,123770000.0
2004-03-17,35.33,35.05,35.45,35.02,91960000.0
2004-03-18,35.18,35.21,35.29,34.81,111360000.0
2004-03-19,34.59,35.12,35.29,34.56,100170000.0
2004-03-22,34.15,34.37,34.39,33.87,134590000.0
2004-03-23,33.87,34.43,34.49,33.85,126120000.0
2004-03-24,34.26,33.99,34.47,33.85,119050000.0
2004-03-25,35.18,34.49,35.29,34.46,142160000.0
2004-03-26,35.06,35.14,35.42,35.04,78450000.0
2004-03-29,35.62,35.34,35.79,35.32,103940000.0
2004-03-30,35.74,35.5,35.78,35.35,95900000.0
2004-03-31,35.67,35.75,35.83,35.44,86070000.0
2004-04-01,35.99,35.64,36.08,35.61,93110000.0
2004-04-02,36.93,36.72,36.99,36.35,146020000.0
2004-04-05,37.28,36.87,37.33,36.8,67400000.0
2004-04-06,36.81,36.99,37.23,36.75,98720000.0
2004-04-07,36.77,36.82,36.94,36.49,91130000.0
2004-04-08,36.77,37.18,37.22,36.57,77260000.0
2004-04-12,37.0,36.9,37.07,36.81,55440000.0
2004-04-13,36.46,37.17,37.19,36.29,100840000.0
2004-04-14,36.64,36.24,36.78,36.19,113800000.0
2004-04-15,35.98,36.58,36.69,35.85,123830000.0
2004-04-16,35.92,36.03,36.15,35.62,110830000.0
2004-04-19,36.36,35.84,36.42,35.81,85900000.0
2004-04-20,35.51,36.44,36.62,35.47,119960000.0
2004-04-21,35.82,35.73,35.94,35.28,119220000.0
2004-04-22,36.75,35.83,36.84,35.81,137900000.0
2004-04-23,37.04,36.91,37.09,36.73,92040000.0
2004-04-26,36.77,37.01,37.12,36.48,74550000.0
2004-04-27,36.7,36.78,37.02,36.52,87670000.0
2004-04-28,36.03,36.54,36.55,35.85,111780000.0
2004-04-29,35.47,35.92,36.17,35.14,157050000.0
2004-04-30,34.61,35.49,35.63,34.56,150920000.0
2004-05-03,34.94,34.84,35.35,34.73,117070000.0
2004-05-04,35.09,35.05,35.58,34.87,126250000.0
2004-05-05,35.36,35.26,35.53,35.04,97580000.0
2004-05-06,35.1,35.04,35.36,34.69,102760000.0
2004-05-07,34.81,34.93,35.47,34.75,137730000.0
2004-05-10,34.51,34.51,34.74,34.26,157200000.0
2004-05-11,35.03,34.81,35.22,34.76,120840000.0
2004-05-12,35.1,34.96,35.18,34.11,197890000.0
2004-05-13,34.85,34.9,35.28,34.76,138100000.0
2004-05-14,34.59,35.04,35.15,34.48,133760000.0
2004-05-17,34.26,34.22,34.45,33.95,150710000.0
2004-05-18,34.57,34.5,34.74,34.44,96730000.0
2004-05-19,34.53,35.0,35.35,34.47,141780000.0
2004-05-20,34.69,34.62,34.86,34.4,95040000.0
2004-05-21,34.86,34.86,35.01,34.58,111490000.0
2004-05-24,35.1,35.14,35.29,34.84,100160000.0
2004-05-25,35.79,34.99,35.91,34.79,146470000.0
2004-05-26,36.02,35.69,36.02,35.64,93850000.0
2004-05-27,36.25,36.12,36.33,35.89,110230000.0
2004-05-28,36.38,36.21,36.38,36.04,56420000.0
2004-06-01,36.33,36.09,36.38,35.94,90720000.0
2004-06-02,36.25,36.39,36.49,36.0,103560000.0
2004-06-03,35.81,36.13,36.19,35.65,97730000.0
2004-06-04,36.02,36.18,36.45,36.0,91300000.0
2004-06-07,36.88,36.27,36.93,36.17,107690000.0
2004-06-08,36.93,36.73,37.02,36.68,72580000.0
2004-06-09,36.41,36.81,36.88,36.2,98250000.0
2004-06-10,36.67,36.52,36.67,36.38,57140000.0
2004-06-14,36.15,36.44,36.44,35.93,85290000.0
2004-06-15,36.62,36.39,36.82,36.39,92000000.0
2004-06-16,36.56,36.58,36.73,36.48,65490000.0
2004-06-17,36.22,36.48,36.49,36.08,77860000.0
2004-06-18,36.27,36.13,36.67,36.09,78790000.0
2004-06-21,35.98,36.35,36.46,35.89,65470000.0
2004-06-22,36.51,35.99,36.53,35.85,101640000.0
2004-06-23,36.95,36.4,37.02,36.34,95340000.0
2004-06-24,36.88,36.85,37.18,36.75,92390000.0
2004-06-25,37.16,36.83,37.22,36.81,81030000.0
2004-06-28,36.85,37.32,37.35,36.73,94250000.0
2004-06-29,37.2,36.93,37.41,36.91,68380000.0
2004-06-30,37.56,37.28,37.72,37.18,97910000.0
2004-07-01,36.87,37.48,37.48,36.6,122190000.0
2004-07-02,36.65,36.87,37.02,36.46,74110000.0
2004-07-06,35.86,36.43,36.43,35.66,130400000.0
2004-07-07,35.93,35.79,36.12,35.75,96200000.0
2004-07-08,35.53,35.64,35.96,35.38,108950000.0
2004-07-09,35.58,35.67,35.87,35.46,86050000.0
2004-07-12,35.43,35.4,35.52,34.55,81880000.0
2004-07-13,35.38,35.52,35.64,35.25,81640000.0
2004-07-14,35.03,35.04,35.48,34.89,119880000.0
2004-07-15,34.91,35.16,35.32,34.9,90570000.0
2004-07-16,34.51,35.27,35.28,34.46,120440000.0
2004-07-19,34.44,34.62,34.81,34.31,106440000.0
2004-07-20,35.26,34.58,35.42,34.55,120170000.0
2004-07-21,34.24,35.42,35.48,34.18,136170000.0
2004-07-22,34.71,34.32,34.95,34.09,132850000.0
2004-07-23,34.05,34.48,34.5,33.87,107150000.0
2004-07-26,33.9,34.08,34.25,33.54,113060000.0
2004-07-27,34.37,34.03,34.55,33.88,103540000.0
2004-07-28,34.22,34.25,34.46,33.65,155070000.0
2004-07-29,34.62,34.55,34.76,34.34,99090000.0
2004-07-30,34.73,34.6,34.94,34.49,83040000.0
2004-08-02,34.8,34.45,34.86,34.3,81370000.0
2004-08-03,34.07,34.68,34.77,34.03,85880000.0
2004-08-04,34.08,33.99,34.3,33.85,86890000.0
2004-08-05,33.44,34.19,34.24,33.44,109960000.0
2004-08-06,32.57,33.24,33.25,32.51,148870000.0
2004-08-09,32.65,32.66,32.81,32.5,78650000.0
2004-08-10,33.06,32.82,33.33,32.77,106380000.0
2004-08-11,32.77,32.7,32.89,32.4,121310000.0
2004-08-12,32.32,32.54,32.7,32.22,114180000.0
2004-08-13,32.37,32.5,32.59,32.2,91440000.0
2004-08-16,32.73,32.46,33.04,32.43,77940000.0
2004-08-17,33.11,32.97,33.28,32.83,89620000.0
2004-08-18,33.69,32.91,33.75,32.86,108020000.0
2004-08-19,33.52,33.57,33.69,33.25,106880000.0
2004-08-20,33.85,33.41,33.98,33.35,92070000.0
2004-08-23,33.93,33.89,34.11,33.75,83590000.0
2004-08-24,33.92,34.09,34.15,33.65,86910000.0
2004-08-25,34.39,33.9,34.44,33.74,88450000.0
2004-08-26,34.24,34.3,34.39,34.15,57810000.0
2004-08-27,34.4,34.3,34.52,34.28,58620000.0
2004-08-30,33.82,34.25,34.27,33.79,62460000.0
2004-08-31,33.86,33.86,33.96,33.49,81400000.0
2004-09-01,34.11,33.77,34.31,33.64,96700000.0
2004-09-02,34.62,34.02,34.72,34.0,83310000.0
2004-09-03,33.98,34.28,34.51,33.89,90280000.0
2004-09-07,34.27,34.24,34.45,33.96,96620000.0
2004-09-08,34.14,34.15,34.52,34.02,101720000.0
2004-09-09,34.43,34.29,34.59,33.97,104590000.0
2004-09-10,34.96,34.46,35.03,34.31,108660000.0
2004-09-13,35.41,35.09,35.55,34.98,109460000.0
2004-09-14,35.46,35.28,35.56,35.2,76940000.0
2004-09-15,35.09,35.26,35.28,34.94,90530000.0
2004-09-16,35.16,35.1,35.4,34.97,67180000.0
2004-09-17,35.26,35.07,35.35,35.0,84070000.0
2004-09-20,35.27,35.13,35.6,35.02,111360000.0
2004-09-21,35.4,35.38,35.68,35.26,93770000.0
2004-09-22,34.79,35.27,35.29,34.71,101570000.0
2004-09-23,34.76,34.82,34.99,34.71,92630000.0
2004-09-24,34.64,34.83,35.03,34.59,103290000.0
2004-09-27,34.34,34.46,34.58,34.22,86110000.0
2004-09-28,34.41,34.39,34.53,34.07,87290000.0
2004-09-29,34.92,34.4,34.96,34.37,95900000.0
2004-09-30,34.98,34.89,35.11,34.73,74680000.0
2004-10-01,35.93,35.28,35.98,35.2,118330000.0
2004-10-04,36.14,36.19,36.45,36.08,108530000.0
2004-10-05,36.19,36.06,36.32,35.99,89830000.0
2004-10-06,36.48,36.14,36.78,35.94,88020000.0
2004-10-07,36.07,36.37,36.5,36.0,82470000.0
2004-10-08,35.41,35.91,36.07,35.33,115130000.0
2004-10-11,35.58,35.52,35.69,35.43,51310000.0
2004-10-12,35.52,35.26,35.67,35.04,98330000.0
2004-10-13,35.44,35.89,35.97,35.26,132840000.0
2004-10-14,35.28,35.52,35.61,35.17,99450000.0
2004-10-15,35.46,35.32,35.69,35.12,129200000.0
2004-10-18,35.97,35.34,36.08,35.24,109350000.0
2004-10-19,35.71,36.21,36.4,35.62,130150000.0
2004-10-20,35.88,35.66,36.06,35.48,106870000.0
2004-10-21,36.43,36.07,36.62,35.93,124500000.0
2004-10-22,35.63,36.44,36.48,35.57,114390000.0
2004-10-25,35.46,35.56,35.64,35.32,103010000.0
2004-10-26,35.65,35.48,35.67,35.25,98250000.0
2004-10-27,36.56,35.67,36.73,35.54,152660000.0
2004-10-28,36.79,36.51,36.95,36.4,111170000.0
2004-10-29,36.73,36.74,37.07,36.5,100830000.0
2004-11-01,36.87,36.81,37.01,36.63,72560000.0
2004-11-02,36.99,36.92,37.38,36.84,109230000.0
2004-11-03,37.24,37.59,37.72,36.98,141210000.0
2004-11-04,37.44,37.09,37.6,36.94,112660000.0
2004-11-05,37.78,37.84,37.98,37.43,117090000.0
2004-11-08,37.82,37.77,37.92,37.67,66530000.0
2004-11-09,37.74,37.75,37.97,37.63,85270000.0
2004-11-10,37.61,37.75,37.88,37.46,95190000.0
2004-11-11,38.11,37.73,38.2,37.68,99860000.0
2004-11-12,38.48,38.16,38.58,37.99,102710000.0
2004-11-15,38.65,38.46,38.68,38.32,82780000.0
2004-11-16,38.41,38.48,38.5,38.14,97480000.0
2004-11-17,38.93,38.65,39.14,38.65,125450000.0
2004-11-18,39.11,38.8,39.18,38.71,95010000.0
2004-11-19,38.5,39.06,39.11,38.41,118570000.0
2004-11-22,38.87,38.43,38.89,38.3,79990000.0
2004-11-23,38.81,38.83,38.97,38.43,91940000.0
2004-11-24,39.15,38.91,39.21,38.89,74100000.0
2004-11-26,39.03,39.19,39.3,38.99,31300000.0
2004-11-29,39.02,39.28,39.46,38.79,94790000.0
2004-11-30,38.94,39.12,39.21,38.88,87720000.0
2004-12-01,39.73,39.04,39.77,39.09,102440000.0
2004-12-02,39.88,39.63,40.2,39.57,122310000.0
2004-12-03,39.94,40.16,40.4,39.89,114280000.0
2004-12-06,40.08,39.93,40.24,39.72,70510000.0
2004-12-07,39.4,40.13,40.31,39.35,121670000.0
2004-12-08,39.62,39.48,39.79,38.63,96440000.0
2004-12-09,39.86,39.32,40.0,39.06,134420000.0
2004-12-10,39.74,39.55,39.88,39.55,86250000.0
2004-12-13,40.09,40.04,40.15,39.79,74340000.0
2004-12-14,40.29,40.07,40.4,40.06,92020000.0
2004-12-15,40.14,40.3,40.49,39.97,95230000.0
2004-12-16,39.76,40.15,40.26,39.63,86270000.0
2004-12-17,39.29,39.47,39.62,37.04,102210000.0
2004-12-20,39.02,39.4,39.59,38.91,103370000.0
2004-12-21,39.5,39.21,39.53,39.1,83240000.0
2004-12-22,39.54,39.35,39.74,39.3,75510000.0
2004-12-23,39.57,39.43,39.72,39.36,45820000.0
2004-12-27,39.41,39.78,39.83,39.22,67280000.0
2004-12-28,39.78,39.49,39.81,39.43,62620000.0
2004-12-29,39.83,39.73,39.97,39.71,50110000.0
2004-12-30,39.8,39.88,39.94,39.74,41730000.0
2004-12-31,39.73,39.84,39.93,39.71,44150000.0
2005-01-03,39.32,39.88,40.1,39.19,101050000.0
2005-01-04,38.6,39.51,39.55,38.37,136760000.0
2005-01-05,38.36,38.5,38.78,38.29,128420000.0
2005-01-06,38.17,38.44,38.53,38.16,103980000.0
2005-01-07,38.37,38.38,38.69,38.03,123160000.0
2005-01-10,38.35,38.27,38.69,38.21,88820000.0
2005-01-11,38.08,38.19,38.32,37.89,107280000.0
2005-01-12,38.4,38.26,38.42,37.83,127890000.0
2005-01-13,37.89,38.42,38.67,37.83,102120000.0
2005-01-14,38.25,38.02,38.34,38.01,93530000.0
2005-01-18,38.54,38.1,38.61,38.04,92040000.0
2005-01-19,37.9,38.55,38.57,37.88,105300000.0
2005-01-20,37.18,37.47,37.63,37.15,121110000.0
2005-01-21,36.88,37.32,37.38,36.82,115500000.0
2005-01-24,36.36,36.97,37.03,36.29,137590000.0
2005-01-25,36.54,36.6,36.92,36.49,120050000.0
2005-01-26,36.98,36.79,37.12,36.65,107710000.0
2005-01-27,36.93,36.9,37.1,36.7,109790000.0
2005-01-28,36.75,37.05,37.1,36.45,111790000.0
2005-01-31,37.23,37.19,37.36,37.09,89380000.0
2005-02-01,37.35,37.32,37.47,37.2,76820000.0
2005-02-02,37.4,37.46,37.55,37.14,101910000.0
2005-02-03,36.98,37.21,37.24,36.83,90930000.0
2005-02-04,37.57,36.98,37.64,36.98,99370000.0
2005-02-07,37.5,37.62,37.73,37.35,71630000.0
2005-02-08,37.56,37.48,37.83,37.44,73230000.0
2005-02-09,36.94,37.59,37.62,36.89,93430000.0
2005-02-10,36.98,37.09,37.15,36.71,110430000.0
2005-02-11,37.52,36.89,37.67,36.76,108770000.0
2005-02-14,37.69,37.52,37.76,37.51,55060000.0
2005-02-15,37.94,37.72,38.3,37.64,133210000.0
2005-02-16,37.8,37.85,37.98,37.65,80620000.0
2005-02-17,37.3,37.87,37.96,37.26,116320000.0
2005-02-18,37.18,37.32,37.4,37.09,69390000.0
2005-02-22,36.72,36.86,37.37,36.62,122630000.0
2005-02-23,36.77,36.87,36.9,36.53,95420000.0
2005-02-24,37.24,36.68,37.27,36.59,99840000.0
2005-02-25,37.44,37.21,37.52,37.12,80140000.0
2005-02-28,37.05,37.29,37.42,36.75,96020000.0
2005-03-01,37.45,37.2,37.52,37.16,79290000.0
2005-03-02,37.43,37.25,37.84,37.18,107990000.0
2005-03-03,37.13,37.53,37.55,36.85,90100000.0
2005-03-04,37.35,37.41,37.57,37.23,86650000.0
2005-03-07,37.88,37.42,38.11,37.39,94890000.0
2005-03-08,37.5,37.79,38.03,37.47,89620000.0
2005-03-09,37.4,37.49,37.75,37.3,98090000.0
2005-03-10,37.35,37.43,37.49,36.91,98050000.0
2005-03-11,37.0,37.51,37.65,36.85,102870000.0
2005-03-14,37.17,37.07,37.19,36.86,71600000.0
2005-03-15,36.87,37.27,37.31,36.82,93920000.0
2005-03-16,36.44,36.74,37.01,36.36,159760000.0
2005-03-17,36.54,36.44,36.72,36.37,101800000.0
2005-03-18,36.34,36.58,36.61,36.18,109190000.0
2005-03-21,36.41,36.42,36.58,36.08,92840000.0
2005-03-22,35.96,36.46,36.58,35.94,114130000.0
2005-03-23,36.09,35.92,36.32,35.9,97520000.0
2005-03-24,36.1,36.22,36.48,36.1,77710000.0
2005-03-28,36.17,36.24,36.44,36.14,59770000.0
2005-03-29,35.88,36.09,36.41,35.77,119630000.0
2005-03-30,36.56,36.06,36.61,36.05,115020000.0
2005-03-31,36.4,36.56,36.58,36.27,86650000.0
2005-04-01,36.03,36.65,36.71,35.96,143850000.0
2005-04-04,36.29,36.08,36.43,35.86,100150000.0
2005-04-05,36.39,36.33,36.5,36.25,66460000.0
2005-04-06,36.33,36.49,36.73,36.25,82220000.0
2005-04-07,36.77,36.36,36.78,36.34,88710000.0
2005-04-08,36.47,36.83,36.9,36.43,92410000.0
2005-04-11,36.31,36.58,36.61,36.23,71010000.0
2005-04-12,36.49,36.27,36.57,35.74,145340000.0
2005-04-13,35.89,36.39,36.43,35.81,109070000.0
2005-04-14,35.38,35.9,35.93,35.33,158930000.0
2005-04-15,34.58,35.08,35.21,34.52,170270000.0
2005-04-18,34.59,34.57,34.94,34.48,110710000.0
2005-04-19,34.83,34.84,34.94,34.59,97510000.0
2005-04-20,34.54,35.05,35.13,34.43,140460000.0
2005-04-21,35.45,34.93,35.54,34.8,125000000.0
2005-04-22,34.93,35.29,35.3,34.65,115150000.0
2005-04-25,35.21,35.14,35.3,34.99,72220000.0
2005-04-26,34.89,35.13,35.53,34.88,108100000.0
2005-04-27,34.94,34.71,35.09,34.57,112640000.0
2005-04-28,34.59,34.76,34.99,34.56,98660000.0
2005-04-29,34.82,34.84,34.9,34.19,144510000.0
2005-05-02,34.96,34.94,35.1,34.72,68210000.0
2005-05-03,35.14,34.89,35.43,34.87,104080000.0
2005-05-04,35.56,35.13,35.67,35.08,90930000.0
2005-05-05,35.59,35.58,35.76,35.36,79630000.0
2005-05-06,35.69,35.8,35.85,35.56,77400000.0
2005-05-09,35.86,35.7,35.89,35.49,66370000.0
2005-05-10,35.6,35.69,35.79,35.45,77480000.0
2005-05-11,35.78,35.66,35.86,35.14,132090000.0
2005-05-12,35.68,35.83,36.03,35.49,116670000.0
2005-05-13,36.07,35.83,36.3,35.72,133310000.0
2005-05-16,36.31,36.07,36.37,35.96,79140000.0
2005-05-17,36.53,36.18,36.57,36.04,91710000.0
2005-05-18,37.03,36.63,37.19,36.54,128150000.0
2005-05-19,37.34,37.12,37.35,37.03,94000000.0
2005-05-20,37.48,37.28,37.51,37.18,66710000.0
2005-05-23,37.67,37.48,37.81,37.42,93080000.0
2005-05-24,37.79,37.58,37.82,37.52,100990000.0
2005-05-25,37.63,37.66,37.7,37.41,76490000.0
2005-05-26,38.01,37.8,38.09,37.8,84090000.0
2005-05-27,38.03,37.96,38.07,37.84,50130000.0
2005-05-31,37.9,38.01,38.06,37.74,75290000.0
2005-06-01,38.23,37.85,38.5,37.84,110990000.0
2005-06-02,38.48,38.15,38.48,38.12,76150000.0
2005-06-03,37.92,38.45,38.46,37.84,97070000.0
2005-06-06,37.93,37.94,38.01,37.78,53080000.0
2005-06-07,37.61,37.97,38.29,37.56,109620000.0
2005-06-08,37.53,37.72,37.77,37.39,79250000.0
2005-06-09,37.77,37.49,37.88,37.33,99440000.0
2005-06-10,37.37,37.72,37.72,37.21,86010000.0
2005-06-13,37.55,37.31,37.77,37.29,82360000.0
2005-06-14,37.4,37.51,37.66,37.33,62760000.0
2005-06-15,37.52,37.65,37.69,37.08,104080000.0
2005-06-16,37.72,37.56,37.82,37.48,90510000.0
2005-06-17,37.69,37.93,38.03,37.57,89170000.0
2005-06-20,37.69,37.54,37.9,37.4,68170000.0
2005-06-21,37.67,37.66,37.83,37.52,97920000.0
2005-06-22,37.63,37.82,37.92,37.45,75520000.0
2005-06-23,37.22,37.69,38.0,37.16,122220000.0
2005-06-24,36.8,37.21,37.24,36.79,142330000.0
2005-06-27,36.63,36.78,36.89,36.53,72890000.0
2005-06-28,36.98,36.78,37.09,36.73,73380000.0
2005-06-29,36.9,37.08,37.09,36.8,71580000.0
2005-06-30,36.61,36.97,37.04,36.58,87960000.0
2005-07-01,36.55,36.69,36.83,36.51,55290000.0
2005-07-05,36.94,36.46,37.02,36.43,79290000.0
2005-07-06,36.76,36.86,37.11,36.69,79330000.0
2005-07-07,36.89,36.41,36.92,36.38,120220000.0
2005-07-08,37.59,36.91,37.63,36.82,101470000.0
2005-07-11,37.94,37.69,37.98,37.62,96460000.0
2005-07-12,38.12,37.94,38.28,37.83,86110000.0
2005-07-13,38.21,38.14,38.25,37.99,72550000.0
2005-07-14,38.59,38.48,38.7,38.34,103210000.0
2005-07-15,38.71,38.66,38.82,38.47,67730000.0
2005-07-18,38.55,38.59,38.71,38.51,59120000.0
2005-07-19,39.0,38.73,39.01,38.66,78690000.0
2005-07-20,39.28,38.75,39.39,38.72,91980000.0
2005-07-21,39.29,39.38,39.51,39.03,127790000.0
2005-07-22,39.24,39.29,39.41,39.04,71720000.0
2005-07-25,39.09,39.28,39.44,39.02,52060000.0
2005-07-26,39.24,39.21,39.35,39.01,69660000.0
2005-07-27,39.53,39.25,39.57,39.04,83630000.0
2005-07-28,39.72,39.55,39.74,39.46,67120000.0
2005-07-29,39.39,39.68,39.73,39.34,74760000.0
2005-08-01,39.47,39.46,39.64,39.34,59880000.0
2005-08-02,39.89,39.52,39.95,39.47,79720000.0
2005-08-03,39.87,39.72,39.94,39.69,61980000.0
2005-08-04,39.49,39.69,39.75,39.39,72060000.0
2005-08-05,39.3,39.43,39.6,39.24,71260000.0
2005-08-08,39.01,39.34,39.43,38.96,64630000.0
2005-08-09,39.27,39.19,39.41,39.12,64620000.0
2005-08-10,38.93,39.37,39.5,38.79,104470000.0
2005-08-11,39.25,38.95,39.36,38.92,93640000.0
2005-08-12,39.03,38.94,39.14,38.79,86470000.0
2005-08-15,39.26,38.96,39.45,38.89,63070000.0
2005-08-16,38.63,39.12,39.15,38.56,94910000.0
2005-08-17,38.86,38.74,38.99,38.61,75630000.0
2005-08-18,38.66,38.69,38.92,38.59,72730000.0
2005-08-19,38.64,38.71,38.82,38.61,52180000.0
2005-08-22,38.66,38.7,39.0,38.42,93270000.0
2005-08-23,38.55,38.66,38.74,38.43,57530000.0
2005-08-24,38.32,38.47,39.0,38.28,95040000.0
2005-08-25,38.41,38.38,38.51,38.31,52340000.0
2005-08-26,38.28,38.35,38.42,38.09,63880000.0
2005-08-29,38.58,38.08,38.67,38.08,74970000.0
2005-08-30,38.44,38.38,38.47,38.14,87510000.0
2005-08-31,38.8,38.46,38.83,38.3,93450000.0
2005-09-01,38.74,38.8,38.97,38.6,74920000.0
2005-09-02,38.59,38.81,38.85,38.56,53270000.0
2005-09-06,39.16,38.75,39.23,38.72,78130000.0
2005-09-07,39.23,39.12,39.3,39.03,57470000.0
2005-09-08,39.22,39.11,39.39,39.09,73540000.0
2005-09-09,39.43,39.23,39.51,39.13,75390000.0
2005-09-12,39.54,39.45,39.68,39.4,51700000.0
2005-09-13,39.45,39.49,39.72,39.36,66190000.0
2005-09-14,39.0,39.47,39.5,38.97,98670000.0
2005-09-15,38.98,39.08,39.16,38.87,80480000.0
2005-09-16,39.22,39.07,39.28,38.93,71050000.0
2005-09-19,38.91,39.14,39.2,38.73,73400000.0
2005-09-20,38.75,38.98,39.36,38.63,115510000.0
2005-09-21,38.32,38.64,38.69,38.29,116420000.0
2005-09-22,38.46,38.26,38.55,38.06,119170000.0
2005-09-23,38.57,38.33,38.7,38.23,70170000.0
2005-09-26,38.58,38.79,38.85,38.37,69350000.0
2005-09-27,38.49,38.62,38.72,38.33,64090000.0
2005-09-28,38.5,38.59,38.77,38.38,72060000.0
2005-09-29,39.02,38.45,39.03,38.27,117770000.0
2005-09-30,39.28,38.98,39.3,38.95,79260000.0
2005-10-03,39.38,39.36,39.56,39.33,81690000.0
2005-10-04,39.12,39.42,39.69,39.11,85380000.0
2005-10-05,38.58,39.13,39.16,38.55,106230000.0
2005-10-06,38.07,38.55,38.68,37.74,162270000.0
2005-10-07,38.16,38.23,38.39,38.0,91130000.0
2005-10-10,37.95,38.11,38.28,37.88,64030000.0
2005-10-11,37.76,38.03,38.06,37.62,114770000.0
2005-10-12,37.31,37.58,37.88,37.26,146120000.0
2005-10-13,37.6,37.3,37.73,37.16,138580000.0
2005-10-14,37.88,37.69,37.89,37.46,131480000.0
2005-10-17,38.0,37.88,38.01,37.64,64210000.0
2005-10-18,37.73,37.96,38.0,37.73,88100000.0
2005-10-19,38.49,37.56,38.49,37.43,132940000.0
2005-10-20,38.13,38.48,38.67,37.92,132680000.0
2005-10-21,38.37,38.52,38.68,38.15,110050000.0
2005-10-24,38.98,38.53,39.0,38.29,111790000.0
2005-10-25,38.83,38.9,39.01,38.59,86960000.0
2005-10-26,38.63,38.78,39.09,38.58,90030000.0
2005-10-27,37.85,38.6,38.62,37.85,135440000.0
2005-10-28,38.14,37.99,38.21,37.74,95370000.0
2005-10-31,38.69,38.25,38.87,38.24,115430000.0
2005-11-01,38.66,38.58,38.83,38.53,73630000.0
2005-11-02,39.16,38.54,39.28,38.53,101560000.0
2005-11-03,39.75,39.55,39.9,39.5,137050000.0
2005-11-04,39.89,39.81,40.04,39.65,100940000.0
2005-11-07,39.94,40.01,40.1,39.76,65370000.0
2005-11-08,39.95,39.88,40.16,39.8,78860000.0
2005-11-09,39.97,39.93,40.14,39.84,72460000.0
2005-11-10,40.41,39.99,40.5,39.73,120760000.0
2005-11-11,40.52,40.58,40.73,40.49,80110000.0
2005-11-14,40.52,40.58,40.67,40.41,53650000.0
2005-11-15,40.33,40.54,40.71,40.19,79540000.0
2005-11-16,40.58,40.46,40.59,40.27,65910000.0
2005-11-17,41.11,40.72,41.13,40.66,94450000.0
2005-11-18,41.26,41.32,41.46,40.83,108820000.0
2005-11-21,41.36,41.2,41.39,41.05,69730000.0
2005-11-22,41.51,41.27,41.67,41.17,88820000.0
2005-11-23,41.61,41.54,41.82,41.52,64100000.0
2005-11-25,41.69,41.65,41.74,41.54,22930000.0
2005-11-28,41.35,41.77,41.8,41.31,74720000.0
2005-11-29,41.15,41.57,41.66,41.15,77440000.0
2005-11-30,41.05,41.1,41.3,41.0,88040000.0
2005-12-01,41.81,41.32,41.85,41.31,91910000.0
2005-12-02,41.91,41.74,41.94,41.67,72930000.0
2005-12-05,41.61,41.85,41.86,41.44,61590000.0
2005-12-06,41.74,41.83,42.11,41.7,81510000.0
2005-12-07,41.67,41.81,41.83,41.44,83890000.0
2005-12-08,41.37,41.76,41.8,41.08,112040000.0
2005-12-09,41.52,41.38,41.58,41.19,56530000.0
2005-12-12,41.67,41.67,41.74,41.49,44870000.0
2005-12-13,41.85,41.63,42.01,41.57,76610000.0
2005-12-14,41.7,41.75,41.9,41.51,73580000.0
2005-12-15,41.77,41.8,41.87,41.41,72680000.0
2005-12-16,41.39,41.67,41.74,41.36,63740000.0
2005-12-19,40.73,41.49,41.52,40.71,75420000.0
2005-12-20,40.76,40.76,40.96,40.56,70260000.0
2005-12-21,40.94,40.83,41.22,40.76,68930000.0
2005-12-22,41.2,40.92,41.27,40.79,59160000.0
2005-12-23,41.21,41.32,41.4,41.11,38000000.0
2005-12-27,40.85,41.33,41.49,40.78,55670000.0
2005-12-28,40.8,40.87,41.04,40.68,50320000.0
2005-12-29,40.53,40.84,40.93,40.46,47310000.0
2005-12-30,40.22,40.36,40.39,40.17,60050000.0
2006-01-03,41.12,40.46,41.3,39.97,109420000.0
2006-01-04,41.55,41.22,41.55,41.12,92780000.0
2006-01-05,41.72,41.56,41.8,41.51,77690000.0
2006-01-06,42.48,42.06,42.5,41.86,110120000.0
2006-01-09,42.65,42.46,42.72,42.32,80780000.0
2006-01-10,42.68,42.44,42.72,42.35,84420000.0
2006-01-11,43.01,42.81,43.11,42.67,100780000.0
2006-01-12,42.8,42.96,43.09,42.65,82430000.0
2006-01-13,42.78,42.74,42.85,42.53,64590000.0
2006-01-17,42.5,42.46,42.59,42.3,78110000.0
2006-01-18,42.01,41.84,42.26,41.82,122430000.0
2006-01-19,42.32,42.2,42.62,42.09,111110000.0
2006-01-20,41.06,42.24,42.29,40.96,188670000.0
2006-01-23,41.07,41.18,41.26,40.89,111430000.0
2006-01-24,41.25,41.17,41.51,41.12,77970000.0
2006-01-25,41.07,41.45,41.48,40.89,99830000.0
2006-01-26,41.36,41.31,41.5,41.04,112780000.0
2006-01-27,41.91,41.62,42.19,41.55,110840000.0
2006-01-30,41.99,41.95,42.12,41.87,53940000.0
2006-01-31,41.8,41.94,42.07,41.62,101420000.0
2006-02-01,41.95,41.56,41.97,41.51,89240000.0
2006-02-02,41.24,41.83,41.88,41.22,94050000.0
2006-02-03,40.73,40.92,41.04,40.59,121100000.0
2006-02-06,40.62,40.71,40.82,40.4,58170000.0
2006-02-07,40.44,40.55,40.74,40.25,87380000.0
2006-02-08,40.91,40.73,40.96,40.5,89930000.0
2006-02-09,40.52,41.01,41.18,40.44,78220000.0
2006-02-10,40.77,40.49,40.87,40.07,102580000.0
2006-02-13,40.3,40.53,40.55,40.11,70660000.0
2006-02-14,40.71,40.36,40.83,40.22,94760000.0
2006-02-15,40.97,40.6,41.07,40.54,92270000.0
2006-02-16,41.35,41.11,41.36,40.96,103880000.0
2006-02-17,41.02,41.26,41.27,41.01,81770000.0
2006-02-21,40.56,41.02,41.08,40.42,85110000.0
2006-02-22,41.07,40.61,41.35,40.49,91000000.0
2006-02-23,40.96,41.03,41.35,40.89,66530000.0
2006-02-24,41.07,40.96,41.1,40.82,57090000.0
2006-02-27,41.53,41.18,41.67,41.14,64960000.0
2006-02-28,40.91,41.4,41.53,40.78,117640000.0
2006-03-01,41.47,41.02,41.58,40.96,80980000.0
2006-03-02,41.5,41.36,41.65,41.22,69880000.0
2006-03-03,41.26,41.26,41.81,41.2,112080000.0
2006-03-06,40.9,41.34,41.44,40.77,99590000.0
2006-03-07,40.66,40.84,40.88,40.46,96500000.0
2006-03-08,40.68,40.58,40.9,40.31,104010000.0
2006-03-09,40.33,40.81,40.96,40.28,108640000.0
2006-03-10,40.37,40.29,40.6,40.0,124490000.0
2006-03-13,40.49,40.57,40.75,40.43,69170000.0
2006-03-14,41.18,40.46,41.23,40.45,118220000.0
2006-03-15,41.53,41.34,41.53,41.13,84400000.0
2006-03-16,41.18,41.66,41.72,41.14,101390000.0
2006-03-17,41.26,41.13,41.4,41.04,78230000.0
2006-03-20,41.36,41.4,41.49,41.21,60240000.0
2006-03-21,40.92,41.32,41.81,40.89,136570000.0
2006-03-22,41.02,40.69,41.09,40.67,112320000.0
2006-03-23,40.9,40.9,41.03,40.63,75220000.0
2006-03-24,41.11,41.04,41.31,40.83,81810000.0
2006-03-27,41.12,41.09,41.32,41.05,54410000.0
2006-03-28,40.95,41.18,41.48,40.8,100530000.0
2006-03-29,41.72,41.01,41.9,40.98,130730000.0
2006-03-30,41.85,41.79,42.1,41.6,115940000.0
2006-03-31,41.73,41.94,41.99,41.65,71090000.0
2006-04-03,41.78,41.95,42.17,41.7,80730000.0
2006-04-04,42.01,41.84,42.11,41.73,90040000.0
2006-04-05,42.41,42.1,42.47,42.01,91660000.0
2006-04-06,42.53,42.39,42.74,42.24,91710000.0
2006-04-07,42.12,42.7,42.85,42.1,116610000.0
2006-04-10,42.06,42.2,42.3,41.89,58990000.0
2006-04-11,41.72,42.2,42.23,41.52,91490000.0
2006-04-12,41.73,41.75,41.88,41.61,58880000.0
2006-04-13,41.9,41.7,42.13,41.6,63480000.0
2006-04-17,41.47,41.84,42.01,41.2,104090000.0
2006-04-18,42.26,41.59,42.36,41.58,124330000.0
2006-04-19,42.45,42.34,42.45,42.1,79130000.0
2006-04-20,42.3,42.42,42.62,42.18,81410000.0
2006-04-21,41.8,42.46,42.66,41.63,130190000.0
2006-04-24,41.76,41.76,41.87,41.53,78560000.0
2006-04-25,41.67,41.88,41.9,41.46,77660000.0
2006-04-26,41.67,41.67,41.86,41.51,82570000.0
2006-04-27,42.06,41.48,42.29,41.31,174120000.0
2006-04-28,41.66,41.8,42.02,41.59,88880000.0
2006-05-01,41.25,41.72,42.1,41.12,92930000.0
2006-05-02,41.36,41.42,41.54,41.21,85170000.0
2006-05-03,41.3,41.39,41.45,41.09,74980000.0
2006-05-04,41.64,41.34,41.79,41.34,88710000.0
2006-05-05,41.96,41.91,42.01,41.74,80390000.0
2006-05-08,42.0,41.88,42.08,41.87,45090000.0
2006-05-09,41.84,41.9,41.98,41.77,48570000.0
2006-05-10,41.48,41.73,41.78,41.36,92440000.0
2006-05-11,40.55,41.44,41.46,40.44,141030000.0
2006-05-12,40.0,40.38,40.57,39.77,153950000.0
2006-05-15,39.97,39.84,40.15,39.6,127900000.0
2006-05-16,39.67,39.97,40.07,39.58,132410000.0
2006-05-17,39.14,39.5,39.62,39.05,207930000.0
2006-05-18,38.87,39.31,39.48,38.82,139720000.0
2006-05-19,39.17,38.99,39.29,38.57,194310000.0
2006-05-22,38.79,38.84,39.06,38.44,169610000.0
2006-05-23,38.41,39.08,39.2,38.39,142650000.0
2006-05-24,38.67,38.35,38.86,38.05,235000000.0
2006-05-25,39.18,38.9,39.2,38.64,123530000.0
2006-05-26,39.31,39.27,39.4,39.05,91330000.0
2006-05-30,38.46,39.13,39.15,38.43,105610000.0
2006-05-31,38.64,38.54,38.88,38.36,137100000.0
2006-06-01,39.55,38.73,39.55,38.66,119440000.0
2006-06-02,39.46,39.78,39.81,39.13,128870000.0
2006-06-05,38.6,39.37,39.38,38.6,103300000.0
2006-06-06,38.57,38.67,38.77,38.17,127300000.0
2006-06-07,38.28,38.62,38.99,38.27,130870000.0
2006-06-08,38.22,38.09,38.38,37.32,280560000.0
2006-06-09,37.97,38.36,38.56,37.93,144150000.0
2006-06-12,37.23,38.02,38.08,37.22,145630000.0
2006-06-13,37.08,37.35,37.62,36.99,207140000.0
2006-06-14,37.45,37.19,37.53,37.03,201890000.0
2006-06-15,38.47,37.66,38.61,37.62,200730000.0
2006-06-16,38.16,38.37,38.5,38.02,120020000.0
2006-06-19,37.85,38.32,38.36,37.73,129460000.0
2006-06-20,37.9,37.91,38.3,37.76,102890000.0
2006-06-21,38.5,37.96,38.81,37.95,129570000.0
2006-06-22,38.01,38.42,38.5,37.81,143830000.0
2006-06-23,37.97,37.98,38.35,37.75,88050000.0
2006-06-26,38.07,37.99,38.21,37.89,65160000.0
2006-06-27,37.36,38.1,38.15,37.32,128230000.0
2006-06-28,37.63,37.45,37.66,37.21,91580000.0
2006-06-29,38.78,37.78,38.78,37.72,182430000.0
2006-06-30,38.59,38.94,38.96,38.5,82720000.0
2006-07-03,38.82,38.7,38.82,38.63,21600000.0
2006-07-05,37.97,38.46,38.5,37.91,93730000.0
2006-07-06,37.93,38.08,38.3,37.83,70630000.0
2006-07-07,37.51,37.71,37.99,37.4,108070000.0
2006-07-10,37.19,37.61,37.75,37.0,105130000.0
2006-07-11,37.46,37.11,37.56,36.91,136120000.0
2006-07-12,36.76,37.39,37.46,36.67,154460000.0
2006-07-13,36.14,36.49,36.87,36.14,177750000.0
2006-07-14,35.77,36.13,36.21,35.62,172450000.0
2006-07-17,35.86,35.78,36.08,35.7,134360000.0
2006-07-18,35.98,36.05,36.16,35.37,207270000.0
2006-07-19,36.45,35.93,36.66,35.92,193010000.0
2006-07-20,35.91,36.57,36.63,35.87,152350000.0
2006-07-21,35.53,35.71,35.79,35.45,119380000.0
2006-07-24,36.24,35.68,36.26,35.63,130300000.0
2006-07-25,36.45,36.3,36.57,36.07,108870000.0
2006-07-26,36.42,36.33,36.7,36.06,107190000.0
2006-07-27,36.18,36.56,36.87,36.08,99710000.0
2006-07-28,36.94,36.39,36.97,36.33,93570000.0
2006-07-31,36.93,36.91,37.15,36.72,78100000.0
2006-08-01,36.31,36.62,36.63,36.09,98570000.0
2006-08-02,36.72,36.44,36.96,36.44,87400000.0
2006-08-03,36.95,36.37,37.17,36.31,99300000.0
2006-08-04,36.78,37.25,37.45,36.45,123500000.0
2006-08-07,36.54,36.75,36.77,36.36,69670000.0
2006-08-08,36.31,36.64,36.73,36.09,124510000.0
2006-08-09,36.36,36.84,37.14,36.26,145390000.0
2006-08-10,36.62,36.29,36.71,36.14,102510000.0
2006-08-11,36.36,36.48,36.52,36.2,86930000.0
2006-08-14,36.6,36.69,37.1,36.53,109350000.0
2006-08-15,37.52,37.05,37.57,36.92,133720000.0
2006-08-16,38.4,37.81,38.43,37.66,135470000.0
2006-08-17,38.55,38.29,38.8,38.26,129700000.0
2006-08-18,38.61,38.47,38.65,38.1,97770000.0
2006-08-21,38.24,38.29,38.38,38.08,66670000.0
2006-08-22,38.25,38.18,38.63,38.02,102130000.0
2006-08-23,37.96,38.29,38.49,37.74,96070000.0
2006-08-24,38.07,38.08,38.17,37.74,79000000.0
2006-08-25,38.14,37.99,38.46,37.88,73590000.0
2006-08-28,38.43,38.1,38.61,38.06,80090000.0
2006-08-29,38.55,38.4,38.58,38.0,104870000.0
2006-08-30,38.73,38.57,38.85,38.42,75710000.0
2006-08-31,38.69,38.76,38.85,38.58,61220000.0
2006-09-01,38.9,38.89,39.03,38.72,69390000.0
2006-09-05,39.28,38.93,39.3,38.67,85590000.0
2006-09-06,38.49,38.9,39.01,38.43,97900000.0
2006-09-07,38.3,38.39,38.72,38.18,115900000.0
2006-09-08,38.54,38.36,38.64,38.28,96630000.0
2006-09-11,38.78,38.23,38.97,38.14,142380000.0
2006-09-12,39.5,38.77,39.61,38.77,124110000.0
2006-09-13,39.77,39.54,39.8,39.45,116100000.0
2006-09-14,39.8,39.66,40.03,39.57,98120000.0
2006-09-15,39.92,40.15,40.27,39.81,137850000.0
2006-09-18,39.92,39.93,40.21,39.75,117820000.0
2006-09-19,39.66,40.05,40.06,39.34,159080000.0
2006-09-20,40.24,40.01,40.35,40.0,116650000.0
2006-09-21,39.99,40.33,40.48,39.89,126900000.0
2006-09-22,39.68,39.96,39.97,39.52,101040000.0
2006-09-25,40.38,39.86,40.47,39.5,136560000.0
2006-09-26,40.58,40.33,40.61,40.21,113550000.0
2006-09-27,40.53,40.51,40.76,40.31,113150000.0
2006-09-28,40.64,40.58,40.7,40.24,86050000.0
2006-09-29,40.46,40.7,40.74,40.43,85450000.0
2006-10-02,39.95,40.41,40.51,39.89,97150000.0
2006-10-03,40.12,39.86,40.29,39.69,116290000.0
2006-10-04,41.11,40.03,41.12,39.95,149500000.0
2006-10-05,41.31,41.09,41.37,40.99,92190000.0
2006-10-06,41.22,41.19,41.37,41.05,85450000.0
2006-10-09,41.36,41.18,41.55,41.13,62820000.0
2006-10-10,41.43,41.42,41.56,41.12,98210000.0
2006-10-11,41.35,41.24,41.64,40.98,136570000.0
2006-10-12,42.03,41.57,42.05,41.51,95340000.0
2006-10-13,42.23,42.02,42.32,41.94,80480000.0
2006-10-16,42.25,42.23,42.42,42.2,62050000.0
2006-10-17,41.8,41.97,42.0,41.57,146150000.0
2006-10-18,41.61,42.02,42.11,41.46,121160000.0
2006-10-19,41.7,41.5,41.91,41.4,108240000.0
2006-10-20,41.8,41.85,41.89,41.45,105460000.0
2006-10-23,42.23,41.72,42.38,41.63,127000000.0
2006-10-24,41.93,42.09,42.25,41.72,103680000.0
2006-10-25,42.23,41.94,42.32,41.85,125410000.0
2006-10-26,42.62,42.37,42.72,42.02,130870000.0
2006-10-27,42.01,42.53,42.62,41.88,129380000.0
2006-10-30,42.28,41.97,42.45,41.86,103950000.0
2006-10-31,42.38,42.36,42.56,42.11,135830000.0
2006-11-01,41.8,42.53,42.57,41.63,148970000.0
2006-11-02,41.84,41.62,41.94,41.55,100230000.0
2006-11-03,41.73,41.9,41.99,41.42,119310000.0
2006-11-06,42.34,41.86,42.51,41.86,101360000.0
2006-11-07,42.63,42.33,42.89,42.27,139890000.0
2006-11-08,42.83,42.38,43.0,42.27,180470000.0
2006-11-09,42.6,43.07,43.15,42.47,124300000.0
2006-11-10,42.83,42.64,42.84,42.47,82440000.0
2006-11-13,43.26,42.86,43.34,42.8,89170000.0
2006-11-14,43.73,43.3,43.77,43.04,121990000.0
2006-11-15,43.9,43.78,44.19,43.72,116590000.0
2006-11-16,44.09,44.04,44.21,43.81,113560000.0
2006-11-17,44.09,43.85,44.09,43.75,95200000.0
2006-11-20,44.18,43.95,44.27,43.81,107250000.0
2006-11-21,44.24,44.21,44.3,44.04,68150000.0
2006-11-22,44.52,44.37,44.54,44.05,69880000.0
2006-11-24,44.44,44.19,44.65,44.17,51800000.0
2006-11-27,43.46,44.31,44.4,43.44,159540000.0
2006-11-28,43.57,43.32,43.64,43.14,118280000.0
2006-11-29,43.86,43.8,43.97,43.46,139570000.0
2006-11-30,43.83,43.84,44.07,43.59,125020000.0
2006-12-01,43.46,43.8,43.99,43.06,144580000.0
2006-12-04,44.05,43.59,44.27,43.59,89970000.0
2006-12-05,44.21,44.18,44.34,43.98,84720000.0
2006-12-06,44.05,44.08,44.19,43.86,78250000.0
2006-12-07,43.5,44.13,44.27,43.5,124970000.0
2006-12-08,43.7,43.37,44.05,43.27,133820000.0
2006-12-11,43.85,43.63,44.16,43.55,72990000.0
2006-12-12,43.6,43.82,43.92,43.36,111270000.0
2006-12-13,43.68,43.9,43.9,43.42,79070000.0
2006-12-14,44.16,43.77,44.36,43.74,109140000.0
2006-12-15,44.22,44.45,44.55,44.14,99950000.0
2006-12-18,43.79,44.37,44.54,43.6,121600000.0
2006-12-19,43.65,43.45,43.85,43.18,136550000.0
2006-12-20,43.49,43.69,43.9,43.47,67360000.0
2006-12-21,43.18,43.56,43.59,43.01,102980000.0
2006-12-22,42.73,43.19,43.21,42.73,92880000.0
2006-12-26,42.91,42.73,42.92,42.68,50870000.0
2006-12-27,43.13,42.99,43.2,42.9,54160000.0
2006-12-28,42.92,43.0,43.18,42.85,70760000.0
2006-12-29,42.96,43.01,43.41,42.92,75170000.0
2007-01-03,43.04,43.26,43.85,42.32,168790000.0
2007-01-04,43.85,43.1,44.0,42.95,137380000.0
2007-01-05,43.65,43.73,43.75,43.28,140720000.0
2007-01-08,43.68,43.68,43.91,43.44,106560000.0
2007-01-09,43.89,43.8,44.08,43.43,121760000.0
2007-01-10,44.41,43.76,44.45,43.62,121170000.0
2007-01-11,44.87,44.5,45.03,44.44,174100000.0
2007-01-12,45.1,44.81,45.14,44.76,104240000.0
2007-01-16,45.07,45.11,45.19,44.92,95950000.0
2007-01-17,44.7,44.88,45.08,44.62,127620000.0
2007-01-18,43.87,44.58,44.63,43.75,189190000.0
2007-01-19,43.96,43.78,44.07,43.71,127580000.0
2007-01-22,43.49,44.0,44.02,43.31,123480000.0
2007-01-23,43.38,43.44,43.78,43.3,133260000.0
2007-01-24,44.09,43.67,44.11,43.57,117690000.0
2007-01-25,43.53,44.16,44.26,43.38,158460000.0
2007-01-26,43.37,43.61,43.63,43.09,146290000.0
2007-01-29,43.41,43.25,43.71,43.2,104210000.0
2007-01-30,43.43,43.48,43.59,43.32,69980000.0
2007-01-31,43.86,43.4,43.98,43.13,157950000.0
2007-02-01,43.81,44.06,44.19,43.65,147410000.0
2007-02-02,43.95,43.9,44.04,43.74,98200000.0
2007-02-05,43.91,43.93,44.15,43.76,96390000.0
2007-02-06,43.84,43.99,44.02,43.44,121180000.0
2007-02-07,44.25,44.08,44.44,43.91,118010000.0
2007-02-08,44.24,44.18,44.39,44.02,89560000.0
2007-02-09,43.64,44.36,44.51,43.53,133500000.0
2007-02-12,43.5,43.68,43.69,43.39,126970000.0
2007-02-13,43.66,43.59,43.8,43.5,95560000.0
2007-02-14,44.39,43.84,44.5,43.83,133560000.0
2007-02-15,44.65,44.42,44.65,44.34,110500000.0
2007-02-16,44.5,44.47,44.62,44.36,72360000.0
2007-02-20,44.84,44.44,44.91,44.22,93680000.0
2007-02-21,44.98,44.71,45.0,44.62,95940000.0
2007-02-22,45.21,45.15,45.34,44.86,116390000.0
2007-02-23,45.05,45.21,45.25,44.85,113510000.0
2007-02-26,44.83,45.27,45.29,44.55,102250000.0
2007-02-27,42.99,44.15,44.27,42.86,317950000.0
2007-02-28,43.13,42.96,43.56,42.73,217510000.0
2007-03-01,42.93,42.35,43.34,42.04,231920000.0
2007-03-02,42.28,42.58,42.94,42.27,183420000.0
2007-03-05,41.95,41.96,42.6,41.86,174690000.0
2007-03-06,42.65,42.36,42.79,42.3,155740000.0
2007-03-07,42.48,42.66,42.78,42.45,116630000.0
2007-03-08,42.77,42.93,43.04,42.64,121050000.0
2007-03-09,42.78,43.13,43.14,42.45,128630000.0
2007-03-12,43.01,42.68,43.08,42.63,81370000.0
2007-03-13,42.17,42.8,43.04,42.16,171230000.0
2007-03-14,42.79,42.23,42.8,41.9,192590000.0
2007-03-15,42.69,42.7,42.86,42.52,111630000.0
2007-03-16,42.63,42.74,42.84,42.41,108370000.0
2007-03-19,43.07,42.86,43.19,42.75,95960000.0
2007-03-20,43.38,43.06,43.39,43.01,81050000.0
2007-03-21,44.21,43.43,44.23,43.15,173970000.0
2007-03-22,44.05,44.23,44.24,43.88,114910000.0
2007-03-23,43.91,44.05,44.16,43.86,68620000.0
2007-03-26,44.09,43.93,44.11,43.43,114260000.0
2007-03-27,43.79,44.02,44.03,43.75,76680000.0
2007-03-28,43.32,43.58,43.82,43.31,144920000.0
2007-03-29,43.37,43.64,43.65,42.9,124450000.0
2007-03-30,43.33,43.36,43.67,43.02,120430000.0
2007-04-02,43.39,43.47,43.56,43.1,89630000.0
2007-04-03,43.95,43.62,44.1,43.59,105890000.0
2007-04-04,44.13,43.99,44.17,43.92,85200000.0
2007-04-05,44.35,44.08,44.37,44.02,54260000.0
2007-04-09,44.24,44.5,44.54,44.17,63060000.0
2007-04-10,44.47,44.23,44.47,44.2,76440000.0
2007-04-11,44.0,44.43,44.45,43.86,116950000.0
2007-04-12,44.35,43.93,44.41,43.75,114840000.0
2007-04-13,44.44,44.36,44.51,44.08,94580000.0
2007-04-16,44.85,44.62,44.94,44.62,73030000.0
2007-04-17,44.95,44.93,44.99,44.75,81880000.0
2007-04-18,44.8,44.72,45.02,44.62,82050000.0
2007-04-19,44.94,44.6,45.04,44.51,95510000.0
2007-04-20,45.19,45.31,45.46,44.99,122440000.0
2007-04-23,45.26,45.23,45.39,45.13,85450000.0
2007-04-24,45.49,45.42,45.62,45.12,108200000.0
2007-04-25,46.09,45.64,46.1,45.49,106950000.0
2007-04-26,46.33,46.2,46.43,46.11,99410000.0
2007-04-27,46.35,46.15,46.48,46.07,96610000.0
2007-04-30,45.75,46.28,46.31,45.71,93470000.0
2007-05-01,45.85,45.76,45.93,45.45,135090000.0
2007-05-02,46.2,45.88,46.36,45.84,91990000.0
2007-05-03,46.37,46.31,46.5,46.21,98020000.0
2007-05-04,46.41,46.55,46.67,46.2,93630000.0
2007-05-07,46.41,46.43,46.56,46.35,47690000.0
2007-05-08,46.51,46.25,46.55,46.08,95200000.0
2007-05-09,46.61,46.27,46.75,46.24,116010000.0
2007-05-10,45.97,46.45,46.56,45.86,171260000.0
2007-05-11,46.56,46.02,46.56,45.96,103200000.0
2007-05-14,46.24,46.55,46.66,45.97,118970000.0
2007-05-15,45.89,46.19,46.48,45.78,179490000.0
2007-05-16,46.33,45.98,46.34,45.7,144720000.0
2007-05-17,46.11,46.28,46.35,46.07,110310000.0
2007-05-18,46.49,46.26,46.49,46.16,104990000.0
2007-05-21,46.79,46.52,47.02,46.45,112900000.0
2007-05-22,46.83,46.82,47.06,46.65,98130000.0
2007-05-23,46.61,46.97,47.15,46.58,119430000.0
2007-05-24,45.94,46.64,46.82,45.76,206340000.0
2007-05-25,46.23,46.04,46.34,45.96,87150000.0
2007-05-29,46.59,46.27,46.64,46.19,99720000.0
2007-05-30,46.97,46.26,46.98,46.13,134480000.0
2007-05-31,47.19,47.1,47.3,46.99,110730000.0
2007-06-01,47.22,47.36,47.55,47.15,125120000.0
2007-06-04,47.36,47.05,47.42,47.02,65390000.0
2007-06-05,47.36,47.21,47.36,46.78,151180000.0
2007-06-06,46.85,47.15,47.16,46.74,183210000.0
2007-06-07,46.12,46.69,46.99,46.1,221630000.0
2007-06-08,46.69,46.11,46.71,45.94,177610000.0
2007-06-11,46.6,46.67,46.97,46.54,97150000.0
2007-06-12,46.32,46.35,46.82,46.23,154110000.0
2007-06-13,46.83,46.52,46.87,46.32,148030000.0
2007-06-14,47.14,46.88,47.27,46.87,101550000.0
2007-06-15,47.51,47.53,47.65,47.43,100410000.0
2007-06-18,47.55,47.63,47.65,47.45,75770000.0
2007-06-19,47.54,47.41,47.64,47.29,109680000.0
2007-06-20,47.09,47.61,47.7,47.02,161940000.0
2007-06-21,47.52,47.08,47.57,46.86,143200000.0
2007-06-22,47.07,47.42,47.49,46.92,153420000.0
2007-06-25,46.87,47.09,47.36,46.6,136620000.0
2007-06-26,46.6,47.1,47.1,46.52,128210000.0
2007-06-27,47.32,46.52,47.34,46.48,141240000.0
2007-06-28,47.3,47.3,47.63,47.25,116600000.0
2007-06-29,47.38,47.57,47.66,46.99,124790000.0
2007-07-02,47.79,47.49,47.82,47.46,80930000.0
2007-07-03,48.08,47.88,48.09,47.82,34800000.0
2007-07-05,48.43,48.12,48.54,48.07,73590000.0
2007-07-06,48.63,48.48,48.68,48.27,65810000.0
2007-07-09,48.66,48.67,48.75,48.49,66770000.0
2007-07-10,48.25,48.39,48.67,48.2,104400000.0
2007-07-11,48.58,48.14,48.58,48.09,99640000.0
2007-07-12,49.33,48.82,49.44,48.69,107670000.0
2007-07-13,49.67,49.39,49.74,49.34,74230000.0
2007-07-16,49.62,49.67,49.85,49.53,77800000.0
2007-07-17,50.0,49.74,50.07,49.69,124840000.0
2007-07-18,49.94,49.71,49.94,49.41,144920000.0
2007-07-19,50.09,50.18,50.42,50.08,116560000.0
2007-07-20,49.82,50.06,50.13,49.51,163720000.0
2007-07-23,49.84,49.98,50.08,49.69,107460000.0
2007-07-24,49.1,49.48,49.87,48.82,175550000.0
2007-07-25,49.17,49.34,49.44,48.83,170910000.0
2007-07-26,48.75,48.84,49.24,47.83,318650000.0
2007-07-27,47.77,48.66,48.89,47.77,246390000.0
2007-07-30,48.32,47.99,48.5,47.73,166520000.0
2007-07-31,47.31,48.74,48.76,47.21,260320000.0
2007-08-01,47.68,47.17,47.71,46.76,301210000.0
2007-08-02,48.11,47.72,48.2,47.57,177800000.0
2007-08-03,47.2,48.03,48.08,46.93,166050000.0
2007-08-06,47.75,47.24,47.8,46.81,190960000.0
2007-08-07,48.08,47.66,48.39,47.26,167580000.0
2007-08-08,48.61,48.28,48.83,48.17,165280000.0
2007-08-09,47.49,47.97,48.74,47.47,242870000.0
2007-08-10,47.06,46.99,47.61,46.41,247010000.0
2007-08-13,47.38,47.46,47.66,47.26,116960000.0
2007-08-14,46.57,47.47,47.52,46.51,153540000.0
2007-08-15,45.69,46.46,46.87,45.6,214850000.0
2007-08-16,45.24,45.33,45.7,45.24,362480000.0
2007-08-17,46.09,46.09,46.37,45.38,223250000.0
2007-08-20,46.31,46.26,46.5,45.87,144720000.0
2007-08-21,46.8,46.26,46.91,46.17,115030000.0
2007-08-22,47.44,47.15,47.48,47.05,115820000.0
2007-08-23,47.31,47.6,47.63,47.01,118660000.0
2007-08-24,47.98,47.16,48.02,47.1,88190000.0
2007-08-27,47.66,47.83,47.98,47.62,72490000.0
2007-08-28,46.52,47.38,47.48,46.49,106020000.0
2007-08-29,47.86,46.83,47.9,46.83,113200000.0
2007-08-30,48.1,47.61,48.51,47.53,138930000.0
2007-08-31,48.64,48.63,48.83,48.38,94690000.0
2007-09-04,49.45,48.69,49.77,48.68,98480000.0
2007-09-05,48.95,49.32,49.42,48.64,114050000.0
2007-09-06,48.91,49.0,49.13,48.58,99220000.0
2007-09-07,48.01,48.3,48.37,47.73,152440000.0
2007-09-10,47.98,48.39,48.52,47.59,125210000.0
2007-09-11,48.7,48.28,48.76,48.2,103060000.0
2007-09-12,48.71,48.61,49.14,48.55,94010000.0
2007-09-13,48.95,49.06,49.12,48.71,80810000.0
2007-09-14,48.99,48.57,49.08,48.5,99800000.0
2007-09-17,48.58,48.76,48.87,48.36,84880000.0
2007-09-18,49.81,48.86,52.52,48.6,151450000.0
2007-09-19,49.94,50.06,50.35,49.75,127030000.0
2007-09-20,49.8,49.83,50.03,49.69,109970000.0
2007-09-21,50.13,50.05,50.28,49.78,86840000.0
2007-09-24,50.35,50.25,50.72,50.1,107230000.0
2007-09-25,50.83,50.19,50.83,50.13,101100000.0
2007-09-26,51.08,51.12,51.27,50.88,96120000.0
2007-09-27,51.34,51.38,51.41,51.12,73430000.0
2007-09-28,51.17,51.3,51.44,50.94,75550000.0
2007-10-01,51.76,51.21,51.92,51.14,100400000.0
2007-10-02,51.77,51.8,51.82,51.48,71050000.0
2007-10-03,51.41,51.6,51.83,51.26,106780000.0
2007-10-04,51.53,51.51,51.59,51.1,84130000.0
2007-10-05,52.57,51.93,52.65,51.82,115680000.0
2007-10-08,52.9,52.55,52.91,52.46,63020000.0
2007-10-09,53.13,53.02,53.2,52.78,94210000.0
2007-10-10,53.26,53.14,53.32,52.96,91780000.0
2007-10-11,52.41,53.54,53.69,52.04,239790000.0
2007-10-12,53.28,52.65,53.29,52.55,131680000.0
2007-10-15,52.87,53.36,53.46,52.45,121580000.0
2007-10-16,52.62,52.54,53.03,52.43,193680000.0
2007-10-17,53.3,53.37,53.41,52.43,183990000.0
2007-10-18,53.53,53.08,53.64,52.87,144500000.0
2007-10-19,52.2,53.52,53.52,52.15,245110000.0
2007-10-22,52.82,51.92,52.87,51.78,207090000.0
2007-10-23,53.93,53.36,53.96,53.09,162360000.0
2007-10-24,53.52,53.49,53.69,51.76,298350000.0
2007-10-25,52.8,53.63,53.73,52.5,233840000.0
2007-10-26,53.68,53.83,53.95,53.19,146690000.0
2007-10-29,53.91,53.94,54.08,53.59,101900000.0
2007-10-30,54.01,53.69,54.31,53.65,114620000.0
2007-10-31,54.77,54.22,54.81,53.79,148430000.0
2007-11-01,53.75,54.43,54.51,53.72,181970000.0
2007-11-02,54.17,54.17,54.3,53.35,217880000.0
2007-11-05,53.82,53.61,54.15,53.34,150590000.0
2007-11-06,54.43,54.08,54.44,53.53,131880000.0
2007-11-07,53.1,53.97,54.33,53.06,197910000.0
2007-11-08,51.49,52.89,53.08,50.56,380630000.0
2007-11-09,49.77,50.49,50.88,49.77,309420000.0
2007-11-12,48.5,49.69,50.01,48.42,283220000.0
2007-11-13,50.5,49.16,50.55,49.12,255630000.0
2007-11-14,49.86,51.15,51.2,49.67,263290000.0
2007-11-15,49.59,49.77,50.3,49.14,251550000.0
2007-11-16,50.05,49.91,50.25,49.11,263620000.0
2007-11-19,49.47,49.94,50.22,49.18,198650000.0
2007-11-20,49.67,49.72,50.54,48.7,300760000.0
2007-11-21,49.08,49.2,49.94,48.62,212720000.0
2007-11-23,49.61,49.4,49.74,49.14,46470000.0
2007-11-26,48.75,49.75,50.14,48.67,150350000.0
2007-11-27,49.73,49.16,49.82,48.87,211370000.0
2007-11-28,51.24,50.39,51.46,50.36,216870000.0
2007-11-29,51.46,51.03,51.65,50.96,172090000.0
2007-11-30,51.07,51.97,52.01,50.71,171420000.0
2007-12-03,50.64,50.9,51.29,50.58,108630000.0
2007-12-04,50.43,50.22,50.7,50.15,113370000.0
2007-12-05,51.33,50.96,51.76,50.92,137620000.0
2007-12-06,52.08,51.39,52.13,51.37,99760000.0
2007-12-07,52.09,52.05,52.3,51.84,88990000.0
2007-12-10,52.3,52.2,52.44,52.08,75660000.0
2007-12-11,51.08,52.36,52.59,50.97,167060000.0
2007-12-12,51.54,52.01,52.19,50.65,162980000.0
2007-12-13,51.26,51.09,51.39,50.74,153680000.0
2007-12-14,50.73,50.85,51.36,50.68,128410000.0
2007-12-17,49.5,50.54,50.75,49.48,134380000.0
2007-12-18,49.66,50.01,50.04,48.95,154250000.0
2007-12-19,49.65,49.66,49.97,49.38,137970000.0
2007-12-20,50.66,50.43,50.72,49.97,167340000.0
2007-12-21,51.61,51.47,51.66,51.24,107610000.0
2007-12-24,52.0,51.77,52.16,51.71,34500000.0
2007-12-26,52.26,51.91,52.38,51.76,58490000.0
2007-12-27,51.69,52.09,52.26,51.47,65780000.0
2007-12-28,51.62,51.8,51.92,51.19,67560000.0
2007-12-31,50.98,51.32,51.44,50.97,70140000.0
2008-01-02,50.22,51.03,51.23,49.9,152340000.0
2008-01-03,50.38,50.17,50.52,49.92,114110000.0
2008-01-04,48.17,49.56,49.6,47.99,212660000.0
2008-01-07,47.95,48.18,48.37,47.21,235080000.0
2008-01-08,46.7,48.07,48.53,46.7,261700000.0
2008-01-09,47.7,46.87,47.74,46.24,254110000.0
2008-01-10,47.77,47.2,48.18,47.07,249960000.0
2008-01-11,46.83,47.5,47.55,46.48,211690000.0
2008-01-14,47.65,47.47,47.79,47.09,168050000.0
2008-01-15,46.33,47.16,47.3,46.13,241790000.0
2008-01-16,45.84,45.97,46.69,45.25,265730000.0
2008-01-17,45.2,46.02,46.36,44.99,254460000.0
2008-01-18,45.14,45.43,45.93,44.55,273060000.0
2008-01-22,43.97,42.63,44.56,42.53,325730000.0
2008-01-23,43.81,42.34,43.94,41.42,390160000.0
2008-01-24,44.7,43.98,44.72,43.85,250250000.0
2008-01-25,43.79,45.65,45.66,43.74,199300000.0
2008-01-28,44.12,43.81,44.23,43.37,163710000.0
2008-01-29,44.2,44.35,44.47,43.83,138520000.0
2008-01-30,44.16,44.03,45.11,43.97,220820000.0
2008-01-31,44.92,43.67,45.38,43.62,246820000.0
2008-02-01,45.38,45.31,45.67,44.67,161920000.0
2008-02-04,44.74,45.37,45.4,44.73,100210000.0
2008-02-05,43.47,43.91,44.39,43.44,188990000.0
2008-02-06,42.61,43.72,43.96,42.57,178280000.0
2008-02-07,42.91,42.15,43.59,41.95,286340000.0
2008-02-08,43.4,42.98,43.57,42.74,173780000.0
2008-02-11,43.86,43.58,44.01,43.34,119560000.0
2008-02-12,43.62,44.12,44.47,43.31,145410000.0
2008-02-13,44.57,44.18,44.67,43.95,148690000.0
2008-02-14,43.77,44.63,44.64,43.69,170870000.0
2008-02-15,43.62,43.57,43.78,43.25,100050000.0
2008-02-19,43.54,44.18,44.29,43.07,110510000.0
2008-02-20,43.74,43.05,43.88,43.04,137340000.0
2008-02-21,43.32,44.15,44.26,43.14,127860000.0
2008-02-22,43.48,43.47,43.49,42.4,157360000.0
2008-02-25,43.7,43.42,43.86,43.14,121440000.0
2008-02-26,43.86,43.45,44.27,43.17,148380000.0
2008-02-27,44.08,43.57,44.25,43.47,125680000.0
2008-02-28,43.91,43.9,44.32,43.75,129200000.0
2008-02-29,42.75,43.45,43.57,42.65,188720000.0
2008-03-03,42.47,42.73,42.79,42.04,133640000.0
2008-03-04,42.71,42.21,42.84,41.82,183850000.0
2008-03-05,42.92,42.79,43.34,42.55,183210000.0
2008-03-06,41.97,42.89,43.07,41.9,152750000.0
2008-03-07,41.87,41.71,42.44,41.19,242550000.0
2008-03-10,41.07,41.81,41.94,40.98,146960000.0
2008-03-11,42.63,41.67,42.65,41.32,196890000.0
2008-03-12,42.51,42.82,43.24,42.4,155570000.0
2008-03-13,42.84,42.01,43.13,41.62,208990000.0
2008-03-14,42.05,43.16,43.18,41.55,309590000.0
2008-03-17,41.29,41.07,41.81,40.86,193130000.0
2008-03-18,43.13,42.04,43.14,41.91,216300000.0
2008-03-19,42.06,43.31,43.4,42.03,216160000.0
2008-03-20,42.89,42.15,42.9,41.9,128400000.0
2008-03-24,44.37,43.08,44.55,43.08,125080000.0
2008-03-25,44.62,44.47,44.86,44.07,118220000.0
2008-03-26,44.49,44.48,44.64,44.07,124820000.0
2008-03-27,43.51,44.23,44.3,43.51,143870000.0
2008-03-28,43.29,43.82,44.13,43.13,111840000.0
2008-03-31,43.52,43.45,43.81,43.25,113640000.0
2008-04-01,45.38,44.24,45.4,44.2,137490000.0
2008-04-02,45.28,45.48,45.81,44.96,132490000.0
2008-04-03,45.38,45.08,45.7,44.93,140030000.0
2008-04-04,45.65,45.57,46.13,45.19,139280000.0
2008-04-07,45.55,45.94,46.19,45.44,102610000.0
2008-04-08,45.2,45.2,45.51,44.97,97570000.0
2008-04-09,44.69,45.26,45.28,44.42,127260000.0
2008-04-10,45.33,44.72,45.63,44.72,112800000.0
2008-04-11,44.07,44.81,44.89,43.91,120140000.0
2008-04-14,43.87,44.0,44.27,43.75,89270000.0
2008-04-15,43.93,44.03,44.14,43.48,124230000.0
2008-04-16,45.16,44.48,45.27,44.44,134030000.0
2008-04-17,45.06,45.21,45.54,44.77,125060000.0
2008-04-18,46.49,46.29,46.71,46.0,133020000.0
2008-04-21,46.82,46.39,46.86,46.27,83300000.0
2008-04-22,46.12,46.51,46.55,45.72,104690000.0
2008-04-23,46.63,46.46,46.84,46.06,131090000.0
2008-04-24,47.05,46.65,47.57,46.17,166690000.0
2008-04-25,46.93,47.09,47.13,46.35,121950000.0
2008-04-28,47.02,47.03,47.4,46.91,71240000.0
2008-04-29,47.38,46.93,47.54,46.84,91270000.0
2008-04-30,46.99,47.47,47.84,46.81,132150000.0
2008-05-01,48.47,47.02,48.49,47.0,143600000.0
2008-05-02,48.54,48.96,48.96,48.11,124990000.0
2008-05-05,48.4,48.5,48.8,48.17,75620000.0
2008-05-06,48.7,48.26,48.9,47.92,139580000.0
2008-05-07,47.82,48.7,49.0,47.65,140010000.0
2008-05-08,48.17,48.02,48.47,47.84,128060000.0
2008-05-09,47.99,47.81,48.23,47.68,97060000.0
2008-05-12,48.86,48.06,48.96,47.98,89640000.0
2008-05-13,48.99,48.9,49.1,48.53,85450000.0
2008-05-14,48.88,49.19,49.7,48.81,143600000.0
2008-05-15,49.74,48.88,49.79,48.75,157250000.0
2008-05-16,49.78,49.86,49.88,49.22,146560000.0
2008-05-19,49.42,49.82,50.23,49.11,140180000.0
2008-05-20,49.04,49.22,49.24,48.66,137160000.0
2008-05-21,47.96,49.08,49.37,47.8,192810000.0
2008-05-22,48.12,48.08,48.46,47.89,153200000.0
2008-05-23,47.98,47.96,48.13,47.6,121710000.0
2008-05-27,48.85,48.09,48.88,48.07,106990000.0
2008-05-28,49.02,49.05,49.13,48.52,121370000.0
2008-05-29,49.46,49.04,49.74,49.02,143990000.0
2008-05-30,49.78,49.66,50.01,49.52,94160000.0
2008-06-02,49.17,49.69,49.69,48.73,144360000.0
2008-06-03,48.9,49.36,49.67,48.44,167680000.0
2008-06-04,49.53,48.74,49.87,48.71,174970000.0
2008-06-05,50.31,49.64,50.37,49.47,126650000.0
2008-06-06,48.8,49.88,49.98,48.79,189140000.0
2008-06-09,48.54,48.88,48.96,47.73,208900000.0
2008-06-10,48.31,48.06,48.71,47.94,162800000.0
2008-06-11,47.14,48.22,48.29,47.13,170370000.0
2008-06-12,47.2,47.49,47.89,46.78,189920000.0
2008-06-13,48.14,47.48,48.24,47.24,167850000.0
2008-06-16,48.57,47.9,48.79,47.85,136340000.0
2008-06-17,48.31,48.72,48.83,48.24,122950000.0
2008-06-18,47.8,48.04,48.22,47.61,169340000.0
2008-06-19,48.54,47.7,48.78,47.39,221370000.0
2008-06-20,47.2,48.11,48.12,46.99,197430000.0
2008-06-23,46.83,47.4,47.52,46.76,131550000.0
2008-06-24,46.59,46.61,47.15,46.19,178290000.0
2008-06-25,47.35,46.79,47.78,46.72,179020000.0
2008-06-26,45.44,46.48,46.48,45.43,190030000.0
2008-06-27,45.44,45.37,45.69,44.76,181350000.0
2008-06-30,44.96,45.32,45.62,44.94,132930000.0
2008-07-01,45.6,44.65,45.65,44.47,245490000.0
2008-07-02,44.5,45.75,45.92,44.43,199730000.0
2008-07-03,44.42,44.77,44.87,44.07,123120000.0
2008-07-07,44.69,44.84,45.25,44.03,181010000.0
2008-07-08,45.76,44.74,45.8,44.56,206260000.0
2008-07-09,44.54,45.75,45.82,44.52,168580000.0
2008-07-10,45.07,44.61,45.21,44.17,238810000.0
2008-07-11,44.35,44.6,45.06,43.65,265510000.0
2008-07-14,44.02,44.92,44.97,43.86,177390000.0
2008-07-15,44.03,43.81,44.72,43.1,283890000.0
2008-07-16,45.13,44.09,45.17,43.72,186050000.0
2008-07-17,45.43,45.35,45.61,44.77,197560000.0
2008-07-18,44.38,44.96,44.96,44.38,160660000.0
2008-07-21,44.57,44.79,44.98,44.28,128110000.0
2008-07-22,44.57,43.81,44.6,43.66,152520000.0
2008-07-23,45.16,44.63,45.68,44.51,169260000.0
2008-07-24,44.48,45.38,45.4,44.44,145560000.0
2008-07-25,45.06,44.77,45.27,44.55,111620000.0
2008-07-28,44.21,45.06,45.31,44.0,124030000.0
2008-07-29,45.13,44.42,45.33,44.36,142290000.0
2008-07-30,45.36,45.25,45.61,44.67,165680000.0
2008-07-31,45.25,44.9,45.94,44.81,180730000.0
2008-08-01,44.67,45.31,45.34,44.19,180380000.0
2008-08-04,44.22,44.66,44.71,44.09,116310000.0
2008-08-05,45.72,44.69,45.76,44.63,151730000.0
2008-08-06,46.41,45.72,46.59,45.37,133460000.0
2008-08-07,46.05,46.13,46.63,45.87,152810000.0
2008-08-08,47.1,46.03,47.22,45.94,143120000.0
2008-08-11,47.53,47.08,48.06,46.92,157290000.0
2008-08-12,47.55,47.54,47.94,47.29,140600000.0
2008-08-13,47.56,47.52,47.9,47.03,169660000.0
2008-08-14,48.03,47.32,48.23,47.27,158070000.0
2008-08-15,47.93,48.12,48.34,47.74,123120000.0
2008-08-18,47.38,48.07,48.08,47.04,151400000.0
2008-08-19,46.79,47.14,47.37,46.53,155420000.0
2008-08-20,46.87,47.14,47.34,46.52,155470000.0
2008-08-21,46.61,46.51,46.86,46.16,118920000.0
2008-08-22,47.27,46.9,47.46,46.86,96530000.0
2008-08-25,46.27,46.93,46.99,46.15,128080000.0
2008-08-26,46.21,46.29,46.55,45.91,107230000.0
2008-08-27,46.51,46.23,46.87,46.07,108490000.0
2008-08-28,46.89,46.7,47.06,46.61,112810000.0
2008-08-29,45.91,46.39,46.9,45.71,133270000.0
2008-09-02,45.34,46.64,46.86,45.13,162400000.0
2008-09-03,44.91,45.23,45.43,44.58,161680000.0
2008-09-04,43.46,44.64,44.7,43.46,219360000.0
2008-09-05,43.25,43.1,43.58,42.61,247980000.0
2008-09-08,43.17,43.83,44.01,42.48,311070000.0
2008-09-09,42.25,43.15,43.59,42.15,214180000.0
2008-09-10,42.6,42.67,42.98,42.25,160660000.0
2008-09-11,43.4,41.97,43.49,41.97,203440000.0
2008-09-12,43.23,43.03,43.51,42.7,172090000.0
2008-09-15,41.88,42.2,43.09,41.83,616800000.0
2008-09-16,42.21,41.28,42.64,41.24,349550000.0
2008-09-17,40.16,41.65,42.22,40.0,340090000.0
2008-09-18,41.38,40.93,41.77,39.32,423930000.0
2008-09-19,42.7,43.62,43.63,41.9,263400000.0
2008-09-22,40.69,42.55,42.64,40.61,164700000.0
2008-09-23,40.38,40.99,41.56,40.25,185950000.0
2008-09-24,40.66,40.66,41.07,40.33,159310000.0
2008-09-25,41.31,41.02,41.82,40.84,148590000.0
2008-09-26,40.89,40.11,41.3,40.03,182680000.0
2008-09-29,37.64,40.07,40.19,37.01,307950000.0
2008-09-30,38.73,37.56,39.12,37.42,195510000.0
2008-10-01,38.32,38.65,38.79,37.85,174120000.0
2008-10-02,36.58,38.07,38.07,36.47,192190000.0
2008-10-03,36.01,37.09,38.0,35.93,272140000.0
2008-10-06,34.7,35.1,35.36,32.76,394160000.0
2008-10-07,32.5,34.98,35.04,32.12,329540000.0
2008-10-08,32.24,31.8,33.96,31.69,452570000.0
2008-10-09,31.37,33.0,33.52,30.83,352620000.0
2008-10-10,31.17,30.38,32.33,29.24,472450000.0
2008-10-13,34.97,32.71,35.09,32.25,277350000.0
2008-10-14,33.45,35.93,35.98,33.04,342310000.0
2008-10-15,30.46,33.08,33.19,30.4,312090000.0
2008-10-16,32.11,30.68,32.12,29.11,494910000.0
2008-10-17,32.15,31.47,33.49,31.26,326590000.0
2008-10-20,33.05,32.64,33.11,31.55,232780000.0
2008-10-21,31.33,32.51,33.1,31.33,239930000.0
2008-10-22,30.47,31.24,31.45,29.57,289990000.0
2008-10-23,30.35,30.32,30.95,28.77,377970000.0
2008-10-24,29.37,28.0,30.11,27.96,322130000.0
2008-10-27,28.56,29.0,30.06,28.53,239490000.0
2008-10-28,31.71,29.54,31.73,28.72,327370000.0
2008-10-29,31.63,31.8,32.93,31.1,341390000.0
2008-10-30,32.69,32.52,32.91,31.83,255290000.0
2008-10-31,32.74,32.21,33.27,31.94,224280000.0
2008-11-03,32.67,32.66,33.14,32.36,128500000.0
2008-11-04,33.59,33.33,33.85,32.83,182530000.0
2008-11-05,31.84,33.33,33.44,31.77,184150000.0
2008-11-06,30.42,31.35,31.72,30.26,220780000.0
2008-11-07,31.04,30.78,31.33,30.45,176980000.0
2008-11-10,30.63,31.79,31.82,30.26,142740000.0
2008-11-11,29.96,30.33,30.62,29.58,162920000.0
2008-11-12,28.58,29.51,29.66,28.52,184940000.0
2008-11-13,30.32,28.5,30.39,27.15,318270000.0
2008-11-14,28.85,29.66,30.28,28.74,259410000.0
2008-11-17,28.24,28.36,29.09,28.13,202890000.0
2008-11-18,28.21,28.43,28.62,27.26,252790000.0
2008-11-19,26.73,28.27,28.65,26.67,244290000.0
2008-11-20,25.44,26.42,27.32,25.35,342470000.0
2008-11-21,26.55,25.84,26.56,24.93,282770000.0
2008-11-24,28.17,27.09,28.51,26.85,225210000.0
2008-11-25,28.04,28.49,28.51,27.39,203050000.0
2008-11-26,29.21,27.75,29.22,27.68,165060000.0
2008-11-28,28.98,28.9,29.05,28.7,41240000.0
2008-12-01,26.8,28.37,28.38,26.76,149330000.0
2008-12-02,27.7,27.15,27.76,26.72,181780000.0
2008-12-03,28.49,27.0,28.58,26.94,231010000.0
2008-12-04,27.68,28.02,28.65,27.19,188920000.0
2008-12-05,28.81,27.37,28.93,26.82,212310000.0
2008-12-08,29.94,29.41,30.32,29.3,185850000.0
2008-12-09,29.87,29.54,30.69,29.43,178390000.0
2008-12-10,29.77,29.95,30.32,29.48,162460000.0
2008-12-11,28.95,29.66,30.13,28.81,167450000.0
2008-12-12,29.54,28.56,29.72,28.34,158610000.0
2008-12-15,29.02,29.59,29.62,28.61,107940000.0
2008-12-16,30.42,29.28,30.52,28.96,172050000.0
2008-12-17,30.05,30.09,30.46,29.68,159970000.0
2008-12-18,29.52,30.05,30.26,29.22,142770000.0
2008-12-19,29.72,29.84,30.23,29.52,118330000.0
2008-12-22,29.07,29.72,29.78,28.61,95420000.0
2008-12-23,28.92,29.14,29.48,28.76,68800000.0
2008-12-24,29.0,29.06,29.07,28.85,27210000.0
2008-12-26,28.99,29.05,29.09,28.84,20950000.0
2008-12-29,28.76,29.09,29.1,28.33,52740000.0
2008-12-30,29.35,28.85,29.45,28.81,77130000.0
2008-12-31,29.6,29.34,29.94,29.31,89220000.0
2009-01-02,30.89,29.63,30.99,29.55,107920000.0
2009-01-05,30.88,30.68,31.18,30.45,91820000.0
2009-01-06,31.18,31.13,31.48,30.97,136820000.0
2009-01-07,30.3,30.67,30.76,30.05,134060000.0
2009-01-08,30.62,30.2,30.66,29.94,131930000.0
2009-01-09,29.93,30.65,30.65,29.78,117170000.0
2009-01-12,29.38,29.98,30.01,29.06,102780000.0
2009-01-13,29.39,29.38,29.84,29.04,186390000.0
2009-01-14,28.5,29.03,29.14,28.34,137100000.0
2009-01-15,28.96,28.42,29.2,27.94,192790000.0
2009-01-16,29.28,29.39,29.46,28.57,175490000.0
2009-01-20,27.83,29.15,29.29,27.83,135250000.0
2009-01-21,29.01,28.3,29.05,27.97,149240000.0
2009-01-22,28.63,28.39,29.09,28.13,200600000.0
2009-01-23,28.77,28.18,29.21,28.01,170160000.0
2009-01-26,28.97,28.83,29.45,28.62,140480000.0
2009-01-27,29.18,29.0,29.43,28.98,110910000.0
2009-01-28,30.21,29.69,30.51,29.67,139800000.0
2009-01-29,29.44,29.83,30.26,29.34,130770000.0
2009-01-30,28.92,29.68,29.79,28.81,140360000.0
2009-02-02,29.27,28.64,29.47,28.61,126880000.0
2009-02-03,29.73,29.32,30.29,28.89,120610000.0
2009-02-04,29.77,29.79,30.72,29.65,175780000.0
2009-02-05,30.43,29.33,30.63,29.32,217570000.0
2009-02-06,31.22,30.57,31.36,30.44,164510000.0
2009-02-09,31.35,31.24,31.52,31.04,98850000.0
2009-02-10,30.2,31.15,31.53,29.96,232790000.0
2009-02-11,30.06,30.2,30.39,29.59,169170000.0
2009-02-12,30.43,29.69,30.47,29.5,201150000.0
2009-02-13,30.29,30.32,30.64,30.15,145060000.0
2009-02-17,29.08,29.33,29.53,28.92,157780000.0
2009-02-18,29.1,29.27,29.53,28.74,161270000.0
2009-02-19,28.66,29.29,29.47,28.59,155320000.0
2009-02-20,28.74,28.33,29.01,28.26,210750000.0
2009-02-23,27.73,28.89,28.91,27.6,169470000.0
2009-02-24,28.65,27.87,28.85,27.83,181340000.0
2009-02-25,28.46,28.49,29.03,28.01,220220000.0
2009-02-26,27.66,28.65,28.82,27.57,211280000.0
2009-02-27,27.4,27.36,27.85,27.26,204490000.0
2009-03-02,26.52,26.99,27.38,26.35,188180000.0
2009-03-03,26.5,26.72,27.03,26.3,158740000.0
2009-03-04,27.2,26.88,27.58,26.79,164910000.0
2009-03-05,26.39,26.9,27.11,26.3,199620000.0
2009-03-06,26.18,26.51,26.69,25.59,218420000.0
2009-03-09,25.62,25.93,26.69,25.51,181150000.0
2009-03-10,27.2,26.14,27.26,26.04,175070000.0
2009-03-11,27.62,27.5,27.86,27.13,173150000.0
2009-03-12,28.54,27.59,28.63,27.31,184510000.0
2009-03-13,28.61,28.55,28.71,28.19,156780000.0
2009-03-16,28.13,28.77,28.85,28.06,190330000.0
2009-03-17,29.19,28.28,29.19,28.17,169850000.0
2009-03-18,29.56,29.09,30.06,28.94,208150000.0
2009-03-19,29.54,29.98,29.99,29.32,146770000.0
2009-03-20,29.04,29.52,29.89,28.85,149440000.0
2009-03-23,30.76,29.72,30.8,29.06,179640000.0
2009-03-24,30.19,30.51,30.74,30.17,120850000.0
2009-03-25,30.33,30.44,30.91,29.52,190600000.0
2009-03-26,31.26,30.74,31.31,30.28,182460000.0
2009-03-27,30.68,30.93,31.03,30.57,156110000.0
2009-03-30,29.92,30.15,30.18,29.48,162920000.0
2009-03-31,30.18,30.17,30.81,30.13,150240000.0
2009-04-01,30.63,29.8,30.74,29.65,137950000.0
2009-04-02,31.61,31.19,32.12,31.08,212270000.0
2009-04-03,32.2,31.9,32.25,31.68,134580000.0
2009-04-06,32.12,31.82,32.18,31.5,160410000.0
2009-04-07,31.27,31.75,31.77,31.06,147530000.0
2009-04-08,31.8,31.57,32.0,31.34,126130000.0
2009-04-09,32.79,32.38,32.86,32.28,131870000.0
2009-04-13,32.74,32.65,32.92,32.38,119310000.0
2009-04-14,32.34,32.54,32.73,32.12,124070000.0
2009-04-15,32.25,32.09,32.28,31.7,124810000.0
2009-04-16,33.09,32.68,33.27,32.36,171170000.0
2009-04-17,33.15,33.01,33.34,32.78,129840000.0
2009-04-20,32.09,32.55,32.67,31.91,123080000.0
2009-04-21,32.54,31.94,32.59,31.93,145490000.0
2009-04-22,32.64,32.35,33.37,32.24,165040000.0
2009-04-23,32.96,32.86,32.99,32.34,181850000.0
2009-04-24,33.53,33.19,33.77,32.92,141170000.0
2009-04-27,33.57,33.26,33.9,33.19,120750000.0
2009-04-28,33.32,33.36,33.75,33.2,108970000.0
2009-04-29,33.78,33.59,34.24,33.48,141410000.0
2009-04-30,34.12,34.21,34.74,33.88,144120000.0
2009-05-01,34.21,34.12,34.38,33.85,100110000.0
2009-05-04,34.89,34.51,34.93,34.36,119320000.0
2009-05-05,34.86,34.83,34.9,34.47,113640000.0
2009-05-06,34.87,35.16,35.18,34.3,178840000.0
2009-05-07,34.05,35.09,35.11,33.72,216480000.0
2009-05-08,34.07,34.19,34.58,33.72,183510000.0
2009-05-11,34.19,33.62,34.56,33.52,142780000.0
2009-05-12,33.77,34.26,34.32,33.36,147840000.0
2009-05-13,32.87,33.47,33.49,32.81,175550000.0
2009-05-14,33.23,32.95,33.54,32.93,140020000.0
2009-05-15,33.21,33.2,33.66,33.08,121330000.0
2009-05-18,34.08,33.43,34.12,33.23,114330000.0
2009-05-19,34.24,33.98,34.58,33.79,129090000.0
2009-05-20,34.12,34.38,34.88,34.02,131870000.0
2009-05-21,33.49,33.86,34.1,33.15,139250000.0
2009-05-22,33.38,33.62,33.81,33.16,83520000.0
2009-05-26,34.63,33.04,34.67,33.03,144860000.0
2009-05-27,34.39,34.52,35.03,34.27,121390000.0
2009-05-28,34.79,34.61,34.91,34.05,118930000.0
2009-05-29,35.22,34.82,35.33,34.6,111540000.0
2009-06-01,36.22,35.56,36.33,35.44,119190000.0
2009-06-02,36.27,36.02,36.62,35.94,126860000.0
2009-06-03,36.16,36.11,36.2,35.76,93330000.0
2009-06-04,36.57,36.23,36.62,36.17,89280000.0
2009-06-05,36.61,36.79,36.91,36.25,121960000.0
2009-06-08,36.5,36.36,36.78,35.95,89190000.0
2009-06-09,36.78,36.67,37.0,36.5,109190000.0
2009-06-10,36.65,37.0,37.01,36.12,133400000.0
2009-06-11,36.65,36.59,37.06,36.58,147910000.0
2009-06-12,36.48,36.5,36.55,36.03,109450000.0
2009-06-15,35.73,36.11,36.16,35.41,112150000.0
2009-06-16,35.38,35.89,36.02,35.35,110550000.0
2009-06-17,35.72,35.5,36.04,35.28,153420000.0
2009-06-18,35.65,35.66,35.89,35.4,126270000.0
2009-06-19,35.99,35.87,36.19,35.74,122050000.0
2009-06-22,34.92,35.63,35.72,34.86,137710000.0
2009-06-23,34.84,35.04,35.1,34.61,114900000.0
2009-06-24,35.42,35.14,35.7,35.12,103310000.0
2009-06-25,36.12,35.22,36.19,35.12,112540000.0
2009-06-26,36.2,35.96,36.33,35.88,87680000.0
2009-06-29,36.28,36.27,36.58,35.95,93820000.0
2009-06-30,36.21,36.38,36.56,35.94,97840000.0
2009-07-01,36.23,36.37,36.67,36.22,85980000.0
2009-07-02,35.43,35.92,35.93,35.33,113310000.0
2009-07-03,35.59,35.59,35.59,35.59,
2009-07-06,35.25,35.22,35.37,34.88,107630000.0
2009-07-07,34.37,35.26,35.32,34.35,149770000.0
2009-07-08,34.55,34.57,34.71,34.14,152780000.0
2009-07-09,34.61,34.68,34.85,34.49,97850000.0
2009-07-10,34.76,34.5,34.98,34.4,108480000.0
2009-07-13,35.42,34.79,35.43,34.32,127140000.0
2009-07-14,35.55,35.35,35.62,35.24,115630000.0
2009-07-15,36.75,36.14,36.76,35.97,160870000.0
2009-07-16,37.19,36.57,37.27,36.55,119840000.0
2009-07-17,37.39,37.19,37.4,37.0,104910000.0
2009-07-20,37.74,37.57,37.82,37.43,97170000.0
2009-07-21,38.0,37.89,38.0,37.46,130590000.0
2009-07-22,38.32,38.02,38.51,37.95,113810000.0
2009-07-23,39.17,38.27,39.31,38.21,160570000.0
2009-07-24,38.87,38.75,39.19,38.6,109310000.0
2009-07-27,39.17,39.11,39.23,38.69,94720000.0
2009-07-28,38.9,39.0,39.41,38.75,111560000.0
2009-07-29,39.16,39.14,39.25,38.82,126540000.0
2009-07-30,39.39,39.55,39.99,39.33,108970000.0
2009-07-31,39.27,39.38,39.67,39.23,78210000.0
2009-08-03,39.85,39.66,39.87,39.46,111720000.0
2009-08-04,39.85,39.67,40.0,39.58,100690000.0
2009-08-05,39.54,39.94,39.95,39.28,118090000.0
2009-08-06,39.2,39.6,39.74,39.06,116940000.0
2009-08-07,39.69,39.72,39.88,39.41,107510000.0
2009-08-10,39.42,39.54,39.66,39.16,87160000.0
2009-08-11,39.08,39.24,39.32,38.87,91920000.0
2009-08-12,39.68,39.03,40.03,39.02,147240000.0
2009-08-13,39.9,39.91,39.97,39.46,110110000.0
2009-08-14,39.45,39.7,39.77,39.1,124480000.0
2009-08-17,38.3,38.79,38.83,38.28,131800000.0
2009-08-18,38.85,38.54,39.79,38.43,84610000.0
2009-08-19,39.12,38.41,39.22,38.36,88040000.0
2009-08-20,39.57,39.1,39.65,39.02,81470000.0
2009-08-21,40.1,39.82,40.17,39.55,114660000.0
2009-08-24,40.06,40.17,40.38,39.91,109900000.0
2009-08-25,40.18,40.15,40.57,40.06,92900000.0
2009-08-26,40.11,40.1,40.41,39.89,96410000.0
2009-08-27,40.21,40.13,40.28,39.49,121960000.0
2009-08-28,40.25,40.7,40.89,39.97,114310000.0
2009-08-31,39.84,39.97,40.01,39.6,96420000.0
2009-09-01,39.1,39.68,40.4,38.98,162960000.0
2009-09-02,39.07,38.91,39.29,38.86,92760000.0
2009-09-03,39.33,39.26,39.39,38.84,76780000.0
2009-09-04,40.17,39.4,40.19,39.34,74870000.0
2009-09-08,40.55,40.46,40.59,40.27,71020000.0
2009-09-09,40.9,40.57,41.1,40.4,99290000.0
2009-09-10,41.29,40.92,41.34,40.81,99290000.0
2009-09-11,41.33,41.31,41.43,41.03,93870000.0
2009-09-14,41.49,41.04,41.52,41.02,90560000.0
2009-09-15,41.62,41.47,41.75,41.38,91590000.0
2009-09-16,42.22,41.78,42.28,41.65,96890000.0
2009-09-17,42.21,42.12,42.46,42.01,102170000.0
2009-09-18,42.24,42.36,42.42,42.01,87450000.0
2009-09-21,42.37,42.02,42.5,41.96,71350000.0
2009-09-22,42.45,42.62,42.63,42.24,75640000.0
2009-09-23,42.25,42.63,42.97,42.18,143920000.0
2009-09-24,41.87,42.41,42.49,41.58,111020000.0
2009-09-25,41.51,41.59,41.89,41.39,109220000.0
2009-09-28,42.21,41.72,42.46,41.69,84480000.0
2009-09-29,42.02,42.21,42.42,41.83,106690000.0
2009-09-30,42.05,42.19,42.4,41.41,173100000.0
2009-10-01,40.81,41.91,41.93,40.81,140120000.0
2009-10-02,40.69,40.53,41.06,40.53,145290000.0
2009-10-05,41.02,40.9,41.21,40.64,97050000.0
2009-10-06,41.74,41.24,41.94,41.03,124630000.0
2009-10-07,41.86,41.68,41.88,41.58,93790000.0
2009-10-08,42.04,42.11,42.42,41.94,107850000.0
2009-10-09,42.28,41.95,42.35,41.86,62830000.0
2009-10-12,42.37,42.43,42.67,42.08,53220000.0
2009-10-13,42.38,42.34,42.55,42.17,70940000.0
2009-10-14,42.96,42.9,43.09,42.65,91000000.0
2009-10-15,42.86,42.73,42.92,42.67,85770000.0
2009-10-16,42.58,42.72,42.79,42.28,111860000.0
2009-10-19,43.01,42.61,43.07,42.39,83510000.0
2009-10-20,43.02,43.25,43.26,42.74,89850000.0
2009-10-21,42.94,43.0,43.62,42.86,110400000.0
2009-10-22,43.11,42.87,43.29,42.59,85870000.0
2009-10-23,42.93,43.49,43.53,42.82,117030000.0
2009-10-26,42.79,42.97,43.56,42.59,107070000.0
2009-10-27,42.14,42.75,42.91,41.98,121440000.0
2009-10-28,41.2,41.99,42.12,41.11,143550000.0
2009-10-29,41.89,41.49,41.99,41.35,85210000.0
2009-10-30,40.77,41.86,41.95,40.73,162800000.0
2009-11-02,40.94,40.82,41.38,40.45,142520000.0
2009-11-03,41.07,40.78,41.13,40.65,95110000.0
2009-11-04,41.14,41.32,41.67,41.09,107970000.0
2009-11-05,42.15,41.62,42.2,41.59,135200000.0
2009-11-06,42.4,41.96,42.45,41.88,96310000.0
2009-11-09,43.31,42.72,43.32,42.68,101620000.0
2009-11-10,43.42,43.25,43.57,43.2,72850000.0
2009-11-11,43.7,43.74,43.93,43.41,84680000.0
2009-11-12,43.45,43.72,43.95,43.35,92430000.0
2009-11-13,43.81,43.58,43.93,43.43,87960000.0
2009-11-16,44.25,43.98,44.44,43.91,87780000.0
2009-11-17,44.39,44.13,44.39,44.04,81880000.0
2009-11-18,44.15,44.26,44.28,43.84,100240000.0
2009-11-19,43.46,43.85,43.87,43.15,114560000.0
2009-11-20,43.24,43.21,43.35,43.08,70910000.0
2009-11-23,43.93,43.67,44.19,43.66,91620000.0
2009-11-24,43.79,43.93,43.94,43.53,60670000.0
2009-11-25,43.97,43.93,44.01,43.81,37630000.0
2009-11-27,43.31,42.8,43.63,42.7,61230000.0
2009-11-30,43.36,43.21,43.42,42.91,84820000.0
2009-12-01,43.81,43.68,44.09,43.68,81820000.0
2009-12-02,43.86,43.95,44.28,43.78,81650000.0
2009-12-03,43.69,44.03,44.29,43.68,72460000.0
2009-12-04,43.91,44.24,44.52,43.46,125060000.0
2009-12-07,43.71,43.87,44.08,43.62,67470000.0
2009-12-08,43.44,43.48,43.8,43.16,86620000.0
2009-12-09,43.87,43.41,43.91,43.12,78820000.0
2009-12-10,44.09,44.04,44.33,44.03,76720000.0
2009-12-11,43.92,44.31,44.38,43.75,66640000.0
2009-12-14,44.34,44.22,44.39,43.98,47970000.0
2009-12-15,44.09,44.2,44.46,43.96,61170000.0
2009-12-16,44.15,44.26,44.49,44.08,61630000.0
2009-12-17,43.62,43.96,44.0,43.56,90440000.0
2009-12-18,44.25,43.93,44.27,43.8,96440000.0
2009-12-21,44.75,44.46,44.92,44.46,82380000.0
2009-12-22,45.02,44.87,45.08,44.82,51570000.0
2009-12-23,45.35,45.13,45.36,45.0,73930000.0
2009-12-24,45.77,45.4,45.77,45.39,31770000.0
2009-12-28,46.0,45.87,46.08,45.73,49380000.0
2009-12-29,45.82,46.0,46.03,45.78,32410000.0
2009-12-30,45.95,45.79,46.04,45.75,57610000.0
2009-12-31,45.54,46.03,46.06,45.54,50080000.0
2010-01-04,46.2,46.1,46.27,46.05,62820000.0
2010-01-05,46.2,46.16,46.28,45.94,62940000.0
2010-01-06,45.93,46.17,46.33,45.86,96030000.0
2010-01-07,45.95,45.98,46.05,45.71,77090000.0
2010-01-08,46.33,45.83,46.33,45.72,88890000.0
2010-01-11,46.14,46.38,46.42,45.91,104670000.0
2010-01-12,45.57,45.87,45.93,45.32,90670000.0
2010-01-13,46.13,45.72,46.27,45.4,100660000.0
2010-01-14,46.17,46.04,46.3,46.0,75810000.0
2010-01-15,45.64,46.24,46.33,45.44,126870000.0
2010-01-19,46.37,45.75,46.42,45.74,84390000.0
2010-01-20,45.71,46.05,46.39,45.22,145680000.0
2010-01-21,45.28,45.85,46.13,45.09,204940000.0
2010-01-22,43.95,45.13,45.27,43.83,171100000.0
2010-01-25,44.1,44.18,44.39,43.91,154220000.0
2010-01-26,44.14,44.07,44.68,43.84,140820000.0
2010-01-27,44.49,44.08,44.64,43.81,161630000.0
2010-01-28,43.35,44.19,44.22,43.12,221440000.0
2010-01-29,42.59,43.7,43.81,42.43,212130000.0
2010-02-01,43.06,42.71,43.08,42.68,136830000.0
2010-02-02,43.45,43.11,43.58,42.83,110730000.0
2010-02-03,43.69,43.25,43.77,43.22,93580000.0
2010-02-04,42.42,43.38,43.46,42.42,151650000.0
2010-02-05,42.78,42.55,42.82,41.92,213620000.0
2010-02-08,42.47,42.72,42.98,42.44,94350000.0
2010-02-09,42.91,42.97,43.31,42.56,118960000.0
2010-02-10,42.82,42.9,43.11,42.55,94100000.0
2010-02-11,43.47,42.81,43.59,42.56,93050000.0
2010-02-12,43.56,43.07,43.68,42.96,93940000.0
2010-02-16,44.11,43.87,44.14,43.65,83860000.0
2010-02-17,44.36,44.29,44.36,44.05,82690000.0
2010-02-18,44.64,44.33,44.72,44.24,65750000.0
2010-02-19,44.62,44.55,44.84,44.41,80420000.0
2010-02-22,44.53,44.8,44.82,44.35,72050000.0
2010-02-23,43.95,44.48,44.53,43.75,95810000.0
2010-02-24,44.4,44.2,44.58,44.11,86590000.0
2010-02-25,44.39,43.9,44.49,43.63,97960000.0
2010-02-26,44.55,44.39,44.65,44.19,66220000.0
2010-03-01,45.2,44.74,45.28,44.74,77290000.0
2010-03-02,45.34,45.33,45.64,45.24,76370000.0
2010-03-03,45.39,45.46,45.61,45.22,65740000.0
2010-03-04,45.54,45.43,45.6,45.19,54470000.0
2010-03-05,46.22,45.89,46.32,45.78,68140000.0
2010-03-08,46.31,46.24,46.42,46.22,58710000.0
2010-03-09,46.57,46.18,46.83,46.18,98000000.0
2010-03-10,46.95,46.58,47.06,46.58,102580000.0
2010-03-11,47.13,46.85,47.13,46.76,67510000.0
2010-03-12,47.14,47.28,47.31,46.88,64070000.0
2010-03-15,47.02,47.04,47.16,46.69,60150000.0
2010-03-16,47.32,47.17,47.39,47.01,74950000.0
2010-03-17,47.45,47.38,47.68,47.31,75640000.0
2010-03-18,47.61,47.5,47.66,47.38,77830000.0
2010-03-19,47.27,47.73,47.73,47.1,86340000.0
2010-03-22,47.7,47.09,47.89,47.03,71900000.0
2010-03-23,48.03,47.78,48.08,47.55,59180000.0
2010-03-24,47.8,47.92,47.95,47.69,63030000.0
2010-03-25,47.73,48.19,48.37,47.68,76350000.0
2010-03-26,47.78,47.92,48.1,47.52,78070000.0
2010-03-29,48.01,48.01,48.17,47.88,57990000.0
2010-03-30,48.16,48.13,48.32,47.84,49460000.0
2010-03-31,47.94,48.01,48.22,47.85,59950000.0
2010-04-01,47.94,48.11,48.47,47.57,83730000.0
2010-04-05,48.38,48.04,48.49,47.92,56220000.0
2010-04-06,48.52,48.26,48.67,48.16,54100000.0
2010-04-07,48.4,48.46,48.64,48.14,77210000.0
2010-04-08,48.51,48.28,48.59,48.02,68320000.0
2010-04-09,48.8,48.54,48.82,48.41,54230000.0
2010-04-12,48.84,48.82,48.97,48.71,44280000.0
2010-04-13,49.09,48.79,49.12,48.63,59380000.0
2010-04-14,49.68,49.34,49.69,49.27,69000000.0
2010-04-15,49.9,49.65,49.96,49.64,72250000.0
2010-04-16,49.3,49.72,49.89,48.97,127390000.0
2010-04-19,49.27,49.13,49.43,48.67,98250000.0
2010-04-20,49.52,49.52,49.65,49.2,69540000.0
2010-04-21,49.8,49.86,49.96,49.49,74750000.0
2010-04-22,50.08,49.34,50.13,49.03,110480000.0
2010-04-23,50.28,50.06,50.33,49.86,77210000.0
2010-04-26,50.18,50.29,50.41,50.07,67360000.0
2010-04-27,49.11,49.99,50.2,48.98,112610000.0
2010-04-28,49.14,49.37,49.4,48.75,130080000.0
2010-04-29,50.0,49.38,50.1,49.38,84180000.0
2010-04-30,49.01,49.98,50.06,48.97,110900000.0
2010-05-03,49.7,49.2,49.94,49.2,74170000.0
2010-05-04,48.2,49.08,49.09,47.86,141140000.0
2010-05-05,47.96,47.76,48.27,47.42,128560000.0
2010-05-06,46.35,47.63,48.1,41.36,274360000.0
2010-05-07,45.2,46.0,46.58,44.08,288200000.0
2010-05-10,47.55,47.2,47.58,47.09,136040000.0
2010-05-11,47.5,47.09,48.16,46.98,113200000.0
2010-05-12,48.39,47.76,48.43,47.68,85460000.0
2010-05-13,47.63,48.2,48.56,47.51,102840000.0
2010-05-14,46.71,47.27,47.3,46.16,147390000.0
2010-05-17,46.86,46.82,47.05,45.86,120970000.0
2010-05-18,46.21,47.25,47.36,46.0,153070000.0
2010-05-19,45.85,46.04,46.41,45.34,159000000.0
2010-05-20,44.14,44.96,45.07,44.04,189290000.0
2010-05-21,44.63,43.44,45.43,43.29,190630000.0
2010-05-24,44.45,44.6,45.11,44.43,113390000.0
2010-05-25,44.49,43.47,44.55,43.03,155640000.0
2010-05-26,43.99,44.72,45.36,43.91,140200000.0
2010-05-27,45.66,45.01,45.68,44.88,110740000.0
2010-05-28,45.39,45.73,45.78,44.99,128540000.0
2010-06-01,44.97,45.24,46.03,44.92,104240000.0
2010-06-02,46.03,45.24,46.06,44.92,97250000.0
2010-06-03,46.47,46.14,46.55,45.87,98930000.0
2010-06-04,44.88,45.5,46.07,44.73,112850000.0
2010-06-07,44.06,45.13,45.25,44.01,88440000.0
2010-06-08,43.98,44.16,44.27,43.39,133990000.0
2010-06-09,43.62,44.27,44.7,43.49,102080000.0
2010-06-10,44.86,44.18,44.91,44.03,76890000.0
2010-06-11,45.29,44.42,45.33,44.4,74350000.0
2010-06-14,45.28,45.7,46.02,45.2,68080000.0
2010-06-15,46.49,45.5,46.55,45.24,76330000.0
2010-06-16,46.68,46.36,46.92,46.28,78400000.0
2010-06-17,46.83,46.94,46.96,46.42,77110000.0
2010-06-18,46.78,46.84,47.12,46.64,75920000.0
2010-06-21,46.38,47.38,47.46,46.11,95490000.0
2010-06-22,46.02,46.57,46.92,45.94,94490000.0
2010-06-23,45.84,46.07,46.25,45.48,92400000.0
2010-06-24,45.14,45.63,45.78,44.99,114710000.0
2010-06-25,45.06,45.3,45.45,44.74,89040000.0
2010-06-28,44.9,45.08,45.34,44.6,71380000.0
2010-06-29,43.17,44.21,44.25,42.87,136380000.0
2010-06-30,42.51,43.03,43.47,42.44,101310000.0
2010-07-01,42.39,42.62,42.76,41.58,158690000.0
2010-07-02,42.27,42.47,42.62,41.89,78570000.0
2010-07-06,42.4,42.89,43.17,42.05,88590000.0
2010-07-07,43.76,42.54,43.81,42.5,72450000.0
2010-07-08,43.99,44.1,44.17,43.48,78260000.0
2010-07-09,44.41,43.97,44.42,43.87,47860000.0
2010-07-12,44.54,44.37,44.82,44.25,60930000.0
2010-07-13,45.12,44.92,45.29,44.59,93310000.0
2010-07-14,45.35,45.21,45.6,45.03,87690000.0
2010-07-15,45.39,45.25,45.53,44.78,95990000.0
2010-07-16,44.13,45.23,45.42,44.09,98830000.0
2010-07-19,44.51,44.27,44.6,43.89,81800000.0
2010-07-20,45.05,43.79,45.05,43.66,89060000.0
2010-07-21,44.43,45.54,45.55,44.35,83580000.0
2010-07-22,45.56,45.05,45.77,45.03,82890000.0
2010-07-23,45.85,45.25,45.89,45.17,81060000.0
2010-07-26,46.22,45.91,46.24,45.7,64850000.0
2010-07-27,46.2,46.47,46.5,45.99,67660000.0
2010-07-28,45.84,46.16,46.36,45.67,51990000.0
2010-07-29,45.5,46.08,46.19,45.04,85690000.0
2010-07-30,45.6,45.15,45.88,44.86,98960000.0
2010-08-02,46.45,46.16,46.57,45.99,68710000.0
2010-08-03,46.25,46.41,46.48,46.03,60860000.0
2010-08-04,46.72,46.47,46.77,46.28,43820000.0
2010-08-05,46.61,46.5,46.7,46.3,39150000.0
2010-08-06,46.54,46.1,46.63,45.84,71340000.0
2010-08-09,46.86,46.79,46.97,46.57,26940000.0
2010-08-10,46.46,46.5,46.73,46.06,86690000.0
2010-08-11,45.19,45.7,45.71,45.0,92220000.0
2010-08-12,44.83,44.35,45.03,44.24,66000000.0
2010-08-13,44.51,44.66,44.85,44.5,46390000.0
2010-08-16,44.59,44.27,44.9,44.09,55470000.0
2010-08-17,45.16,44.9,45.57,44.82,56930000.0
2010-08-18,45.34,45.08,45.61,44.9,61840000.0
2010-08-19,44.65,45.08,45.25,44.35,82970000.0
2010-08-20,44.71,44.58,44.82,44.33,66810000.0
2010-08-23,44.27,45.04,45.13,44.25,69610000.0
2010-08-24,43.45,43.81,43.91,43.26,79100000.0
2010-08-25,43.86,43.15,44.05,43.07,87350000.0
2010-08-26,43.34,44.03,44.11,43.3,91220000.0
2010-08-27,43.86,43.66,43.95,42.77,109600000.0
2010-08-30,43.41,43.67,44.04,43.4,49370000.0
2010-08-31,43.26,43.19,43.65,42.98,72070000.0
2010-09-01,44.55,43.89,44.7,43.86,83520000.0
2010-09-02,45.05,44.63,45.07,44.52,41820000.0
2010-09-03,45.8,45.52,45.81,45.34,64040000.0
2010-09-07,45.49,45.61,45.82,45.41,51200000.0
2010-09-08,46.03,45.63,46.23,45.61,66880000.0
2010-09-09,46.21,46.45,46.48,46.1,61480000.0
2010-09-10,46.38,46.27,46.45,46.03,67000000.0
2010-09-13,47.03,46.73,47.15,46.72,64520000.0
2010-09-14,47.23,46.95,47.48,46.86,91410000.0
2010-09-15,47.53,47.13,47.58,46.97,67110000.0
2010-09-16,47.72,47.46,47.76,47.32,66890000.0
2010-09-17,47.77,47.92,47.92,47.53,76370000.0
2010-09-20,48.6,47.96,48.7,47.89,84540000.0
2010-09-21,48.59,48.61,48.94,48.38,82350000.0
2010-09-22,48.46,48.38,48.79,48.19,88320000.0
2010-09-23,48.44,48.16,48.93,48.09,85040000.0
2010-09-24,49.43,48.99,49.46,48.92,79500000.0
2010-09-27,49.16,49.42,49.52,49.12,43880000.0
2010-09-28,49.14,49.28,49.31,48.36,104920000.0
2010-09-29,49.06,49.07,49.3,48.88,81680000.0
2010-09-30,48.84,49.31,49.61,48.52,122460000.0
2010-10-01,48.78,49.23,49.3,48.55,77680000.0
2010-10-04,48.25,48.63,48.82,47.98,71360000.0
2010-10-05,49.43,48.8,49.53,48.77,99300000.0
2010-10-06,49.0,49.36,49.48,48.68,81830000.0
2010-10-07,49.18,49.29,49.31,48.77,75690000.0
2010-10-08,49.52,49.22,49.64,48.85,83220000.0
2010-10-11,49.54,49.55,49.79,49.39,46880000.0
2010-10-12,49.88,49.46,49.98,49.03,88570000.0
2010-10-13,50.28,50.17,50.51,50.05,71120000.0
2010-10-14,50.19,50.3,50.4,49.94,68460000.0
2010-10-15,51.25,50.8,51.26,50.39,104650000.0
2010-10-18,51.06,51.28,51.48,51.06,72510000.0
2010-10-19,50.58,50.57,51.06,50.19,105740000.0
2010-10-20,50.95,50.72,51.33,50.63,80860000.0
2010-10-21,51.05,51.27,51.47,50.55,85890000.0
2010-10-22,51.4,51.06,51.45,50.97,47410000.0
2010-10-25,51.65,51.61,51.99,51.61,51410000.0
2010-10-26,51.79,51.38,51.91,51.18,60500000.0
2010-10-27,51.95,51.53,51.99,51.42,57480000.0
2010-10-28,52.06,52.18,52.21,51.6,61220000.0
2010-10-29,51.94,52.05,52.25,51.93,46670000.0
2010-11-01,51.98,52.14,52.5,51.74,60560000.0
2010-11-02,52.53,52.41,52.68,52.33,48140000.0
2010-11-03,52.77,52.59,52.79,52.12,126230000.0
2010-11-04,53.42,53.38,53.61,53.25,84200000.0
2010-11-05,53.42,53.45,53.56,53.26,77940000.0
2010-11-08,53.49,53.32,53.58,53.2,39620000.0
2010-11-09,53.2,53.72,53.79,52.96,66970000.0
2010-11-10,53.46,53.28,53.52,52.85,83550000.0
2010-11-11,53.14,52.65,53.23,52.41,85160000.0
2010-11-12,52.27,52.85,53.12,51.87,99160000.0
2010-11-15,52.07,52.53,52.63,52.05,56720000.0
2010-11-16,51.21,51.69,52.0,50.61,101100000.0
2010-11-17,51.36,51.25,51.63,51.11,77840000.0
2010-11-18,52.19,51.91,52.54,51.89,71490000.0
2010-11-19,52.23,52.1,52.35,51.9,54510000.0
2010-11-22,52.66,52.01,52.66,51.93,69920000.0
2010-11-23,51.83,52.15,52.21,51.53,76900000.0
2010-11-24,52.87,52.34,53.0,52.32,53460000.0
2010-11-26,52.69,52.55,52.88,52.42,23640000.0
2010-11-29,52.48,52.45,52.65,51.86,89270000.0
2010-11-30,51.84,51.94,52.49,51.64,118860000.0
2010-12-01,52.94,52.62,53.21,52.59,81760000.0
2010-12-02,53.48,53.02,53.56,52.96,56880000.0
2010-12-03,53.62,53.25,53.69,53.25,38010000.0
2010-12-06,53.59,53.61,53.7,53.43,39310000.0
2010-12-07,53.63,54.24,54.27,53.57,59070000.0
2010-12-08,53.83,53.77,53.9,53.44,48070000.0
2010-12-09,53.88,54.16,54.19,53.7,51680000.0
2010-12-10,54.24,54.04,54.3,53.84,44700000.0
2010-12-13,54.05,54.46,54.49,54.02,53110000.0
2010-12-14,54.14,54.17,54.37,53.98,69940000.0
2010-12-15,53.91,54.12,54.45,53.78,76950000.0
2010-12-16,54.33,53.96,54.41,53.81,65520000.0
2010-12-17,54.27,54.29,54.43,54.16,36850000.0
2010-12-20,54.31,54.34,54.5,53.91,48160000.0
2010-12-21,54.63,54.51,54.63,54.37,35780000.0
2010-12-22,54.63,54.6,54.7,54.53,35770000.0
2010-12-23,54.49,54.52,54.61,54.36,21670000.0
2010-12-27,54.51,54.37,54.6,53.96,29260000.0
2010-12-28,54.42,54.62,54.66,54.3,24170000.0
2010-12-29,54.53,54.56,54.64,54.48,24130000.0
2010-12-30,54.41,54.53,54.54,54.3,27560000.0
2010-12-31,54.21,54.35,54.37,53.96,38570000.0
2011-01-03,55.05,54.7,55.43,54.69,90990000.0
2011-01-04,55.01,55.27,55.29,54.66,43850000.0
2011-01-05,55.48,54.85,55.5,54.81,43790000.0
2011-01-06,55.66,55.53,55.7,55.42,46140000.0
2011-01-07,55.61,55.76,55.79,55.06,72260000.0
2011-01-10,55.82,55.46,55.92,55.32,55550000.0
2011-01-11,55.9,56.03,56.1,55.69,56660000.0
2011-01-12,56.29,56.16,56.3,55.94,51980000.0
2011-01-13,56.31,56.33,56.47,56.15,47430000.0
2011-01-14,56.73,56.33,56.75,56.2,43870000.0
2011-01-18,56.89,56.26,56.96,56.23,65800000.0
2011-01-19,56.25,56.97,56.99,56.06,67770000.0
2011-01-20,55.85,56.04,56.09,55.42,92360000.0
2011-01-21,55.42,56.13,56.23,55.39,59670000.0
2011-01-24,56.19,55.53,56.2,55.42,64100000.0
2011-01-25,56.27,55.92,56.29,55.79,55310000.0
2011-01-26,56.57,56.37,56.71,56.19,60550000.0
2011-01-27,56.91,56.74,57.08,56.65,53660000.0
2011-01-28,55.47,56.89,56.95,55.21,123360000.0
2011-01-31,55.74,55.55,55.9,55.13,70570000.0
2011-02-01,56.78,56.16,56.91,56.1,76950000.0
2011-02-02,56.69,56.65,56.9,56.58,48660000.0
2011-02-03,56.79,56.59,56.87,56.14,45340000.0
2011-02-04,57.11,56.78,57.15,56.63,47650000.0
2011-02-07,57.38,57.22,57.7,57.13,45630000.0
2011-02-08,57.75,57.38,57.8,57.29,38100000.0
2011-02-09,57.66,57.67,57.85,57.48,62540000.0
2011-02-10,57.75,57.34,57.83,57.22,70190000.0
2011-02-11,58.17,57.6,58.21,57.5,47850000.0
2011-02-14,58.31,58.16,58.39,58.11,48510000.0
2011-02-15,58.23,58.17,58.3,57.96,39720000.0
2011-02-16,58.61,58.37,58.77,58.36,53060000.0
2011-02-17,58.59,58.33,58.7,58.28,38360000.0
2011-02-18,58.46,58.61,58.7,58.24,44340000.0
2011-02-22,56.76,57.73,57.86,56.67,92600000.0
2011-02-23,56.3,56.73,56.96,55.87,97840000.0
2011-02-24,56.59,56.44,56.76,55.88,98720000.0
2011-02-25,57.38,56.89,57.45,56.85,54090000.0
2011-02-28,57.5,57.6,57.78,57.16,51400000.0
2011-03-01,56.58,57.72,57.75,56.43,91990000.0
2011-03-02,56.87,56.56,57.24,56.53,61550000.0
2011-03-03,57.99,57.41,58.09,57.4,64250000.0
2011-03-04,57.7,57.98,57.99,57.32,62330000.0
2011-03-07,56.92,57.94,57.99,56.41,98470000.0
2011-03-08,57.15,56.83,57.41,56.51,62400000.0
2011-03-09,56.76,56.94,57.0,56.46,84760000.0
2011-03-10,55.88,56.13,56.26,55.65,102990000.0
2011-03-11,56.23,55.57,56.4,55.56,81680000.0
2011-03-14,56.03,55.92,56.33,55.6,73620000.0
2011-03-15,55.23,54.39,55.56,54.22,101280000.0
2011-03-16,53.9,54.77,55.08,53.52,176510000.0
2011-03-17,54.4,54.75,54.98,53.88,94430000.0
2011-03-18,54.2,54.94,54.96,54.16,94890000.0
2011-03-21,55.24,55.03,55.52,54.24,57420000.0
2011-03-22,55.14,55.31,55.35,55.02,36250000.0
2011-03-23,55.45,54.93,55.61,54.56,60370000.0
2011-03-24,56.44,55.86,56.56,55.56,69500000.0
2011-03-25,56.58,56.63,56.95,56.47,74130000.0
2011-03-28,56.27,56.82,56.83,56.24,37820000.0
2011-03-29,56.81,56.14,56.81,55.97,47990000.0
2011-03-30,57.08,57.09,57.16,56.81,44940000.0
2011-03-31,57.16,56.98,57.21,56.88,50140000.0
2011-04-01,57.19,57.45,57.63,57.02,68030000.0
2011-04-04,57.0,57.35,57.41,56.75,48660000.0
2011-04-05,56.85,56.89,57.22,56.73,55380000.0
2011-04-06,56.99,57.27,57.46,56.66,49530000.0
2011-04-07,56.95,56.96,57.33,56.55,60710000.0
2011-04-08,56.68,57.21,57.3,56.39,42780000.0
2011-04-11,56.5,56.89,57.02,56.3,42450000.0
2011-04-12,56.11,56.26,56.38,55.89,50640000.0
2011-04-13,56.59,56.51,56.73,56.14,49980000.0
2011-04-14,56.49,56.19,56.57,55.97,53540000.0
2011-04-15,56.39,56.27,56.61,56.02,68530000.0
2011-04-18,55.99,55.83,56.01,55.06,69070000.0
2011-04-19,56.34,56.13,56.34,55.84,38610000.0
2011-04-20,57.61,57.32,57.67,56.34,67400000.0
2011-04-21,58.07,58.2,58.2,57.89,43670000.0
2011-04-25,58.22,58.13,58.25,58.01,25380000.0
2011-04-26,58.55,58.38,58.76,58.24,49390000.0
2011-04-27,58.94,58.63,59.01,58.39,56470000.0
2011-04-28,58.85,58.78,58.95,58.61,48140000.0
2011-04-29,58.8,58.77,59.01,58.71,44830000.0
2011-05-02,58.7,58.91,59.06,58.55,48150000.0
2011-05-03,58.42,58.68,58.73,58.06,38140000.0
2011-05-04,58.33,58.45,58.6,57.84,53110000.0
2011-05-05,58.01,58.05,58.7,57.81,72150000.0
2011-05-06,58.2,58.59,58.92,58.04,72510000.0
2011-05-09,58.42,58.29,58.65,58.07,40030000.0
2011-05-10,58.91,58.6,59.0,58.5,38050000.0
2011-05-11,58.48,58.82,59.03,58.09,61910000.0
2011-05-12,58.83,58.29,58.91,57.97,66130000.0
2011-05-13,58.14,58.71,58.79,58.12,63510000.0
2011-05-16,57.13,57.89,58.05,57.0,73140000.0
2011-05-17,57.29,56.85,57.3,56.71,63180000.0
2011-05-18,57.77,57.21,57.87,57.14,42350000.0
2011-05-19,57.94,57.96,58.07,57.58,35020000.0
2011-05-20,57.5,57.88,57.94,57.42,44700000.0
2011-05-23,56.65,56.72,56.88,56.39,43680000.0
2011-05-24,56.31,56.8,56.8,56.3,39310000.0
2011-05-25,56.53,56.23,56.79,56.21,41370000.0
2011-05-26,56.88,56.36,57.03,56.35,40560000.0
2011-05-27,57.16,56.97,57.22,56.92,30130000.0
2011-05-31,58.09,57.7,58.09,57.4,47590000.0
2011-06-01,56.82,57.95,58.09,56.77,51790000.0
2011-06-02,56.94,56.94,57.14,56.63,50200000.0
2011-06-03,56.09,56.3,56.72,56.01,57770000.0
2011-06-06,55.63,55.98,56.27,55.6,50180000.0
2011-06-07,55.53,55.79,56.0,55.49,46310000.0
2011-06-08,55.13,55.41,55.51,54.97,46430000.0
2011-06-09,55.23,55.11,55.5,54.97,45310000.0
2011-06-10,54.39,54.97,55.08,54.34,53740000.0
2011-06-13,54.39,54.46,54.67,54.2,37750000.0
2011-06-14,55.08,54.79,55.21,54.77,40570000.0
2011-06-15,54.04,54.57,54.89,53.93,59020000.0
2011-06-16,53.83,54.08,54.25,53.37,66320000.0
2011-06-17,53.54,54.2,54.34,53.38,70350000.0
2011-06-20,53.82,53.41,53.98,53.39,37400000.0
2011-06-21,54.97,54.01,55.03,53.78,55890000.0
2011-06-22,54.58,54.74,55.06,54.56,36830000.0
2011-06-23,55.08,54.03,55.11,53.81,80740000.0
2011-06-24,54.13,54.81,54.87,54.02,56300000.0
2011-06-27,54.99,54.18,55.27,54.07,49970000.0
2011-06-28,55.81,55.12,55.82,55.03,47030000.0
2011-06-29,56.04,55.97,56.15,55.64,65420000.0
2011-06-30,56.78,56.24,56.82,56.21,50480000.0
2011-07-01,57.64,56.83,57.71,56.65,53200000.0
2011-07-05,57.93,57.68,57.99,57.56,43130000.0
2011-07-06,58.12,57.87,58.22,57.67,49280000.0
2011-07-07,58.91,58.55,59.08,58.47,54800000.0
2011-07-08,58.76,58.43,58.77,58.1,69530000.0
2011-07-11,57.69,58.14,58.44,57.49,52080000.0
2011-07-12,57.25,57.67,57.8,57.19,84000000.0
2011-07-13,57.49,57.67,58.07,57.28,82370000.0
2011-07-14,56.82,57.66,57.91,56.61,98770000.0
2011-07-15,57.58,57.45,57.58,57.04,68290000.0
2011-07-18,57.27,57.27,57.52,56.71,59510000.0
2011-07-19,58.58,57.86,58.63,57.82,73900000.0
2011-07-20,58.33,58.9,58.91,58.23,57080000.0
2011-07-21,58.72,58.38,59.04,58.07,70150000.0
2011-07-22,59.32,58.7,59.42,58.65,43620000.0
2011-07-25,59.2,58.85,59.53,58.75,48920000.0
2011-07-26,59.35,59.16,59.55,59.04,40920000.0
2011-07-27,57.82,58.97,59.01,57.67,83970000.0
2011-07-28,57.92,57.83,58.66,57.62,61030000.0
2011-07-29,57.73,57.46,58.34,57.17,82860000.0
2011-08-01,57.46,58.4,58.55,56.76,85420000.0
2011-08-02,56.01,57.19,57.45,55.95,90850000.0
2011-08-03,56.55,56.11,56.62,55.09,103610000.0
2011-08-04,53.92,55.72,55.83,53.92,132830000.0
2011-08-05,53.58,54.53,54.77,52.08,214110000.0
2011-08-08,50.35,51.97,52.87,50.35,204800000.0
2011-08-09,52.78,51.07,52.83,49.7,193710000.0
2011-08-10,50.62,51.58,52.8,50.56,205920000.0
2011-08-11,52.85,51.34,53.44,51.1,143820000.0
2011-08-12,53.32,53.17,53.65,52.63,90480000.0
2011-08-15,54.11,53.52,54.11,53.28,73550000.0
2011-08-16,53.65,53.57,54.1,52.93,89220000.0
2011-08-17,53.33,53.73,54.17,52.77,84420000.0
2011-08-18,50.71,51.89,51.9,50.24,130020000.0
2011-08-19,49.8,50.2,51.43,49.76,96670000.0
2011-08-22,49.98,50.97,51.0,49.83,77110000.0
2011-08-23,52.04,50.32,52.04,50.11,75690000.0
2011-08-24,52.44,51.94,52.55,51.47,80200000.0
2011-08-25,51.59,52.39,52.66,51.41,93620000.0
2011-08-26,52.88,51.44,53.06,50.91,91570000.0
2011-08-29,54.36,53.39,54.42,53.39,45990000.0
2011-08-30,54.71,54.14,55.04,53.86,61620000.0
2011-08-31,54.8,55.03,55.48,54.35,60900000.0
2011-09-01,54.31,54.95,55.38,54.21,57160000.0
2011-09-02,53.03,53.33,54.36,52.74,58190000.0
2011-09-06,53.04,51.8,53.12,51.67,52990000.0
2011-09-07,54.39,53.78,54.4,53.65,48950000.0
2011-09-08,54.14,54.12,54.91,53.96,61420000.0
2011-09-09,52.93,53.76,53.99,52.6,63660000.0
2011-09-12,53.61,52.36,53.65,52.33,65970000.0
2011-09-13,54.33,53.83,54.44,53.55,59020000.0
2011-09-14,55.1,54.59,55.72,54.07,90760000.0
2011-09-15,55.92,55.71,56.02,55.13,83540000.0
2011-09-16,56.33,55.99,56.39,55.83,91900000.0
2011-09-19,56.35,55.64,56.64,55.17,73040000.0
2011-09-20,56.1,56.63,57.08,55.97,66570000.0
2011-09-21,55.12,56.39,56.66,55.11,79940000.0
2011-09-22,53.33,53.68,54.21,52.5,151890000.0
2011-09-23,53.9,52.89,54.13,52.84,85940000.0
2011-09-26,54.52,54.17,54.62,52.96,96260000.0
2011-09-27,55.09,55.44,55.94,54.72,81150000.0
2011-09-28,54.28,55.31,55.71,54.15,76760000.0
2011-09-29,53.63,55.1,55.17,52.72,116900000.0
2011-09-30,52.25,52.93,53.36,52.22,104960000.0
2011-10-03,50.9,51.8,52.6,50.87,99150000.0
2011-10-04,51.95,50.36,52.05,49.86,137010000.0
2011-10-05,53.28,51.83,53.43,51.42,108830000.0
2011-10-06,54.18,53.22,54.19,52.96,71940000.0
2011-10-07,53.82,54.16,54.41,53.47,72530000.0
2011-10-10,55.68,54.72,55.68,54.63,48230000.0
2011-10-11,56.06,55.55,56.2,55.44,66450000.0
2011-10-12,56.34,56.61,56.96,56.3,85630000.0
2011-10-13,56.85,56.23,56.92,56.17,63440000.0
2011-10-14,57.91,57.57,57.92,57.24,65640000.0
2011-10-17,57.01,57.63,57.82,56.71,65160000.0
2011-10-18,57.72,56.92,58.02,56.4,91430000.0
2011-10-19,56.61,57.44,57.58,56.42,67640000.0
2011-10-20,56.33,56.55,56.65,55.53,80380000.0
2011-10-21,57.03,56.9,57.39,56.52,60460000.0
2011-10-24,58.22,57.25,58.38,57.04,61450000.0
2011-10-25,57.07,58.0,58.05,56.95,65300000.0
2011-10-26,57.0,57.38,57.51,55.95,98190000.0
2011-10-27,58.58,58.37,58.92,57.76,104460000.0
2011-10-28,58.67,58.23,58.74,58.23,42950000.0
2011-10-31,57.68,58.14,58.37,57.64,60520000.0
2011-11-01,56.18,56.3,57.64,55.86,99930000.0
2011-11-02,56.65,56.74,56.89,56.12,65180000.0
2011-11-03,57.83,57.09,57.9,56.45,78990000.0
2011-11-04,57.53,57.52,57.78,56.95,61530000.0
2011-11-07,57.94,57.48,57.98,56.9,65540000.0
2011-11-08,58.61,58.36,58.71,57.7,62910000.0
2011-11-09,56.55,57.45,57.56,56.37,69540000.0
2011-11-10,56.52,57.13,57.15,55.97,66050000.0
2011-11-11,57.58,57.01,57.75,56.93,54470000.0
2011-11-14,57.22,57.42,57.74,57.01,44620000.0
2011-11-15,57.86,57.07,58.09,56.99,52200000.0
2011-11-16,56.9,57.46,57.89,56.79,68340000.0
2011-11-17,55.57,56.75,56.77,55.22,101710000.0
2011-11-18,55.14,55.59,55.64,55.04,60420000.0
2011-11-21,54.09,54.43,54.48,53.53,52290000.0
2011-11-22,54.27,53.95,54.43,53.62,51940000.0
2011-11-23,53.04,53.86,53.92,53.01,48470000.0
2011-11-25,52.63,52.84,53.42,52.62,25450000.0
2011-11-28,54.47,53.91,54.53,53.89,46710000.0
2011-11-29,54.13,54.4,54.84,53.97,52060000.0
2011-11-30,56.13,55.58,56.18,55.41,66920000.0
2011-12-01,56.52,56.11,56.66,56.09,45360000.0
2011-12-02,56.36,57.06,57.07,56.31,36940000.0
2011-12-05,56.97,57.22,57.35,56.65,40500000.0
2011-12-06,56.81,57.02,57.18,56.63,38670000.0
2011-12-07,56.81,56.63,57.07,56.09,44580000.0
2011-12-08,55.86,56.48,56.88,55.75,51690000.0
2011-12-09,56.75,56.0,56.92,55.98,55760000.0
2011-12-12,56.12,56.16,56.74,55.64,55410000.0
2011-12-13,55.5,56.5,56.71,55.27,68560000.0
2011-12-14,54.63,55.26,55.33,54.33,63680000.0
2011-12-15,54.49,55.1,55.16,54.41,58730000.0
2011-12-16,54.6,54.62,55.35,54.51,60980000.0
2011-12-19,54.07,54.8,54.94,53.92,46730000.0
2011-12-20,55.67,54.94,55.74,54.91,81760000.0
2011-12-21,54.87,55.38,55.38,54.23,78550000.0
2011-12-22,55.34,54.96,55.37,54.91,40330000.0
2011-12-23,55.82,55.42,55.82,55.32,26590000.0
2011-12-27,55.98,55.75,56.16,55.67,21440000.0
2011-12-28,55.33,55.91,56.0,55.18,38190000.0
2011-12-29,55.73,55.42,55.77,55.24,28080000.0
2011-12-30,55.57,55.6,55.86,55.56,21830000.0
2012-01-03,56.63,56.64,56.92,56.49,39510000.0
2012-01-04,56.87,56.54,56.95,56.3,29400000.0
2012-01-05,57.34,56.75,57.39,56.54,41260000.0
2012-01-06,57.54,57.38,57.67,57.13,46330000.0
2012-01-09,57.35,57.68,57.71,57.16,39200000.0
2012-01-10,57.77,57.99,58.13,57.37,35950000.0
2012-01-11,57.89,57.75,58.02,57.54,37140000.0
2012-01-12,58.12,58.02,58.2,57.59,26190000.0
2012-01-13,57.91,57.83,57.93,57.41,35990000.0
2012-01-17,58.44,58.44,58.69,58.22,41790000.0
2012-01-18,59.21,58.57,59.21,58.41,48690000.0
2012-01-19,59.58,59.48,59.69,59.37,47770000.0
2012-01-20,59.49,59.33,59.52,59.28,41050000.0
2012-01-23,59.51,59.52,59.93,59.16,40960000.0
2012-01-24,59.4,59.26,59.56,59.13,38440000.0
2012-01-25,60.15,60.0,60.3,59.55,61590000.0
2012-01-26,59.94,60.39,60.52,59.65,37850000.0
2012-01-27,60.12,59.81,60.23,59.78,45540000.0
2012-01-30,60.17,59.6,60.26,59.38,42800000.0
2012-01-31,60.25,60.47,60.58,59.86,51450000.0
2012-02-01,60.74,60.57,60.95,60.38,46150000.0
2012-02-02,60.92,60.91,61.12,60.69,46370000.0
2012-02-03,61.76,61.49,61.83,61.39,36450000.0
2012-02-06,61.71,61.53,61.73,61.37,28540000.0
2012-02-07,61.84,61.66,61.96,61.38,37940000.0
2012-02-08,62.17,61.85,62.17,61.62,41170000.0
2012-02-09,62.62,62.38,62.69,62.03,46860000.0
2012-02-10,62.18,62.18,62.35,61.96,58090000.0
2012-02-13,62.76,62.64,62.84,62.36,36810000.0
2012-02-14,62.92,62.61,62.93,62.4,51690000.0
2012-02-15,62.48,63.22,63.56,62.38,105710000.0
2012-02-16,63.33,62.5,63.4,62.34,83640000.0
2012-02-17,63.13,63.34,63.39,62.86,76110000.0
2012-02-21,63.31,63.21,63.59,62.92,38140000.0
2012-02-22,63.03,63.19,63.38,62.94,43170000.0
2012-02-23,63.44,63.1,63.51,62.8,54250000.0
2012-02-24,63.66,63.62,63.77,63.5,41370000.0
2012-02-27,63.75,63.3,63.96,63.04,42680000.0
2012-02-28,64.4,63.8,64.4,63.73,43730000.0
2012-02-29,64.11,64.44,64.66,63.9,59780000.0
2012-03-01,64.62,64.36,64.68,64.16,67560000.0
2012-03-02,64.57,64.53,64.78,64.36,33360000.0
2012-03-05,63.9,64.53,64.61,63.69,45790000.0
2012-03-06,63.27,63.29,63.42,62.94,54640000.0
2012-03-07,63.76,63.56,63.91,63.47,42740000.0
2012-03-08,64.45,64.12,64.64,64.0,43710000.0
2012-03-09,64.72,64.55,64.84,64.52,43120000.0
2012-03-12,64.75,64.67,64.81,64.42,32690000.0
2012-03-13,65.95,65.12,65.95,64.97,61560000.0
2012-03-14,66.18,66.0,66.43,65.77,59930000.0
2012-03-15,66.37,66.38,66.51,66.04,65530000.0
2012-03-16,66.21,66.34,66.36,66.05,53020000.0
2012-03-19,66.68,66.31,66.84,66.14,60970000.0
2012-03-20,66.8,66.35,66.87,66.15,47290000.0
2012-03-21,66.81,66.82,67.18,66.72,39650000.0
2012-03-22,66.67,66.4,66.83,66.37,56960000.0
2012-03-23,66.63,66.75,66.77,66.25,45550000.0
2012-03-26,67.79,67.06,67.79,67.02,40860000.0
2012-03-27,67.89,67.83,68.17,67.81,37280000.0
2012-03-28,67.62,67.93,68.19,67.23,44420000.0
2012-03-29,67.36,67.3,67.61,66.89,53980000.0
2012-03-30,67.24,67.67,67.7,66.97,39480000.0
2012-04-02,67.93,67.15,68.02,67.05,40030000.0
2012-04-03,67.91,67.99,68.23,67.53,45540000.0
2012-04-04,66.99,67.41,67.44,66.6,54090000.0
2012-04-05,67.4,66.88,67.46,66.82,42710000.0
2012-04-09,66.9,66.57,67.17,66.45,36910000.0
2012-04-10,65.82,66.88,67.13,65.61,69250000.0
2012-04-11,66.14,66.39,66.58,65.97,62950000.0
2012-04-12,66.89,66.27,66.97,66.17,57410000.0
2012-04-13,65.88,66.65,66.89,65.85,55230000.0
2012-04-16,65.15,66.22,66.25,64.94,57590000.0
2012-04-17,66.47,65.44,66.68,65.32,47360000.0
2012-04-18,66.3,66.28,66.69,66.1,42540000.0
2012-04-19,65.55,66.07,66.86,65.31,81110000.0
2012-04-20,65.37,65.91,66.2,65.27,59910000.0
2012-04-23,64.78,64.78,64.88,64.19,70510000.0
2012-04-24,64.43,64.67,64.93,64.15,49660000.0
2012-04-25,66.14,65.75,66.18,65.66,57530000.0
2012-04-26,66.53,66.11,66.68,66.04,41800000.0
2012-04-27,66.93,66.81,67.14,66.46,46010000.0
2012-04-30,66.45,66.71,66.86,66.4,37790000.0
2012-05-01,66.56,66.37,67.31,66.28,37640000.0
2012-05-02,66.75,66.19,66.8,66.07,38300000.0
2012-05-03,66.04,66.79,66.84,65.87,51310000.0
2012-05-04,64.4,65.44,66.04,64.39,107550000.0
2012-05-07,64.46,64.01,64.77,63.99,50270000.0
2012-05-08,64.22,64.04,64.44,63.18,72660000.0
2012-05-09,64.02,63.47,64.38,63.21,85720000.0
2012-05-10,63.89,64.31,64.33,63.65,49450000.0
2012-05-11,63.88,63.64,64.56,63.61,47110000.0
2012-05-14,63.28,63.33,63.78,63.18,46360000.0
2012-05-15,63.07,63.49,63.97,62.97,66910000.0
2012-05-16,62.65,63.32,63.48,62.52,52830000.0
2012-05-17,61.32,62.65,62.77,61.31,62250000.0
2012-05-18,60.53,61.5,61.67,60.48,79500000.0
2012-05-21,62.22,60.64,62.28,60.57,61470000.0
2012-05-22,62.15,62.37,62.66,61.7,62950000.0
2012-05-23,62.27,61.64,62.42,61.08,56950000.0
2012-05-24,61.86,62.37,62.42,61.4,83130000.0
2012-05-25,61.78,61.92,62.03,61.6,32080000.0
2012-05-29,62.57,62.34,62.86,61.99,44220000.0
2012-05-30,62.04,62.0,62.26,61.39,56430000.0
2012-05-31,61.77,61.96,62.12,61.3,55260000.0
2012-06-01,60.13,60.69,61.03,60.11,71430000.0
2012-06-04,60.59,60.29,60.68,59.76,74120000.0
2012-06-05,60.84,60.37,60.95,60.35,47920000.0
2012-06-06,62.23,61.31,62.28,61.23,58780000.0
2012-06-07,61.98,62.87,62.89,61.93,38410000.0
2012-06-08,62.58,61.87,62.66,61.67,39740000.0
2012-06-11,61.52,63.05,63.08,61.48,51010000.0
2012-06-12,62.27,61.8,62.3,61.39,48800000.0
2012-06-13,61.84,62.09,62.56,61.63,50840000.0
2012-06-14,62.07,61.85,62.32,61.51,65170000.0
2012-06-15,62.7,62.08,62.79,62.07,41540000.0
2012-06-18,63.28,62.46,63.44,62.34,32190000.0
2012-06-19,63.94,63.6,64.21,63.55,36480000.0
2012-06-20,63.99,64.06,64.27,63.51,51390000.0
2012-06-21,62.4,63.91,64.01,62.33,42490000.0
2012-06-22,63.05,62.59,63.13,62.44,29510000.0
2012-06-25,61.84,62.55,62.56,61.66,33140000.0
2012-06-26,62.23,62.04,62.41,61.77,30610000.0
2012-06-27,62.61,62.47,62.89,62.4,35710000.0
2012-06-28,61.91,62.13,62.18,61.25,49790000.0
2012-06-29,63.86,63.07,63.86,62.92,44770000.0
2012-07-02,64.05,63.93,64.08,63.57,33430000.0
2012-07-03,64.59,64.08,64.59,63.99,15900000.0
2012-07-05,64.63,64.48,64.95,64.18,37030000.0
2012-07-06,63.82,64.35,64.39,63.35,40680000.0
2012-07-09,63.7,63.73,63.96,63.38,35640000.0
2012-07-10,63.07,64.03,64.21,62.83,47370000.0
2012-07-11,62.73,63.0,63.16,62.21,43430000.0
2012-07-12,62.14,62.26,62.4,61.57,57680000.0
2012-07-13,63.08,62.27,63.22,62.27,32360000.0
2012-07-16,62.91,62.95,63.22,62.66,27620000.0
2012-07-17,63.23,63.28,63.44,62.34,42480000.0
2012-07-18,64.09,63.1,64.28,63.09,44490000.0
2012-07-19,64.8,64.54,65.01,64.42,53020000.0
2012-07-20,63.94,64.79,64.8,63.91,40570000.0
2012-07-23,63.16,62.71,63.38,62.22,48660000.0
2012-07-24,62.67,63.28,63.36,62.26,57270000.0
2012-07-25,62.25,62.2,62.66,61.86,46270000.0
2012-07-26,63.07,63.14,63.43,62.68,41930000.0
2012-07-27,64.57,63.53,64.69,63.34,42620000.0
2012-07-30,64.52,64.71,65.01,64.3,37820000.0
2012-07-31,64.5,64.61,64.88,64.44,34600000.0
2012-08-01,64.31,64.95,64.98,64.05,30920000.0
2012-08-02,64.08,63.8,64.72,63.61,40540000.0
2012-08-03,65.29,65.08,65.57,64.89,42120000.0
2012-08-06,65.79,65.63,66.08,65.49,23530000.0
2012-08-07,66.34,66.07,66.61,65.97,28220000.0
2012-08-08,66.31,66.17,66.45,66.06,20720000.0
2012-08-09,66.51,66.31,66.6,66.18,20730000.0
2012-08-10,66.55,66.28,66.57,66.1,20320000.0
2012-08-13,66.71,66.53,66.72,66.19,19890000.0
2012-08-14,66.74,66.97,67.1,66.55,24220000.0
2012-08-15,66.91,66.69,67.01,66.68,29110000.0
2012-08-16,67.7,67.16,67.85,67.08,35710000.0
2012-08-17,68.0,67.85,68.01,67.69,22580000.0
2012-08-20,68.1,67.95,68.11,67.68,26920000.0
2012-08-21,67.83,68.31,68.56,67.56,41390000.0
2012-08-22,68.11,67.67,68.24,67.49,44560000.0
2012-08-23,67.55,67.82,68.02,67.38,28800000.0
2012-08-24,67.97,67.4,68.13,67.29,38380000.0
2012-08-27,68.08,68.28,68.35,67.93,20670000.0
2012-08-28,68.08,68.02,68.27,67.79,27340000.0
2012-08-29,68.08,68.09,68.25,67.79,26670000.0
2012-08-30,67.39,67.79,67.81,67.29,24430000.0
2012-08-31,67.84,67.88,68.13,67.16,42130000.0
2012-09-04,67.77,67.71,68.03,67.11,32020000.0
2012-09-05,67.7,67.72,68.03,67.52,26130000.0
2012-09-06,69.21,68.1,69.23,68.1,43100000.0
2012-09-07,69.11,69.05,69.23,68.91,32970000.0
2012-09-10,68.22,68.94,69.08,68.17,25490000.0
2012-09-11,68.11,68.22,68.5,68.0,29810000.0
2012-09-12,68.31,68.36,68.49,67.89,42210000.0
2012-09-13,69.24,68.39,69.53,68.3,45420000.0
2012-09-14,69.85,69.51,70.1,69.46,38890000.0
2012-09-17,69.88,69.87,69.91,69.63,31800000.0
2012-09-18,69.94,69.71,69.97,69.69,27170000.0
2012-09-19,70.07,69.96,70.25,69.73,36480000.0
2012-09-20,70.0,69.74,70.07,69.54,42520000.0
2012-09-21,69.82,70.14,70.21,69.75,23680000.0
2012-09-24,69.41,69.24,69.53,69.1,32340000.0
2012-09-25,68.44,69.59,69.75,68.41,41310000.0
2012-09-26,67.88,68.35,68.39,67.53,32770000.0
2012-09-27,68.82,68.03,68.98,67.93,25340000.0
2012-09-28,68.25,68.6,68.8,68.19,30120000.0
2012-10-01,68.15,68.58,69.01,67.93,37720000.0
2012-10-02,68.35,68.47,68.66,67.81,33250000.0
2012-10-03,68.79,68.56,68.92,68.27,38240000.0
2012-10-04,69.03,68.92,69.22,68.68,26130000.0
2012-10-05,68.66,69.36,69.47,68.48,25210000.0
2012-10-08,68.03,68.26,68.4,67.87,30910000.0
2012-10-09,66.95,67.85,68.02,66.79,67970000.0
2012-10-10,66.61,66.94,67.12,66.49,45130000.0
2012-10-11,66.4,67.13,67.16,66.36,30480000.0
2012-10-12,66.37,66.42,66.75,66.24,24890000.0
2012-10-15,66.86,66.63,66.95,66.22,22220000.0
2012-10-16,67.8,66.98,67.88,66.94,33960000.0
2012-10-17,67.76,67.43,67.98,67.36,33440000.0
2012-10-18,66.98,67.55,67.76,66.73,61710000.0
2012-10-19,65.37,66.9,66.96,65.29,75360000.0
2012-10-22,65.71,65.31,65.88,65.19,38620000.0
2012-10-23,65.09,65.18,65.64,64.89,52600000.0
2012-10-24,64.86,65.45,65.56,64.76,39870000.0
2012-10-25,64.86,65.3,65.41,64.67,52690000.0
2012-10-26,65.05,64.88,65.32,64.35,54220000.0
2012-10-31,64.65,65.01,65.09,64.43,38520000.0
2012-11-01,65.57,65.02,65.69,64.87,26940000.0
2012-11-02,64.87,65.9,65.9,64.81,44080000.0
2012-11-05,65.29,64.89,65.42,64.74,28100000.0
2012-11-06,65.41,65.4,65.86,65.16,29610000.0
2012-11-07,63.87,64.74,64.8,63.6,70740000.0
2012-11-08,62.87,64.03,64.19,62.87,58590000.0
2012-11-09,63.13,62.9,63.81,62.87,51550000.0
2012-11-12,63.12,63.49,63.57,62.96,32660000.0
2012-11-13,62.69,62.63,63.28,62.49,43290000.0
2012-11-14,61.95,62.98,63.06,61.85,82660000.0
2012-11-15,61.74,62.0,62.2,61.51,55120000.0
2012-11-16,62.01,61.79,62.19,61.02,70870000.0
2012-11-19,63.48,62.68,63.53,62.67,55310000.0
2012-11-20,63.5,63.47,63.59,62.9,52010000.0
2012-11-21,63.63,63.53,63.72,63.3,19620000.0
2012-11-23,64.6,64.02,64.62,63.95,16460000.0
2012-11-26,64.88,64.47,64.92,64.24,26430000.0
2012-11-27,64.66,64.86,65.1,64.55,25830000.0
2012-11-28,65.21,64.36,65.26,63.95,37300000.0
2012-11-29,65.6,65.51,65.83,65.27,41140000.0
2012-11-30,65.49,65.61,65.66,65.3,33500000.0
2012-12-03,65.36,66.01,66.06,65.33,28240000.0
2012-12-04,65.32,65.38,65.46,64.9,49670000.0
2012-12-05,64.6,65.22,65.23,64.25,54080000.0
2012-12-06,65.02,64.41,65.18,64.23,47520000.0
2012-12-07,64.63,65.34,65.4,64.41,30090000.0
2012-12-10,64.82,64.45,65.15,64.45,33220000.0
2012-12-11,65.66,65.27,66.03,65.21,40750000.0
2012-12-12,65.52,65.98,66.01,65.34,45920000.0
2012-12-13,65.01,65.4,65.85,64.73,45470000.0
2012-12-14,64.39,64.6,64.78,64.17,39630000.0
2012-12-17,65.24,64.43,65.26,64.36,42300000.0
2012-12-18,66.24,65.54,66.34,65.39,55600000.0
2012-12-19,65.95,66.41,66.45,65.91,34830000.0
2012-12-20,65.95,66.07,66.1,65.62,40750000.0
2012-12-21,64.9,64.59,64.98,64.3,51140000.0
2012-12-24,64.77,64.76,64.84,64.62,11420000.0
2012-12-26,64.2,64.78,64.88,63.99,21760000.0
2012-12-27,64.1,64.26,64.34,63.3,52940000.0
2012-12-28,63.48,63.63,64.13,63.45,33080000.0
2012-12-31,64.83,63.38,64.95,63.28,57550000.0
2013-01-02,66.89,66.38,66.92,66.17,70700000.0
2013-01-03,66.54,66.89,67.03,66.34,47370000.0
2013-01-04,66.32,66.56,66.57,66.16,33970000.0
2013-01-07,66.34,66.15,66.45,65.94,26770000.0
2013-01-08,66.21,66.33,66.5,65.86,28740000.0
2013-01-09,66.46,66.31,66.64,66.24,25610000.0
2013-01-10,66.86,66.9,66.96,66.24,37530000.0
2013-01-11,66.95,66.83,66.98,66.69,21160000.0
2013-01-14,66.65,66.59,66.84,66.36,36780000.0
2013-01-15,66.32,66.32,66.42,66.02,31680000.0
2013-01-16,66.59,66.44,66.82,66.29,33830000.0
2013-01-17,66.91,66.87,67.17,66.75,32030000.0
2013-01-18,66.76,66.7,66.83,66.46,31990000.0
2013-01-22,66.87,66.84,66.92,66.42,32120000.0
2013-01-23,67.28,67.25,67.47,67.15,31980000.0
2013-01-24,66.35,66.38,66.97,66.25,42600000.0
2013-01-25,66.69,66.58,66.88,66.43,39250000.0
2013-01-28,66.84,66.7,67.07,66.62,32930000.0
2013-01-29,66.85,66.75,67.0,66.32,35550000.0
2013-01-30,66.71,66.97,67.17,66.56,34440000.0
2013-01-31,66.56,66.68,67.04,66.5,34870000.0
2013-02-01,67.34,67.03,67.46,66.76,53120000.0
2013-02-04,66.17,66.94,67.15,66.15,48480000.0
2013-02-05,67.15,66.45,67.35,66.3,35130000.0
2013-02-06,66.93,66.91,67.24,66.73,43600000.0
2013-02-07,66.99,67.02,67.06,66.25,46010000.0
2013-02-08,67.67,67.32,67.81,67.31,39850000.0
2013-02-11,67.69,67.7,67.74,67.46,17650000.0
2013-02-12,67.41,67.6,67.73,67.34,22060000.0
2013-02-13,67.65,67.61,67.91,67.45,23500000.0
2013-02-14,67.63,67.32,67.73,67.31,24480000.0
2013-02-15,67.43,67.63,67.79,67.25,25330000.0
2013-02-19,67.92,67.57,67.94,67.54,23430000.0
2013-02-20,66.88,67.92,67.93,66.87,38200000.0
2013-02-21,66.16,66.65,66.7,65.92,45860000.0
2013-02-22,66.83,66.53,66.84,66.28,21970000.0
2013-02-25,66.0,67.29,67.49,65.94,40930000.0
2013-02-26,66.25,66.11,66.37,65.65,42090000.0
2013-02-27,66.93,66.26,67.33,66.16,36340000.0
2013-02-28,66.79,66.93,67.42,66.78,28560000.0
2013-03-01,67.07,66.55,67.19,66.23,31620000.0
2013-03-04,67.36,66.88,67.37,66.76,19380000.0
2013-03-05,68.36,67.78,68.45,67.76,35590000.0
2013-03-06,68.19,68.57,68.59,68.1,29070000.0
2013-03-07,68.37,68.25,68.48,68.13,21780000.0
2013-03-08,68.45,68.61,68.7,68.18,26160000.0
2013-03-11,68.65,68.36,68.67,68.15,23190000.0
2013-03-12,68.4,68.47,68.61,68.07,27580000.0
2013-03-13,68.31,68.48,68.57,68.07,34300000.0
2013-03-14,68.54,68.55,68.69,68.39,31540000.0
2013-03-15,68.19,68.43,68.47,68.02,30740000.0
2013-03-18,68.04,67.57,68.32,67.41,36160000.0
2013-03-19,67.91,68.22,68.38,67.31,33130000.0
2013-03-20,68.39,68.42,68.54,68.07,28040000.0
2013-03-21,67.61,67.77,67.93,67.45,30050000.0
2013-03-22,68.27,67.89,68.32,67.81,28840000.0
2013-03-25,68.02,68.49,68.64,67.69,24910000.0
2013-03-26,68.39,68.28,68.41,68.13,19730000.0
2013-03-27,68.48,67.93,68.53,67.82,22540000.0
2013-03-28,68.65,68.49,68.74,68.32,23670000.0
2013-04-01,68.18,68.69,68.77,67.99,28120000.0
2013-04-02,68.72,68.49,68.95,68.45,29430000.0
2013-04-03,68.09,68.76,68.86,67.92,35130000.0
2013-04-04,68.11,68.09,68.28,67.74,32290000.0
2013-04-05,67.54,67.04,67.64,66.88,55610000.0
2013-04-08,67.9,67.56,67.92,67.37,17900000.0
2013-04-09,68.36,68.1,68.64,67.77,30930000.0
2013-04-10,69.69,68.57,69.84,68.56,55270000.0
2013-04-11,69.66,69.51,69.82,69.45,37240000.0
2013-04-12,69.61,69.52,69.66,69.09,32790000.0
2013-04-15,68.24,69.36,69.46,68.16,48800000.0
2013-04-16,69.15,68.67,69.23,68.49,27680000.0
2013-04-17,67.8,68.52,68.57,67.39,60200000.0
2013-04-18,66.86,68.01,68.01,66.57,56800000.0
2013-04-19,67.77,67.0,67.91,66.89,43070000.0
2013-04-22,68.47,68.01,68.72,67.76,34410000.0
2013-04-23,69.13,68.88,69.38,68.5,53080000.0
2013-04-24,69.1,68.94,69.35,68.8,44500000.0
2013-04-25,69.46,69.31,69.72,69.27,26440000.0
2013-04-26,69.25,69.3,69.45,68.95,24080000.0
2013-04-29,69.88,69.45,70.15,69.44,31660000.0
2013-04-30,70.39,69.96,70.4,69.71,30150000.0
2013-05-01,70.06,70.38,70.52,69.92,28540000.0
2013-05-02,70.95,70.18,71.1,70.12,31740000.0
2013-05-03,71.78,71.6,72.0,71.58,34060000.0
2013-05-06,72.06,71.91,72.17,71.85,19240000.0
2013-05-07,72.02,72.16,72.23,71.75,25840000.0
2013-05-08,72.37,71.97,72.43,71.86,24260000.0
2013-05-09,72.27,72.21,72.76,72.13,29340000.0
2013-05-10,72.71,72.39,72.74,72.29,20660000.0
2013-05-13,72.8,72.59,72.98,72.52,29730000.0
2013-05-14,73.18,72.79,73.4,72.79,36020000.0
2013-05-15,73.33,73.04,73.4,72.86,27210000.0
2013-05-16,73.25,73.43,73.75,73.21,27250000.0
2013-05-17,73.95,73.61,73.98,73.39,31120000.0
2013-05-20,73.84,73.74,74.08,73.55,25140000.0
2013-05-21,73.92,73.83,74.19,73.55,25900000.0
2013-05-22,73.28,74.01,74.6,72.9,59840000.0
2013-05-23,73.11,72.61,73.36,72.49,48230000.0
2013-05-24,73.07,72.62,73.09,72.42,26440000.0
2013-05-28,73.55,73.9,74.19,73.32,27070000.0
2013-05-29,73.2,73.25,73.46,72.78,32100000.0
2013-05-30,73.59,73.23,73.93,73.21,32390000.0
2013-05-31,72.91,73.31,73.86,72.83,38350000.0
2013-06-03,73.04,72.97,73.06,72.09,47610000.0
2013-06-04,72.66,73.18,73.48,72.36,35260000.0
2013-06-05,71.71,72.43,72.7,71.65,48650000.0
2013-06-06,72.06,71.81,72.07,71.14,62520000.0
2013-06-07,73.05,72.39,73.13,72.18,31970000.0
2013-06-10,73.08,73.21,73.42,72.92,25390000.0
2013-06-11,72.35,72.33,73.0,72.1,40280000.0
2013-06-12,71.52,72.78,72.8,71.41,42080000.0
2013-06-13,72.42,71.43,72.58,71.22,28230000.0
2013-06-14,71.94,72.42,72.5,71.83,27700000.0
2013-06-17,72.64,72.54,73.06,72.26,32440000.0
2013-06-18,73.24,72.73,73.38,72.72,24860000.0
2013-06-19,72.42,73.23,73.34,72.34,43150000.0
2013-06-20,70.69,71.59,71.82,70.46,60910000.0
2013-06-21,70.1,70.45,70.64,69.51,51570000.0
2013-06-24,69.41,69.51,69.94,68.83,41490000.0
2013-06-25,69.91,70.08,70.19,69.48,28900000.0
2013-06-26,70.54,70.49,70.67,70.26,23750000.0
2013-06-27,70.84,70.89,71.29,70.8,23550000.0
2013-06-28,70.94,70.59,71.36,70.46,28300000.0
2013-07-01,71.38,71.43,71.96,71.31,24950000.0
2013-07-02,71.41,71.35,71.84,71.02,23070000.0
2013-07-03,71.7,71.15,72.03,71.09,18850000.0
2013-07-05,72.24,72.11,72.27,71.53,28800000.0
2013-07-08,72.31,72.6,72.65,72.04,20560000.0
2013-07-09,72.75,72.64,72.91,72.31,26120000.0
2013-07-10,73.17,72.66,73.28,72.64,25600000.0
2013-07-11,74.62,73.94,74.68,73.9,47780000.0
2013-07-12,74.95,74.67,75.0,74.47,31420000.0
2013-07-15,75.12,75.01,75.17,74.82,19790000.0
2013-07-16,75.02,75.19,75.24,74.83,31750000.0
2013-07-17,75.21,75.25,75.39,75.0,24630000.0
2013-07-18,75.02,75.19,75.39,74.9,36280000.0
2013-07-19,74.24,74.37,74.39,74.02,37730000.0
2013-07-22,74.46,74.52,74.63,74.23,21140000.0
2013-07-23,73.91,74.6,74.61,73.85,24750000.0
2013-07-24,74.15,74.64,74.67,73.98,24430000.0
2013-07-25,74.62,74.54,74.71,74.11,23170000.0
2013-07-26,75.02,74.32,75.03,74.2,20890000.0
2013-07-29,74.88,74.87,75.19,74.68,20970000.0
2013-07-30,75.28,75.15,75.6,75.0,24100000.0
2013-07-31,75.42,75.42,75.85,75.28,25010000.0
2013-08-01,76.18,75.94,76.29,75.86,16880000.0
2013-08-02,76.61,76.2,76.63,76.02,18110000.0
2013-08-05,76.66,76.53,76.72,76.42,15460000.0
2013-08-06,76.2,76.56,76.63,75.89,23680000.0
2013-08-07,76.06,76.0,76.21,75.52,20280000.0
2013-08-08,76.44,76.48,76.62,75.94,19990000.0
2013-08-09,76.13,76.34,76.58,75.91,18570000.0
2013-08-12,76.31,75.85,76.45,75.84,20520000.0
2013-08-13,76.74,76.41,76.91,75.86,23920000.0
2013-08-14,76.45,76.71,76.82,76.34,29920000.0
2013-08-15,75.16,75.63,75.64,74.94,39410000.0
2013-08-16,75.13,75.19,75.52,75.0,23820000.0
2013-08-19,75.0,75.15,75.78,74.98,29590000.0
2013-08-20,75.33,75.14,75.68,75.08,18840000.0
2013-08-21,75.07,75.11,75.74,74.79,30710000.0
2013-08-22,75.81,75.38,75.86,75.36,17270000.0
2013-08-23,76.31,76.37,76.41,76.04,20700000.0
2013-08-26,76.35,76.36,76.92,76.19,27530000.0
2013-08-27,74.79,75.47,75.83,74.61,40070000.0
2013-08-28,75.08,74.73,75.4,74.7,20490000.0
2013-08-29,75.61,75.05,75.98,74.95,27290000.0
2013-08-30,75.12,75.69,75.69,74.85,26230000.0
2013-09-03,75.55,75.75,76.08,75.19,27240000.0
2013-09-04,76.35,75.79,76.48,75.58,27140000.0
2013-09-05,76.48,76.39,76.7,76.37,17820000.0
2013-09-06,76.57,76.73,76.98,75.7,27720000.0
2013-09-09,77.47,76.87,77.6,76.87,25160000.0
2013-09-10,77.85,77.91,77.96,77.56,27620000.0
2013-09-11,77.7,77.33,77.75,77.23,28140000.0
2013-09-12,77.65,77.7,77.89,77.49,18330000.0
2013-09-13,77.7,77.75,77.78,77.28,16930000.0
2013-09-16,77.49,78.32,78.35,77.31,25910000.0
2013-09-17,78.0,77.63,78.1,77.62,27180000.0
2013-09-18,78.94,78.12,79.1,77.97,31710000.0
2013-09-19,79.13,79.17,79.31,78.99,26440000.0
2013-09-20,78.62,79.1,79.17,78.58,26330000.0
2013-09-23,78.46,78.97,79.04,78.09,30320000.0
2013-09-24,78.46,78.63,78.88,78.2,21880000.0
2013-09-25,78.19,78.51,78.63,78.03,22750000.0
2013-09-26,78.8,78.5,78.99,78.48,22420000.0
2013-09-27,78.7,78.37,78.84,78.22,25150000.0
2013-09-30,78.51,77.91,78.72,77.64,28030000.0
2013-10-01,79.31,78.5,79.35,78.48,33130000.0
2013-10-02,79.28,78.76,79.39,78.69,25500000.0
2013-10-03,78.35,79.18,79.35,77.94,43000000.0
2013-10-04,79.03,78.35,79.14,78.28,22850000.0
2013-10-07,78.37,78.35,78.98,78.3,20230000.0
2013-10-08,76.86,78.39,78.44,76.83,43660000.0
2013-10-09,76.62,77.04,77.08,75.99,64530000.0
2013-10-10,78.24,77.44,78.42,77.43,48060000.0
2013-10-11,78.86,78.04,78.92,78.03,25210000.0
2013-10-14,79.42,78.37,79.42,78.31,31470000.0
2013-10-15,79.11,79.36,79.74,79.01,38680000.0
2013-10-16,80.01,79.46,80.05,79.42,46740000.0
2013-10-17,80.46,79.63,80.49,79.58,32190000.0
2013-10-18,81.77,81.18,81.8,80.97,39630000.0
2013-10-21,81.95,81.93,82.16,81.69,31180000.0
2013-10-22,82.07,82.24,82.51,81.55,43940000.0
2013-10-23,81.57,81.66,81.82,81.17,38020000.0
2013-10-24,81.93,81.61,82.1,81.5,23160000.0
2013-10-25,82.51,82.71,82.89,82.12,35830000.0
2013-10-28,82.53,82.51,82.66,82.17,28620000.0
2013-10-29,82.67,82.77,82.87,82.31,36880000.0
2013-10-30,82.59,82.97,83.1,82.2,33540000.0
2013-10-31,82.4,82.38,82.91,82.1,31310000.0
2013-11-01,82.42,82.65,82.78,82.02,30870000.0
2013-11-04,82.54,82.66,82.68,82.26,16840000.0
2013-11-05,82.63,82.21,82.83,81.99,27980000.0
2013-11-06,82.61,82.96,83.01,82.34,25580000.0
2013-11-07,81.06,82.6,82.74,80.99,52170000.0
2013-11-08,82.16,81.35,82.18,81.13,31480000.0
2013-11-11,82.03,82.01,82.26,81.76,24820000.0
2013-11-12,82.16,81.78,82.27,81.74,20110000.0
2013-11-13,83.15,81.63,83.16,81.62,31350000.0
2013-11-14,83.41,82.9,83.47,82.75,31100000.0
2013-11-15,83.57,83.44,83.57,83.22,20520000.0
2013-11-18,82.75,83.55,83.71,82.59,31680000.0
2013-11-19,82.51,82.7,83.1,82.37,25550000.0
2013-11-20,82.31,82.75,83.04,82.07,32180000.0
2013-11-21,83.15,82.64,83.22,82.59,28130000.0
2013-11-22,83.6,83.3,83.63,83.23,25360000.0
2013-11-25,83.8,83.9,83.99,83.59,21700000.0
2013-11-26,84.24,83.83,84.44,83.63,26630000.0
2013-11-27,84.82,84.4,84.84,84.34,21640000.0
2013-11-29,85.33,85.14,85.44,85.08,16710000.0
2013-12-02,85.08,85.43,85.56,84.95,26350000.0
2013-12-03,85.01,85.02,85.24,84.68,37150000.0
2013-12-04,85.09,84.66,85.37,84.39,37190000.0
2013-12-05,84.98,85.17,85.26,84.77,39830000.0
2013-12-06,85.6,85.7,85.78,85.19,36840000.0
2013-12-09,85.95,85.95,86.13,85.8,22600000.0
2013-12-10,85.89,85.79,86.05,85.72,26970000.0
2013-12-11,84.78,85.87,86.0,84.66,36830000.0
2013-12-12,84.56,84.84,85.02,84.5,33660000.0
2013-12-13,84.45,84.96,85.0,84.31,34080000.0
2013-12-16,84.92,84.87,85.41,84.81,24910000.0
2013-12-17,84.75,84.92,85.13,84.59,24450000.0
2013-12-18,85.74,84.82,85.82,83.66,68390000.0
2013-12-19,85.5,85.59,85.61,85.12,46490000.0
2013-12-20,86.1,85.35,86.28,85.33,40480000.0
2013-12-23,87.0,86.78,87.0,86.55,28180000.0
2013-12-24,87.04,87.02,87.1,86.86,13850000.0
2013-12-26,87.33,87.19,87.4,87.03,15240000.0
2013-12-27,87.11,87.42,87.49,87.0,15830000.0
2013-12-30,86.98,86.99,87.1,86.73,18990000.0
2013-12-31,87.55,87.13,87.55,87.11,24900000.0
2014-01-02,86.86,87.14,87.17,86.61,29190000.0
2014-01-03,86.24,86.86,86.94,86.22,35730000.0
2014-01-06,85.92,86.25,86.36,85.6,32090000.0
2014-01-07,86.71,86.3,86.84,86.16,25910000.0
2014-01-08,86.9,86.7,87.14,86.54,27210000.0
2014-01-09,86.61,87.21,87.23,86.32,23700000.0
2014-01-10,86.89,86.83,86.99,86.18,38010000.0
2014-01-13,85.61,86.77,87.07,85.28,48860000.0
2014-01-14,87.24,85.9,87.31,85.9,37190000.0
2014-01-15,87.96,87.59,88.13,87.53,39860000.0
2014-01-16,87.97,87.87,88.1,87.75,34260000.0
2014-01-17,87.47,87.71,87.96,87.26,36910000.0
2014-01-21,88.14,88.02,88.18,87.4,26430000.0
2014-01-22,88.37,88.34,88.59,88.11,29430000.0
2014-01-23,88.07,88.09,88.11,87.45,35080000.0
2014-01-24,86.34,87.65,87.77,86.31,64330000.0
2014-01-27,85.5,86.37,86.49,84.85,63680000.0
2014-01-28,85.45,85.02,85.54,84.91,44440000.0
2014-01-29,84.53,84.7,85.34,84.37,52060000.0
2014-01-30,86.1,85.59,86.4,85.48,66860000.0
2014-01-31,85.87,85.14,86.28,85.05,45200000.0
2014-02-03,83.9,85.74,86.1,83.68,65620000.0
2014-02-04,84.51,84.31,84.85,84.07,37800000.0
2014-02-05,84.3,84.25,84.59,83.35,41970000.0
2014-02-06,85.37,84.54,85.48,84.52,32340000.0
2014-02-07,86.89,85.87,86.95,85.6,38470000.0
2014-02-10,87.39,86.82,87.43,86.8,30230000.0
2014-02-11,88.39,87.53,88.56,87.48,38680000.0
2014-02-12,88.56,88.56,88.75,88.29,32530000.0
2014-02-13,89.21,87.9,89.28,87.89,40490000.0
2014-02-14,89.39,89.14,89.59,88.91,34090000.0
2014-02-18,89.83,89.51,90.0,89.32,29610000.0
2014-02-19,89.21,89.65,89.86,89.03,41780000.0
2014-02-20,89.63,89.28,89.8,88.89,41830000.0
2014-02-21,89.51,89.91,90.04,89.4,31220000.0
2014-02-24,89.99,89.68,90.4,89.62,31520000.0
2014-02-25,89.89,90.1,90.3,89.6,27460000.0
2014-02-26,89.81,90.15,90.42,89.45,42970000.0
2014-02-27,90.39,89.82,90.48,89.68,28750000.0
2014-02-28,90.29,90.36,90.91,89.49,48620000.0
2014-03-03,89.62,89.43,89.86,88.82,38950000.0
2014-03-04,90.76,90.58,90.93,90.51,33210000.0
2014-03-05,91.01,90.92,91.17,90.72,27220000.0
2014-03-06,90.93,91.2,91.29,90.6,24090000.0
2014-03-07,90.48,91.22,91.31,90.02,31170000.0
2014-03-10,90.56,90.43,90.61,89.98,18140000.0
2014-03-11,90.17,90.78,91.01,89.9,27510000.0
2014-03-12,90.51,89.77,90.56,89.43,28000000.0
2014-03-13,89.23,90.85,90.88,88.82,48540000.0
2014-03-14,88.62,88.94,89.33,88.58,38740000.0
2014-03-17,89.4,89.19,89.86,89.14,28480000.0
2014-03-18,90.48,89.5,90.59,89.48,31250000.0
2014-03-19,89.99,90.51,90.61,89.4,40870000.0
2014-03-20,90.24,89.73,90.51,89.53,31630000.0
2014-03-21,88.95,90.56,90.6,88.78,62810000.0
2014-03-24,88.17,89.27,89.34,87.36,77740000.0
2014-03-25,88.46,88.64,89.2,87.72,41720000.0
2014-03-26,87.32,88.91,89.1,87.31,40930000.0
2014-03-27,86.83,87.22,87.59,86.35,64780000.0
2014-03-28,87.0,87.1,87.96,86.76,39900000.0
2014-03-31,87.62,87.68,88.21,87.57,33920000.0
2014-04-01,89.16,88.05,89.22,87.66,38680000.0
2014-04-02,89.39,89.54,89.63,88.99,34630000.0
2014-04-03,88.68,89.5,89.63,88.17,30320000.0
2014-04-04,86.32,89.24,89.36,86.09,131210000.0
2014-04-07,85.51,85.79,86.58,84.91,84000000.0
2014-04-08,86.29,85.61,86.41,85.31,51500000.0
2014-04-09,87.77,86.62,87.82,86.38,45690000.0
2014-04-10,85.06,87.82,87.83,84.82,73660000.0
2014-04-11,84.07,84.3,85.4,83.87,93660000.0
2014-04-14,84.73,84.81,85.18,83.95,46500000.0
2014-04-15,85.01,85.02,85.5,83.24,84630000.0
2014-04-16,86.13,85.78,86.13,85.05,46970000.0
2014-04-17,86.15,85.84,86.58,85.59,53720000.0
2014-04-21,86.79,86.36,86.79,85.95,25950000.0
2014-04-22,87.48,87.05,87.7,86.94,38590000.0
2014-04-23,86.71,87.5,87.51,86.66,34380000.0
2014-04-24,87.54,88.15,88.16,86.6,48930000.0
2014-04-25,86.14,87.03,87.12,85.93,44340000.0
2014-04-28,86.42,86.53,87.06,85.07,58620000.0
2014-04-29,87.11,86.7,87.27,86.26,36740000.0
2014-04-30,87.34,86.74,87.43,86.49,38690000.0
2014-05-01,87.6,87.48,88.1,87.26,37130000.0
2014-05-02,87.44,87.89,88.06,87.23,40070000.0
2014-05-05,87.9,86.93,87.92,86.71,27920000.0
2014-05-06,86.76,87.78,87.81,86.72,33700000.0
2014-05-07,86.51,86.95,87.03,85.49,67490000.0
2014-05-08,86.43,86.21,87.48,86.0,46560000.0
2014-05-09,86.75,86.36,86.81,85.8,35080000.0
2014-05-12,88.18,87.26,88.21,87.19,38950000.0
2014-05-13,88.24,88.27,88.56,88.07,30310000.0
2014-05-14,87.78,87.98,88.3,87.57,26480000.0
2014-05-15,87.09,87.76,87.91,86.53,59680000.0
2014-05-16,87.66,87.19,87.71,86.59,66810000.0
2014-05-19,88.27,87.42,88.41,87.25,32020000.0
2014-05-20,87.95,88.23,88.55,87.59,33720000.0
2014-05-21,88.79,88.11,88.84,88.06,36840000.0
2014-05-22,89.18,88.89,89.43,88.75,30620000.0
2014-05-23,89.83,89.28,89.85,89.07,22690000.0
2014-05-27,90.95,90.23,90.97,90.15,29730000.0
2014-05-28,90.67,90.92,91.05,90.6,30480000.0
2014-05-29,91.25,91.0,91.26,90.81,33040000.0
2014-05-30,91.26,91.28,91.4,90.78,29920000.0
2014-06-02,91.17,91.38,91.39,90.59,30420000.0
2014-06-03,91.13,90.86,91.28,90.75,21780000.0
2014-06-04,91.47,90.91,91.62,90.76,20130000.0
2014-06-05,92.24,91.56,92.41,91.24,35580000.0
2014-06-06,92.77,92.61,92.77,92.4,22680000.0
2014-06-09,92.7,92.8,92.93,92.45,23400000.0
2014-06-10,92.86,92.62,92.91,92.51,20640000.0
2014-06-11,92.84,92.54,92.97,92.45,22880000.0
2014-06-12,92.0,92.64,92.74,91.68,35280000.0
2014-06-13,92.27,92.42,92.5,91.87,39450000.0
2014-06-16,92.35,92.11,92.62,91.91,25220000.0
2014-06-17,92.4,92.29,92.65,92.13,19980000.0
2014-06-18,92.92,92.5,93.05,91.93,34510000.0
2014-06-19,92.86,93.05,93.12,92.44,38430000.0
2014-06-20,92.72,92.65,92.82,92.48,25900000.0
2014-06-23,92.74,92.69,92.77,92.46,20840000.0
2014-06-24,92.65,92.74,93.52,92.38,31950000.0
2014-06-25,93.24,92.44,93.4,92.43,32820000.0
2014-06-26,93.29,93.3,93.31,92.57,22570000.0
2014-06-27,93.7,93.16,93.72,93.14,22880000.0
2014-06-30,93.86,93.66,94.09,93.62,19760000.0
2014-07-01,94.89,94.16,95.14,94.15,31860000.0
2014-07-02,95.05,94.93,95.19,94.86,18780000.0
2014-07-03,95.65,95.36,95.65,95.1,15290000.0
2014-07-07,95.36,95.54,95.66,95.18,23270000.0
2014-07-08,94.21,95.19,95.25,93.82,40610000.0
2014-07-09,94.91,94.46,95.02,94.19,29930000.0
2014-07-10,94.61,93.73,95.0,93.58,44250000.0
2014-07-11,95.22,94.82,95.22,94.56,19570000.0
2014-07-14,95.79,95.65,96.0,95.48,19580000.0
2014-07-15,95.46,95.93,96.08,94.78,39480000.0
2014-07-16,95.84,96.14,96.25,95.73,22060000.0
2014-07-17,94.57,95.58,95.92,94.27,43110000.0
2014-07-18,96.07,95.09,96.12,94.95,36690000.0
2014-07-21,95.95,95.87,96.11,95.5,29750000.0
2014-07-22,96.56,96.39,96.71,96.29,25770000.0
2014-07-23,97.18,96.89,97.29,96.72,28950000.0
2014-07-24,97.07,97.35,97.46,96.93,24710000.0
2014-07-25,96.69,96.6,96.82,96.18,29900000.0
2014-07-28,96.72,96.75,96.97,95.97,25600000.0
2014-07-29,96.55,96.92,97.15,96.47,27020000.0
2014-07-30,96.93,97.08,97.27,96.55,35350000.0
2014-07-31,94.97,96.15,96.29,94.83,50050000.0
2014-08-01,94.62,94.78,95.29,93.99,60710000.0
2014-08-04,95.27,94.85,95.64,94.47,33230000.0
2014-08-05,94.54,94.89,95.16,94.1,50330000.0
2014-08-06,94.47,93.94,95.06,93.87,34430000.0
2014-08-07,94.17,94.9,95.09,93.84,33270000.0
2014-08-08,94.85,94.33,94.96,93.92,40240000.0
2014-08-11,95.41,95.2,95.71,95.15,28280000.0
2014-08-12,95.37,95.33,95.62,94.88,28160000.0
2014-08-13,96.38,95.76,96.42,95.71,28000000.0
2014-08-14,96.88,96.49,96.9,96.38,25010000.0
2014-08-15,97.35,97.41,97.58,96.43,55210000.0
2014-08-18,98.1,97.84,98.19,97.72,38940000.0
2014-08-19,98.65,98.33,98.71,98.27,21360000.0
2014-08-20,98.65,98.56,98.85,98.48,23440000.0
2014-08-21,98.85,98.71,98.9,98.55,19340000.0
2014-08-22,99.0,98.89,99.2,98.67,24700000.0
2014-08-25,99.35,99.47,99.63,99.11,24120000.0
2014-08-26,99.45,99.48,99.56,99.22,20100000.0
2014-08-27,99.47,99.48,99.59,99.26,15600000.0
2014-08-28,99.36,99.15,99.48,99.03,23560000.0
2014-08-29,99.73,99.6,99.86,99.22,17910000.0
2014-09-02,100.02,99.99,100.05,99.61,18330000.0
2014-09-03,99.43,100.27,100.29,99.25,25950000.0
2014-09-04,99.34,99.68,100.17,99.09,24660000.0
2014-09-05,99.84,99.53,99.9,98.98,30810000.0
2014-09-08,100.03,99.84,100.28,99.57,25580000.0
2014-09-09,99.2,100.01,100.41,99.01,36450000.0
2014-09-10,100.02,99.33,100.06,99.05,31080000.0
2014-09-11,99.94,99.6,99.99,99.19,28760000.0
2014-09-12,99.43,99.85,99.88,99.12,30450000.0
2014-09-15,98.47,99.54,99.55,98.16,32970000.0
2014-09-16,99.33,98.11,99.52,98.0,38170000.0
2014-09-17,99.48,99.32,99.95,98.88,37210000.0
2014-09-18,100.23,99.78,100.24,99.68,30200000.0
2014-09-19,99.93,100.41,100.51,99.53,46920000.0
2014-09-22,99.0,99.69,99.7,98.57,48660000.0
2014-09-23,98.73,98.62,99.17,98.53,33990000.0
2014-09-24,99.79,98.82,99.83,98.49,35960000.0
2014-09-25,97.69,99.48,99.6,97.65,68640000.0
2014-09-26,98.73,98.0,98.91,97.84,56110000.0
2014-09-29,98.6,97.75,98.87,97.7,33340000.0
2014-09-30,98.74,98.87,99.25,98.27,41830000.0
2014-10-01,97.16,98.49,98.56,96.85,58160000.0
2014-10-02,97.16,97.14,97.46,95.92,54500000.0
2014-10-03,98.12,97.71,98.52,97.39,41630000.0
2014-10-06,97.91,98.42,98.67,97.61,36040000.0
2014-10-07,96.52,97.43,97.73,96.51,45150000.0
2014-10-08,98.4,96.61,98.71,96.01,64930000.0
2014-10-09,96.81,98.28,98.52,96.66,62500000.0
2014-10-10,94.39,96.24,96.78,94.37,77580000.0
2014-10-13,92.91,94.24,94.94,92.83,80840000.0
2014-10-14,92.92,93.55,94.12,92.66,71810000.0
2014-10-15,92.32,91.5,92.71,90.19,108850000.0
2014-10-16,91.74,90.38,92.53,90.34,93170000.0
2014-10-17,92.95,92.94,93.84,92.41,69550000.0
2014-10-20,94.34,92.91,94.42,92.75,41480000.0
2014-10-21,96.82,95.49,96.82,95.27,53610000.0
2014-10-22,96.32,97.11,97.25,96.25,39180000.0
2014-10-23,97.77,97.27,98.31,97.12,48120000.0
2014-10-24,98.57,97.91,98.64,97.59,43160000.0
2014-10-27,98.64,98.35,98.82,97.97,29550000.0
2014-10-28,100.13,99.05,100.15,98.64,34500000.0
2014-10-29,99.76,99.79,100.07,99.05,40550000.0
2014-10-30,99.97,99.32,100.21,99.09,35940000.0
2014-10-31,101.35,101.62,101.7,101.02,54250000.0
2014-11-03,101.65,101.48,101.92,101.38,33480000.0
2014-11-04,101.31,101.31,101.57,100.62,22770000.0
2014-11-05,101.32,101.96,101.98,100.96,25820000.0
2014-11-06,101.64,101.27,101.67,100.87,24670000.0
2014-11-07,101.55,101.82,101.86,101.02,20930000.0
2014-11-10,101.91,101.6,102.04,101.33,20360000.0
2014-11-11,102.23,101.93,102.23,101.65,15450000.0
2014-11-12,102.41,101.82,102.52,101.82,22050000.0
2014-11-13,102.85,102.6,103.23,102.37,28030000.0
2014-11-14,103.17,102.82,103.17,102.48,19250000.0
2014-11-17,102.86,102.93,103.16,102.37,23360000.0
2014-11-18,103.63,102.95,103.77,102.94,26340000.0
2014-11-19,103.16,103.52,103.52,102.68,23760000.0
2014-11-20,103.62,102.72,103.71,102.64,22870000.0
2014-11-21,103.82,104.54,104.64,103.49,34050000.0
2014-11-24,104.63,104.1,104.68,104.01,17930000.0
2014-11-25,104.78,104.78,105.09,104.52,17530000.0
2014-11-26,105.46,104.88,105.52,104.78,18970000.0
2014-11-28,105.95,105.74,106.19,105.67,17360000.0
2014-12-01,104.75,105.66,105.86,104.37,35970000.0
2014-12-02,105.17,104.86,105.36,104.65,26030000.0
2014-12-03,105.36,105.33,105.51,104.71,32970000.0
2014-12-04,105.31,105.26,105.72,104.87,31010000.0
2014-12-05,105.32,105.48,105.64,105.09,25620000.0
2014-12-08,104.58,105.05,105.51,104.02,32690000.0
2014-12-09,104.9,103.36,104.98,102.99,46040000.0
2014-12-10,103.26,104.71,104.97,103.07,39330000.0
2014-12-11,103.75,103.56,104.98,103.54,47580000.0
2014-12-12,102.62,102.76,103.94,102.61,46890000.0
2014-12-15,101.56,103.15,103.53,101.26,52970000.0
2014-12-16,99.93,100.92,102.42,99.91,65350000.0
2014-12-17,101.75,100.0,102.04,99.87,79720000.0
2014-12-18,104.2,103.21,104.21,102.93,49840000.0
2014-12-19,104.27,103.92,104.69,103.66,51420000.0
2014-12-22,104.53,104.1,104.56,104.05,33870000.0
2014-12-23,104.16,104.9,104.91,104.04,30160000.0
2014-12-24,104.25,104.29,104.65,104.22,14290000.0
2014-12-26,104.98,104.55,105.2,104.52,13920000.0
2014-12-29,104.96,104.88,105.19,104.82,17070000.0
2014-12-30,104.27,104.67,104.9,104.12,18600000.0
2014-12-31,103.2,104.45,104.85,103.05,24370000.0
2015-01-02,102.89,103.71,104.15,102.39,31310000.0
2015-01-05,101.38,102.44,102.56,101.09,36520000.0
2015-01-06,100.02,101.53,101.7,99.57,66210000.0
2015-01-07,101.31,100.68,101.55,100.43,37580000.0
2015-01-08,103.25,102.17,103.45,102.06,40210000.0
2015-01-09,102.57,103.57,103.6,101.97,41410000.0
2015-01-12,101.5,102.77,102.88,101.23,34130000.0
2015-01-13,101.47,102.49,103.57,100.65,56160000.0
2015-01-14,100.91,100.45,101.43,100.02,51350000.0
2015-01-15,99.6,101.38,101.54,99.47,51010000.0
2015-01-16,100.77,99.47,100.9,99.31,35360000.0
2015-01-20,101.57,101.38,101.83,100.24,30960000.0
2015-01-21,102.09,101.27,102.57,100.91,40130000.0
2015-01-22,103.98,102.49,104.09,101.59,40890000.0
2015-01-23,104.21,103.97,104.53,103.67,34780000.0
2015-01-26,104.09,104.09,104.28,103.56,19960000.0
2015-01-27,101.39,102.45,102.51,101.05,45250000.0
2015-01-28,100.87,103.02,103.13,100.85,43590000.0
2015-01-29,101.84,100.79,102.02,99.91,46540000.0
2015-01-30,101.05,101.75,102.53,100.91,42930000.0
2015-02-02,101.93,101.28,102.02,99.7,43620000.0
2015-02-03,102.91,102.3,102.98,101.63,30750000.0
2015-02-04,102.82,102.49,103.5,102.26,34070000.0
2015-02-05,103.71,103.08,103.78,102.82,23610000.0
2015-02-06,103.08,103.87,104.12,102.71,34170000.0
2015-02-09,102.75,102.68,103.23,102.5,22600000.0
2015-02-10,104.35,103.32,104.49,103.16,23690000.0
2015-02-11,104.72,104.47,104.96,104.27,20300000.0
2015-02-12,105.94,105.4,105.98,105.24,22520000.0
2015-02-13,106.85,106.24,106.87,106.05,29030000.0
2015-02-17,106.95,106.85,107.02,106.59,17680000.0
2015-02-18,107.1,106.82,107.16,106.68,15150000.0
2015-02-19,107.63,107.03,107.7,107.0,19830000.0
2015-02-20,108.35,107.56,108.41,107.22,28340000.0
2015-02-23,108.46,108.29,108.49,108.05,17870000.0
2015-02-24,108.54,108.32,108.67,107.99,19750000.0
2015-02-25,108.27,108.38,108.8,108.03,19470000.0
2015-02-26,108.82,108.38,108.88,108.08,22260000.0
2015-02-27,108.34,108.78,108.85,108.17,27760000.0
2015-03-02,109.32,108.55,109.36,108.53,22990000.0
2015-03-03,108.81,108.99,109.1,108.12,20790000.0
2015-03-04,108.39,108.45,108.61,107.8,21010000.0
2015-03-05,108.58,108.67,108.91,108.13,15380000.0
2015-03-06,107.35,108.44,108.65,107.08,30990000.0
2015-03-09,107.66,107.57,107.93,107.13,26240000.0
2015-03-10,105.66,106.89,106.92,105.66,34230000.0
2015-03-11,105.05,105.82,105.95,105.01,25460000.0
2015-03-12,105.74,104.97,105.86,104.9,21470000.0
2015-03-13,105.28,105.64,106.06,104.63,42020000.0
2015-03-16,106.64,105.67,106.68,105.56,25670000.0
2015-03-17,106.81,106.35,106.98,106.1,19600000.0
2015-03-18,107.86,106.52,108.35,105.97,40620000.0
2015-03-19,108.02,107.97,108.32,107.81,31310000.0
2015-03-20,108.47,108.66,109.01,108.45,31760000.0
2015-03-23,108.26,108.41,108.71,108.22,17270000.0
2015-03-24,107.87,108.25,108.75,107.85,22450000.0
2015-03-25,105.4,108.04,108.14,105.36,41580000.0
2015-03-26,105.04,104.54,105.64,104.19,47850000.0
2015-03-27,105.46,105.02,105.71,104.86,33880000.0
2015-03-30,106.67,106.1,106.76,106.1,30570000.0
2015-03-31,105.54,106.37,106.59,105.51,30490000.0
2015-04-01,104.99,105.54,105.56,104.32,32970000.0
2015-04-02,105.06,105.09,105.4,104.72,19160000.0
2015-04-06,105.92,104.45,106.21,104.29,24450000.0
2015-04-07,105.74,105.86,106.64,105.74,19380000.0
2015-04-08,106.58,105.78,106.73,105.77,25870000.0
2015-04-09,107.25,106.53,107.29,106.17,23110000.0
2015-04-10,107.69,107.21,107.7,106.97,17160000.0
2015-04-13,107.42,107.77,108.32,107.3,17780000.0
2015-04-14,107.11,107.31,107.62,106.5,23760000.0
2015-04-15,107.78,107.39,108.01,107.26,21130000.0
2015-04-16,107.63,107.49,107.82,107.34,16200000.0
2015-04-17,105.95,106.6,106.89,105.49,46510000.0
2015-04-20,107.54,106.48,107.73,106.44,28950000.0
2015-04-21,108.0,108.16,108.35,107.87,22760000.0
2015-04-22,108.59,108.28,108.77,107.58,21430000.0
2015-04-23,109.0,108.22,109.49,108.2,29470000.0
2015-04-24,110.48,110.15,110.63,109.97,32510000.0
2015-04-27,110.2,110.89,111.1,109.96,31120000.0
2015-04-28,109.98,110.28,110.49,109.05,36850000.0
2015-04-29,109.29,109.37,110.01,108.69,34040000.0
2015-04-30,107.57,108.67,109.11,107.0,44080000.0
2015-05-01,108.99,107.99,109.06,107.97,32870000.0
2015-05-04,109.17,109.34,109.85,109.11,23510000.0
2015-05-05,107.39,108.74,108.94,107.34,47840000.0
2015-05-06,106.65,107.58,107.89,105.94,42690000.0
2015-05-07,107.29,106.62,107.59,106.54,29340000.0
2015-05-08,108.63,108.4,108.86,108.24,33020000.0
2015-05-11,108.21,108.7,108.92,108.13,19680000.0
2015-05-12,107.72,107.57,108.27,106.74,33670000.0
2015-05-13,107.94,108.19,108.75,107.78,20740000.0
2015-05-14,109.52,108.82,109.61,108.42,23900000.0
2015-05-15,109.52,109.8,109.95,109.25,23940000.0
2015-05-18,110.0,109.34,110.22,109.26,17630000.0
2015-05-19,109.88,110.12,110.29,109.7,14210000.0
2015-05-20,109.95,109.96,110.61,109.37,21130000.0
2015-05-21,110.52,109.76,110.67,109.6,16770000.0
2015-05-22,110.41,110.39,110.81,110.32,13540000.0
2015-05-26,109.14,110.17,110.32,108.7,25490000.0
2015-05-27,110.9,109.47,111.02,109.23,30570000.0
2015-05-28,110.65,110.69,110.95,110.31,17300000.0
2015-05-29,109.99,110.58,110.73,109.73,30380000.0
2015-06-01,110.36,110.58,110.66,109.46,24570000.0
2015-06-02,110.01,109.95,110.55,109.41,19450000.0
2015-06-03,110.34,110.51,110.75,110.07,20510000.0
2015-06-04,109.5,109.72,110.42,109.15,31370000.0
2015-06-05,109.24,109.37,109.63,108.57,22640000.0
2015-06-08,108.13,109.19,109.27,107.91,24550000.0
2015-06-09,107.95,107.87,108.34,107.14,27550000.0
2015-06-10,109.43,108.32,109.75,108.2,30300000.0
2015-06-11,109.59,109.8,110.09,109.4,17590000.0
2015-06-12,108.69,109.01,109.24,108.54,27200000.0
2015-06-15,108.15,107.88,108.32,107.25,31240000.0
2015-06-16,108.74,108.04,108.92,107.99,16460000.0
2015-06-17,109.04,108.92,109.39,108.37,23300000.0
2015-06-18,110.63,109.44,110.82,109.38,43030000.0
2015-06-19,109.83,110.43,110.52,109.75,27880000.0
2015-06-22,110.64,110.64,110.97,110.39,19120000.0
2015-06-23,110.73,110.76,110.83,110.27,18130000.0
2015-06-24,110.16,110.6,111.07,110.13,15820000.0
2015-06-25,109.94,110.59,110.7,109.76,18330000.0
2015-06-26,109.21,109.92,110.17,108.8,32310000.0
2015-06-29,106.63,108.0,108.6,106.58,50870000.0
2015-06-30,107.01,107.43,107.66,106.68,34810000.0
2015-07-01,107.86,108.07,108.29,107.36,21290000.0
2015-07-02,107.89,108.17,108.26,107.56,20500000.0
2015-07-06,107.64,107.21,108.26,106.98,24310000.0
2015-07-07,107.91,107.76,108.01,105.77,44230000.0
2015-07-08,106.03,107.14,107.27,105.84,39690000.0
2015-07-09,105.97,107.44,107.54,105.96,28380000.0
2015-07-10,107.59,107.38,107.99,106.99,26420000.0
2015-07-13,109.48,108.52,109.57,108.51,25780000.0
2015-07-14,110.2,109.63,110.5,109.57,21980000.0
2015-07-15,110.32,110.41,110.75,110.01,28630000.0
2015-07-16,111.88,111.23,111.9,111.01,29840000.0
2015-07-17,113.53,112.78,113.53,112.59,35930000.0
2015-07-20,113.92,113.77,114.33,113.42,26540000.0
2015-07-21,113.85,113.96,114.14,113.52,35470000.0
2015-07-22,112.56,112.11,113.11,112.11,35570000.0
2015-07-23,112.14,112.67,113.04,111.85,25700000.0
2015-07-24,111.04,112.74,112.94,110.87,30840000.0
2015-07-27,110.12,110.41,110.89,109.88,35990000.0
2015-07-28,111.07,110.61,111.29,109.73,33550000.0
2015-07-29,111.49,111.31,111.73,110.88,26710000.0
2015-07-30,112.02,111.23,112.21,110.56,25440000.0
2015-07-31,111.89,112.37,112.43,111.66,22080000.0
2015-08-03,111.54,111.91,112.22,110.8,25000000.0
2015-08-04,111.33,111.49,111.69,110.87,22130000.0
2015-08-05,112.19,111.95,112.94,111.82,28990000.0
2015-08-06,110.39,112.29,112.44,109.89,42130000.0
2015-08-07,110.25,110.12,110.51,109.34,30010000.0
2015-08-10,111.51,110.95,111.75,110.94,21500000.0
2015-08-11,110.08,110.92,111.35,109.47,36120000.0
2015-08-12,110.46,109.32,110.68,108.16,41890000.0
2015-08-13,110.28,110.57,111.1,110.04,22510000.0
2015-08-14,110.45,110.02,110.61,109.8,17920000.0
2015-08-17,111.37,110.18,111.4,109.9,21220000.0
2015-08-18,110.8,111.22,111.31,110.65,13980000.0
2015-08-19,110.07,110.46,111.05,109.43,42510000.0
2015-08-20,107.02,109.05,109.4,107.01,57750000.0
2015-08-21,102.35,105.51,106.41,102.35,97760000.0
2015-08-24,98.41,94.18,102.48,84.7,150830000.0
2015-08-25,98.04,102.02,102.69,97.96,75090000.0
2015-08-26,102.98,100.91,103.18,98.88,104100000.0
2015-08-27,105.58,104.47,105.65,103.23,69380000.0
2015-08-28,105.56,105.02,105.94,104.79,49920000.0
2015-08-31,104.26,104.97,105.55,104.0,39550000.0
2015-09-01,101.0,101.66,103.24,100.58,73160000.0
2015-09-02,103.85,102.83,103.87,101.65,43960000.0
2015-09-03,103.34,104.26,104.96,103.05,45130000.0
2015-09-04,102.11,101.92,102.79,101.54,49380000.0
2015-09-08,104.98,104.07,105.11,103.64,37340000.0
2015-09-09,103.81,106.22,106.25,103.54,47150000.0
2015-09-10,104.93,103.69,105.62,103.57,47690000.0
2015-09-11,105.51,104.46,105.51,104.16,29110000.0
2015-09-14,105.19,105.9,105.92,104.79,19720000.0
2015-09-15,106.43,105.44,106.76,105.05,30020000.0
2015-09-16,107.03,106.45,107.13,106.08,31330000.0
2015-09-17,107.07,106.92,108.67,106.58,56140000.0
2015-09-18,105.29,105.17,106.54,105.11,48380000.0
2015-09-21,105.62,105.87,106.49,104.68,35770000.0
2015-09-22,104.05,104.01,104.37,103.08,47360000.0
2015-09-23,104.13,104.33,104.61,103.59,21780000.0
2015-09-24,103.75,103.12,104.14,102.22,38280000.0
2015-09-25,102.87,104.85,104.95,102.23,44700000.0
2015-09-28,99.94,102.43,102.5,99.64,44080000.0
2015-09-29,99.42,100.19,101.21,98.7,49320000.0
2015-09-30,101.71,100.84,101.82,100.45,41410000.0
2015-10-01,102.17,101.89,102.18,100.54,39340000.0
2015-10-02,103.96,100.75,103.96,100.43,59370000.0
2015-10-05,105.44,104.72,105.72,104.5,32850000.0
2015-10-06,104.94,105.19,105.54,104.13,33050000.0
2015-10-07,105.57,105.6,105.8,104.24,37390000.0
2015-10-08,105.99,105.17,106.17,104.16,50190000.0
2015-10-09,106.47,106.04,106.67,105.75,23920000.0
2015-10-12,106.73,106.67,106.93,106.29,16160000.0
2015-10-13,106.04,106.12,107.2,105.94,27000000.0
2015-10-14,105.87,106.04,106.57,105.43,30900000.0
2015-10-15,107.61,106.26,107.62,106.12,38390000.0
2015-10-16,108.06,107.84,108.12,107.32,27090000.0
2015-10-19,108.68,107.92,108.75,107.68,23780000.0
2015-10-20,108.12,108.49,108.72,107.75,23400000.0
2015-10-21,107.46,108.67,108.78,107.42,30200000.0
2015-10-22,109.65,108.42,109.74,108.11,42780000.0
2015-10-23,112.72,112.6,113.18,112.01,53170000.0
2015-10-26,112.79,112.64,113.01,112.21,25920000.0
2015-10-27,113.02,112.49,113.18,112.46,31390000.0
2015-10-28,113.96,113.19,113.96,112.28,42220000.0
2015-10-29,113.78,113.44,113.97,113.32,24910000.0
2015-10-30,113.27,113.83,114.02,113.24,27200000.0
2015-11-02,114.55,113.57,114.68,113.33,22180000.0
2015-11-03,114.95,114.32,115.36,114.15,20420000.0
2015-11-04,114.96,115.33,115.41,114.48,28630000.0
2015-11-05,114.65,115.06,115.33,114.05,25000000.0
2015-11-06,114.73,114.43,114.86,113.7,29920000.0
2015-11-09,113.51,114.3,114.45,112.81,33480000.0
2015-11-10,113.22,112.91,113.33,112.57,35450000.0
2015-11-11,113.08,113.53,114.08,112.89,22750000.0
2015-11-12,111.98,112.59,113.17,111.9,31200000.0
2015-11-13,109.78,111.51,111.63,109.72,52840000.0
2015-11-16,111.36,109.68,111.38,109.42,33980000.0
2015-11-17,111.43,111.55,112.23,111.15,30580000.0
2015-11-18,113.57,111.88,113.68,111.77,32970000.0
2015-11-19,113.65,113.62,114.17,113.43,26190000.0
2015-11-20,114.42,114.18,114.51,114.08,22730000.0
2015-11-23,114.09,114.47,114.88,113.6,20700000.0
2015-11-24,113.99,113.36,114.26,112.78,26370000.0
2015-11-25,114.09,114.13,114.3,113.85,14160000.0
2015-11-27,114.25,114.33,114.48,113.86,8830000.0
2015-11-30,113.96,114.54,114.59,113.59,25040000.0
2015-12-01,115.1,114.41,115.1,114.28,28640000.0
2015-12-02,114.39,115.17,115.69,114.22,22400000.0
2015-12-03,112.45,114.7,114.9,111.78,42750000.0
2015-12-04,115.08,112.78,115.27,112.56,40040000.0
2015-12-07,114.56,115.16,115.23,114.01,25890000.0
2015-12-08,114.57,113.38,114.93,113.32,30790000.0
2015-12-09,112.83,114.05,114.7,112.14,48510000.0
2015-12-10,113.34,113.09,114.1,112.75,30150000.0
2015-12-11,110.73,112.03,112.33,110.66,56020000.0
2015-12-14,111.57,110.92,111.62,109.32,53100000.0
2015-12-15,112.25,112.54,113.22,112.11,48430000.0
2015-12-16,113.92,113.01,114.11,111.83,44940000.0
2015-12-17,112.26,114.4,114.42,112.24,45670000.0
2015-12-18,109.77,111.52,111.82,109.77,53750000.0
2015-12-21,110.99,110.81,111.01,109.99,26430000.0
2015-12-22,111.72,111.59,111.88,110.99,26540000.0
2015-12-23,112.55,112.28,112.63,112.1,25660000.0
2015-12-24,112.53,112.51,112.84,112.48,11480000.0
2015-12-28,112.47,112.26,112.49,111.45,19180000.0
2015-12-29,114.24,113.16,114.48,113.07,27730000.0
2015-12-30,113.21,114.1,114.18,113.19,19520000.0
2015-12-31,111.8,112.81,113.02,111.78,29890000.0
2016-01-04,109.44,109.37,109.54,108.06,50810000.0
2016-01-05,109.25,109.98,110.12,108.74,38800000.0
2016-01-06,108.2,107.37,108.83,107.35,41890000.0
2016-01-07,104.81,105.9,107.23,104.75,61390000.0
2016-01-08,103.96,105.61,106.23,103.85,69340000.0
2016-01-11,104.28,104.73,105.0,102.68,50020000.0
2016-01-12,105.48,105.25,106.02,104.03,46730000.0
2016-01-13,101.85,105.94,106.17,101.69,69870000.0
2016-01-14,104.02,102.25,104.92,100.62,78450000.0
2016-01-15,100.79,100.52,101.89,99.46,91440000.0
2016-01-19,101.01,102.15,102.32,99.83,56560000.0
2016-01-20,100.7,99.43,101.78,97.2,86670000.0
2016-01-21,100.8,101.14,102.3,99.77,61660000.0
2016-01-22,103.72,102.79,103.76,102.48,42230000.0
2016-01-25,102.18,103.41,103.94,102.09,38880000.0
2016-01-26,103.1,102.6,103.54,101.71,36140000.0
2016-01-27,100.53,102.5,102.94,100.1,54520000.0
2016-01-28,101.95,102.14,102.24,100.21,47640000.0
2016-01-29,104.08,101.95,104.12,101.89,54250000.0
2016-02-01,104.36,103.57,104.74,103.18,32750000.0
2016-02-02,102.1,103.92,103.92,101.79,44930000.0
2016-02-03,101.61,102.75,102.78,99.83,61570000.0
2016-02-04,101.6,101.3,102.4,100.39,49320000.0
2016-02-05,98.07,101.24,101.28,97.67,70750000.0
2016-02-08,96.57,96.28,97.0,94.79,91670000.0
2016-02-09,96.27,95.31,97.73,95.13,73780000.0
2016-02-10,96.64,97.45,98.64,96.57,59420000.0
2016-02-11,96.5,95.4,97.27,95.14,76840000.0
2016-02-12,97.97,97.63,98.07,96.68,49190000.0
2016-02-16,100.18,99.39,100.18,98.8,40570000.0
2016-02-17,102.45,100.96,102.59,100.65,41770000.0
2016-02-18,101.28,102.76,102.79,101.15,38990000.0
2016-02-19,101.58,100.86,101.89,100.56,28260000.0
2016-02-22,103.23,102.49,103.33,102.43,23980000.0
2016-02-23,101.53,102.62,102.91,101.46,29870000.0
2016-02-24,102.5,100.39,102.63,99.72,40740000.0
2016-02-25,103.51,102.71,103.51,101.79,29390000.0
2016-02-26,103.38,104.23,104.31,103.13,30930000.0
2016-02-29,102.45,103.26,104.05,102.45,27550000.0
2016-03-01,105.73,103.4,105.73,103.11,37700000.0
2016-03-02,105.77,105.57,105.79,104.95,29210000.0
2016-03-03,105.57,105.65,105.69,104.81,25470000.0
2016-03-04,105.61,105.7,106.29,104.91,31660000.0
2016-03-07,104.96,105.06,105.68,104.22,25860000.0
2016-03-08,104.1,104.25,105.16,103.92,28900000.0
2016-03-09,104.76,104.52,104.78,103.91,31050000.0
2016-03-10,104.61,105.25,105.8,103.26,45000000.0
2016-03-11,106.43,105.74,106.43,105.4,31450000.0
2016-03-14,106.61,106.02,106.86,106.0,25370000.0
2016-03-15,106.57,106.21,106.69,105.89,26520000.0
2016-03-16,107.52,106.31,107.8,106.28,31690000.0
2016-03-17,107.46,107.2,107.71,106.81,29620000.0
2016-03-18,107.31,107.4,107.58,106.74,37680000.0
2016-03-21,107.73,107.1,107.83,107.06,17290000.0
2016-03-22,108.06,107.12,108.31,107.1,18840000.0
2016-03-23,107.17,107.85,107.93,106.93,20910000.0
2016-03-24,107.2,106.61,107.23,106.47,19020000.0
2016-03-28,107.05,107.5,107.52,106.86,13890000.0
2016-03-29,108.77,106.87,108.84,106.67,29960000.0
2016-03-30,109.3,109.42,109.98,109.07,23810000.0
2016-03-31,109.14,109.24,109.63,108.97,21450000.0
2016-04-01,110.3,108.52,110.34,108.33,26390000.0
2016-04-04,109.88,110.25,110.38,109.62,17160000.0
2016-04-05,108.82,109.02,109.44,108.68,20110000.0
2016-04-06,110.61,108.94,110.65,108.93,25060000.0
2016-04-07,109.02,109.98,110.17,108.55,28570000.0
2016-04-08,108.94,109.71,109.96,108.56,22900000.0
2016-04-11,108.54,109.42,109.96,108.53,25770000.0
2016-04-12,109.45,108.6,109.66,107.96,28560000.0
2016-04-13,110.85,110.26,111.02,110.15,25360000.0
2016-04-14,110.86,109.94,111.27,109.94,17200000.0
2016-04-15,110.58,110.77,111.0,110.3,21350000.0
2016-04-18,111.17,110.27,111.21,110.19,17130000.0
2016-04-19,110.49,111.38,111.38,109.82,42480000.0
2016-04-20,110.58,110.48,111.09,110.11,18080000.0
2016-04-21,110.59,110.52,110.99,110.09,20220000.0
2016-04-22,108.92,109.15,109.66,108.06,39070000.0
2016-04-25,108.92,108.56,108.93,108.39,14350000.0
2016-04-26,108.39,109.14,109.33,108.06,19120000.0
2016-04-27,107.52,107.28,107.77,106.63,33060000.0
2016-04-28,106.22,107.63,108.28,106.01,29820000.0
2016-04-29,105.66,106.16,106.44,104.82,67500000.0
2016-05-02,106.66,105.91,106.81,105.5,24810000.0
2016-05-03,105.67,105.9,106.38,105.39,38570000.0
2016-05-04,104.99,105.06,105.43,104.74,27470000.0
2016-05-05,104.96,105.37,105.6,104.75,20790000.0
2016-05-06,105.52,104.46,105.54,104.35,30760000.0
2016-05-09,105.82,105.55,106.31,105.48,19290000.0
2016-05-10,107.27,106.2,107.32,106.01,21180000.0
2016-05-11,106.3,107.1,107.43,106.27,20970000.0
2016-05-12,105.83,106.62,106.68,105.08,29200000.0
2016-05-13,105.44,105.79,106.39,105.23,21060000.0
2016-05-16,106.76,105.61,107.15,105.5,18310000.0
2016-05-17,105.42,106.68,106.98,105.14,29930000.0
2016-05-18,105.8,105.23,106.37,104.98,28180000.0
2016-05-19,105.25,105.39,105.65,104.49,27330000.0
2016-05-20,106.41,105.68,106.84,105.61,29550000.0
2016-05-23,106.27,106.49,106.91,106.17,15730000.0
2016-05-24,108.4,106.86,108.53,106.83,29930000.0
2016-05-25,109.18,108.8,109.51,108.63,38460000.0
2016-05-26,109.5,109.29,109.64,109.03,21890000.0
2016-05-27,110.07,109.59,110.08,109.55,19870000.0
2016-05-31,110.28,110.22,110.45,109.73,24370000.0
2016-06-01,110.29,109.94,110.54,109.85,19570000.0
2016-06-02,110.52,110.07,110.53,109.47,15700000.0
2016-06-03,110.0,110.31,110.36,109.28,20270000.0
2016-06-06,110.4,110.19,110.69,110.01,12500000.0
2016-06-07,110.12,110.47,110.57,110.07,12180000.0
2016-06-08,110.31,110.31,110.54,109.9,14570000.0
2016-06-09,110.13,109.87,110.25,109.65,17570000.0
2016-06-10,108.88,109.14,109.34,108.5,32970000.0
2016-06-13,107.97,108.28,108.87,107.83,25410000.0
2016-06-14,107.97,107.72,108.36,107.18,24590000.0
2016-06-15,107.66,108.26,108.38,107.48,24610000.0
2016-06-16,107.98,107.11,108.08,106.44,32080000.0
2016-06-17,106.43,107.47,107.63,106.18,29210000.0
2016-06-20,107.1,107.67,108.18,107.02,20560000.0
2016-06-21,107.44,107.27,107.66,107.04,22800000.0
2016-06-22,107.18,107.52,108.13,107.09,22720000.0
2016-06-23,108.71,108.03,108.73,107.56,18710000.0
2016-06-24,104.24,104.75,106.44,104.01,68010000.0
2016-06-27,102.17,103.55,103.55,101.7,50040000.0
2016-06-28,104.41,103.28,104.46,103.25,28260000.0
2016-06-29,106.25,105.2,106.47,105.18,31360000.0
2016-06-30,107.48,106.46,107.55,106.07,36300000.0
2016-07-01,108.02,107.43,108.42,107.39,19900000.0
2016-07-05,107.36,107.52,107.6,106.78,21170000.0
2016-07-06,108.24,106.86,108.29,106.51,24580000.0
2016-07-07,108.56,108.33,108.8,108.05,19160000.0
2016-07-08,110.24,109.11,110.3,108.96,29460000.0
2016-07-11,110.87,110.62,111.28,110.6,20220000.0
2016-07-12,111.43,111.53,111.73,111.28,21910000.0
2016-07-13,111.16,111.73,111.76,111.15,21110000.0
2016-07-14,111.92,111.9,112.13,111.64,20870000.0
2016-07-15,111.74,112.16,112.24,111.49,18000000.0
2016-07-18,112.48,111.8,112.68,111.79,20710000.0
2016-07-19,112.07,112.11,112.42,111.87,18940000.0
2016-07-20,113.38,112.69,113.59,112.54,25000000.0
2016-07-21,113.12,113.46,113.68,112.81,18890000.0
2016-07-22,113.59,113.22,113.72,112.85,20000000.0
2016-07-25,113.6,113.5,113.63,113.22,12970000.0
2016-07-26,113.73,113.57,114.14,113.16,21220000.0
2016-07-27,114.52,114.7,114.82,114.04,27650000.0
2016-07-28,114.92,114.7,115.05,114.34,16940000.0
2016-07-29,115.17,115.18,115.48,114.81,22390000.0
2016-08-01,115.78,115.25,118.72,115.11,13990000.0
2016-08-02,114.9,115.62,115.71,114.16,21280000.0
2016-08-03,115.28,114.82,115.29,114.74,15010000.0
2016-08-04,115.61,115.26,115.72,114.97,12840000.0
2016-08-05,116.72,116.22,116.98,116.07,23200000.0
2016-08-08,116.59,116.76,116.81,116.22,12360000.0
2016-08-09,116.86,116.67,117.23,116.61,13280000.0
2016-08-10,116.56,116.9,116.96,116.25,14690000.0
2016-08-11,117.06,116.95,117.31,116.72,12970000.0
2016-08-12,117.14,116.85,117.15,116.73,19380000.0
2016-08-15,117.64,117.27,117.91,117.25,11780000.0
2016-08-16,116.99,117.41,117.43,116.97,14160000.0
2016-08-17,117.2,117.02,117.24,116.37,15980000.0
2016-08-18,117.23,117.09,117.4,116.88,10040000.0
2016-08-19,117.2,117.04,117.46,116.7,18740000.0
2016-08-22,117.29,117.03,117.49,116.81,14500000.0
2016-08-23,117.5,117.73,117.95,117.45,12000000.0
2016-08-24,116.74,117.43,117.58,116.35,17730000.0
2016-08-25,116.55,116.42,116.91,116.3,24270000.0
2016-08-26,116.72,116.6,117.48,116.02,23900000.0
2016-08-29,116.88,116.75,117.19,116.73,11180000.0
2016-08-30,116.5,116.67,117.03,116.1,19840000.0
2016-08-31,116.38,116.32,116.5,115.89,16170000.0
2016-09-01,116.68,116.42,116.82,115.85,20940000.0
2016-09-02,117.06,117.26,117.5,116.62,18090000.0
2016-09-06,117.79,117.23,117.79,117.0,18530000.0
2016-09-07,117.86,117.89,118.06,117.41,17550000.0
2016-09-08,117.17,117.51,117.54,116.86,20130000.0
2016-09-09,114.22,116.17,116.45,114.2,50810000.0
2016-09-12,116.27,113.58,116.43,113.57,39650000.0
2016-09-13,115.23,115.67,116.03,114.67,45860000.0
2016-09-14,115.78,115.37,116.41,115.32,28220000.0
2016-09-15,117.58,115.83,117.75,115.8,39470000.0
2016-09-16,117.23,117.16,117.35,116.65,27600000.0
2016-09-19,116.72,117.51,117.89,116.49,16220000.0
2016-09-20,116.94,117.13,117.42,116.74,18080000.0
2016-09-21,118.09,117.42,118.26,116.75,31550000.0
2016-09-22,119.03,118.79,119.16,118.66,22610000.0
2016-09-23,118.27,118.86,118.94,118.1,22210000.0
2016-09-26,117.28,117.6,117.74,117.11,16400000.0
2016-09-27,118.44,117.25,118.49,117.09,20240000.0
2016-09-28,118.64,118.56,118.71,118.03,14790000.0
2016-09-29,117.78,118.45,118.66,117.27,27210000.0
2016-09-30,118.66,118.08,119.01,117.97,25540000.0
2016-10-03,118.49,118.47,118.64,118.03,19220000.0
2016-10-04,118.31,118.8,119.1,117.86,21240000.0
2016-10-05,118.73,118.64,119.11,118.61,14480000.0
2016-10-06,118.67,118.57,118.92,118.09,11990000.0
2016-10-07,118.41,118.8,118.95,117.83,19980000.0
2016-10-10,119.16,119.0,119.42,118.97,19690000.0
2016-10-11,117.46,119.04,119.08,116.94,27770000.0
2016-10-12,117.36,117.51,117.76,117.0,14270000.0
2016-10-13,116.94,116.57,117.26,115.88,22820000.0
2016-10-14,117.08,117.52,117.99,117.01,21310000.0
2016-10-17,116.76,117.04,117.24,116.61,14180000.0
2016-10-18,117.8,118.12,118.35,117.74,19280000.0
2016-10-19,117.79,117.71,117.96,117.58,13700000.0
2016-10-20,117.65,117.62,117.91,116.97,18130000.0
2016-10-21,118.09,117.74,118.16,117.35,15710000.0
2016-10-24,119.51,118.87,119.59,118.83,19140000.0
2016-10-25,119.13,119.56,119.6,118.95,20340000.0
2016-10-26,118.32,118.35,118.97,117.97,20460000.0
2016-10-27,117.78,118.84,118.93,117.61,19100000.0
2016-10-28,117.04,117.41,118.05,116.68,35370000.0
2016-10-31,116.93,117.47,117.47,116.87,18750000.0
2016-11-01,116.05,117.13,117.15,115.04,23500000.0
2016-11-02,115.12,115.99,116.24,114.83,26960000.0
2016-11-03,113.99,114.96,115.31,113.86,36210000.0
2016-11-04,113.59,113.66,114.48,113.39,27000000.0
2016-11-07,116.29,115.39,116.41,115.24,26590000.0
2016-11-08,117.05,116.15,117.58,115.9,20780000.0
2016-11-09,117.59,115.65,117.78,115.54,70230000.0
2016-11-10,115.69,118.08,118.32,114.14,72830000.0
2016-11-11,115.74,115.15,115.99,114.78,41120000.0
2016-11-14,114.57,115.78,115.88,113.97,35910000.0
2016-11-15,116.16,115.41,116.56,115.27,31800000.0
2016-11-16,116.85,115.64,116.93,115.61,16540000.0
2016-11-17,117.7,116.8,117.72,116.55,20600000.0
2016-11-18,117.26,117.77,118.04,117.15,16430000.0
2016-11-21,118.48,117.54,118.59,117.51,20270000.0
2016-11-22,118.84,118.91,119.13,118.55,18850000.0
2016-11-23,118.36,118.45,118.58,117.84,22930000.0
2016-11-25,118.74,118.5,118.79,118.36,7160000.0
2016-11-28,118.47,118.58,119.02,118.35,13480000.0
2016-11-29,118.88,118.57,119.45,118.24,18550000.0
2016-11-30,117.44,119.0,119.07,117.4,30410000.0
2016-12-01,115.41,117.4,117.41,115.23,39800000.0
2016-12-02,115.64,115.51,116.1,115.16,32880000.0
2016-12-05,116.54,116.26,117.0,115.71,21420000.0
2016-12-06,116.82,116.82,117.02,116.33,27290000.0
2016-12-07,118.3,116.58,118.45,116.23,26620000.0
2016-12-08,118.51,118.34,118.81,118.12,18580000.0
2016-12-09,119.44,118.97,119.48,118.94,21860000.0
2016-12-12,118.9,118.89,119.15,118.41,23260000.0
2016-12-13,120.4,119.29,121.05,119.26,54480000.0
2016-12-14,120.15,120.5,120.94,119.8,28750000.0
2016-12-15,120.34,120.31,121.05,120.02,22760000.0
2016-12-16,119.54,120.22,120.52,119.3,26280000.0
2016-12-19,120.03,119.68,120.77,119.49,21140000.0
2016-12-20,120.49,120.37,120.71,120.27,11460000.0
2016-12-21,120.4,120.51,120.62,120.13,7080000.0
2016-12-22,120.06,120.4,120.44,119.59,16640000.0
2016-12-23,120.14,119.9,120.19,119.75,9010000.0
2016-12-27,120.76,120.38,121.46,120.35,16110000.0
2016-12-28,119.82,121.0,121.13,119.73,17980000.0
2016-12-29,119.65,119.8,120.07,119.27,13270000.0
2016-12-30,118.42,119.87,119.89,118.08,41750000.0
2017-01-03,119.48,119.25,119.93,118.83,22310000.0
2017-01-04,120.13,119.61,120.35,119.59,19750000.0
2017-01-05,120.81,120.1,120.89,120.04,20640000.0
2017-01-06,121.87,120.93,122.19,120.62,24070000.0
2017-01-09,122.27,121.97,122.49,121.89,18910000.0
2017-01-10,122.54,122.31,122.91,122.04,16180000.0
2017-01-11,122.87,122.57,122.87,121.96,20690000.0
2017-01-12,122.68,122.43,122.75,121.54,19620000.0
2017-01-13,123.1,122.75,123.31,122.74,16930000.0
2017-01-17,122.73,122.73,122.97,122.37,14540000.0
2017-01-18,122.98,122.9,123.1,122.6,12500000.0
2017-01-19,122.92,123.13,123.59,122.66,12710000.0
2017-01-20,123.19,123.45,123.76,122.86,22090000.0
2017-01-23,123.29,123.1,123.47,122.51,17430000.0
2017-01-24,124.11,123.53,124.3,123.32,17640000.0
2017-01-25,125.36,124.87,125.39,124.78,15040000.0
2017-01-26,125.49,125.52,125.75,125.28,16050000.0
2017-01-27,125.73,125.73,125.85,125.32,15050000.0
2017-01-30,124.75,125.3,125.31,124.06,25010000.0
2017-01-31,124.5,124.33,124.53,123.78,19090000.0
2017-02-01,125.36,125.35,125.61,124.79,22860000.0
2017-02-02,125.25,125.14,125.63,124.79,15100000.0
2017-02-03,125.61,125.42,125.74,125.26,16960000.0
2017-02-06,125.76,125.35,125.78,125.28,11630000.0
2017-02-07,126.22,125.99,126.48,125.9,17540000.0
2017-02-08,126.43,126.05,126.61,125.81,12570000.0
2017-02-09,126.89,126.56,127.17,126.49,17540000.0
2017-02-10,127.31,127.13,127.49,126.95,13920000.0
2017-02-13,128.03,127.69,128.19,127.65,19120000.0
2017-02-14,128.46,128.08,128.47,127.67,16330000.0
2017-02-15,129.22,128.37,129.28,128.3,17890000.0
2017-02-16,129.18,129.29,129.56,128.85,15100000.0
2017-02-17,129.74,129.02,129.75,128.97,15560000.0
2017-02-21,130.38,129.96,130.46,129.92,18480000.0
2017-02-22,130.43,130.25,130.52,130.04,12110000.0
2017-02-23,129.94,130.63,130.63,129.42,17490000.0
2017-02-24,130.19,129.4,130.19,129.31,18620000.0
2017-02-27,130.35,129.95,130.36,129.73,12010000.0
2017-02-28,129.95,130.32,130.38,129.59,16600000.0
2017-03-01,131.37,130.74,131.61,130.53,25810000.0
2017-03-02,130.71,131.36,131.36,130.55,19950000.0
2017-03-03,130.95,130.58,130.99,130.27,13720000.0
2017-03-06,130.66,130.49,130.88,130.14,12030000.0
2017-03-07,130.44,130.38,131.01,130.21,15500000.0
2017-03-08,130.67,130.5,131.08,130.39,15780000.0
2017-03-09,130.77,130.64,130.95,130.07,20860000.0
2017-03-10,131.32,131.35,131.53,130.75,21920000.0
2017-03-13,131.54,131.27,131.57,131.2,10730000.0
2017-03-14,131.22,131.24,131.29,130.69,14020000.0
2017-03-15,132.03,131.51,132.34,131.07,22710000.0
2017-03-16,131.94,132.26,132.28,131.64,18460000.0
2017-03-17,131.62,131.79,131.97,131.55,21230000.0
2017-03-20,131.74,131.58,132.04,131.39,10110000.0
2017-03-21,129.74,132.24,132.36,129.66,35840000.0
2017-03-22,130.62,129.82,130.75,129.61,29180000.0
2017-03-23,130.29,130.45,130.81,130.07,20310000.0
2017-03-24,130.56,130.71,131.22,130.06,22970000.0
2017-03-27,130.77,129.66,131.0,129.33,18470000.0
2017-03-28,131.57,130.74,131.96,130.48,23720000.0
2017-03-29,132.18,131.66,132.23,131.52,13710000.0
2017-03-30,132.4,132.15,132.54,132.01,16090000.0
2017-03-31,132.31,132.2,132.67,132.06,19840000.0
2017-04-03,132.23,132.41,132.74,131.49,23700000.0
2017-04-04,132.44,131.83,132.46,131.8,13400000.0
2017-04-05,131.9,132.61,133.41,131.65,32010000.0
2017-04-06,131.97,132.05,132.32,131.63,18830000.0
2017-04-07,131.9,131.92,132.3,131.43,16740000.0
2017-04-10,131.95,132.04,132.5,131.59,15620000.0
2017-04-11,131.38,131.79,132.03,130.43,33780000.0
2017-04-12,130.85,131.38,131.47,130.71,15960000.0
2017-04-13,130.33,130.68,131.44,130.31,23680000.0
2017-04-17,131.41,130.73,131.43,130.65,13330000.0
2017-04-18,131.21,130.94,131.59,130.88,12840000.0
2017-04-19,131.42,131.78,132.22,131.24,17760000.0
2017-04-20,132.52,131.97,132.81,131.75,21980000.0
2017-04-21,132.49,132.63,132.69,132.15,22450000.0
2017-04-24,134.09,133.95,134.21,133.73,22470000.0
2017-04-25,135.06,134.51,135.3,134.41,19380000.0
2017-04-26,134.87,135.1,135.44,134.79,25400000.0
2017-04-27,135.68,135.21,135.68,135.12,16140000.0
2017-04-28,135.92,136.21,136.27,135.7,22770000.0
2017-05-01,137.13,136.39,137.31,136.31,24820000.0
2017-05-02,137.36,137.31,137.42,136.95,18350000.0
2017-05-03,136.92,137.07,137.1,136.54,23830000.0
2017-05-04,136.97,136.94,137.36,136.49,14630000.0
2017-05-05,137.47,137.32,137.47,136.81,19330000.0
2017-05-08,137.77,137.54,137.77,137.26,13280000.0
2017-05-09,138.25,137.98,138.56,137.86,28430000.0
2017-05-10,138.33,138.33,138.38,137.84,20500000.0
2017-05-11,138.22,137.96,138.26,137.31,27230000.0
2017-05-12,138.53,138.3,138.56,138.16,19740000.0
2017-05-15,138.97,138.56,139.05,138.46,20480000.0
2017-05-16,139.55,139.29,139.57,138.92,21790000.0
2017-05-17,136.0,138.48,138.7,135.98,55640000.0
2017-05-18,137.19,135.99,137.65,135.8,41320000.0
2017-05-19,137.77,137.64,138.35,137.59,36730000.0
2017-05-22,138.93,138.07,139.0,138.02,19510000.0
2017-05-23,139.07,139.35,139.35,138.71,19690000.0
2017-05-24,139.71,139.49,139.78,139.1,18320000.0
2017-05-25,140.9,140.24,141.26,139.94,23930000.0
2017-05-26,141.15,140.93,141.21,140.74,13850000.0
2017-05-30,141.27,141.06,141.43,140.99,20310000.0
2017-05-31,141.22,141.73,141.77,140.5,33230000.0
2017-06-01,141.77,141.5,141.83,140.91,20120000.0
2017-06-02,143.38,142.27,143.41,142.04,37220000.0
2017-06-05,143.35,143.36,143.6,143.15,15730000.0
2017-06-06,142.78,143.2,143.65,142.58,22390000.0
2017-06-07,143.34,143.15,143.46,142.53,18840000.0
2017-06-08,143.49,143.66,143.72,142.72,25420000.0
2017-06-09,139.91,143.65,143.82,138.04,109780000.0
2017-06-12,139.16,138.77,139.41,137.4,104450000.0
2017-06-13,140.29,139.94,140.49,139.21,51190000.0
2017-06-14,139.68,140.85,140.86,138.55,60090000.0
2017-06-15,139.06,138.28,139.21,137.42,55150000.0
2017-06-16,138.08,138.65,138.7,137.57,48090000.0
2017-06-19,140.39,139.38,140.52,139.21,39630000.0
2017-06-20,139.29,140.24,140.43,139.24,40940000.0
2017-06-21,140.67,139.59,140.74,139.52,35740000.0
2017-06-22,140.63,140.87,141.15,140.27,24100000.0
2017-06-23,141.17,140.46,141.35,140.08,21650000.0
2017-06-26,140.51,141.93,142.22,140.2,34410000.0
2017-06-27,137.96,140.0,140.15,137.95,65960000.0
2017-06-28,139.95,138.47,140.07,137.67,57430000.0
2017-06-29,137.52,139.33,139.37,136.18,88770000.0
2017-06-30,137.57,137.93,138.6,137.12,68900000.0
2017-07-03,136.12,138.18,138.36,136.03,32800000.0
2017-07-05,137.46,136.5,137.83,136.09,42120000.0
2017-07-06,136.22,136.4,136.99,135.73,48430000.0
2017-07-07,137.69,136.67,138.06,136.67,36970000.0
2017-07-10,138.59,137.77,138.91,137.43,24850000.0
2017-07-11,138.98,138.37,139.15,137.87,31520000.0
2017-07-12,140.63,140.14,140.79,139.88,36050000.0
2017-07-13,140.94,140.78,141.28,140.53,31070000.0
2017-07-14,142.05,141.5,142.23,141.12,34540000.0
2017-07-17,142.12,142.18,142.62,141.85,25340000.0
2017-07-18,143.06,141.99,143.09,141.57,25750000.0
2017-07-19,143.9,143.45,144.11,143.42,33750000.0
2017-07-20,144.09,144.23,144.36,143.44,36140000.0
2017-07-21,144.03,143.54,144.03,143.27,39700000.0
2017-07-24,144.69,143.99,144.79,143.84,26710000.0
2017-07-25,144.32,144.21,144.66,143.93,28120000.0
2017-07-26,144.79,144.66,144.87,144.45,18610000.0
2017-07-27,143.88,145.78,145.88,142.23,80670000.0
2017-07-28,143.76,143.06,144.0,142.79,38010000.0
2017-07-31,143.15,144.14,144.35,142.84,33850000.0
2017-08-01,143.48,143.62,143.68,143.04,20150000.0
2017-08-02,143.87,144.37,144.44,142.54,41770000.0
2017-08-03,143.31,144.09,144.09,143.05,27110000.0
2017-08-04,143.57,143.57,143.89,142.98,29470000.0
2017-08-07,144.48,143.81,144.48,143.63,17930000.0
2017-08-08,144.23,144.19,145.39,143.82,30810000.0
2017-08-09,144.04,143.06,144.11,142.72,36170000.0
2017-08-10,140.96,143.25,143.32,140.82,63330000.0
2017-08-11,142.03,141.17,142.34,140.83,45860000.0
2017-08-14,143.85,143.15,144.07,143.11,34160000.0
2017-08-15,143.95,144.14,144.23,143.56,25510000.0
2017-08-16,144.2,144.29,144.88,143.73,31910000.0
2017-08-17,141.26,143.65,143.86,141.26,70190000.0
2017-08-18,141.16,141.36,142.13,140.58,60750000.0
2017-08-21,140.98,141.16,141.46,140.11,37110000.0
2017-08-22,143.12,141.73,143.27,141.69,36290000.0
2017-08-23,142.62,142.43,142.93,142.31,25700000.0
2017-08-24,142.2,142.95,143.09,141.4,38160000.0
2017-08-25,141.9,142.73,143.1,141.71,26380000.0
2017-08-28,142.34,142.34,142.67,141.88,15360000.0
2017-08-29,142.89,141.11,143.13,140.99,24500000.0
2017-08-30,144.57,143.03,144.81,142.92,33640000.0
2017-08-31,146.12,144.95,146.13,144.9,38480000.0
2017-09-01,145.92,146.28,146.51,145.53,22290000.0
2017-09-05,144.61,145.47,145.8,143.52,45480000.0
2017-09-06,145.05,144.98,145.38,144.0,30720000.0
2017-09-07,145.39,145.32,145.76,144.86,22720000.0
2017-09-08,144.13,145.2,145.27,143.98,27890000.0
2017-09-11,145.79,145.22,146.04,145.22,27130000.0
2017-09-12,146.14,146.17,146.33,145.45,30260000.0
2017-09-13,146.34,145.87,146.36,145.65,28450000.0
2017-09-14,145.48,145.77,146.21,145.39,35300000.0
2017-09-15,145.98,145.48,146.51,145.21,46420000.0
2017-09-18,145.47,145.8,146.29,145.03,24860000.0
2017-09-19,145.72,145.73,145.93,145.23,20870000.0
2017-09-20,145.27,145.67,145.83,144.15,34240000.0
2017-09-21,144.38,145.17,145.18,143.87,28840000.0
2017-09-22,144.24,143.92,144.45,143.78,21700000.0
2017-09-25,142.73,143.67,143.75,142.03,54950000.0
2017-09-26,143.09,143.43,143.72,142.6,29630000.0
2017-09-27,144.38,143.85,144.92,143.49,33250000.0
2017-09-28,144.33,144.06,144.48,143.7,24150000.0
2017-09-29,145.37,144.62,145.48,144.24,43100000.0
2017-10-02,145.5,145.59,146.09,144.85,27350000.0
2017-10-03,145.81,145.66,145.98,145.37,19720000.0
2017-10-04,145.95,145.52,146.26,145.39,26380000.0
2017-10-05,147.38,146.46,147.46,146.33,31560000.0
2017-10-06,147.58,146.89,147.58,146.88,23560000.0
2017-10-09,147.41,147.78,147.93,147.22,13700000.0
2017-10-10,147.52,147.9,148.06,146.87,19220000.0
2017-10-11,147.96,147.45,147.99,147.26,12440000.0
2017-10-12,147.69,147.76,148.28,147.54,14510000.0
2017-10-13,148.26,148.32,148.43,147.7,18410000.0
2017-10-16,148.77,148.62,148.81,148.31,21810000.0
2017-10-17,148.96,148.71,148.98,148.49,13140000.0
2017-10-18,148.78,149.13,149.13,148.56,17220000.0
2017-10-19,148.23,147.94,148.25,147.19,27680000.0
2017-10-20,148.63,148.83,148.96,148.45,30170000.0
2017-10-23,147.66,148.93,148.95,147.45,29300000.0
2017-10-24,147.91,147.92,148.22,147.36,20290000.0
2017-10-25,147.35,147.62,148.1,146.25,36180000.0
2017-10-26,146.88,147.28,147.63,146.84,28230000.0
2017-10-27,151.16,149.25,151.44,149.12,60170000.0
2017-10-30,151.5,151.0,152.11,150.91,31730000.0
2017-10-31,152.07,151.96,152.29,151.55,26320000.0
2017-11-01,152.02,152.67,152.75,151.42,29480000.0
2017-11-02,151.73,151.84,151.91,150.69,31020000.0
2017-11-03,153.19,152.31,153.21,151.76,26200000.0
2017-11-06,153.71,153.05,153.77,153.02,28690000.0
2017-11-07,153.8,153.59,154.0,153.26,21330000.0
2017-11-08,154.42,153.73,154.46,153.54,17370000.0
2017-11-09,153.61,153.18,153.69,152.03,40590000.0
2017-11-10,153.6,153.28,153.72,152.98,20150000.0
2017-11-13,153.79,153.04,153.99,153.02,12520000.0
2017-11-14,153.23,153.23,153.42,152.49,25170000.0
2017-11-15,152.51,152.53,152.92,151.7,24810000.0
2017-11-16,154.46,153.3,154.81,153.25,34790000.0
2017-11-17,153.87,154.5,154.61,153.72,28730000.0
2017-11-20,153.75,154.0,154.12,153.53,21140000.0
2017-11-21,155.42,154.48,155.49,154.4,20150000.0
2017-11-22,155.61,155.55,155.76,155.26,17300000.0
2017-11-24,156.18,155.78,156.23,155.68,8280000.0
2017-11-27,156.11,156.12,156.48,155.75,22650000.0
2017-11-28,156.51,156.44,156.61,155.62,25230000.0
2017-11-29,153.78,156.37,156.37,153.04,71990000.0
2017-11-30,155.07,154.38,155.37,154.06,56600000.0
2017-12-01,154.41,154.11,155.16,152.18,59020000.0
2017-12-04,152.63,155.39,155.54,152.48,51320000.0
2017-12-05,152.73,152.56,154.47,152.02,40600000.0
2017-12-06,153.42,152.18,153.65,151.98,28650000.0
2017-12-07,153.94,153.41,154.38,153.25,32670000.0
2017-12-08,154.62,155.02,155.45,154.38,28080000.0
2017-12-11,155.82,154.68,155.87,154.68,20820000.0
2017-12-12,155.61,155.73,156.07,155.28,20310000.0
2017-12-13,155.91,156.2,156.41,155.68,24420000.0
2017-12-14,155.8,156.2,156.58,155.63,24590000.0
2017-12-15,157.57,156.41,157.74,156.15,49820000.0
2017-12-18,158.56,158.21,158.69,157.99,26840000.0
2017-12-19,157.62,158.26,158.42,157.18,31410000.0
2017-12-20,157.45,158.17,158.2,156.83,38970000.0
2017-12-21,157.47,157.65,158.17,157.29,18640000.0
2017-12-22,157.29,157.23,157.35,156.87,23330000.0
2017-12-26,156.44,156.45,156.64,155.87,21920000.0
2017-12-27,156.46,156.44,156.88,156.31,22390000.0
2017-12-28,156.65,156.97,156.98,156.46,25390000.0
2017-12-29,155.68,156.82,156.82,155.62,33190000.0
2018-01-02,158.41,156.42,158.44,156.09,32570000.0
2018-01-03,159.95,158.53,160.09,158.53,29380000.0
2018-01-04,160.23,160.51,160.71,160.0,24780000.0
2018-01-05,161.83,160.96,161.94,160.69,26990000.0
2018-01-08,162.46,161.82,162.54,161.78,23160000.0
2018-01-09,162.47,162.76,162.95,161.98,24780000.0
2018-01-10,162.09,161.72,162.12,161.04,34000000.0
2018-01-11,163.2,162.39,163.21,162.12,20470000.0
2018-01-12,164.4,162.94,164.57,162.85,37760000.0
2018-01-16,163.93,165.46,166.33,163.44,41230000.0
2018-01-17,165.7,164.68,165.95,163.91,33850000.0
2018-01-18,165.73,165.46,166.11,165.05,26430000.0
2018-01-19,166.25,166.23,166.52,165.45,38940000.0
2018-01-22,168.03,166.18,168.03,166.0,26080000.0
2018-01-23,169.42,168.55,169.57,168.47,37990000.0
2018-01-24,168.32,169.72,170.15,167.35,54290000.0
2018-01-25,168.26,169.46,169.54,167.72,28920000.0
2018-01-26,170.84,169.18,170.86,168.87,32040000.0
2018-01-29,170.01,170.43,170.82,169.65,37280000.0
2018-01-30,168.61,168.46,169.33,167.73,44990000.0
2018-01-31,169.31,169.58,169.9,168.25,42450000.0
2018-02-01,167.87,168.03,169.64,167.33,38040000.0
2018-02-02,164.52,167.25,167.61,164.38,68480000.0
2018-02-05,158.04,163.04,165.66,157.92,105370000.0
2018-02-06,162.22,155.88,162.42,155.02,118540000.0
2018-02-07,160.13,161.71,163.46,160.12,91030000.0
2018-02-08,153.37,160.61,160.72,153.37,94180000.0
2018-02-09,156.02,155.58,157.16,150.05,113840000.0
2018-02-12,158.79,157.59,159.87,156.38,63050000.0
2018-02-13,159.61,157.9,159.93,157.64,31790000.0
2018-02-14,162.59,158.71,162.84,157.92,52110000.0
2018-02-15,165.61,164.05,165.61,162.35,51630000.0
2018-02-16,164.87,165.09,166.67,164.59,62260000.0
2018-02-20,165.2,164.3,166.59,164.22,36790000.0
2018-02-21,164.73,165.97,167.63,164.63,41160000.0
2018-02-22,164.71,165.45,166.33,164.29,37070000.0
2018-02-23,168.08,165.97,168.08,165.36,50100000.0
2018-02-26,170.31,168.84,170.31,168.73,39270000.0
2018-02-27,168.2,170.33,170.64,168.12,42210000.0
2018-02-28,167.12,169.16,169.71,167.01,42940000.0
2018-03-01,164.39,167.2,167.98,162.92,76810000.0
2018-03-02,165.9,162.5,166.19,161.87,57450000.0
2018-03-05,167.74,165.17,168.17,164.5,38540000.0
2018-03-06,168.45,168.52,169.02,167.39,29480000.0
2018-03-07,168.84,167.17,168.98,166.87,34610000.0
2018-03-08,169.77,169.45,169.89,168.86,25830000.0
2018-03-09,173.07,171.01,173.07,170.73,38310000.0
2018-03-12,173.99,173.56,174.39,173.19,37630000.0
2018-03-13,171.62,174.71,175.12,171.18,55640000.0
2018-03-14,171.59,172.49,172.65,170.84,40540000.0
2018-03-15,171.44,171.74,172.44,170.81,28810000.0
2018-03-16,170.93,171.69,172.11,170.85,31180000.0
2018-03-19,167.01,169.07,169.13,165.55,71400000.0
2018-03-20,167.56,167.01,167.95,166.52,34080000.0
2018-03-21,166.83,167.14,168.67,166.1,43860000.0
2018-03-22,162.71,164.61,165.68,162.5,66610000.0
2018-03-23,158.43,162.51,163.21,158.35,80110000.0
2018-03-26,164.31,161.6,164.51,159.08,57480000.0
2018-03-27,159.0,165.51,165.53,157.6,78890000.0
2018-03-28,157.17,158.17,159.7,155.96,89370000.0
2018-03-29,160.05,158.05,161.63,156.55,68690000.0
2018-04-02,155.43,158.92,159.66,153.8,85550000.0
2018-04-03,157.18,156.84,157.84,154.36,64090000.0
2018-04-04,159.66,154.19,160.15,153.96,65770000.0
2018-04-05,160.57,161.25,161.5,159.4,43050000.0
2018-04-06,156.55,158.86,160.38,155.8,59870000.0
2018-04-09,157.65,157.93,160.8,157.38,41810000.0
2018-04-10,161.13,160.05,161.65,158.99,48600000.0
2018-04-11,160.2,160.12,161.91,160.02,41620000.0
2018-04-12,162.12,161.22,162.68,161.08,30470000.0
2018-04-13,161.29,162.92,163.17,160.59,44600000.0
2018-04-16,162.51,162.36,163.1,161.4,28180000.0
2018-04-17,166.01,164.1,166.37,163.82,35540000.0
2018-04-18,166.35,166.03,166.91,165.22,29570000.0
2018-04-19,164.82,165.56,165.9,164.25,34710000.0
2018-04-20,162.21,164.4,164.52,161.65,49200000.0
2018-04-23,161.81,162.99,163.64,160.94,33040000.0
2018-04-24,158.38,162.53,162.82,157.31,70260000.0
2018-04-25,158.57,158.72,159.23,156.39,52090000.0
2018-04-26,161.9,160.64,162.44,160.1,43010000.0
2018-04-27,162.0,164.26,164.32,161.09,51040000.0
2018-04-30,160.86,162.39,163.39,160.46,35620000.0
2018-05-01,162.69,160.44,162.71,160.06,36510000.0
2018-05-02,161.74,163.01,163.48,161.55,38650000.0
2018-05-03,161.72,161.0,162.31,159.14,60340000.0
2018-05-04,164.78,161.03,165.16,160.9,41540000.0
2018-05-07,166.15,165.55,166.69,165.42,32500000.0
2018-05-08,165.98,165.74,166.34,164.77,26040000.0
2018-05-09,167.79,166.31,167.91,165.69,29120000.0
2018-05-10,169.53,168.34,169.65,168.2,27070000.0
2018-05-11,169.37,169.26,169.77,168.63,24690000.0
2018-05-14,169.66,169.75,170.73,169.38,21820000.0
2018-05-15,167.78,168.31,168.41,166.89,49360000.0
2018-05-16,168.89,168.01,169.28,167.92,22940000.0
2018-05-17,168.24,168.31,169.52,167.42,27480000.0
2018-05-18,167.37,167.62,168.17,167.12,26220000.0
2018-05-21,168.31,168.64,169.41,167.59,22950000.0
2018-05-22,168.09,169.06,169.36,167.79,19480000.0
2018-05-23,169.51,166.81,169.53,166.79,26560000.0
2018-05-24,169.46,169.47,169.76,167.75,27700000.0
2018-05-25,169.63,169.45,170.24,169.12,27460000.0
2018-05-29,168.88,168.82,169.83,167.87,41220000.0
2018-05-30,170.09,169.54,170.39,169.13,22670000.0
2018-05-31,169.98,170.04,171.11,169.54,35670000.0
2018-06-01,172.65,170.79,172.75,170.78,45540000.0
2018-06-04,174.21,173.07,174.25,172.98,20460000.0
2018-06-05,174.75,174.6,175.04,173.97,24780000.0
2018-06-06,175.77,174.93,175.8,174.05,25040000.0
2018-06-07,174.34,175.82,175.84,173.46,39600000.0
2018-06-08,174.35,173.48,174.79,173.09,31780000.0
2018-06-11,174.82,174.21,175.25,174.19,22320000.0
2018-06-12,175.74,175.06,175.91,174.87,22510000.0
2018-06-13,175.73,176.0,177.05,175.34,37860000.0
2018-06-14,177.51,176.53,177.8,176.41,35920000.0
2018-06-15,176.89,176.89,177.23,176.02,49620000.0
2018-06-18,176.41,175.44,176.56,174.85,31630000.0
2018-06-19,175.91,174.17,175.95,173.62,38240000.0
2018-06-20,177.16,176.7,177.89,176.56,33040000.0
2018-06-21,175.62,177.6,177.79,175.28,43470000.0
2018-06-22,175.23,176.22,176.28,174.6,30070000.0
2018-06-25,171.28,173.67,173.9,169.72,77800000.0
2018-06-26,171.98,171.9,172.97,171.28,39010000.0
2018-06-27,169.64,172.68,173.49,169.52,52840000.0
2018-06-28,171.1,169.43,171.68,169.08,46410000.0
2018-06-29,171.56,171.91,172.83,171.31,36410000.0
2018-07-02,172.71,169.95,172.76,169.58,31770000.0
2018-07-03,170.71,173.32,173.36,170.54,25510000.0
2018-07-05,172.83,171.82,172.97,170.94,31630000.0
2018-07-06,175.52,173.22,175.65,172.91,37010000.0
2018-07-09,177.1,176.4,177.14,175.73,27360000.0
2018-07-10,177.23,177.32,177.63,176.62,23900000.0
2018-07-11,176.33,175.87,176.98,175.71,30280000.0
2018-07-12,179.37,177.12,179.37,176.99,27930000.0
2018-07-13,179.52,179.33,179.81,178.86,28070000.0
2018-07-16,179.09,179.55,179.86,178.79,21410000.0
2018-07-17,180.18,177.21,180.56,177.19,31030000.0
2018-07-18,179.84,180.19,180.35,179.29,23220000.0
2018-07-19,178.94,179.25,179.79,178.73,31090000.0
2018-07-20,178.9,179.48,180.08,178.7,35910000.0
2018-07-23,179.47,178.36,179.55,177.65,22180000.0
2018-07-24,180.21,181.29,181.95,179.47,36900000.0
2018-07-25,182.72,180.27,182.83,180.2,36020000.0
2018-07-26,179.96,180.26,180.83,179.72,40870000.0
2018-07-27,177.53,181.16,181.21,176.51,59460000.0
2018-07-30,175.02,177.57,177.64,174.18,60190000.0
2018-07-31,176.36,175.66,177.04,174.73,47290000.0
2018-08-01,177.03,176.78,177.56,176.0,37100000.0
2018-08-02,179.44,175.78,179.65,175.7,47180000.0
2018-08-03,179.99,179.71,180.0,178.99,28930000.0
2018-08-06,181.04,179.88,181.09,179.65,24810000.0
2018-08-07,181.7,181.53,182.04,181.16,29900000.0
2018-08-08,181.92,181.45,182.25,180.96,22680000.0
2018-08-09,181.81,181.84,182.53,181.54,18850000.0
2018-08-10,180.43,180.59,181.12,179.75,33820000.0
2018-08-13,180.23,180.76,181.91,180.15,26090000.0
2018-08-14,181.35,180.91,181.56,179.95,20910000.0
2018-08-15,179.14,180.0,180.49,178.03,58530000.0
2018-08-16,179.73,180.48,180.89,179.38,27710000.0
2018-08-17,179.77,179.27,180.22,178.17,36090000.0
2018-08-20,179.61,180.19,180.23,178.91,24940000.0
2018-08-21,180.27,180.17,181.34,180.04,26260000.0
2018-08-22,180.96,179.87,181.17,179.66,18040000.0
2018-08-23,180.71,180.68,181.95,180.41,25780000.0
2018-08-24,182.38,181.3,182.53,181.26,23140000.0
2018-08-27,184.24,183.33,184.24,183.01,29340000.0
2018-08-28,184.51,184.7,184.92,184.12,20280000.0
2018-08-29,186.64,184.81,186.74,184.76,29180000.0
2018-08-30,186.31,186.31,187.42,185.69,29320000.0
2018-08-31,186.55,186.08,187.08,185.88,28650000.0
2018-09-04,185.75,186.0,186.3,184.75,29060000.0
2018-09-05,183.35,185.45,185.45,182.72,42620000.0
2018-09-06,181.71,183.44,183.65,180.49,46090000.0
2018-09-07,181.01,180.44,182.57,180.35,46630000.0
2018-09-10,181.62,182.02,182.15,180.63,26130000.0
2018-09-11,183.02,180.87,183.32,180.43,30120000.0
2018-09-12,182.48,182.77,182.88,180.91,36200000.0
2018-09-13,184.43,183.57,184.78,183.54,31130000.0
2018-09-14,183.89,184.56,184.85,183.16,31220000.0
2018-09-17,181.24,183.56,183.71,181.07,33070000.0
2018-09-18,182.74,181.42,183.63,181.3,31880000.0
2018-09-19,182.6,182.76,183.2,181.41,31840000.0
2018-09-20,184.62,183.85,184.87,183.42,33300000.0
2018-09-21,183.61,185.17,185.38,183.38,38610000.0
2018-09-24,183.79,181.95,183.86,181.2,34950000.0
2018-09-25,184.04,183.68,184.18,183.08,25280000.0
2018-09-26,184.17,184.15,185.89,183.81,36210000.0
2018-09-27,185.73,184.94,186.39,184.82,33110000.0
2018-09-28,185.69,185.15,186.18,184.87,28080000.0
2018-10-01,186.07,186.72,187.43,185.6,27370000.0
2018-10-02,185.65,185.85,187.08,185.22,25620000.0
2018-10-03,185.85,186.42,186.87,185.56,29130000.0
2018-10-04,182.28,185.12,185.22,180.96,80560000.0
2018-10-05,180.06,182.29,182.87,178.34,83330000.0
2018-10-08,178.96,179.28,180.55,176.84,66860000.0
2018-10-09,179.54,179.11,180.92,178.66,49100000.0
2018-10-10,171.64,178.44,178.53,171.41,114470000.0
2018-10-11,169.51,170.95,173.31,167.72,143080000.0
2018-10-12,174.23,173.9,174.77,170.84,102080000.0
2018-10-15,172.12,173.6,173.95,171.47,64890000.0
2018-10-16,177.13,173.93,177.56,173.61,71980000.0
2018-10-17,177.2,178.05,178.16,175.38,66990000.0
2018-10-18,173.09,176.51,176.59,172.35,82490000.0
2018-10-19,172.93,174.3,175.98,172.3,82920000.0
2018-10-22,173.82,173.97,175.16,172.5,52910000.0
2018-10-23,173.18,170.7,174.04,168.73,77570000.0
2018-10-24,165.25,173.03,173.27,164.95,103000000.0
2018-10-25,170.97,167.9,171.99,167.07,83480000.0
2018-10-26,166.57,165.15,169.87,164.14,130970000.0
2018-10-29,163.14,169.07,169.77,160.01,111870000.0
2018-10-30,165.83,162.71,165.95,161.93,92580000.0
2018-10-31,169.73,168.46,171.16,168.45,73830000.0
2018-11-01,171.97,169.99,172.15,168.69,52710000.0
2018-11-02,169.29,171.44,172.46,168.13,75970000.0
2018-11-05,168.87,169.52,169.57,166.99,39570000.0
2018-11-06,170.15,168.84,171.1,168.63,34410000.0
2018-11-07,175.49,172.16,175.49,171.78,51170000.0
2018-11-08,174.37,174.67,175.21,173.54,40300000.0
2018-11-09,171.43,172.74,173.16,170.07,50600000.0
2018-11-12,166.24,170.24,170.55,166.09,62580000.0
2018-11-13,166.38,167.06,169.39,165.91,64130000.0
2018-11-14,165.11,168.0,168.61,164.16,75270000.0
2018-11-15,168.0,164.75,168.45,163.37,73250000.0
2018-11-16,167.41,166.4,168.22,165.69,65390000.0
2018-11-19,161.97,166.65,166.81,161.46,67280000.0
2018-11-20,159.08,158.29,161.3,157.05,102650000.0
2018-11-21,160.29,161.21,161.88,159.15,42970000.0
2018-11-23,159.13,159.01,160.76,159.01,23500000.0
2018-11-26,162.8,161.36,162.88,160.68,42010000.0
2018-11-27,163.35,161.91,163.76,161.1,36610000.0
2018-11-28,168.61,164.53,168.61,163.39,70140000.0
2018-11-29,168.06,167.91,169.17,166.73,44890000.0
2018-11-30,169.28,168.29,169.38,167.45,36720000.0
2018-12-03,172.24,173.01,173.22,169.42,50770000.0
2018-12-04,165.63,171.29,171.82,165.43,70590000.0
2018-12-06,166.8,162.37,166.82,161.69,71720000.0
2018-12-07,161.3,166.04,167.03,160.78,80430000.0
2018-12-10,162.98,161.03,163.69,159.33,73960000.0
2018-12-11,163.52,165.57,165.68,162.14,59060000.0
2018-12-12,164.96,165.97,167.51,164.87,53780000.0
2018-12-13,165.01,165.97,166.73,163.94,46380000.0
2018-12-14,161.0,163.1,163.72,160.62,56550000.0
2018-12-17,157.35,160.33,161.59,156.09,74830000.0
2018-12-18,158.34,158.59,159.87,156.96,63640000.0
2018-12-19,154.45,158.16,160.64,153.26,81860000.0
2018-12-20,152.21,154.08,155.79,150.31,99000000.0
2018-12-21,147.49,152.98,154.01,146.64,141130000.0
2018-12-24,143.42,146.06,147.9,143.38,56160000.0
2018-12-26,152.38,145.04,152.46,144.01,98980000.0
2018-12-27,152.97,150.49,153.1,147.0,85820000.0
2018-12-28,152.89,153.93,155.51,151.64,77860000.0
2018-12-31,154.18,154.39,154.9,152.63,53020000.0
2019-01-02,154.8,150.91,155.67,150.8,58580000.0
2019-01-03,149.74,152.52,153.18,149.41,74820000.0
2019-01-04,156.15,152.1,156.92,151.66,74710000.0
2019-01-07,158.01,156.46,158.78,156.03,52060000.0
2019-01-08,159.44,159.48,160.03,157.12,49390000.0
2019-01-09,160.74,160.07,161.44,159.39,46490000.0
2019-01-10,161.2,159.51,161.29,158.62,38940000.0
2019-01-11,160.61,160.24,160.78,159.71,30180000.0
2019-01-14,159.19,159.24,159.88,158.51,30710000.0
2019-01-15,162.29,159.89,162.51,159.83,40870000.0
2019-01-16,162.26,162.54,163.69,162.2,33810000.0
2019-01-17,163.54,161.76,164.27,161.49,39330000.0
2019-01-18,165.16,164.75,165.93,163.73,57180000.0
2019-01-22,161.85,163.96,164.05,160.68,56710000.0
2019-01-23,162.06,162.68,163.42,160.24,38110000.0
2019-01-24,163.11,162.57,163.35,161.98,32410000.0
2019-01-25,165.06,164.39,165.56,163.86,36470000.0
2019-01-28,163.02,162.94,163.03,161.67,33490000.0
2019-01-29,161.49,163.11,163.15,160.91,30780000.0
2019-01-30,165.59,163.3,166.19,162.8,41350000.0
2019-01-31,168.07,166.56,168.9,166.38,37260000.0
2019-02-01,167.36,167.28,168.51,166.9,32140000.0
2019-02-04,169.44,167.42,169.44,167.24,26720000.0
2019-02-05,170.94,169.66,171.14,169.6,28160000.0
2019-02-06,170.43,170.97,171.28,169.66,27970000.0
2019-02-07,168.14,168.94,169.36,166.86,42040000.0
2019-02-08,168.47,166.64,168.5,166.48,29020000.0
2019-02-11,168.31,169.05,169.49,167.89,21430000.0
2019-02-12,170.8,169.5,171.05,169.24,29720000.0
2019-02-13,170.92,171.53,172.07,170.73,26090000.0
2019-02-14,171.13,170.29,171.74,169.74,30330000.0
2019-02-15,171.85,172.42,172.47,171.05,32520000.0
2019-02-19,172.19,171.3,172.71,171.29,19490000.0
2019-02-20,172.16,172.34,172.99,171.23,32590000.0
2019-02-21,171.53,171.68,172.17,170.62,25210000.0
2019-02-22,172.8,171.89,172.92,171.81,27740000.0
2019-02-25,173.43,174.11,174.57,173.31,32610000.0
2019-02-26,173.61,172.95,174.16,172.72,21940000.0
2019-02-27,173.5,172.83,173.71,171.67,25160000.0
2019-02-28,173.1,172.95,173.72,172.61,25090000.0
2019-03-01,174.3,174.32,174.56,173.09,31430000.0
2019-03-04,174.33,175.28,175.7,172.38,38060000.0
2019-03-05,174.46,174.43,174.99,173.59,22320000.0
2019-03-06,173.47,174.59,174.66,173.19,27190000.0
2019-03-07,171.34,173.0,173.09,170.7,39410000.0
2019-03-08,171.08,169.42,171.17,169.25,39300000.0
2019-03-11,174.64,171.77,174.76,171.76,30520000.0
2019-03-12,175.6,175.08,176.05,174.68,33950000.0
2019-03-13,176.92,176.51,177.84,176.26,42430000.0
2019-03-14,176.62,177.02,177.25,176.57,23750000.0
2019-03-15,178.26,177.34,178.79,177.19,38190000.0
2019-03-18,178.36,177.86,178.9,177.5,32940000.0
2019-03-19,178.96,179.07,179.91,178.2,36890000.0
2019-03-20,179.67,178.97,180.77,178.15,50100000.0
2019-03-21,182.47,179.15,182.73,179.11,42430000.0
2019-03-22,178.47,181.66,182.17,178.28,70790000.0
2019-03-25,178.13,177.83,178.75,176.84,46340000.0
2019-03-26,178.96,179.49,180.6,178.05,33250000.0
2019-03-27,177.81,179.18,179.63,176.51,37100000.0
2019-03-28,178.22,178.27,178.89,177.15,30370000.0
2019-03-29,179.57,179.54,179.74,178.5,35210000.0
2019-04-01,181.94,181.32,182.16,180.68,30970000.0
2019-04-02,182.63,182.13,182.81,181.68,22650000.0
2019-04-03,183.68,183.64,184.82,183.11,31630000.0
2019-04-04,183.61,183.71,184.4,182.55,28530000.0
2019-04-05,184.56,184.2,184.67,183.92,25670000.0
2019-04-08,185.03,184.27,185.18,183.53,22700000.0
2019-04-09,184.38,184.4,185.01,183.99,25630000.0
2019-04-10,185.37,184.65,185.43,184.42,24560000.0
2019-04-11,184.93,185.67,185.68,184.59,20650000.0
2019-04-12,185.73,185.76,185.85,184.96,24990000.0
2019-04-15,185.76,185.71,185.97,184.52,21070000.0
2019-04-16,186.4,186.41,186.81,185.83,27200000.0
2019-04-17,187.05,187.65,187.83,186.5,29650000.0
2019-04-18,187.29,187.38,187.69,186.19,28580000.0
2019-04-22,187.82,186.44,187.89,186.33,17940000.0
2019-04-23,190.21,188.27,190.44,188.03,33670000.0
2019-04-24,189.61,190.34,190.61,189.55,24980000.0
2019-04-25,190.38,191.05,191.12,189.35,29520000.0
2019-04-26,190.55,190.1,190.59,188.49,26360000.0
2019-04-29,190.92,190.52,191.22,190.24,21720000.0
2019-04-30,189.44,189.38,189.75,188.11,31500000.0
2019-05-01,188.83,190.66,191.22,188.7,34800000.0
2019-05-02,188.01,188.78,189.75,186.77,44110000.0
2019-05-03,191.01,189.59,191.15,189.23,30390000.0
2019-05-06,189.84,187.0,190.1,186.66,38370000.0
2019-05-07,186.14,187.76,188.57,184.41,58820000.0
2019-05-08,185.67,185.58,187.07,184.86,37170000.0
2019-05-09,184.67,183.66,185.31,181.99,55350000.0
2019-05-10,184.9,183.96,185.79,180.94,58530000.0
2019-05-13,178.49,180.21,181.16,177.97,67190000.0
2019-05-14,180.45,179.42,181.53,178.77,43360000.0
2019-05-15,182.99,179.3,183.45,179.22,40940000.0
2019-05-16,184.83,183.01,185.97,182.85,39280000.0
2019-05-17,182.94,183.0,185.48,182.78,44700000.0
2019-05-20,179.86,180.42,181.08,179.25,38610000.0
2019-05-21,181.73,181.4,182.23,180.83,31610000.0
2019-05-22,180.92,180.72,181.97,180.66,24330000.0
2019-05-23,178.16,178.91,178.93,177.05,45350000.0
2019-05-24,178.07,179.21,179.76,177.85,25900000.0
2019-05-28,177.4,178.58,179.57,177.38,24760000.0
2019-05-29,175.94,176.36,176.91,175.0,42180000.0
2019-05-30,176.68,176.45,177.18,175.68,30350000.0
2019-05-31,173.86,174.62,175.2,173.78,45450000.0
2019-06-03,170.03,173.43,173.86,169.18,75840000.0
2019-06-04,174.82,171.89,174.88,171.28,47800000.0
2019-06-05,176.12,176.51,176.52,174.29,34410000.0
2019-06-06,177.52,176.43,177.95,175.64,29910000.0
2019-06-07,180.94,178.41,181.67,178.24,45890000.0
2019-06-10,183.05,182.13,184.75,182.11,41390000.0
2019-06-11,183.3,184.97,185.3,182.68,41260000.0
2019-06-12,182.24,182.78,183.18,181.9,27760000.0
2019-06-13,183.32,183.02,183.77,182.64,23720000.0
2019-06-14,182.54,182.34,183.01,181.84,22840000.0
2019-06-17,183.64,182.91,184.15,182.74,20380000.0
2019-06-18,186.31,185.78,187.62,185.33,48180000.0
2019-06-19,187.01,186.63,187.43,185.47,31670000.0
2019-06-20,188.75,189.62,189.66,187.06,40920000.0
2019-06-21,188.47,188.47,189.67,188.07,39980000.0
2019-06-24,188.06,188.42,188.62,187.96,19380000.0
2019-06-25,184.83,187.96,188.04,184.55,33920000.0
2019-06-26,185.69,186.03,187.23,185.39,22600000.0
2019-06-27,186.4,186.37,186.84,185.89,19710000.0
2019-06-28,186.64,186.85,187.05,185.97,21180000.0
2019-07-01,189.16,190.2,190.47,188.28,31190000.0
2019-07-02,189.91,189.09,189.93,188.56,18040000.0
2019-07-03,191.34,190.35,191.34,190.19,15790000.0
2019-07-05,190.95,190.05,191.3,189.29,21420000.0
2019-07-08,189.61,189.76,189.77,188.83,17600000.0
2019-07-09,190.56,188.69,190.8,188.55,19190000.0
2019-07-10,192.46,191.69,192.99,191.37,28370000.0
2019-07-11,192.32,192.78,193.24,191.71,23740000.0
2019-07-12,193.43,192.53,193.44,192.35,20210000.0
2019-07-15,194.05,193.87,194.09,193.34,15610000.0
2019-07-16,193.05,193.76,193.99,192.46,20190000.0
2019-07-17,192.1,193.1,193.39,192.08,16770000.0
2019-07-18,192.32,191.2,192.69,190.59,29070000.0
2019-07-19,190.91,193.72,193.73,190.71,29390000.0
2019-07-22,192.43,191.4,192.84,191.34,18950000.0
2019-07-23,193.69,193.48,193.71,192.19,23790000.0
2019-07-24,195.05,192.97,195.06,192.93,20420000.0
2019-07-25,193.2,194.38,194.42,192.83,23430000.0
2019-07-26,195.19,194.42,195.45,194.33,20430000.0
2019-07-29,194.52,195.08,195.08,193.29,20450000.0
2019-07-30,193.68,193.06,194.44,192.89,18710000.0
2019-07-31,191.0,194.21,194.33,189.22,41630000.0
2019-08-01,190.05,191.41,194.88,189.13,63250000.0
2019-08-02,187.25,188.72,188.89,186.11,55210000.0
2019-08-05,180.64,183.41,183.41,179.11,75040000.0
2019-08-06,183.16,182.28,183.7,180.97,41900000.0
2019-08-07,184.15,181.22,184.41,179.8,49990000.0
2019-08-08,188.16,185.05,188.22,184.47,38420000.0
2019-08-09,186.39,187.22,187.9,184.93,33610000.0
2019-08-12,184.25,185.24,185.8,183.4,24640000.0
2019-08-13,188.29,184.17,189.58,183.92,40470000.0
2019-08-14,182.66,185.21,185.85,182.32,51000000.0
2019-08-15,182.45,183.01,183.49,181.06,36850000.0
2019-08-16,185.38,184.01,185.85,184.0,34790000.0
2019-08-19,188.33,187.93,188.73,187.4,22570000.0
2019-08-20,186.87,187.9,188.54,186.82,19940000.0
2019-08-21,188.53,188.56,189.13,187.86,20750000.0
2019-08-22,187.92,188.88,189.36,186.44,24270000.0
2019-08-23,181.97,186.66,188.35,181.46,55440000.0
2019-08-26,184.72,184.09,184.77,182.98,27690000.0
2019-08-27,184.33,185.98,186.32,183.61,28080000.0
2019-08-28,184.99,183.74,185.3,182.81,21850000.0
2019-08-29,187.82,187.27,188.36,186.58,25430000.0
2019-08-30,187.37,188.84,188.87,186.31,26330000.0
2019-09-03,185.55,186.16,187.08,184.93,28030000.0
2019-09-04,188.23,187.33,188.39,186.8,21680000.0
2019-09-05,191.68,190.29,192.22,190.24,34060000.0
2019-09-06,191.49,191.93,192.07,191.07,19490000.0
2019-09-09,191.09,192.08,192.17,190.12,24410000.0
2019-09-10,190.54,190.09,190.64,188.81,23740000.0
2019-09-11,192.33,190.88,192.43,190.46,25060000.0
2019-09-12,193.13,193.54,194.61,192.87,28690000.0
2019-09-13,192.44,192.85,193.3,192.19,27670000.0
2019-09-16,191.58,191.2,191.98,191.01,20320000.0
2019-09-17,192.5,191.6,192.5,191.19,21110000.0
2019-09-18,192.42,192.1,192.5,190.01,31170000.0
2019-09-19,192.74,192.76,193.93,192.37,26210000.0
2019-09-20,190.7,193.01,193.21,190.06,30130000.0
2019-09-23,190.4,190.26,190.97,189.62,22920000.0
2019-09-24,187.87,191.27,191.69,187.05,41100000.0
2019-09-25,189.98,187.69,190.48,186.11,36500000.0
2019-09-26,189.28,189.77,189.9,187.88,27030000.0
2019-09-27,186.93,189.6,189.73,185.65,40800000.0
2019-09-30,188.71,187.65,189.01,187.3,26560000.0
2019-10-01,187.17,189.44,190.49,186.86,32670000.0
2019-10-02,183.95,185.91,187.11,182.92,48930000.0
2019-10-03,185.97,183.97,186.11,181.72,39610000.0
2019-10-04,188.71,186.89,188.98,186.78,32750000.0
2019-10-07,188.14,188.13,189.64,187.81,21400000.0
2019-10-08,185.32,186.91,187.76,185.17,33200000.0
2019-10-09,187.13,186.86,187.98,186.33,20830000.0
2019-10-10,188.58,187.15,189.33,187.02,26690000.0
2019-10-11,191.01,190.7,192.53,190.62,41430000.0
2019-10-14,190.99,190.72,191.6,190.54,15370000.0
2019-10-15,193.42,191.55,193.87,191.46,23740000.0
2019-10-16,192.94,192.78,193.43,192.33,20690000.0
2019-10-17,193.45,194.08,194.4,192.71,19160000.0
2019-10-18,191.59,193.16,193.57,190.6,27720000.0
2019-10-21,193.29,192.55,193.42,192.04,15870000.0
2019-10-22,191.75,193.96,194.32,191.69,22990000.0
2019-10-23,192.12,191.33,192.16,191.05,15200000.0
2019-10-24,193.99,193.52,194.11,192.64,19260000.0
2019-10-25,195.54,192.99,195.64,192.95,21510000.0
2019-10-28,197.47,196.47,197.73,196.45,18840000.0
2019-10-29,195.94,197.14,197.43,195.91,18570000.0
2019-10-30,196.89,196.32,197.22,195.19,21760000.0
2019-10-31,196.98,197.46,197.55,195.84,26800000.0
2019-11-01,198.77,197.83,198.78,197.53,22130000.0
2019-11-04,199.99,200.08,200.42,198.76,19020000.0
2019-11-05,200.1,200.24,200.44,199.45,15050000.0
2019-11-06,199.66,199.88,199.9,198.68,19730000.0
2019-11-07,200.32,200.65,201.61,199.75,17830000.0
2019-11-08,201.12,199.91,201.14,199.44,15270000.0
2019-11-11,200.85,200.12,200.93,199.84,10190000.0
2019-11-12,201.43,201.02,202.1,200.71,14780000.0
2019-11-13,201.48,200.73,201.67,200.6,16110000.0
2019-11-14,201.32,200.72,201.45,200.11,17060000.0
2019-11-15,202.8,202.5,202.8,201.89,18430000.0
2019-11-18,202.96,202.5,203.28,201.66,18410000.0
2019-11-19,203.26,203.73,203.73,202.48,17000000.0
2019-11-20,202.04,202.74,203.34,200.51,36710000.0
2019-11-21,201.59,201.83,201.96,200.96,17930000.0
2019-11-22,201.72,202.06,202.21,200.63,17200000.0
2019-11-25,204.11,202.56,204.15,202.56,17790000.0
2019-11-26,204.5,204.21,204.76,203.94,14810000.0
2019-11-27,205.93,205.02,205.94,204.78,17060000.0
2019-11-29,204.99,205.48,205.72,204.89,9850000.0
2019-12-02,202.89,205.0,205.07,201.67,28120000.0
2019-12-03,201.3,200.21,201.38,193.68,31430000.0
2019-12-04,202.32,202.38,202.8,202.03,15340000.0
2019-12-05,202.72,203.04,203.04,201.73,15040000.0
2019-12-06,204.89,204.14,205.04,204.04,16560000.0
2019-12-09,203.96,204.52,205.49,203.87,14030000.0
2019-12-10,203.79,204.06,204.77,203.33,21850000.0
2019-12-11,204.87,204.26,205.08,203.93,18900000.0
2019-12-12,206.4,204.66,207.21,204.38,32700000.0
2019-12-13,207.08,206.25,207.8,205.85,32530000.0
2019-12-16,209.16,208.39,209.42,208.37,21370000.0
2019-12-17,209.28,209.39,209.6,208.93,16030000.0
2019-12-18,209.44,209.49,210.02,209.22,15490000.0
2019-12-19,210.75,209.53,210.82,209.51,17890000.0
2019-12-20,211.6,211.7,212.41,211.16,27690000.0
2019-12-23,211.7,211.92,212.04,211.52,23800000.0
2019-12-24,211.81,211.86,211.98,211.33,7090000.0
2019-12-26,213.68,212.15,213.7,212.12,17160000.0
2019-12-27,213.5,214.44,214.45,212.93,18140000.0
2019-12-30,212.1,213.4,213.52,211.05,21830000.0
2019-12-31,212.5,211.51,212.65,211.09,18200000.0
2020-01-02,216.05,214.29,216.05,213.87,31010000.0
2020-01-03,214.07,213.18,215.36,213.17,27530000.0
2020-01-06,215.45,212.38,215.48,212.13,21730000.0
2020-01-07,215.42,215.53,216.03,214.74,23120000.0
2020-01-08,217.04,215.36,218.03,215.05,26460000.0
2020-01-09,218.88,218.8,219.29,217.6,23640000.0
2020-01-10,218.32,219.64,219.75,217.93,21910000.0
2020-01-13,220.83,219.19,220.86,218.87,22850000.0
2020-01-14,219.96,220.63,221.09,219.62,24570000.0
2020-01-15,220.05,220.06,221.08,219.33,25740000.0
2020-01-16,222.16,221.12,222.2,220.68,18800000.0
2020-01-17,223.26,223.12,223.44,222.01,24330000.0
2020-01-21,223.16,222.61,223.72,222.54,21150000.0
2020-01-22,223.75,224.26,225.03,223.47,20740000.0
2020-01-23,224.47,223.59,224.57,222.58,26500000.0
2020-01-24,222.58,225.5,225.76,221.55,37440000.0
2020-01-27,217.99,217.61,219.17,217.07,42260000.0
2020-01-28,221.33,219.48,221.84,218.94,26730000.0
2020-01-29,221.69,222.54,222.81,220.71,29060000.0
2020-01-30,222.48,220.25,222.58,219.57,39570000.0
2020-01-31,218.95,223.38,223.44,218.17,52020000.0
2020-02-03,222.26,220.02,222.77,219.87,25470000.0
2020-02-04,227.35,225.27,227.74,224.53,30690000.0
2020-02-05,228.1,230.1,230.13,226.73,38530000.0
2020-02-06,230.07,228.65,230.13,227.86,22470000.0
2020-02-07,229.08,229.04,230.32,228.42,25880000.0
2020-02-10,231.85,228.31,231.86,228.26,21480000.0
2020-02-11,231.89,233.09,233.9,231.28,30200000.0
2020-02-12,234.15,233.22,234.26,232.68,24470000.0
2020-02-13,233.85,232.5,234.81,232.24,22770000.0
2020-02-14,234.52,234.16,234.74,233.43,23440000.0
2020-02-18,234.61,233.35,235.05,233.13,24520000.0
2020-02-19,236.86,235.95,237.35,235.73,22230000.0
2020-02-20,234.66,236.34,236.83,231.76,42600000.0
2020-02-21,230.15,233.52,233.89,229.2,66060000.0
2020-02-24,221.27,221.72,224.13,220.14,84520000.0
2020-02-25,215.26,223.07,223.87,214.63,97740000.0
2020-02-26,216.37,216.56,220.16,214.79,80400000.0
2020-02-27,205.53,210.94,216.31,205.39,121820000.0
2020-02-28,205.69,198.82,207.06,198.07,149250000.0
2020-03-02,216.31,208.77,216.46,205.83,112930000.0
2020-03-03,209.37,217.0,219.49,207.51,131950000.0
2020-03-04,218.11,213.21,218.22,211.26,73090000.0
2020-03-05,211.48,212.58,216.25,209.99,78710000.0
2020-03-06,207.91,204.56,209.04,202.8,89830000.0
2020-03-09,193.47,193.38,201.05,192.01,116420000.0
2020-03-10,204.0,201.0,204.19,193.58,100600000.0
2020-03-11,195.12,199.25,200.64,192.63,89170000.0
2020-03-12,177.23,181.99,190.68,176.85,137820000.0
2020-03-13,192.24,186.97,194.38,178.04,134880000.0
2020-03-16,169.21,174.06,184.58,169.07,92050000.0
2020-03-17,182.04,175.38,184.29,169.69,121260000.0
2020-03-18,176.51,171.51,179.13,166.71,114160000.0
2020-03-19,177.57,175.6,183.39,171.54,120900000.0
2020-03-20,170.61,181.64,182.77,170.01,118980000.0
2020-03-23,170.37,170.83,174.12,164.84,124640000.0
2020-03-24,183.56,179.82,183.73,177.86,94880000.0
2020-03-25,182.2,184.32,189.41,179.89,88750000.0
2020-03-26,191.8,183.77,192.62,183.51,79890000.0
2020-03-27,185.2,186.83,190.41,184.56,58840000.0
2020-03-30,191.94,187.0,192.39,186.24,49360000.0
2020-03-31,190.3,191.43,195.15,189.1,62660000.0
2020-04-01,182.21,184.71,187.56,180.77,53720000.0
2020-04-02,185.91,181.49,190.0,180.87,56470000.0
2020-04-03,183.27,185.4,186.97,181.19,47490000.0
2020-04-06,196.38,190.28,197.55,189.09,64760000.0
2020-04-07,196.3,202.03,202.55,195.9,69900000.0
2020-04-08,200.46,197.98,201.06,196.07,45940000.0
2020-04-09,200.75,202.16,203.11,198.92,68320000.0
2020-04-13,202.92,199.82,203.31,198.65,42850000.0
2020-04-14,211.75,207.06,212.39,206.31,63960000.0
2020-04-15,209.32,208.37,211.72,207.01,47040000.0
2020-04-16,213.14,211.67,214.26,209.58,64660000.0
2020-04-17,215.18,215.85,216.4,211.97,62860000.0
2020-04-20,212.63,213.16,215.77,212.46,38250000.0
2020-04-21,204.78,210.52,211.05,203.52,72930000.0
2020-04-22,210.86,209.03,212.24,208.22,40190000.0
2020-04-23,210.41,211.69,214.32,209.98,43280000.0
2020-04-24,213.73,210.83,214.19,209.39,34300000.0
2020-04-27,215.45,216.07,216.52,214.39,36450000.0
2020-04-28,211.39,217.16,217.21,211.1,46860000.0
2020-04-29,218.89,216.1,219.85,215.03,48720000.0
2020-04-30,218.8,219.89,219.92,217.24,43360000.0
2020-05-01,212.63,214.43,216.56,211.57,48790000.0
2020-05-04,215.11,211.5,215.34,211.01,32840000.0
2020-05-05,217.55,217.29,220.02,216.74,37780000.0
2020-05-06,218.89,219.25,220.92,218.0,36460000.0
2020-05-07,221.7,221.63,222.61,220.3,38620000.0
2020-05-08,224.74,223.43,224.88,222.36,31960000.0
2020-05-11,226.75,223.38,227.81,223.13,35710000.0
2020-05-12,222.0,227.36,227.98,221.97,41050000.0
2020-05-13,219.22,222.53,224.49,216.6,65520000.0
2020-05-14,221.71,218.01,221.75,215.88,51550000.0
2020-05-15,223.15,218.66,223.21,218.22,55750000.0
2020-05-18,227.31,226.16,228.56,225.35,42600000.0
2020-05-19,226.74,227.54,229.73,226.59,36240000.0
2020-05-20,231.27,229.36,231.64,229.36,37420000.0
2020-05-21,228.75,231.37,232.01,228.22,43640000.0
2020-05-22,229.54,228.34,229.75,227.38,28760000.0
2020-05-26,228.92,233.32,233.45,228.67,33060000.0
2020-05-27,230.17,228.39,230.29,223.82,55670000.0
2020-05-28,229.87,228.93,233.35,228.93,43010000.0
2020-05-29,233.24,230.31,233.48,228.64,50880000.0
2020-06-01,233.94,232.28,234.33,231.88,26140000.0
2020-06-02,235.51,234.3,235.57,231.89,33380000.0
2020-06-03,236.57,236.11,237.35,235.23,37230000.0
2020-06-04,234.91,236.2,237.67,233.56,38720000.0
2020-06-05,239.56,235.94,240.17,235.51,47370000.0
2020-06-08,241.42,239.41,241.55,237.79,32940000.0
2020-06-09,243.17,240.53,244.05,240.34,35050000.0
2020-06-10,246.09,244.87,247.68,244.38,58080000.0
2020-06-11,233.9,242.16,243.46,233.84,72920000.0
2020-06-12,235.76,238.96,240.27,231.62,72030000.0
2020-06-15,238.62,232.32,239.32,231.35,45310000.0
2020-06-16,242.72,243.65,244.26,238.97,48890000.0
2020-06-17,243.49,244.27,245.37,242.6,34750000.0
2020-06-18,244.15,243.16,244.4,242.36,30580000.0
2020-06-19,244.11,246.61,246.87,242.32,49420000.0
2020-06-22,246.61,243.64,246.74,243.25,24070000.0
2020-06-23,248.71,248.26,251.02,247.69,32770000.0
2020-06-24,243.58,247.86,249.19,242.03,46030000.0
2020-06-25,245.9,243.78,246.21,241.01,36940000.0
2020-06-26,240.09,245.62,245.83,239.55,52820000.0
2020-06-29,242.71,239.85,242.72,237.23,34380000.0
2020-06-30,247.47,242.64,248.03,242.45,38910000.0
2020-07-01,250.36,247.53,251.39,246.95,34690000.0
2020-07-02,252.06,252.84,254.14,251.58,31960000.0
2020-07-06,258.25,255.33,258.79,255.3,34590000.0
2020-07-07,256.48,257.96,260.74,256.17,36580000.0
2020-07-08,259.85,257.86,259.88,256.37,30430000.0
2020-07-09,262.04,261.75,262.73,257.49,40310000.0
2020-07-10,263.83,261.86,264.09,259.12,32890000.0
2020-07-13,258.4,266.73,269.65,257.55,64110000.0
2020-07-14,260.23,255.94,260.65,252.63,72230000.0
2020-07-15,260.76,261.54,262.55,257.35,54520000.0
2020-07-16,258.98,257.83,259.64,255.49,47590000.0
2020-07-17,259.28,259.57,260.17,257.03,35140000.0
2020-07-20,266.64,259.98,267.29,258.65,40610000.0
2020-07-21,263.86,268.27,268.27,262.99,43440000.0
2020-07-22,264.79,264.32,265.75,262.41,29870000.0
2020-07-23,257.87,264.41,265.1,256.42,51360000.0
2020-07-24,255.43,253.99,256.8,251.19,54050000.0
2020-07-27,259.98,257.22,260.38,256.31,36450000.0
2020-07-28,256.68,259.19,259.71,256.38,31300000.0
2020-07-29,259.63,258.19,260.52,257.77,27560000.0
2020-07-30,260.99,257.64,261.57,256.42,41770000.0
2020-07-31,265.65,265.69,265.81,260.71,53760000.0
2020-08-03,269.24,267.91,270.01,267.73,32080000.0
2020-08-04,270.24,268.6,270.34,267.95,24910000.0
2020-08-05,270.91,270.69,271.38,269.82,21690000.0
2020-08-06,274.5,270.64,274.84,270.05,28050000.0
2020-08-07,271.33,273.9,274.74,269.1,44970000.0
2020-08-10,270.17,271.6,271.84,266.53,35090000.0
2020-08-11,265.05,268.96,270.3,264.49,43100000.0
2020-08-12,271.72,267.23,272.7,267.23,38890000.0
2020-08-13,272.34,272.5,274.69,271.37,31900000.0
2020-08-14,272.02,272.87,273.26,270.58,30800000.0
2020-08-17,275.18,273.77,275.7,272.05,24800000.0
2020-08-18,277.82,276.26,278.32,274.77,23530000.0
2020-08-19,275.96,277.78,278.87,275.43,32000000.0
2020-08-20,279.78,275.16,280.28,274.72,27720000.0
2020-08-21,281.72,279.92,282.19,279.31,34750000.0
2020-08-24,283.48,284.91,285.85,281.12,36420000.0
2020-08-25,285.71,282.63,285.91,282.22,34870000.0
2020-08-26,291.81,286.96,292.07,285.68,42220000.0
2020-08-27,290.9,292.93,293.7,288.55,49480000.0
2020-08-28,292.38,292.12,293.03,290.78,28020000.0
2020-08-31,294.73,293.01,296.59,292.47,36320000.0
2020-09-01,299.76,297.44,299.88,295.63,36400000.0
2020-09-02,302.6,303.1,303.34,296.73,50840000.0
2020-09-03,287.26,298.04,298.46,284.26,110080000.0
2020-09-04,283.43,285.61,288.78,271.66,123960000.0
2020-09-08,269.81,272.13,278.07,269.52,99570000.0
2020-09-09,277.73,275.4,279.9,272.86,64840000.0
2020-09-10,272.2,280.82,282.05,270.42,69670000.0
2020-09-11,270.31,274.19,275.08,266.76,71810000.0
2020-09-14,275.02,274.14,277.07,272.82,38530000.0
2020-09-15,278.91,278.75,280.3,274.99,41850000.0
2020-09-16,274.47,279.62,280.21,274.11,42440000.0
2020-09-17,270.18,267.38,274.25,266.54,81570000.0
2020-09-18,266.73,271.48,271.95,262.49,86250000.0
2020-09-21,267.37,262.38,267.51,259.97,57170000.0
2020-09-22,272.34,269.91,272.94,266.4,41130000.0
2020-09-23,264.02,272.01,272.2,263.11,48840000.0
2020-09-24,265.25,261.44,268.56,261.08,70630000.0
2020-09-25,271.42,265.68,272.25,264.16,55240000.0
2020-09-28,277.05,276.47,277.05,271.53,58440000.0
2020-09-29,275.81,276.57,277.56,275.23,27180000.0
2020-09-30,277.69,275.95,280.94,275.73,49380000.0
2020-10-01,282.1,281.64,282.73,279.69,50020000.0
2020-10-02,274.17,275.87,282.09,273.3,75500000.0
2020-10-05,280.01,276.19,280.34,276.08,28180000.0
2020-10-06,275.02,279.14,281.04,274.11,49700000.0
2020-10-07,279.77,277.68,280.59,277.13,27540000.0
2020-10-08,281.26,282.17,282.32,280.16,25440000.0
2020-10-09,285.56,282.94,285.64,282.56,30200000.0
2020-10-12,294.38,290.45,297.3,289.32,79370000.0
2020-10-13,294.37,296.18,296.89,292.96,64240000.0
2020-10-14,291.91,295.16,296.19,290.11,37180000.0
2020-10-15,289.95,287.1,290.56,286.39,42510000.0
2020-10-16,288.36,291.65,293.12,288.0,40570000.0
2020-10-19,283.65,290.34,291.33,282.64,36760000.0
2020-10-20,284.26,284.41,287.47,282.8,32200000.0
2020-10-21,284.04,284.52,287.17,283.54,29310000.0
2020-10-22,284.03,284.9,285.83,280.67,32200000.0
2020-10-23,284.59,284.64,284.76,281.63,24660000.0
2020-10-26,280.32,282.17,285.15,276.61,38420000.0
2020-10-27,282.51,281.27,283.36,280.05,30560000.0
2020-10-28,271.5,277.98,278.49,271.24,53410000.0
2020-10-29,276.24,272.9,279.34,272.38,43250000.0
2020-10-30,269.24,274.23,275.1,266.93,65940000.0
2020-11-02,269.84,271.59,273.38,266.83,39990000.0
2020-11-03,274.51,271.72,276.67,270.7,43600000.0
2020-11-04,286.76,283.41,288.62,281.72,75730000.0
2020-11-05,294.24,293.26,295.23,291.85,52050000.0
2020-11-06,294.46,293.43,295.2,289.68,40960000.0
2020-11-09,288.44,297.15,298.98,287.97,86540000.0
2020-11-10,283.27,285.11,286.51,280.47,69020000.0
2020-11-11,289.61,285.77,290.1,283.23,36100000.0
2020-11-12,288.25,290.57,291.92,287.1,34520000.0
2020-11-13,290.78,289.86,291.42,287.72,24880000.0
2020-11-16,293.05,290.53,293.36,289.84,30170000.0
2020-11-17,292.12,293.25,293.59,291.46,21840000.0
2020-11-18,289.96,291.55,293.22,289.87,28070000.0
2020-11-19,292.23,289.33,292.55,288.7,22720000.0
2020-11-20,290.23,292.15,292.91,290.14,25910000.0
2020-11-23,290.24,291.26,292.6,287.92,26880000.0
2020-11-24,294.32,291.34,294.83,289.48,24520000.0
2020-11-25,296.12,295.28,296.78,294.44,23330000.0
2020-11-27,298.85,298.13,300.01,297.74,17160000.0
2020-11-30,299.46,299.14,299.81,294.63,27840000.0
2020-12-01,303.3,301.71,304.98,300.67,27640000.0
2020-12-02,303.69,302.06,304.04,300.19,23620000.0
2020-12-03,304.12,303.91,305.72,303.37,22830000.0
2020-12-04,305.36,304.17,305.51,303.47,19330000.0
2020-12-07,307.09,305.55,307.47,305.36,20850000.0
2020-12-08,308.13,306.6,308.44,304.79,18340000.0
2020-12-09,301.15,307.91,308.2,300.05,48840000.0
2020-12-10,302.36,299.05,303.52,297.93,27520000.0
2020-12-11,301.69,300.65,301.82,298.31,26760000.0
2020-12-14,303.88,302.92,305.89,302.85,28800000.0
2020-12-15,307.13,306.21,307.13,303.95,25790000.0
2020-12-16,308.82,307.54,309.62,306.46,25460000.0
2020-12-17,310.84,310.47,311.08,309.23,23730000.0
2020-12-18,309.9,311.5,311.82,307.45,41170000.0
2020-12-21,308.76,306.3,309.31,303.44,37100000.0
2020-12-22,309.6,309.69,310.55,306.68,26380000.0
2020-12-23,308.04,309.65,310.02,307.87,21200000.0
2020-12-24,309.4,308.31,309.86,308.23,16780000.0
2020-12-28,312.52,312.09,313.01,310.2,22500000.0
2020-12-29,312.8,313.89,314.52,311.87,25870000.0
2020-12-30,312.81,314.0,314.32,312.17,18140000.0
2020-12-31,313.58,312.71,314.08,311.6,21610000.0
2021-01-04,309.15,314.94,315.12,305.02,45310000.0
2021-01-05,311.7,308.13,311.98,308.13,29320000.0
2021-01-06,307.38,306.84,311.72,305.82,52810000.0
2021-01-07,314.81,310.12,315.67,310.09,30390000.0
2021-01-08,318.86,317.17,319.22,314.92,33960000.0
2021-01-11,314.25,315.81,317.02,313.59,32870000.0
2021-01-12,313.76,314.29,315.41,311.04,29270000.0
2021-01-13,315.87,314.03,316.69,313.41,22900000.0
2021-01-14,314.18,316.33,317.36,313.7,23500000.0
2021-01-15,311.7,313.97,314.95,310.42,35120000.0
2021-01-19,316.24,314.09,316.76,312.96,24540000.0
2021-01-20,323.6,319.97,324.57,316.34,30730000.0
2021-01-21,326.19,324.98,326.96,323.56,25320000.0
2021-01-22,325.25,325.12,326.29,324.54,21610000.0
2021-01-25,327.94,328.74,330.15,321.24,39080000.0
2021-01-26,328.42,328.68,329.59,327.05,25500000.0
2021-01-27,319.26,326.09,326.1,317.19,55260000.0
2021-01-28,321.15,320.5,326.25,319.86,42840000.0
2021-01-29,314.39,319.41,320.55,312.6,55260000.0
2021-02-01,322.25,317.94,323.37,315.85,35650000.0
2021-02-02,327.51,325.31,328.7,325.14,33930000.0
2021-02-03,326.21,329.65,330.02,326.15,24820000.0
2021-02-04,330.07,327.65,330.16,326.29,22350000.0
2021-02-05,331.19,331.05,332.23,329.36,22730000.0
2021-02-08,333.4,332.93,333.56,331.24,20460000.0
2021-02-09,333.33,332.45,334.63,332.44,17600000.0
2021-02-10,332.58,334.81,335.28,329.33,28070000.0
2021-02-11,334.4,334.15,334.82,331.95,22050000.0
2021-02-12,336.27,333.53,336.44,332.46,20350000.0
2021-02-16,335.36,337.09,338.01,334.16,27080000.0
2021-02-17,333.75,332.3,335.48,330.0,31470000.0
2021-02-18,332.3,330.06,333.69,328.19,32240000.0
2021-02-19,330.85,333.68,333.81,329.8,39160000.0
2021-02-22,322.27,326.33,327.63,322.06,47260000.0
2021-02-23,321.31,316.83,323.03,310.84,97240000.0
2021-02-24,323.96,318.57,324.28,315.79,58210000.0
2021-02-25,312.67,321.22,323.86,311.08,110180000.0
2021-02-26,313.98,315.68,318.94,310.72,104740000.0
2021-03-01,323.42,319.1,323.77,317.77,49160000.0
2021-03-02,318.23,324.08,324.16,317.97,48370000.0
2021-03-03,309.0,317.1,318.07,308.94,86300000.0
2021-03-04,303.94,308.62,311.88,299.95,139130000.0
2021-03-05,308.52,306.63,309.45,297.29,121520000.0
2021-03-08,299.78,307.96,309.9,299.35,88410000.0
2021-03-09,311.61,307.31,313.57,306.76,80390000.0
2021-03-10,310.72,315.99,316.3,310.01,76800000.0
2021-03-11,317.87,315.6,319.69,314.68,53480000.0
2021-03-12,315.29,313.7,318.06,311.23,69320000.0
2021-03-15,318.66,315.62,318.83,313.93,43120000.0
2021-03-16,320.41,320.92,324.03,318.93,54930000.0
2021-03-17,321.73,317.28,323.68,315.51,78260000.0
2021-03-18,311.88,316.7,317.71,311.41,82940000.0
2021-03-19,312.98,311.71,314.56,309.5,78450000.0
2021-03-22,318.44,315.04,320.57,315.04,56190000.0
2021-03-23,317.05,319.56,320.92,316.21,53460000.0
2021-03-24,311.71,318.46,318.5,311.56,64800000.0
2021-03-25,311.17,309.81,312.72,307.23,78730000.0
2021-03-26,315.83,310.95,316.16,309.51,63520000.0
2021-03-29,315.74,315.28,316.82,312.31,54610000.0
2021-03-30,314.15,313.73,314.74,311.38,44640000.0
2021-03-31,318.96,315.99,320.57,315.64,55030000.0
2021-04-01,324.4,322.9,324.54,322.64,55690000.0
2021-04-05,330.88,326.96,331.67,324.47,42170000.0
2021-04-06,330.65,330.56,332.66,329.85,33540000.0
2021-04-07,331.45,330.16,332.31,329.2,32050000.0
2021-04-08,334.9,334.38,335.09,333.56,29940000.0
2021-04-09,336.93,333.5,337.14,332.75,36660000.0
2021-04-12,336.49,335.86,336.92,334.55,25830000.0
2021-04-13,340.42,338.06,340.9,337.84,30370000.0
2021-04-14,336.33,340.67,340.8,335.49,42560000.0
2021-04-15,341.43,339.29,341.83,336.04,36340000.0
2021-04-16,341.83,341.97,342.05,339.9,40860000.0
2021-04-19,338.7,340.21,341.4,336.72,34530000.0
2021-04-20,336.23,338.02,339.34,334.21,38080000.0
2021-04-21,339.11,334.91,339.3,333.79,36600000.0
2021-04-22,335.02,338.71,339.72,333.83,45940000.0
2021-04-23,339.24,335.67,340.59,335.67,36410000.0
2021-04-26,341.45,339.49,341.74,338.72,30810000.0
2021-04-27,339.97,341.75,341.97,338.99,33190000.0
2021-04-28,338.82,339.63,340.67,338.15,33620000.0
2021-04-29,340.04,342.19,342.62,336.72,37710000.0
2021-04-30,337.81,337.52,340.08,336.87,38260000.0
2021-05-03,336.01,339.05,339.82,335.55,29730000.0
2021-05-04,329.97,333.38,333.71,326.04,65150000.0
2021-05-05,328.86,332.08,332.97,328.06,46220000.0
2021-05-06,331.34,328.59,331.5,326.28,46810000.0
2021-05-07,334.02,334.19,336.47,331.52,53320000.0
2021-05-10,325.59,332.61,332.79,325.38,60700000.0
2021-05-11,325.14,319.53,325.96,318.85,71960000.0
2021-05-12,316.72,320.06,322.45,315.83,91160000.0
2021-05-13,319.17,319.75,322.23,316.73,69880000.0
2021-05-14,326.22,322.43,327.16,321.91,44370000.0
2021-05-17,324.24,324.46,326.2,321.28,39390000.0
2021-05-18,322.05,325.22,326.48,321.77,36530000.0
2021-05-19,322.42,316.49,322.73,316.13,66320000.0
2021-05-20,328.66,323.95,329.54,323.72,46470000.0
2021-05-21,326.84,330.26,330.69,326.47,50330000.0
2021-05-24,332.34,329.2,333.49,326.73,32480000.0
2021-05-25,332.8,333.89,334.63,331.58,31280000.0
2021-05-26,333.95,333.48,334.43,332.78,25440000.0
2021-05-27,332.71,333.49,334.36,332.5,27930000.0
2021-05-28,333.75,333.94,335.39,333.42,29930000.0
2021-06-01,332.65,335.12,335.61,331.26,31150000.0
2021-06-02,333.29,333.08,334.16,331.52,22050000.0
2021-06-03,329.83,330.38,331.69,328.11,37060000.0
2021-06-04,335.42,331.68,335.88,331.61,38740000.0
2021-06-07,336.42,334.87,336.48,334.16,32610000.0
2021-06-08,336.58,338.22,339.11,334.85,27280000.0
2021-06-09,336.66,337.99,338.79,336.47,21490000.0
2021-06-10,340.17,337.01,340.28,336.55,33700000.0
2021-06-11,341.06,340.18,341.07,339.51,21220000.0
2021-06-14,344.33,341.5,344.34,340.28,27830000.0
2021-06-15,342.08,343.97,344.29,341.34,35960000.0
2021-06-16,340.83,342.56,343.66,337.27,55400000.0
2021-06-17,345.16,339.79,346.2,339.74,59720000.0
2021-06-18,342.45,343.45,344.63,341.68,55410000.0
2021-06-21,344.18,342.25,344.51,339.97,32990000.0
2021-06-22,347.39,343.97,347.85,343.66,28940000.0
2021-06-23,347.56,347.33,348.74,346.7,27190000.0
2021-06-24,349.71,349.55,351.28,348.99,32580000.0
2021-06-25,349.28,350.29,350.54,348.66,28680000.0
2021-06-28,353.52,350.6,353.66,350.54,39130000.0
2021-06-29,354.8,353.34,354.83,352.48,29430000.0
2021-06-30,354.24,354.64,355.04,353.64,32720000.0
2021-07-01,354.38,353.88,354.9,352.49,29290000.0
2021-07-02,358.45,356.33,358.78,356.09,32730000.0
2021-07-06,360.0,359.07,360.29,356.3,38840000.0
2021-07-07,360.76,362.26,362.57,358.75,35270000.0
2021-07-08,358.58,355.55,359.46,354.23,50890000.0
2021-07-09,360.82,357.98,361.31,357.38,35180000.0
2021-07-12,362.23,362.26,362.7,360.64,25720000.0
2021-07-13,362.23,361.84,365.27,361.35,39720000.0
2021-07-14,362.88,364.64,365.3,362.03,35340000.0
2021-07-15,360.33,362.79,363.0,358.27,53390000.0
2021-07-16,357.41,361.21,362.22,357.05,47260000.0
2021-07-19,354.48,353.86,354.99,351.86,64400000.0
2021-07-20,358.6,355.44,360.09,353.61,42180000.0
2021-07-21,361.37,358.16,361.37,357.93,30260000.0
2021-07-22,363.76,361.58,363.77,361.58,30250000.0
2021-07-23,368.01,365.12,368.29,363.72,31960000.0
2021-07-26,368.3,367.3,368.7,366.41,28440000.0
2021-07-27,364.24,368.03,368.03,359.97,57930000.0
2021-07-28,365.64,365.41,367.26,363.05,42070000.0
2021-07-29,366.29,365.06,367.49,365.06,25670000.0
2021-07-30,364.38,362.25,364.98,362.22,36480000.0
2021-08-02,364.41,366.09,366.69,363.68,27330000.0
2021-08-03,366.62,365.09,366.74,361.81,35560000.0
2021-08-04,367.15,366.58,368.13,365.44,29600000.0
2021-08-05,369.48,367.99,369.72,367.26,21440000.0
2021-08-06,367.86,368.18,369.18,366.71,33330000.0
2021-08-09,368.54,368.33,369.08,367.2,25960000.0
2021-08-10,366.65,369.07,369.37,365.43,35130000.0
2021-08-11,366.02,367.95,368.46,364.65,34250000.0
2021-08-12,367.34,365.5,367.71,364.1,26000000.0
2021-08-13,368.63,367.7,368.97,367.19,19340000.0
2021-08-16,368.79,367.48,368.83,363.51,35040000.0
2021-08-17,365.54,365.96,366.96,363.04,44790000.0
2021-08-18,362.02,364.99,366.43,361.68,38540000.0
2021-08-19,363.77,360.03,365.49,359.77,48500000.0
2021-08-20,367.54,364.87,367.95,364.55,39490000.0
2021-08-23,373.03,368.61,373.74,368.6,34030000.0
2021-08-24,374.17,373.64,374.79,373.16,21730000.0
2021-08-25,374.6,374.43,375.19,373.66,20440000.0
2021-08-26,372.22,373.72,374.42,371.77,29130000.0
2021-08-27,375.84,372.87,376.36,372.37,27100000.0
2021-08-30,380.06,376.65,380.56,376.63,27300000.0
2021-08-31,379.75,380.31,380.38,378.16,29630000.0
2021-09-01,380.38,380.84,382.51,380.17,28140000.0
2021-09-02,380.2,381.77,382.11,378.95,25500000.0
2021-09-03,381.37,379.02,381.78,379.0,24620000.0
2021-09-07,381.91,381.48,382.58,380.29,23970000.0
2021-09-08,380.58,381.73,381.73,378.25,32950000.0
2021-09-09,379.27,380.81,381.95,379.02,29400000.0
2021-09-10,376.39,381.03,381.77,376.05,40250000.0
2021-09-13,376.13,378.79,379.23,374.02,48740000.0
2021-09-14,375.06,377.66,378.41,374.08,41830000.0
2021-09-15,377.85,375.53,378.21,373.17,34100000.0
2021-09-16,378.11,376.48,378.7,374.5,35190000.0
2021-09-17,373.63,377.62,377.67,372.56,60910000.0
2021-09-20,365.51,367.27,369.06,360.74,76200000.0
2021-09-21,365.96,367.39,368.62,364.8,41930000.0
2021-09-22,369.38,366.9,370.88,365.77,46970000.0
2021-09-23,372.78,370.57,373.84,369.9,44650000.0
2021-09-24,373.13,370.46,373.56,370.08,36060000.0
2021-09-27,370.16,370.01,371.06,367.54,43340000.0
2021-09-28,359.68,365.48,370.11,359.16,97700000.0
2021-09-29,359.09,360.98,363.18,358.45,58080000.0
2021-09-30,357.77,360.78,362.49,356.91,61380000.0
2021-10-01,359.99,358.41,361.06,354.19,56380000.0
2021-10-04,352.43,358.33,358.67,350.14,76770000.0
2021-10-05,357.19,353.52,359.5,353.29,47230000.0
2021-10-06,359.48,353.89,359.76,352.96,56810000.0
2021-10-07,362.78,362.61,365.5,362.06,39410000.0
2021-10-08,360.97,363.89,364.13,360.42,41820000.0
2021-10-11,358.2,359.39,363.01,358.11,34850000.0
2021-10-12,356.95,359.69,360.14,356.29,43910000.0
2021-10-13,359.81,359.32,360.5,357.24,40120000.0
2021-10-14,366.44,363.5,366.66,362.82,43430000.0
2021-10-15,368.75,367.69,368.87,366.63,40420000.0
2021-10-18,372.45,367.42,372.67,366.8,34510000.0
2021-10-19,375.27,373.55,375.32,372.5,29090000.0
2021-10-20,374.78,375.74,376.37,373.26,31390000.0
2021-10-21,377.07,373.96,377.27,373.65,25470000.0
2021-10-22,373.9,375.78,376.77,372.19,36280000.0
2021-10-25,377.73,375.36,378.67,373.36,32600000.0
2021-10-26,378.92,380.03,382.51,377.71,47190000.0
2021-10-27,379.8,379.38,382.95,379.11,45760000.0
2021-10-28,384.02,381.75,384.28,380.95,38010000.0
2021-10-29,385.91,380.86,386.08,380.5,37310000.0
2021-11-01,387.23,386.36,387.36,384.22,30770000.0
2021-11-02,388.85,386.6,389.34,386.55,25140000.0
2021-11-03,392.97,389.35,393.4,388.28,33750000.0
2021-11-04,398.01,394.27,398.99,393.71,40270000.0
2021-11-05,398.39,399.83,400.78,396.95,43380000.0
2021-11-08,397.85,398.36,399.41,397.19,29260000.0
2021-11-09,395.11,398.95,399.36,393.71,50490000.0
2021-11-10,389.31,392.26,395.15,387.33,54940000.0
2021-11-11,390.38,392.36,392.54,390.04,32240000.0
2021-11-12,394.49,391.56,395.04,389.93,34730000.0
2021-11-15,394.4,395.7,396.03,391.89,33720000.0
2021-11-16,397.21,393.65,397.72,393.45,27870000.0
2021-11-17,397.42,397.54,399.51,396.43,28700000.0
2021-11-18,401.54,399.52,402.06,397.24,45720000.0
2021-11-19,403.78,403.22,405.09,402.37,45190000.0
2021-11-22,399.09,405.36,408.5,398.98,61720000.0
2021-11-23,397.27,397.9,400.02,392.71,70100000.0
2021-11-24,398.55,394.72,398.84,392.33,46950000.0
2021-11-26,390.99,395.9,397.33,389.57,51530000.0
2021-11-29,399.48,395.68,400.52,394.93,54450000.0
2021-11-30,393.61,398.57,400.98,391.54,81330000.0
2021-12-01,386.92,398.07,400.27,386.44,78380000.0
2021-12-02,389.71,385.6,391.53,384.14,84420000.0
2021-12-03,382.93,391.1,392.13,378.7,105350000.0
2021-12-06,386.0,383.43,387.4,379.1,67590000.0
2021-12-07,397.62,392.82,398.25,392.78,56010000.0
2021-12-08,399.4,397.96,399.61,396.01,39200000.0
2021-12-09,393.52,398.14,399.99,393.32,49970000.0
2021-12-10,397.8,396.41,398.07,393.15,52550000.0
2021-12-13,392.05,397.79,398.12,391.67,50170000.0
2021-12-14,388.0,387.1,389.89,383.43,75200000.0
2021-12-15,396.84,387.74,397.21,383.68,73860000.0
2021-12-16,386.64,397.83,398.27,385.01,82590000.0
2021-12-17,384.71,383.13,388.99,381.57,81640000.0
2021-12-20,380.49,379.37,381.3,377.27,65340000.0
2021-12-21,389.01,383.85,389.33,380.0,48900000.0
2021-12-22,393.74,388.71,393.95,388.03,37040000.0
2021-12-23,396.71,394.1,398.22,393.93,29600000.0
2021-12-27,403.27,398.04,403.27,398.01,32820000.0
2021-12-28,401.4,404.19,404.37,400.5,33110000.0
2021-12-29,401.34,401.54,402.84,398.9,32250000.0
2021-12-30,400.14,401.12,403.36,399.54,23850000.0
2021-12-31,397.64,399.45,400.85,397.13,34750000.0
2022-01-03,401.47,398.84,401.73,396.67,40580000.0
2022-01-04,396.26,402.03,402.07,393.08,58030000.0
2022-01-05,384.09,394.53,395.68,383.83,75740000.0
2022-01-06,383.82,382.22,387.15,379.93,70810000.0
2022-01-07,379.66,383.83,385.56,377.84,72650000.0
2022-01-10,379.91,374.62,380.44,369.12,91770000.0
2022-01-11,385.62,379.16,385.79,377.02,68300000.0
2022-01-12,387.15,388.26,390.0,384.81,54580000.0
2022-01-13,377.46,388.57,389.27,376.5,77990000.0
2022-01-14,379.81,374.87,380.15,374.66,80120000.0
2022-01-18,370.36,373.84,376.02,369.58,75810000.0
2022-01-19,366.29,371.95,374.49,366.02,81790000.0
2022-01-20,361.53,369.6,373.67,360.98,88610000.0
2022-01-21,351.51,359.28,361.99,351.22,143390000.0
2022-01-24,353.11,345.72,353.79,333.97,199450000.0
2022-01-25,344.93,346.49,350.85,341.5,124400000.0
2022-01-26,344.39,352.72,356.69,340.6,146560000.0
2022-01-27,340.92,349.22,351.09,339.87,95260000.0
2022-01-28,351.62,342.85,351.84,337.77,108170000.0
2022-01-31,362.86,353.01,363.46,351.34,94330000.0
2022-02-01,365.33,364.24,366.0,358.95,74430000.0
2022-02-02,368.3,369.57,369.91,364.09,78780000.0
2022-02-03,353.36,358.34,361.74,352.27,95380000.0
2022-02-04,357.82,353.89,361.21,351.79,86320000.0
2022-02-07,354.94,358.43,360.86,353.65,58200000.0
2022-02-08,358.93,353.77,360.05,352.61,64720000.0
2022-02-09,366.54,363.57,366.62,361.93,55770000.0
2022-02-10,358.24,359.33,366.3,356.35,112470000.0
2022-02-11,346.88,358.24,359.88,345.62,101570000.0
2022-02-14,347.31,346.31,350.8,343.71,80250000.0
2022-02-15,355.94,352.72,356.18,351.64,55390000.0
2022-02-16,355.85,353.63,356.9,350.53,58950000.0
2022-02-17,345.27,352.55,353.27,344.84,61800000.0
2022-02-18,341.33,346.23,346.63,338.96,80000000.0
2022-02-22,337.9,338.31,343.86,334.17,85970000.0
2022-02-23,329.25,341.14,342.0,328.93,86220000.0
2022-02-24,340.31,318.67,340.86,318.09,130610000.0
2022-02-25,345.59,341.13,345.8,337.21,78840000.0
2022-02-28,346.62,342.33,348.36,341.14,77520000.0
2022-03-01,341.31,345.57,347.9,338.72,67410000.0
2022-03-02,347.04,342.9,348.41,340.06,70610000.0
2022-03-03,342.08,349.75,349.86,340.17,71090000.0
2022-03-04,337.12,339.66,341.13,334.74,77010000.0
2022-03-07,324.69,337.11,338.3,324.48,89930000.0
2022-03-08,323.18,323.88,333.04,319.77,116150000.0
2022-03-09,334.81,331.58,336.2,328.92,64720000.0
2022-03-10,331.1,330.65,332.34,326.54,69360000.0
2022-03-11,324.23,334.14,334.46,323.73,66230000.0
2022-03-14,318.0,322.96,326.42,317.28,79800000.0
2022-03-15,327.98,320.71,328.78,319.06,76470000.0
2022-03-16,340.14,332.0,340.26,328.23,105240000.0
2022-03-17,344.26,338.19,344.32,336.86,67810000.0
2022-03-18,351.31,342.56,351.61,341.37,85450000.0
2022-03-21,349.9,350.02,352.29,345.39,73800000.0
2022-03-22,356.77,350.41,357.66,350.02,63350000.0
2022-03-23,351.65,353.82,357.47,351.59,70620000.0
2022-03-24,359.46,353.61,359.51,351.41,53560000.0
2022-03-25,359.16,359.4,360.48,354.76,57580000.0
2022-03-28,364.72,359.15,364.82,357.88,56830000.0
2022-03-29,371.0,368.71,371.63,365.87,68070000.0
2022-03-30,366.9,369.08,370.79,365.38,68760000.0
2022-03-31,362.35,367.05,367.41,361.49,67010000.0
2022-04-01,361.66,362.62,363.42,358.4,54530000.0
2022-04-04,369.11,362.52,369.12,362.25,45950000.0
2022-04-05,360.91,367.62,368.35,359.74,62740000.0
2022-04-06,353.07,355.46,356.59,350.38,90080000.0
2022-04-07,353.91,352.06,356.16,348.51,63780000.0
2022-04-08,348.97,352.14,352.9,348.32,61960000.0
2022-04-11,340.71,344.63,345.57,340.36,66110000.0
2022-04-12,339.27,345.58,347.51,337.86,72790000.0
2022-04-13,346.17,339.62,347.25,338.88,61370000.0
2022-04-14,338.25,346.26,346.79,338.03,73520000.0
2022-04-18,338.51,337.17,340.86,335.61,58560000.0
2022-04-19,346.08,337.85,346.67,336.8,56520000.0
2022-04-20,341.03,346.91,347.38,339.78,65500000.0
2022-04-21,333.97,345.01,347.69,333.03,75800000.0
2022-04-22,325.23,334.13,335.38,324.79,82560000.0
2022-04-25,329.41,323.56,329.73,322.26,101760000.0
2022-04-26,316.97,327.3,327.49,316.69,105820000.0
2022-04-27,316.59,317.07,322.71,314.83,111200000.0
2022-04-28,327.84,321.68,329.72,317.35,99450000.0
2022-04-29,313.09,323.53,327.05,312.44,91980000.0
2022-05-02,318.31,312.67,318.55,309.48,115510000.0
2022-05-03,318.65,318.33,321.0,315.81,78190000.0
2022-05-04,329.43,319.14,330.12,313.73,116080000.0
2022-05-05,312.84,325.0,325.08,309.46,154610000.0
2022-05-06,309.09,310.79,314.92,304.94,139570000.0
2022-05-09,296.99,303.32,309.19,295.56,113390000.0
2022-05-10,300.6,304.35,305.6,296.41,124120000.0
2022-05-11,291.69,298.28,303.93,290.8,140330000.0
2022-05-12,291.0,287.3,295.59,284.79,120910000.0
2022-05-13,301.78,295.56,302.84,293.93,83680000.0
2022-05-16,298.28,299.99,302.1,296.97,59190000.0
2022-05-17,306.01,304.29,306.4,300.39,62720000.0
2022-05-18,290.99,301.38,302.09,289.7,79480000.0
2022-05-19,289.43,289.14,294.24,287.43,79920000.0
2022-05-20,288.53,292.98,293.65,280.06,91760000.0
2022-05-23,293.33,289.6,293.72,287.14,63650000.0
2022-05-24,287.09,287.97,288.71,282.1,73490000.0
2022-05-25,291.11,285.56,293.24,285.35,67140000.0
2022-05-26,299.17,290.29,300.76,290.0,59460000.0
2022-05-27,308.94,302.38,309.09,302.26,66990000.0
2022-05-31,308.12,308.91,311.17,304.17,60970000.0
2022-06-01,305.84,310.31,312.49,303.57,65340000.0
2022-06-02,314.21,304.69,314.39,303.24,59290000.0
2022-06-03,306.04,308.87,310.31,304.76,60910000.0
2022-06-06,307.06,310.59,312.19,305.46,51790000.0
2022-06-07,309.71,303.65,310.51,302.53,44900000.0
2022-06-08,307.48,308.89,311.56,306.61,38340000.0
2022-06-09,299.24,305.75,308.89,299.07,55900000.0
2022-06-10,288.69,293.5,294.72,288.23,85960000.0
2022-06-13,275.27,279.6,282.19,274.39,94440000.0
2022-06-14,275.77,277.51,278.51,273.19,64700000.0
2022-06-15,282.65,279.27,286.68,276.46,86050000.0
2022-06-16,271.25,275.45,275.92,269.14,81910000.0
2022-06-17,274.55,272.04,277.04,270.37,82700000.0
2022-06-21,280.93,278.6,283.3,278.49,51630000.0
2022-06-22,280.52,278.37,285.03,277.76,67470000.0
2022-06-23,284.7,283.06,285.57,280.16,57460000.0
2022-06-24,294.46,287.59,294.89,287.35,58420000.0
2022-06-27,292.3,295.84,296.42,291.14,54150000.0
2022-06-28,283.39,292.85,295.49,283.2,61870000.0
2022-06-29,283.65,283.25,285.19,280.69,57300000.0
2022-06-30,280.13,280.6,283.8,275.64,79310000.0
2022-07-01,281.98,278.8,282.38,276.88,56680000.0
2022-07-05,286.81,278.16,286.93,276.6,61830000.0
2022-07-06,288.65,287.2,290.8,285.44,63190000.0
2022-07-07,294.83,289.48,295.54,289.48,56620000.0
2022-07-08,295.19,291.93,296.59,290.97,59900000.0
2022-07-11,288.89,292.73,292.96,287.99,55270000.0
2022-07-12,286.09,290.17,292.13,284.46,55800000.0
2022-07-13,285.5,280.45,287.9,279.87,73940000.0
2022-07-14,286.52,282.84,287.41,279.65,63740000.0
2022-07-15,291.72,289.58,291.83,287.93,63820000.0
2022-07-18,289.25,294.57,296.0,288.05,59520000.0
2022-07-19,298.14,292.96,298.44,291.32,55170000.0
2022-07-20,302.87,298.57,304.08,297.78,67770000.0
2022-07-21,307.22,303.34,307.27,300.62,55050000.0
2022-07-22,301.83,306.27,308.39,299.96,57130000.0
2022-07-25,300.11,301.86,302.34,298.06,40580000.0
2022-07-26,294.22,298.37,298.63,293.39,50070000.0
2022-07-27,306.65,298.88,308.38,298.3,69300000.0
2022-07-28,309.65,306.43,310.23,302.59,55140000.0
2022-07-29,315.29,311.22,316.22,309.77,57500000.0
2022-08-01,315.1,313.49,318.64,312.37,46360000.0
2022-08-02,314.16,312.76,318.38,311.68,48680000.0
2022-08-03,322.72,315.88,323.56,315.82,53740000.0
2022-08-04,324.23,322.8,324.55,320.6,38970000.0
2022-08-05,321.58,319.02,323.66,318.22,53890000.0
2022-08-08,320.54,322.52,326.3,319.04,44070000.0
2022-08-09,316.91,318.6,318.86,315.25,39760000.0
2022-08-10,325.76,324.42,326.06,321.89,51460000.0
2022-08-11,323.91,328.13,330.19,323.19,45900000.0
2022-08-12,330.22,326.0,330.41,324.93,40930000.0
2022-08-15,332.89,329.25,333.39,329.23,38270000.0
2022-08-16,332.11,331.88,334.25,328.99,41190000.0
2022-08-17,328.32,328.9,331.26,326.19,47840000.0
2022-08-18,329.11,328.27,330.32,326.62,41940000.0
2022-08-19,322.69,326.0,326.67,321.91,51770000.0
2022-08-22,314.2,318.33,318.57,313.37,51100000.0
2022-08-23,313.94,313.96,316.83,313.17,39500000.0
2022-08-24,314.84,313.45,316.7,312.83,38060000.0
2022-08-25,320.41,316.66,320.43,315.59,38100000.0
2022-08-26,307.28,320.11,321.34,307.19,69050000.0
2022-08-29,304.25,304.46,307.06,303.12,48320000.0
2022-08-30,300.86,305.94,306.57,298.28,51180000.0
2022-08-31,299.11,303.83,304.75,299.0,50040000.0
2022-09-01,299.24,296.56,299.62,292.8,57990000.0
2022-09-02,295.02,302.18,303.59,293.37,64670000.0
2022-09-06,292.9,295.5,296.44,290.72,57010000.0
2022-09-07,298.81,293.39,299.83,293.12,49260000.0
2022-09-08,300.36,296.69,301.71,295.29,55650000.0
2022-09-09,306.93,302.67,307.44,300.36,56130000.0
2022-09-12,310.58,308.34,310.92,308.02,45910000.0
2022-09-13,293.55,301.64,302.86,292.63,79560000.0
2022-09-14,295.87,294.71,296.77,292.91,54910000.0
2022-09-15,290.95,293.92,296.37,289.31,65300000.0
2022-09-16,289.17,287.57,289.57,285.47,79920000.0
2022-09-19,290.9,285.95,291.06,285.89,52610000.0
2022-09-20,288.58,288.34,290.92,286.23,51270000.0
2022-09-21,283.41,289.44,293.8,283.27,82930000.0
2022-09-22,279.92,281.85,282.88,278.67,62760000.0
2022-09-23,275.37,277.4,277.7,271.88,74820000.0
2022-09-26,274.23,274.89,279.34,273.42,71180000.0
2022-09-27,274.34,277.66,280.06,271.97,69780000.0
2022-09-28,279.79,274.32,281.1,272.8,79650000.0
2022-09-29,271.73,275.72,276.11,268.7,81220000.0
2022-09-30,267.12,270.89,275.05,266.96,78480000.0
2022-10-03,273.39,268.93,275.02,267.39,61270000.0
2022-10-04,281.98,278.84,282.7,278.84,66700000.0
2022-10-05,281.83,278.13,283.66,275.28,55770000.0
2022-10-06,279.61,280.81,284.03,279.28,53490000.0
2022-10-07,268.96,274.88,275.01,267.6,71350000.0
2022-10-10,266.27,269.16,269.56,263.5,60390000.0
2022-10-11,262.61,264.56,267.49,260.89,66520000.0
2022-10-12,262.52,263.26,265.22,261.81,50580000.0
2022-10-13,268.68,255.03,270.03,254.13,112890000.0
2022-10-14,260.6,271.06,271.67,260.0,77240000.0
2022-10-17,269.21,266.7,270.1,266.6,64580000.0
2022-10-18,271.34,276.38,277.06,268.6,69780000.0
2022-10-19,270.35,269.79,273.54,267.93,53120000.0
2022-10-20,268.97,269.44,274.7,267.78,60610000.0
2022-10-21,275.28,267.84,275.82,266.68,77900000.0
2022-10-24,278.3,275.55,279.25,271.83,63960000.0
2022-10-25,284.06,279.26,284.45,277.75,59010000.0
2022-10-26,277.78,278.31,283.83,277.28,63900000.0
2022-10-27,272.73,276.64,278.13,272.2,57760000.0
2022-10-28,281.07,272.09,281.55,271.92,62650000.0
2022-10-31,277.8,278.77,279.61,275.85,47740000.0
2022-11-01,274.97,281.35,281.92,274.6,45900000.0
2022-11-02,265.54,274.94,278.06,265.47,79800000.0
2022-11-03,260.35,262.87,264.36,259.96,70040000.0
2022-11-04,264.54,265.39,266.47,258.94,78310000.0
2022-11-07,267.45,265.61,268.0,263.43,47330000.0
2022-11-08,269.4,269.0,272.71,265.38,63210000.0
2022-11-09,263.18,267.62,268.42,262.89,64860000.0
2022-11-10,282.6,275.87,282.9,273.71,99260000.0
2022-11-11,287.81,282.41,288.49,281.04,66960000.0
2022-11-14,285.29,285.71,289.06,284.29,55080000.0
2022-11-15,289.24,292.06,293.11,285.82,73990000.0
2022-11-16,285.29,287.24,289.33,284.45,48860000.0
2022-11-17,284.66,280.73,286.17,280.57,55460000.0
2022-11-18,284.67,287.74,287.84,282.17,53590000.0
2022-11-21,281.74,283.25,284.43,280.89,40080000.0
2022-11-22,285.8,282.49,285.96,280.31,41870000.0
2022-11-23,288.67,285.82,289.31,285.64,46390000.0
2022-11-25,286.77,287.04,287.76,286.27,15500000.0
2022-11-28,282.56,284.75,286.81,281.61,38880000.0
2022-11-29,280.42,282.79,283.2,279.02,35620000.0
2022-11-30,293.21,280.69,293.32,279.82,74720000.0
2022-12-01,293.57,293.54,295.59,290.73,51550000.0
2022-12-02,292.4,288.39,293.3,288.21,53580000.0
2022-12-05,287.49,290.23,291.53,286.0,41480000.0
2022-12-06,281.53,287.33,287.47,280.11,53940000.0
2022-12-07,280.38,280.32,282.42,278.63,45610000.0
2022-12-08,283.7,281.76,284.69,279.64,42590000.0
2022-12-09,281.89,282.66,285.49,281.44,47860000.0
2022-12-12,285.43,282.07,285.49,281.01,35730000.0
2022-12-13,288.5,296.49,296.72,285.76,80670000.0
2022-12-14,286.36,287.9,291.26,283.04,64980000.0
2022-12-15,276.74,282.18,282.86,275.53,60550000.0
2022-12-16,274.11,276.05,277.62,272.47,68300000.0
2022-12-19,269.61,273.73,273.82,268.35,44170000.0
2022-12-20,269.4,268.42,271.18,266.81,51060000.0
2022-12-21,273.31,270.46,274.64,269.6,46390000.0
2022-12-22,266.62,270.24,270.37,262.32,60280000.0
2022-12-23,267.22,265.33,267.9,263.39,39370000.0
2022-12-27,263.44,266.6,266.71,262.89,38010000.0
2022-12-28,259.96,263.03,265.33,259.59,47140000.0
2022-12-29,266.3,262.82,267.26,262.11,45890000.0
2022-12-30,266.14,263.48,266.27,262.15,37860000.0
2023-01-03,264.34,268.51,270.01,261.99,42340000.0
2023-01-04,265.6,266.5,267.31,262.39,47750000.0
2023-01-05,261.44,263.9,264.07,261.12,45400000.0
2023-01-06,268.66,263.21,269.8,260.2,54660000.0
2023-01-09,270.4,270.69,275.15,269.78,45570000.0
2023-01-10,272.69,269.35,272.8,268.83,35250000.0
2023-01-11,277.4,273.78,277.51,272.98,44080000.0
2023-01-12,278.9,277.97,279.95,273.6,60600000.0
2023-01-13,280.82,276.35,281.07,276.02,44800000.0
2023-01-17,281.39,280.62,282.7,279.43,36270000.0
2023-01-18,277.73,282.96,284.54,277.52,47750000.0
2023-01-19,275.01,276.08,277.23,273.75,44150000.0
2023-01-20,282.53,276.64,282.87,275.57,60610000.0
2023-01-23,288.81,283.39,290.06,282.58,52800000.0
2023-01-24,288.22,287.16,289.4,286.63,44880000.0
2023-01-25,287.58,283.62,288.21,281.03,50870000.0
2023-01-26,293.19,291.07,293.37,288.37,51600000.0
2023-01-27,296.1,291.85,298.1,291.73,56440000.0
2023-01-30,290.12,292.78,294.23,289.74,49410000.0
2023-01-31,294.47,290.16,294.57,290.05,46710000.0
2023-02-01,300.76,294.26,303.27,292.15,67560000.0
2023-02-02,311.56,307.41,313.52,306.57,83070000.0
2023-02-03,306.02,304.78,312.23,304.38,76170000.0
2023-02-06,303.43,303.35,305.75,302.06,40800000.0
2023-02-07,309.72,303.3,310.87,302.16,67580000.0
2023-02-08,304.21,308.38,309.34,303.51,56720000.0
2023-02-09,301.52,308.68,308.83,300.04,49140000.0
2023-02-10,299.54,299.32,301.41,297.09,50050000.0
2023-02-13,304.34,300.97,304.94,299.77,39640000.0
2023-02-14,306.59,302.73,307.56,300.75,64080000.0
2023-02-15,308.94,304.74,309.11,304.04,43430000.0
2023-02-16,303.14,304.22,308.27,302.99,59500000.0
2023-02-17,301.0,300.91,301.77,297.94,58230000.0
2023-02-21,293.88,297.1,298.57,293.74,46530000.0
2023-02-22,294.1,294.47,296.2,292.41,51390000.0
2023-02-23,296.66,297.81,297.97,292.4,69290000.0
2023-02-24,291.7,291.61,292.82,289.9,74330000.0
2023-02-27,293.79,294.92,296.33,293.19,49000000.0
2023-02-28,293.41,293.15,295.97,292.81,48240000.0
2023-03-01,291.05,293.11,293.78,290.05,58290000.0
2023-03-02,293.46,288.51,294.28,288.22,53740000.0
2023-03-03,299.52,295.23,299.76,294.72,60510000.0
2023-03-06,299.86,300.78,303.84,299.66,56740000.0
2023-03-07,296.18,299.91,300.85,295.56,65960000.0
2023-03-08,297.66,296.61,298.27,294.73,50880000.0
2023-03-09,292.51,298.17,300.82,291.68,71460000.0
2023-03-10,288.4,292.68,294.2,287.23,98590000.0
2023-03-13,290.54,286.58,294.32,285.04,97120000.0
2023-03-14,297.21,294.16,297.77,293.3,73600000.0
2023-03-15,298.77,294.56,299.11,293.09,83630000.0
2023-03-16,306.65,297.84,307.02,297.03,98560000.0
2023-03-17,305.2,306.56,308.99,303.21,89920000.0
2023-03-20,305.81,304.1,306.14,301.85,56360000.0
2023-03-21,310.18,307.78,310.64,306.23,49760000.0
2023-03-22,305.96,310.11,315.08,305.79,75790000.0
2023-03-23,309.59,309.76,313.99,306.85,74580000.0
2023-03-24,310.73,309.16,310.83,306.79,57250000.0
2023-03-27,308.6,311.44,312.54,307.73,50290000.0
2023-03-28,306.96,308.01,308.04,304.61,48590000.0
2023-03-29,312.56,310.72,313.19,309.89,53270000.0
2023-03-30,315.51,315.07,316.15,312.64,58350000.0
2023-03-31,320.76,315.74,321.0,315.43,62140000.0
2023-04-03,319.98,318.6,320.25,317.25,47130000.0
2023-04-04,318.9,320.43,321.46,317.66,45880000.0
2023-04-05,315.75,317.93,318.89,313.91,62800000.0
2023-04-06,317.88,314.08,318.38,312.66,46920000.0
2023-04-10,317.7,314.9,317.75,313.09,45130000.0
2023-04-11,315.66,317.66,317.72,315.14,40110000.0
2023-04-12,312.88,317.65,318.25,312.4,62810000.0
2023-04-13,319.0,314.66,319.48,313.47,54610000.0
2023-04-14,318.4,317.42,320.19,315.44,56280000.0
2023-04-17,318.67,317.98,319.03,315.87,43010000.0
2023-04-18,318.69,320.82,321.25,317.47,46750000.0
2023-04-19,318.54,316.24,319.62,316.11,38960000.0
2023-04-20,316.11,315.52,319.1,314.8,62460000.0
2023-04-21,316.44,315.74,317.23,313.94,59000000.0
2023-04-24,315.78,316.21,317.57,313.58,44040000.0
2023-04-25,309.83,314.13,314.8,309.73,57120000.0
2023-04-26,311.71,313.28,314.77,311.18,55400000.0
2023-04-27,320.18,315.53,320.69,314.88,65430000.0
2023-04-28,322.39,319.94,322.48,318.79,59710000.0
2023-05-01,322.02,321.92,323.46,320.92,41010000.0
2023-05-02,319.21,321.95,322.28,317.44,56520000.0
2023-05-03,317.12,319.58,322.3,317.01,59880000.0
2023-05-04,316.0,316.89,318.06,314.95,50220000.0
2023-05-05,322.72,318.3,323.59,316.05,51810000.0
2023-05-08,323.52,322.25,323.87,321.15,36470000.0
2023-05-09,321.47,321.83,322.71,321.15,31770000.0
2023-05-10,324.97,323.95,325.84,321.43,60450000.0
2023-05-11,326.03,325.53,326.58,323.95,44280000.0
2023-05-12,324.86,326.57,327.0,322.77,48430000.0
2023-05-15,326.62,325.34,326.86,323.79,33380000.0
2023-05-16,326.99,325.89,328.73,325.85,40020000.0
2023-05-17,330.95,328.07,331.54,326.87,47490000.0
2023-05-18,337.09,331.35,337.31,331.33,64210000.0
2023-05-19,336.33,337.31,338.03,335.25,61550000.0
2023-05-22,337.46,336.07,338.49,336.06,43020000.0
2023-05-23,333.18,335.71,336.88,332.83,48220000.0
2023-05-24,331.48,331.2,332.73,329.39,62890000.0
2023-05-25,339.54,338.96,340.83,336.49,66860000.0
2023-05-26,348.22,340.58,349.06,340.48,63010000.0
2023-05-30,349.8,352.52,353.74,348.35,72650000.0
2023-05-31,347.81,348.19,350.42,346.33,65110000.0
2023-06-01,351.83,347.55,353.17,346.48,50490000.0
2023-06-02,354.46,353.61,355.64,351.83,53370000.0
2023-06-05,354.71,354.24,357.31,353.66,47270000.0
2023-06-06,354.65,354.09,355.63,352.74,41390000.0
2023-06-07,348.64,354.94,356.93,348.0,69230000.0
2023-06-08,352.96,348.94,353.43,348.71,47150000.0
2023-06-09,354.31,354.44,357.47,352.84,53200000.0
2023-06-12,360.3,356.0,360.4,355.01,44820000.0
2023-06-13,363.07,363.1,363.92,359.84,57100000.0
2023-06-14,365.71,363.08,366.0,360.23,69530000.0
2023-06-15,370.07,364.42,371.57,363.79,71140000.0
2023-06-16,367.74,372.52,372.65,367.29,80930000.0
2023-06-20,366.71,365.76,368.13,363.7,49200000.0
2023-06-21,361.71,365.55,365.99,360.77,53380000.0
2023-06-22,365.98,360.44,366.14,360.03,47600000.0
2023-06-23,362.35,362.02,364.69,360.63,48920000.0
2023-06-26,357.49,361.81,364.65,357.4,52690000.0
2023-06-27,363.64,359.06,364.38,358.32,49430000.0
2023-06-28,364.35,361.79,366.33,361.71,46500000.0
2023-06-29,363.62,364.05,364.7,361.95,46150000.0
2023-06-30,369.23,367.36,370.3,367.04,58710000.0
2023-07-03,370.1,369.88,370.74,368.78,19430000.0
2023-07-05,370.09,368.5,371.81,368.47,34460000.0
2023-07-06,367.27,366.32,367.72,364.33,49370000.0
2023-07-07,366.05,367.04,370.29,365.82,47130000.0
2023-07-10,366.17,365.77,366.86,363.22,48500000.0
2023-07-11,367.98,366.6,368.44,364.43,38210000.0
2023-07-12,372.62,372.14,373.99,370.11,61700000.0
2023-07-13,378.95,375.85,379.79,375.26,46960000.0
2023-07-14,378.87,379.39,382.66,377.98,55150000.0
2023-07-17,382.41,379.6,383.3,379.11,40870000.0
2023-07-18,385.54,381.76,386.93,379.8,55340000.0
2023-07-19,385.45,386.62,387.78,384.1,54090000.0
2023-07-20,376.56,382.41,383.89,375.52,71940000.0
2023-07-21,375.43,378.98,379.72,374.99,60500000.0
2023-07-24,376.03,376.42,377.38,374.14,40380000.0
2023-07-25,378.58,376.75,380.27,376.73,38890000.0
2023-07-26,377.32,377.52,379.04,374.98,47080000.0
2023-07-27,376.42,382.87,384.51,375.11,63940000.0
2023-07-28,383.28,380.54,384.32,380.02,56900000.0
2023-07-31,383.48,383.59,384.68,382.14,44020000.0
2023-08-01,382.59,382.11,383.36,380.49,41310000.0
2023-08-02,374.19,379.06,379.06,372.93,72690000.0
2023-08-03,373.59,371.74,375.75,371.57,47860000.0
2023-08-04,371.84,375.55,377.9,371.33,61700000.0
2023-08-07,374.99,373.68,375.09,371.32,37230000.0
2023-08-08,371.8,372.44,372.46,368.63,44730000.0
2023-08-09,367.72,372.09,372.25,366.95,51150000.0
2023-08-10,368.4,370.78,374.16,366.84,72040000.0
2023-08-11,366.05,365.8,367.81,364.5,48710000.0
2023-08-14,370.16,365.24,370.28,364.51,42130000.0
2023-08-15,366.23,369.17,369.97,365.55,45540000.0
2023-08-16,362.35,365.68,367.24,362.25,53190000.0
2023-08-17,358.39,363.77,364.12,357.97,62600000.0
2023-08-18,357.94,355.07,359.22,354.52,61190000.0
2023-08-21,363.71,359.43,364.4,358.96,50700000.0
2023-08-22,363.19,366.36,366.37,362.49,44610000.0
2023-08-23,368.92,364.39,370.03,364.17,51770000.0
2023-08-24,361.03,372.44,372.54,360.82,66840000.0
2023-08-25,363.83,361.88,365.55,358.39,69960000.0
2023-08-28,366.57,366.8,367.52,364.06,40910000.0
2023-08-29,374.57,366.37,374.93,366.04,58490000.0
2023-08-30,376.66,374.68,377.25,373.66,41730000.0
2023-08-31,377.79,376.74,379.52,376.67,35730000.0
2023-09-01,377.39,380.2,380.63,375.88,39800000.0
2023-09-05,377.87,376.57,379.11,375.63,32340000.0
2023-09-06,374.54,377.08,377.43,372.5,43000000.0
2023-09-07,371.86,370.02,372.65,368.96,52060000.0
2023-09-08,372.38,371.81,374.65,371.4,35850000.0
2023-09-11,376.77,375.46,377.29,373.46,39940000.0
2023-09-12,372.59,375.07,376.75,372.3,41390000.0
2023-09-13,374.01,372.83,375.64,371.68,46300000.0
2023-09-14,377.07,375.79,378.07,373.69,48040000.0
2023-09-15,370.62,375.71,376.12,369.67,69810000.0
2023-09-18,370.47,369.13,371.59,368.84,36900000.0
2023-09-19,369.68,369.13,370.49,366.61,37620000.0
2023-09-20,364.35,370.76,371.12,364.27,45510000.0
2023-09-21,357.67,360.61,361.41,357.5,69730000.0
2023-09-22,357.72,359.44,361.61,357.4,51590000.0
2023-09-25,359.42,356.74,359.51,355.74,39170000.0
2023-09-26,354.02,356.8,357.35,353.02,53660000.0
2023-09-27,354.85,355.19,356.79,351.18,56070000.0
2023-09-28,357.82,353.92,359.98,353.05,56450000.0
2023-09-29,358.08,361.35,362.76,356.83,64830000.0
2023-10-02,361.07,358.35,362.49,357.73,51630000.0
2023-10-03,354.73,358.59,360.82,353.09,60480000.0
2023-10-04,359.56,355.58,360.42,355.11,54790000.0
2023-10-05,358.5,359.55,359.96,354.95,45900000.0
2023-10-06,364.51,355.46,365.72,354.66,75050000.0
2023-10-09,366.37,362.11,366.92,360.59,45300000.0
2023-10-10,368.4,366.71,371.09,366.2,46970000.0
2023-10-11,371.03,369.75,371.22,368.0,38220000.0
2023-10-12,369.74,371.53,373.54,367.31,49590000.0
2023-10-13,365.09,370.38,370.97,363.67,52520000.0
2023-10-16,369.22,366.43,370.29,366.28,44200000.0
2023-10-17,368.01,365.62,369.73,363.47,51000000.0
2023-10-18,363.18,365.48,367.72,361.83,54280000.0
2023-10-19,359.78,364.62,365.83,358.97,72270000.0
2023-10-20,354.41,359.27,359.85,354.18,72560000.0
2023-10-23,355.48,353.07,359.07,350.94,60670000.0
2023-10-24,358.94,357.32,359.72,355.6,47080000.0
2023-10-25,350.16,356.51,356.69,349.57,71190000.0
2023-10-26,343.48,348.94,349.89,342.17,78620000.0
2023-10-27,345.13,346.25,348.66,343.9,63480000.0
2023-10-30,349.02,347.65,350.36,346.27,55300000.0
2023-10-31,350.69,349.05,351.07,346.44,47670000.0
2023-11-01,356.77,351.54,357.34,351.44,58990000.0
2023-11-02,363.25,361.35,363.49,360.11,58160000.0
2023-11-03,367.52,364.56,368.83,364.33,53280000.0
2023-11-06,369.02,368.3,369.59,366.72,38850000.0
2023-11-07,372.5,370.08,373.38,368.85,50780000.0
2023-11-08,372.74,372.88,373.59,370.43,35660000.0
2023-11-09,369.88,373.44,374.6,369.38,53860000.0
2023-11-10,378.19,371.62,378.34,371.09,58370000.0
2023-11-13,377.01,376.59,378.08,375.04,40730000.0
2023-11-14,385.13,383.51,386.06,382.98,67790000.0
2023-11-15,385.42,387.05,387.55,384.03,54140000.0
2023-11-16,385.75,384.64,385.99,383.36,45340000.0
2023-11-17,385.84,385.01,386.87,384.09,46620000.0
2023-11-20,390.53,385.85,391.2,385.85,44540000.0
2023-11-21,388.27,388.81,389.03,386.5,43340000.0
2023-11-22,389.86,390.36,392.86,388.84,44180000.0
2023-11-24,389.31,389.45,390.05,388.3,15720000.0
2023-11-27,388.97,388.81,390.94,388.08,34140000.0
2023-11-28,389.99,388.21,390.57,387.85,35490000.0
2023-11-29,389.61,392.48,393.93,389.26,38810000.0
2023-11-30,388.63,389.88,390.35,385.62,52830000.0
2023-12-01,389.74,387.55,390.33,385.87,40490000.0
2023-12-04,386.12,385.89,386.39,382.46,51190000.0
2023-12-05,387.09,384.19,388.3,384.01,42930000.0
2023-12-06,384.85,390.07,390.17,384.5,41990000.0
2023-12-07,390.23,387.87,391.06,386.76,49590000.0
2023-12-08,391.96,388.47,392.41,388.28,46690000.0
2023-12-11,395.31,391.53,395.58,391.32,41200000.0
2023-12-12,398.46,395.35,398.58,394.2,39220000.0
2023-12-13,403.53,399.41,404.15,398.63,55410000.0
2023-12-14,403.18,404.77,406.09,400.13,55450000.0
2023-12-15,405.13,403.97,406.33,403.36,62900000.0
2023-12-18,406.87,404.72,407.78,404.39,46610000.0
2023-12-19,408.95,407.33,409.07,407.13,35710000.0
2023-12-20,402.87,408.14,410.25,402.69,54040000.0
2023-12-21,407.56,406.85,407.93,404.26,45570000.0
2023-12-22,408.17,408.79,409.75,406.27,34310000.0
2023-12-26,410.66,409.04,411.34,408.94,22720000.0
2023-12-27,411.5,410.95,411.79,410.08,31980000.0
2023-12-28,411.3,412.67,412.92,410.94,27030000.0
2023-12-29,409.52,411.28,411.64,407.58,42660000.0
2024-01-02,402.59,405.84,406.09,400.24,58030000.0
2024-01-03,398.33,399.93,401.0,397.89,47000000.0
2024-01-04,396.28,396.44,399.59,396.06,39430000.0
2024-01-05,396.75,396.45,399.56,395.34,44920000.0
2024-01-08,404.95,397.99,405.24,397.84,42470000.0
2024-01-09,405.75,401.91,406.69,401.71,39130000.0
2024-01-10,408.5,406.07,409.52,405.17,33960000.0
2024-01-11,409.56,410.4,411.25,408.15,39594952
2024-01-12,409.56,410.4,411.25,408.15,39590000.0
2024-01-15,409.52,408.31,411.12,406.83,43903027
2024-01-16,407.21,406.17,407.585,402.92,54385974
2024-01-17,412.99,410.52,413.575,409.1601,59562505
2024-01-18,421.18,415.22,421.34,414.625,70325123
2024-01-19,421.18,415.22,421.34,414.63,70330000.0
2024-01-21,421.73,423.41,424.7275,421.12,44880639
2024-01-22,423.48,422.43,423.7,420.57,33003806
2024-01-23,425.83,427.44,429.85,425.33,46948016
2024-01-24,426.35,428.36,429.04,423.98,44367205
2024-01-25,423.81,424.44,426.21,423.15,37137028
2024-01-26,423.81,424.44,426.21,423.15,37140000.0
2024-01-28,428.15,424.27,428.35,423.61,38694724
2024-01-29,425.3,427.1,427.68,424.38,36738956
2024-01-30,416.97,420.85,422.8699,416.79,64010649
2024-01-31,421.88,418.79,422.375,417.81,51008622
2024-02-01,429.01,423.8,430.24,422.79,59602435
2024-02-02,429.01,423.8,430.24,422.79,59600000.0
2024-02-04,428.45,429.07,429.61,425.0,39889209
2024-02-05,427.59,429.61,430.22,425.22,35846134
2024-02-06,431.99,430.41,432.83,429.09,37712661
2024-02-07,432.79,432.11,433.56,431.42,29889892
2024-02-08,437.05,433.94,437.845,433.1401,36943905
2024-02-09,437.05,433.94,437.85,433.14,36940000.0
2024-02-11,435.34,436.94,439.14,434.65,33203305
2024-02-12,428.55,427.28,431.27,425.3305,64491669
2024-02-13,433.22,431.26,433.65,428.8799,45092722
2024-02-14,434.51,433.92,434.98,431.33,38796137
2024-02-15,430.57,434.89,434.99,429.85,53716475
2024-02-16,430.57,434.89,434.99,429.85,53720000.0
2024-02-19,427.32,428.55,430.08,423.5,53999452
2024-02-20,425.61,424.55,425.7,421.63,50179697
2024-02-21,438.07,434.49,439.12,433.71,53887751
2024-02-22,436.78,439.65,440.59,435.79,39853861
2024-02-23,436.78,439.65,440.59,435.79,39850000.0
2024-02-25,436.55,437.6,438.6,436.355,33043238
2024-02-26,437.6,437.67,437.99,435.025,33713220
2024-02-27,435.27,435.43,436.67,434.3,32938821
2024-02-28,439.0,438.23,440.09,435.02,42495152
2024-02-29,445.61,439.9,446.58,439.84,43853029
2024-03-01,445.61,439.9,446.58,439.84,43850000.0
2024-03-03,444.02,445.61,446.04,443.77,34325687
2024-03-04,436.05,440.94,440.95,433.65,57917135
2024-03-05,438.79,440.32,441.99,436.89,46234460
2024-03-06,445.45,442.42,446.72,440.86,44526666
2024-03-07,439.02,445.81,448.64,438.34,72095957
2024-03-08,439.02,445.81,448.64,438.34,72100000.0
2024-03-10,437.39,437.51,438.66,435.44,45859992
2024-03-11,443.66,439.73,444.02,436.46,55300909
2024-03-12,440.25,442.65,442.67,439.12,37928691
2024-03-13,439.14,441.5,442.03,436.39,52195208
2024-03-14,433.92,436.07,438.8733,432.7417,73069824
2024-03-15,433.92,436.07,438.87,432.74,73070000.0
2024-03-17,437.48,438.73,441.04,437.24,47323802
2024-03-18,438.57,435.45,438.98,433.33,43004105
2024-03-19,443.77,439.78,444.11,438.06,43653490
2024-03-20,445.87,448.88,449.34,445.67,39345652
2024-03-21,446.38,445.35,447.49,444.49,28253899
2024-03-22,446.38,445.35,447.49,444.49,28250000.0
2024-03-24,444.76,443.55,446.26,442.54,27789154
2024-03-25,443.32,446.3,447.225,443.09,34142043
2024-03-26,444.83,446.44,446.54,441.93,41359240
2024-03-27,444.01,444.78,445.64,443.65,36839641
2024-03-28,444.01,444.78,445.64,443.65,36840000.0
2024-03-31,444.95,444.97,447.53,443.02,38728951
2024-04-01,441.11,440.08,441.43,438.03,44259665
2024-04-02,442.1,438.96,444.0,438.95,39949750
2024-04-03,435.34,446.33,446.95,435.11,57267660
2024-04-04,440.47,436.78,443.17,435.96,54744634
2024-04-05,440.47,436.78,443.17,435.96,54740000.0
2024-04-07,440.6,441.41,442.5,439.2,28144944
2024-04-08,442.23,442.96,443.24,437.44,39521568
2024-04-09,438.37,437.0,439.24,436.28,61502191
2024-04-10,445.37,440.26,446.33,437.96,45474550
2024-04-11,438.27,441.1,442.24,436.88,53664995
2024-04-12,438.27,441.1,442.24,436.88,53660000.0
2024-04-14,431.06,442.06,442.15,430.21,63453622
2024-04-15,431.1,430.9,433.76,429.7,47618961
2024-04-16,425.84,433.1,433.12,424.9,56880536
2024-04-17,423.41,426.49,428.24,422.83,46549363
2024-04-18,414.65,422.22,422.75,413.07,75230990
2024-04-19,414.65,422.22,422.75,413.07,75230000.0
2024-04-21,418.82,417.31,421.18,413.94,47807663
2024-04-22,425.07,420.77,426.28,418.8715,44384741
2024-04-23,426.51,428.2,429.73,424.2,48440305
2024-04-24,424.45,419.24,425.32,418.14,57392169
2024-04-25,431.0,427.62,432.55,426.92,41874907
2024-04-26,431.0,427.62,432.55,426.92,41870000.0
2024-04-28,432.75,433.13,433.76,429.98,30022161
2024-04-29,424.59,431.15,432.56,424.51,43665934
2024-04-30,421.52,423.15,430.14,420.66,52251707
2024-05-01,426.9,425.3,427.81,420.63,36559007
2024-05-02,435.48,434.44,436.48,432.62,48515252
2024-05-03,435.48,434.44,436.48,432.62,48520000.0
2024-05-05,440.25,437.3,440.34,436.52,30227200
2024-05-06,440.32,440.7,441.97,439.58,30996094
2024-05-07,440.06,437.67,441.48,437.55,24896723
2024-05-08,441.02,440.33,441.6,438.46,24580121
2024-05-09,442.06,442.54,444.31,440.499,27116566
2024-05-10,442.06,442.54,444.31,440.5,27120000.0
2024-05-12,443.08,443.99,444.09,441.65,22994192
2024-05-13,445.93,442.65,446.465,442.46,34478321
2024-05-14,452.9,448.43,453.15,446.9,41464651
2024-05-15,451.98,452.71,454.69,451.81,34780412
2024-05-16,451.76,452.11,452.72,449.5399,35803719
2024-05-17,451.76,452.11,452.72,449.54,35800000.0
2024-05-19,454.91,451.98,455.58,451.785,24474226
2024-05-20,455.8,453.04,455.99,452.84,23167720
2024-05-21,455.71,456.06,456.82,453.08,25120040
2024-05-22,453.66,460.55,460.58,451.8503,40899230
2024-05-23,457.95,455.29,459.23,453.5674,29669461
2024-05-24,457.95,455.29,459.23,453.57,29670000.0
2024-05-27,459.68,459.18,459.74,456.69,26216815
2024-05-28,456.44,455.48,458.24,455.34,29739238
2024-05-29,451.55,455.5,455.64,450.21,30714121
2024-05-30,450.71,451.78,452.48,443.055,55941301
2024-05-31,450.71,451.78,452.48,443.05,55940000.0
2024-06-02,453.13,454.57,455.58,447.9,32997467
2024-06-03,454.37,452.87,455.575,451.1311,23767436
2024-06-04,463.53,457.98,463.61,454.408,33817409
2024-06-05,463.37,464.22,464.54,462.19,21966820
2024-06-06,462.96,463.0,465.74,461.84,25829720
2024-06-07,462.96,463.0,465.74,461.84,25830000.0
2024-06-09,464.83,461.82,465.19,461.53,20719771
2024-06-10,468.02,463.54,468.14,462.03,22053281
2024-06-11,474.15,471.99,476.5,471.29,34532585
2024-06-12,476.72,477.72,478.39,474.42,25859014
2024-06-13,479.19,476.52,479.26,476.05,23372620
2024-06-14,479.19,476.52,479.26,476.05,23370000.0
2024-06-16,485.06,479.46,486.86,478.14,37054504
2024-06-17,485.21,485.01,485.9,483.43,24438565
2024-06-18,485.21,485.01,485.9,483.43,24440000.0
2024-06-19,481.47,486.42,486.8387,479.62,33918683
2024-06-20,480.18,481.19,482.535,478.67,39432913
2024-06-21,480.18,481.19,482.54,478.67,39430000.0
2024-06-23,473.96,478.18,479.93,473.82,37750969
2024-06-24,479.38,476.07,479.68,475.12,29250209
2024-06-25,480.37,478.55,480.92,478.13,22737105
2024-06-26,481.61,480.12,483.1,479.3,26222135
2024-06-27,479.11,482.41,487.2,478.46,34881581
2024-06-28,479.11,482.41,487.2,478.46,34880000.0
2024-06-30,481.92,480.04,482.49,476.255,24898336
2024-07-01,486.98,480.41,487.04,480.28,26723559
2024-07-02,491.04,486.22,491.17,486.22,18064880
2024-07-03,491.04,486.22,491.17,486.22,18060000.0
2024-07-04,496.16,491.89,496.6,491.59,28495936
2024-07-05,496.16,491.89,496.6,491.59,28500000.0
2024-07-07,497.34,496.53,497.895,495.5,22109420
2024-07-08,497.77,498.87,500.0,496.24,25701253
2024-07-09,502.96,499.71,503.52,498.39,28046901
2024-07-10,491.93,503.07,503.28,490.725,49966590
2024-07-11,494.82,492.51,499.62,492.04,37109399
2024-07-12,494.82,492.51,499.62,492.04,37110000.0
2024-07-14,496.15,496.61,501.01,494.09,31151386
2024-07-15,496.34,497.62,498.44,493.15,25950622
2024-07-16,481.77,488.28,488.7984,481.7,56268768
2024-07-17,479.49,485.53,485.71,476.27,49347361
2024-07-18,475.24,479.15,481.69,473.94,42042856
2024-07-19,475.24,479.15,481.69,473.94,42040000.0
2024-07-21,482.32,481.16,483.35,477.7068,40299999
2024-07-22,480.62,481.41,484.43,480.14,23282454
2024-07-23,463.38,473.82,474.19,462.51,58818629
2024-07-24,458.27,463.72,467.94,455.63,59256759
2024-07-25,462.97,462.65,465.93,459.77,39992132
2024-07-26,462.97,462.65,465.93,459.77,39990000.0
2024-07-28,463.9,465.71,467.91,461.615,28218476
2024-07-29,457.53,465.85,466.561,454.15,41317210
2024-07-30,471.07,467.87,472.79,466.41,44552134
2024-07-31,459.66,471.76,475.55,455.98,56653900
2024-08-01,448.75,450.89,453.57,444.47,66323244
2024-08-02,448.75,450.89,453.57,444.47,66320000.0
2024-08-04,435.37,424.71,442.29,423.45,87483452
2024-08-05,439.53,437.23,447.07,434.56,63164429
2024-08-06,434.77,446.49,449.0,434.37,54929163
2024-08-07,448.07,441.06,448.99,437.15,47890071
2024-08-08,450.41,446.74,452.06,445.61,33573976
2024-08-09,450.41,446.74,452.06,445.61,33570000.0
2024-08-11,451.38,451.39,454.37,448.5546,27795006
2024-08-12,462.58,455.82,462.85,455.68,40084457
2024-08-13,462.73,463.51,465.1093,458.4,34733746
2024-08-14,474.42,468.76,474.82,468.38,38280565
2024-08-15,475.03,472.62,476.41,471.65,38383623
2024-08-16,475.03,472.62,476.41,471.65,38380000.0
2024-08-18,481.27,475.17,481.31,473.37,23737674
2024-08-19,480.26,480.35,482.94,478.55,29209340
2024-08-20,482.5,481.05,484.37,479.32,25658787
2024-08-21,474.85,484.84,485.54,473.81,37739576
2024-08-22,480.0,479.24,482.74,475.28,36061508
2024-08-23,480.0,479.24,482.74,475.28,36060000.0
2024-08-25,475.34,479.45,480.38,473.24,27452641
2024-08-26,476.76,473.69,477.84,471.71,27510003
2024-08-27,471.35,476.29,477.02,467.89,37372436
2024-08-28,470.66,473.28,477.93,469.372,41081465
2024-08-29,476.27,475.04,476.9,470.51,33466473
2024-08-30,476.27,475.04,476.9,470.51,33470000.0
2024-09-02,461.81,473.2,473.33,459.4101,44985219
2024-09-03,460.61,458.67,464.45,457.73,32505102
2024-09-04,461.04,458.97,465.36,457.939,34452385
2024-09-05,448.69,460.33,461.22,448.19,50624385
2024-09-06,448.69,460.33,461.22,448.19,50620000.0
2024-09-08,454.46,453.06,455.46,449.823428,32981169
2024-09-09,458.66,456.24,459.17,452.23,29680319
2024-09-10,468.62,459.91,469.37,451.28,57842992
2024-09-11,473.22,468.65,474.04,466.8491,40175456
2024-09-12,475.34,472.48,476.53,472.25,29111849
2024-09-13,475.34,472.48,476.53,472.25,29110000.0
2024-09-15,473.24,473.19,473.8599,469.89,22585596
2024-09-16,473.49,476.29,477.6,470.97,30084438
2024-09-17,471.44,474.7,478.83,470.83,39909215
2024-09-18,483.36,482.61,486.23,480.49,52782523
2024-09-19,482.44,482.49,483.69,478.3,34577663
2024-09-20,482.44,482.49,483.69,478.3,34580000.0
2024-09-22,483.04,482.95,484.14,481.6,24842972
2024-09-23,485.37,484.46,486.33,480.17,25952637
2024-09-24,485.82,484.74,487.79,484.56,26549866
2024-09-25,489.47,493.37,493.7,485.8,32020206
2024-09-26,486.75,490.5,490.64,485.56,22851120
2024-09-27,486.75,490.5,490.64,485.56,22850000.0
2024-09-29,488.07,485.78,488.41,482.92,30330605
2024-09-30,481.27,487.7,488.0,477.4,42735424
2024-10-01,481.95,480.36,483.88,477.72,23744049
2024-10-02,481.59,479.74,484.545,478.99,25337220
2024-10-03,487.32,487.45,487.88,482.385,30744909
2024-10-04,487.32,487.45,487.88,482.39,30740000.0
2024-10-06,482.1,485.39,486.57,480.87,24975119
2024-10-07,489.3,484.66,489.99,483.845,28272017
2024-10-08,493.15,489.0,493.73,487.95,24994950
2024-10-09,492.59,490.85,494.47,489.53,25750446
2024-10-10,493.36,490.74,494.39,490.17,20644497
2024-10-11,493.36,490.74,494.39,490.17,20640000.0
2024-10-13,497.5,495.77,498.83,495.26,26060145
2024-10-14,490.85,497.83,498.5,488.68,34784506
2024-10-15,490.91,491.18,491.69,487.57,22996776
2024-10-16,491.25,496.44,496.49,491.1901,27210658
2024-10-17,494.47,494.06,495.57,493.3,25335030
2024-10-18,494.47,494.06,495.57,493.3,25340000.0
2024-10-20,495.42,493.25,496.23,491.31,30336549
2024-10-21,495.96,492.73,497.445,491.97,26685841
2024-10-22,488.36,493.59,494.25,485.05,39346565
2024-10-23,492.32,492.11,493.0,489.44,22024930
2024-10-24,495.32,495.14,500.28,494.43,38762143
2024-10-25,495.32,495.14,500.28,494.43,38760000.0
2024-10-27,495.4,498.46,498.52,495.1,20477778
2024-10-28,500.16,495.72,501.35,493.85,28014059
2024-10-29,496.38,499.39,500.35,495.89,29755960
2024-10-30,483.85,492.38,492.43,483.75,41245248
2024-10-31,487.43,485.5,490.7507,485.2,33655757
2024-11-01,487.43,485.5,490.75,485.2,33660000.0
2024-11-03,486.01,486.82,489.38,484.2545,23291580
2024-11-04,492.21,487.61,492.88,487.52,24353615
2024-11-05,505.58,500.56,506.41,499.6,43082198
2024-11-06,513.54,508.4,514.33,508.34,32853120
2024-11-07,514.14,513.035,514.9175,512.41,22924483
2024-11-08,514.14,513.03,514.92,512.41,22920000.0
2024-11-10,513.84,515.37,515.58,510.92,24167479
2024-11-11,512.91,513.77,514.66,509.83,25835288
2024-11-12,512.25,512.4,514.98,509.95,24567416
2024-11-13,508.69,511.91,512.79,507.77,28679519
2024-11-14,496.57,502.94,503.33,494.49,51461054
2024-11-15,496.57,502.94,503.33,494.49,51460000.0
2024-11-17,500.02,498.13,502.14,496.73,27192662
2024-11-18,503.46,497.42,503.9536,497.08,24523020
2024-11-19,503.17,503.16,503.48,496.555,29565491
2024-11-20,504.98,506.24,506.96,497.56,34526738
2024-11-21,505.79,504.42,506.53,502.78,23826644
2024-11-22,505.79,504.42,506.53,502.78,23830000.0
2024-11-24,506.59,509.9,511.4525,504.2625,26375166
2024-11-25,509.31,508.08,510.14,507.23,26557061
2024-11-26,505.3,508.17,508.24,501.93,24957441
2024-11-27,505.3,508.17,508.24,501.93,24960000.0
2024-11-28,509.74,505.93,510.34,505.31,15333968
2024-11-29,509.74,505.93,510.34,505.31,15330000.0
2024-12-01,515.29,511.01,516.26,510.62,25147165
2024-12-02,516.87,513.95,517.15,513.37,18597900
2024-12-03,523.26,520.32,523.52,519.6,26086222
2024-12-04,521.81,523.31,524.0399,521.42,18169632
2024-12-05,526.48,522.48,526.72,522.35,23762611
2024-12-06,526.48,522.48,526.72,522.35,23760000.0
2024-12-08,522.38,525.55,526.35,521.22,20674405
2024-12-09,520.6,523.62,525.38,519.16,24350040
2024-12-10,529.92,525.0,530.61,524.59,32168579
2024-12-11,526.5,527.68,528.96,526.02,23577504
2024-12-12,530.53,530.46,533.1661,527.3001,28780405
2024-12-13,530.53,530.46,533.17,527.3,28780000.0
2024-12-15,538.17,533.08,539.15,533.0,31979863
2024-12-16,535.8,536.36,537.48,534.13,28579070
2024-12-17,516.47,535.15,536.8799,515.01,54703155
2024-12-18,514.17,521.19,521.7599,513.83,46441754
2024-12-19,518.66,510.44,524.82,509.29,60529961
2024-12-20,518.66,510.44,524.82,509.29,60530000.0
2024-12-22,522.87,519.55,523.25,516.13,29672800
2024-12-23,529.96,524.83,530.05,524.19,17558215
2024-12-24,529.96,524.83,530.05,524.19,17560000.0
2024-12-25,529.6,528.32,531.24,526.31,19141494
2024-12-26,522.56,526.01,526.45,517.86,33839555
2024-12-27,522.56,526.01,526.45,517.86,33840000.0
2024-12-29,515.61,515.51,519.36,511.83,34584028
2024-12-30,511.23,516.9,517.66,510.26,29117028
2024-12-31,511.23,516.9,517.66,510.26,29120000.0
2025-01-01,510.23,514.3,516.64,505.71,36389783
2025-01-02,518.58,513.35,519.6454,512.53,29059520
2025-01-03,518.58,513.35,519.65,512.53,29060000.0
2025-01-05,524.54,524.02,527.92,522.03,36109734
2025-01-06,515.18,525.59,525.99,513.28,36690272
2025-01-07,515.27,515.08,516.9199,510.57,30777777
2025-01-08,515.27,515.08,516.92,510.57,30780000.0
2025-01-09,507.19,511.48,511.58,503.92,40532495
2025-01-10,507.19,511.48,511.58,503.92,40530000.0
2025-01-12,505.56,501.2,506.02,499.7,31694210
2025-01-13,505.08,508.74,510.155,501.59,33737237
2025-01-14,516.7,513.03,517.85,511.46,34957554
2025-01-15,513.08,518.98,519.0599,512.95,28229037
2025-01-16,521.74,522.85,524.0733,513.1086,51837941
2025-01-17,521.74,522.85,524.07,513.11,51840000.0
2025-01-20,524.8,524.48,525.97,520.06,23627971
2025-01-21,531.51,529.57,533.82,529.26,33592988
2025-01-22,532.64,529.04,532.76,528.45,23096588
2025-01-23,529.63,533.02,533.79,528.15,19878251
2025-01-24,529.63,533.02,533.79,528.15,19880000.0
2025-01-26,514.21,511.0,517.99,510.15,60771695
2025-01-27,521.81,515.22,523.0,511.78,33194214
2025-01-28,520.83,522.46,522.59,516.8988,26649011
2025-01-29,523.05,523.71,526.095,518.21,27431302
2025-01-30,522.29,526.92,531.5178,521.19,38845467
2025-01-31,522.29,526.92,531.52,521.19,38850000.0
2025-02-02,518.11,513.47,520.8496,511.05,40580835
2025-02-03,524.47,518.63,525.11,518.23,26046753
2025-02-04,526.85,521.82,527.01,520.62,21134070
2025-02-05,529.6,527.36,529.81,525.7413,19434454
2025-02-06,522.92,530.14,532.1,522.19,29605470
2025-02-07,522.92,530.14,532.1,522.19,29610000.0
2025-02-09,529.25,527.22,530.3571,526.75,20852784
2025-02-10,527.99,525.96,529.92,525.83,19325500
2025-02-11,528.3,522.3,529.19,521.95,25009362
2025-02-12,535.9,529.98,536.22,529.19,28714799
2025-02-13,538.15,536.005,538.84,535.67,17862572
2025-02-14,538.15,536.01,538.84,535.67,17860000.0
2025-02-17,539.37,539.73,540.0,536.04,20565028
2025-02-18,539.52,538.57,540.81,536.46,19666861
2025-02-19,537.23,538.73,539.1,532.46,26550753
2025-02-20,526.08,538.38,538.4,525.71,47093750
2025-02-21,526.08,538.38,538.4,525.71,47090000.0
2025-02-23,519.87,527.88,529.069,519.53,39268392
2025-02-24,513.32,519.24,519.32,509.44,48940025
2025-02-25,514.56,515.53,519.66,511.37,34457618
2025-02-26,500.27,518.13,519.0699,500.05,52447966
2025-02-27,508.17,500.13,508.78,496.93,47654043
2025-02-28,508.17,500.13,508.78,496.93,47650000.0
2025-03-02,497.05,511.52,513.04,493.58,44587204
2025-03-03,495.55,494.18,503.74,487.735,67875402
2025-03-04,502.01,496.2,503.63,491.26,46323725
2025-03-05,488.2,493.69,498.58,486.2,57574332
2025-03-06,491.79,487.16,493.28,480.53,54714726
2025-03-07,491.79,487.16,493.28,480.53,54710000.0
2025-03-09,472.73,483.45,483.97,468.66,76668029
2025-03-10,471.6,472.35,478.805,467.01,68760771
2025-03-11,476.92,479.16,481.06,471.79,46971082
2025-03-12,468.34,476.25,476.2801,466.43,46563349
2025-03-13,479.66,473.73,480.56,473.12,43563010
2025-03-14,479.66,473.73,480.56,473.12,43560000.0
2025-03-16,482.77,479.61,485.84,477.8,41744354
2025-03-17,474.54,479.41,479.61,472.41,39072265
2025-03-18,480.89,476.81,485.33,474.87,40430334
2025-03-19,479.26,476.88,484.55,476.18,36780549
2025-03-20,480.84,474.08,481.61,472.905,42234874
2025-03-21,480.84,474.08,481.61,472.9,42230000.0
2025-03-23,490.66,487.74,491.51,484.4,34567186
2025-03-24,493.46,491.39,493.62,490.42,26035241
2025-03-25,484.38,492.3,493.16,482.82,35043357
2025-03-26,481.62,482.41,486.5799,480.25,33469817
2025-03-27,468.94,479.81,480.52,468.05,46363797
2025-03-28,468.94,479.81,480.52,468.05,46360000.0
2025-03-30,468.92,461.92,469.86,457.33,53000303
2025-03-31,472.7,467.3,473.63,464.42,41156226
2025-04-01,476.15,466.12,479.56,465.86,49894489
2025-04-02,450.66,456.44,460.07,450.14,70456338
2025-04-03,422.67,438.14,440.37,422.67,117088441
2025-04-04,422.67,438.14,440.37,422.67,117090000.0
2025-04-06,423.69,408.66,443.14,402.39,161556970
2025-04-07,416.06,438.16,443.1384,409.79,101248060
2025-04-08,466.0,415.57,467.83,415.43,142876878
2025-04-09,446.18,453.56,455.59,432.63,108384092
2025-04-10,454.4,444.65,455.79,441.33,52483779
2025-04-11,454.4,444.65,455.79,441.33,52480000.0
2025-04-13,457.48,464.46,465.05,452.63,43941179
2025-04-14,457.99,458.54,462.38,456.15,35404210
2025-04-15,444.18,449.03,452.62,437.76,48980552
2025-04-16,444.1,447.17,447.75,441.36,44837047
2025-04-17,444.1,447.17,447.75,441.36,44840000.0
2025-04-20,433.11,438.23,439.08,427.93,44149313
2025-04-21,444.48,438.82,447.58,437.62,52304388
2025-04-22,454.56,458.17,463.38,452.88,55801136
2025-04-23,467.35,456.48,467.66,455.83,45956136
2025-04-24,472.56,466.97,473.09,465.39,38697063
2025-04-25,472.56,466.97,473.09,465.39,38700000.0
2025-04-27,472.41,473.03,474.808,466.03,33550778
2025-04-28,475.53,470.17,476.4243,469.59,30613120
2025-04-29,475.47,467.13,477.2,462.43,46810610
2025-04-30,481.68,483.41,487.18,480.74,43316539
2025-05-01,488.83,486.54,490.91,484.83,39218082
2025-05-02,488.83,486.54,490.91,484.83,39220000.0
2025-05-04,485.93,484.6,489.03,484.1,28309490
2025-05-05,481.41,479.56,485.05,478.19,32786310
2025-05-06,483.3,482.08,485.8,476.782,38109864
2025-05-07,488.29,488.53,492.7,484.17,39577592
2025-05-08,487.97,490.21,491.54,486.195,27767416
2025-05-09,487.97,490.21,491.54,486.2,27770000.0
2025-05-11,507.85,506.99,507.89,501.48,45090616
2025-05-12,515.59,509.16,517.39,508.42,53269573
2025-05-13,518.68,516.77,519.2279,515.75,47014516
2025-05-14,519.25,516.52,521.93,515.17,50153275
2025-05-15,521.51,520.66,521.7,517.1,48394603
2025-05-16,521.51,520.66,521.7,517.1,48390000.0
2025-05-18,522.01,514.24,522.53,514.24,52536154
2025-05-19,520.27,519.47,520.93,516.66,42517561
2025-05-20,513.04,516.27,523.0,511.24,71292831
2025-05-21,514.0,513.66,517.71,512.3,55607169
2025-05-22,509.24,506.18,511.84,505.58,58368075
2025-05-23,509.24,506.18,511.84,505.58,58370000.0
2025-05-26,521.22,516.15,521.71,514.59,47226323
2025-05-27,518.91,522.18,523.68,518.39,46637175
2025-05-28,519.93,526.33,526.48,517.32,58724069
2025-05-29,519.11,519.44,520.68,511.93,67662836
2025-05-30,519.11,519.44,520.68,511.93,67660000.0
2025-06-01,523.21,517.24,523.45,515.97,44762817
2025-06-02,527.3,523.56,528.74,522.69,44070330
2025-06-03,528.77,528.01,529.84,525.9694,41359322
2025-06-04,524.79,530.18,533.05,522.66,61286623
2025-06-05,529.92,530.0,531.8,528.21,42467021
2025-06-06,529.92,530.0,531.8,528.21,42470000.0
2025-06-08,530.7,530.14,532.35,529.01,33688671
2025-06-09,534.21,531.17,534.9,528.89,40664795
2025-06-10,532.41,535.62,536.78,530.11,53701033
2025-06-11,533.66,531.09,534.6438,530.84,34104887
2025-06-12,526.96,527.68,531.87,525.73,55814443
2025-06-13,526.96,527.68,531.87,525.73,55810000.0
2025-06-15,534.29,530.5,535.37,530.45,37622051
2025-06-16,529.08,531.71,533.325,527.91,42180866
2025-06-17,528.99,530.1,532.55,527.4,43983522
2025-06-18,528.99,530.1,532.55,527.4,43980000.0
2025-06-19,526.83,532.26,533.56,524.88,61643519
2025-06-20,526.83,532.26,533.56,524.88,61640000.0
2025-06-22,531.65,526.81,532.17,523.65,50666146
2025-06-23,539.78,536.89,540.7,536.27,45441982
2025-06-24,541.16,542.06,543.31,539.38,44804168
2025-06-25,546.22,543.35,546.67,541.52,43811432
2025-06-26,548.09,547.26,549.99,544.545,57577147
2025-06-27,548.09,547.26,549.99,544.54,57580000.0
2025-06-29,551.64,551.26,552.8,549.01,45548742
2025-06-30,546.99,549.73,550.71,544.66,56166736
2025-07-01,550.8,546.16,551.0,546.12,36538281
2025-07-02,556.22,553.18,557.2,553.18,26443524
2025-07-03,556.22,553.18,557.2,553.18,26440000.0
2025-07-06,552.03,553.52,554.34,549.58,45349323
2025-07-07,552.34,553.38,554.01,551.1,36153258
2025-07-08,556.25,554.48,557.63,553.1,43045534
2025-07-09,555.45,556.89,557.3,552.75,34710913
2025-07-10,554.2,553.3,555.79,552.05,39618635
2025-07-11,554.2,553.3,555.79,552.05,39620000.0
2025-07-13,556.21,553.99,556.945,551.63,36453314
2025-07-14,556.72,560.25,560.8,556.66,43277661
2025-07-15,557.29,557.28,560.21,551.56,52314711
2025-07-16,561.8,558.02,562.31,557.21,40423778
2025-07-17,561.26,563.12,564.7262,559.98,50484704
2025-07-18,561.26,563.12,564.73,559.98,50480000.0
2025-07-20,564.17,562.09,566.06,562.06,39595214
2025-07-21,561.25,564.3,564.35,558.61,43270647
2025-07-22,563.81,562.34,563.85,559.58,40215259
2025-07-23,565.01,565.13,566.24,563.295,42275541
2025-07-24,566.37,564.93,567.695,564.27,30630813
2025-07-25,566.37,564.93,567.7,564.27,30630000.0
2025-07-27,568.14,567.74,569.04,566.87,31498739
2025-07-28,567.26,570.76,572.11,566.53,45463317
2025-07-29,568.02,568.18,570.62,565.05,43433777
2025-07-30,565.01,574.54,574.63,563.87,64613590
2025-07-31,553.88,558.83,559.02,551.68,69400789
2025-08-01,553.88,558.83,559.02,551.68,69400000.0
2025-08-03,564.1,559.05,564.315,558.95,47669751
2025-08-04,560.27,565.39,566.5607,559.73,48666640
2025-08-05,567.32,561.11,567.76,560.63,41823677
2025-08-06,569.24,571.67,573.32,565.11,44462972
2025-08-07,574.55,570.45,574.77,570.15,35255472
2025-08-08,574.55,570.45,574.77,570.15,35260000.0
2025-08-10,572.85,574.69,576.8,571.57,33112917
2025-08-11,580.05,575.16,580.35,572.485,42271441
2025-08-12,580.34,582.76,583.3199,578.94,41209294
2025-08-13,579.89,578.28,581.88,577.91,45425043
2025-08-14,577.34,579.8,579.84,575.5743,49480161
2025-08-15,577.34,579.8,579.84,575.57,49480000.0
2025-08-17,577.11,576.44,577.765,575.2412,29830957
2025-08-18,569.28,576.39,576.56,568.25,53752635
2025-08-19,565.9,568.33,568.45,558.84,76781087
2025-08-20,563.28,564.35,566.49,560.98,46436899
2025-08-21,571.97,564.67,573.99,563.27,51502129
2025-08-22,571.97,564.67,573.99,563.27,51500000.0
2025-08-24,570.32,570.4,573.2871,569.16,34044749
2025-08-25,572.61,569.83,572.92,568.8,34103014
2025-08-26,573.49,571.59,574.405,570.37,36927144
2025-08-27,577.08,574.11,578.0,572.46,46787857
2025-08-28,570.4,574.655,575.03,568.54,56030409
2025-08-29,570.4,574.66,575.03,568.54,56030000.0
2025-09-01,565.62,561.31,565.965,559.535,65876765
2025-09-02,570.07,569.23,571.695,566.725,54230213
2025-09-03,575.23,570.74,575.6,569.025,47526280
2025-09-04,576.06,580.49,581.12,571.53,68342532
2025-09-05,576.06,580.49,581.12,571.53,68340000.0
2025-09-07,578.87,578.37,580.84,577.77,46371354
2025-09-08,580.51,579.67,580.94,577.04,44007592
2025-09-09,580.7,583.74,583.77,578.55,49307959
2025-09-10,584.08,583.24,584.88,581.62,44745766
2025-09-11,586.66,585.04,587.86,584.1,50745886
2025-09-12,586.66,585.04,587.86,584.1,50750000.0
2025-09-14,591.68,588.44,591.79,588.295,44360315
2025-09-15,591.18,592.61,592.86,590.49,36942130
2025-09-16,590.0,591.1,591.75,584.365,69384820
2025-09-17,595.32,594.91,598.14,592.96,61069294
2025-09-18,599.35,597.33,600.05,595.85,58196109
2025-09-19,599.35,597.33,600.05,595.85,58200000.0
2025-09-21,602.2,597.74,602.87,597.72,57154769
2025-09-22,598.2,602.37,602.57,596.98,64635486
2025-09-23,596.1,599.58,599.9,593.36,49850301
2025-09-24,593.53,592.2,595.115,588.5,70920209
2025-09-25,595.97,594.35,596.3,591.06,54337416
2025-09-26,595.97,594.35,596.3,591.06,54340000.0
2025-09-28,598.73,599.11,602.05,597.41,48332934
2025-09-29,600.37,598.43,600.71,596.1,46533814
2025-09-30,603.25,597.17,603.79,596.34,46899612
2025-10-01,605.73,607.06,607.16,602.93,43765410
2025-10-02,603.18,606.51,607.3255,601.385,46482098
2025-10-03,603.18,606.51,607.33,601.39,46480000.0
2025-10-05,607.71,608.45,609.36,605.97,41962115
2025-10-06,604.51,609.02,609.71,603.03,58209463
2025-10-07,611.44,605.41,611.75,605.26,50629754
2025-10-08,610.7,611.48,611.61,607.48,45550958
2025-10-09,589.5,611.4,613.18,589.05,97614783
2025-10-10,589.5,611.4,613.18,589.05,97610000.0
2025-10-12,602.01,599.68,602.95,597.23,65872584
2025-10-13,598.0,595.31,602.69,590.13,69203187
2025-10-14,602.22,604.01,606.7,595.93,62805456
2025-10-15,599.99,605.11,608.31,595.5,70981963
2025-10-16,603.93,597.95,605.51,596.37,72024872
2025-10-17,603.93,597.95,605.51,596.37,72020000.0
2025-10-19,611.54,607.14,612.8,607.065,45761697
2025-10-20,611.38,611.64,612.7213,609.32,44538161
2025-10-21,605.49,610.82,611.41,599.74,61478802
2025-10-22,610.58,604.91,611.37,604.52,42844298
2025-10-23,617.1,615.99,618.42,615.13,47632473
2025-10-24,617.1,615.99,618.42,615.13,47630000.0
2025-10-26,628.09,624.52,628.55,624.03,54098611
2025-10-27,632.92,630.36,634.68,629.25,61195733
2025-10-28,635.77,635.59,637.01,630.25,67422576
2025-10-29,626.05,632.17,633.5,625.94,61628511
2025-10-30,629.07,634.17,634.2,626.69,66305047
2025-10-31,629.07,634.17,634.2,626.69,66310000.0
2025-11-02,632.08,635.11,635.82,629.85,37154267
2025-11-03,619.25,623.28,626.95,618.455,63830768
2025-11-04,623.28,618.49,626.6,617.21,48688484
2025-11-05,611.67,621.79,622.04,610.3,72115048
2025-11-06,609.74,608.31,609.95,598.67,81835388
2025-11-07,609.74,608.31,609.95,598.67,81840000.0
2025-11-09,623.23,618.92,624.31,616.89,55919731
2025-11-10,621.57,620.57,622.72,617.52,44868841
2025-11-11,621.08,624.84,624.86,617.81,47444384
2025-11-12,608.4,617.54,618.12,606.08,71333614
2025-11-13,608.86,599.55,613.35,597.17,80087131
2025-11-14,608.86,599.55,613.35,597.17,80090000.0
2025-11-16,603.66,606.3,612.48,599.87,63850367
2025-11-17,596.31,599.62,602.31,591.34,83326649
2025-11-18,599.87,597.07,606.16,594.59,73111387
2025-11-19,585.67,611.62,614.03,584.75,117742495
2025-11-20,590.07,587.47,596.98,580.74,103343883
2025-11-21,590.07,587.47,596.98,580.74,103340000.0
2025-11-23,605.16,595.28,606.68,595.16,60167462
2025-11-24,608.89,603.51,610.2601,597.32,57560587
2025-11-25,614.27,612.51,616.19,610.39,42393378
2025-11-26,614.27,612.51,616.19,610.39,42390000.0
2025-11-27,619.25,616.11,619.32,615.4174,23034364
2025-11-28,619.25,616.11,619.32,615.42,23030000.0
2025-11-30,617.17,613.63,619.4401,612.52,40957588
2025-12-01,622.0,619.46,623.75,617.59,54541834
2025-12-02,623.52,619.62,624.22,618.03,47841627
2025-12-03,622.94,624.93,624.94,619.54,47067751
2025-12-04,625.48,624.38,628.92,623.71,53614169
2025-12-05,625.48,624.38,628.92,623.71,53610000.0
2025-12-07,624.28,627.21,628.84,621.69,43462406
2025-12-08,625.05,623.01,625.87,621.0,37155999
2025-12-09,627.61,623.85,629.21,620.99,55031384
2025-12-10,625.58,623.82,625.78,617.72,58269850
2025-12-11,613.62,622.08,623.54,611.36,75157377
2025-12-12,613.62,622.08,623.54,611.36,75160000.0
2025-12-14,610.54,618.37,618.42,609.32,49538197
2025-12-15,611.75,608.26,613.51,606.9101,55152809
2025-12-16,600.41,613.06,613.65,600.28,70654327
2025-12-17,609.11,609.8,612.93,606.92,78875728
2025-12-18,617.05,611.95,617.62,611.87,60369829
2025-12-19,617.05,611.95,617.62,611.87,60370000.0
2025-12-21,619.21,621.35,621.65,617.77,43694486
2025-12-22,622.11,618.2,622.41,617.78,41110429
2025-12-23,623.93,621.99,624.28,621.72,18468707
2025-12-24,623.93,621.99,624.28,621.72,18470000.0
2025-12-25,623.89,624.66,625.515,623.14,28949762
2025-12-26,623.89,624.66,625.52,623.14,28960000.0
2025-12-28,620.87,620.1,622.78,618.73,32449619
2025-12-29,619.43,619.84,622.18,619.215,31219413
2025-12-30,614.31,619.65,619.96,614.05,40746512
2025-12-31,614.31,619.65,619.96,614.05,40750000.0
2026-01-01,613.12,620.06,622.85,610.15,61859163
2026-01-04,617.99,619.32,620.81,616.72,46828204
2026-01-05,623.42,619.23,624.0213,618.54,43137420
2026-01-06,624.02,623.04,627.94,622.56,44880339
2026-01-07,620.47,623.03,623.42,617.8,50435939
2026-01-08,626.65,621.41,627.89,619.06,49024692
