Date,Close,Open,High,Low,Volume
2010-02-11,0.22,0.2,0.22,0.2,6910000
2010-02-12,0.22,0.21,0.22,0.21,17200000
2010-02-16,0.23,0.22,0.23,0.22,19230000
2010-02-17,0.23,0.23,0.23,0.23,38350000
2010-02-18,0.23,0.23,0.24,0.23,77730000
2010-02-19,0.23,0.23,0.24,0.23,92960000
2010-02-22,0.23,0.24,0.24,0.23,51000000
2010-02-23,0.22,0.23,0.23,0.22,82230000
2010-02-24,0.23,0.23,0.23,0.23,70620000
2010-02-25,0.23,0.22,0.23,0.22,91230000
2010-02-26,0.23,0.23,0.23,0.23,57600000
2010-03-01,0.24,0.24,0.24,0.24,28450000
2010-03-02,0.24,0.24,0.25,0.24,48440000
2010-03-03,0.25,0.25,0.25,0.24,47960000
2010-03-04,0.25,0.25,0.25,0.24,29480000
2010-03-05,0.26,0.25,0.26,0.25,26860000
2010-03-08,0.26,0.26,0.26,0.26,25340000
2010-03-09,0.26,0.26,0.27,0.26,46420000
2010-03-10,0.27,0.27,0.27,0.27,40060000
2010-03-11,0.27,0.27,0.27,0.27,53910000
2010-03-12,0.27,0.28,0.28,0.27,36110000
2010-03-15,0.27,0.27,0.27,0.27,42370000
2010-03-16,0.28,0.28,0.28,0.27,46590000
2010-03-17,0.28,0.28,0.28,0.28,39790000
2010-03-18,0.28,0.28,0.28,0.28,52370000
2010-03-19,0.28,0.29,0.29,0.27,40020000
2010-03-22,0.29,0.27,0.29,0.27,58790000
2010-03-23,0.29,0.29,0.29,0.28,55300000
2010-03-24,0.29,0.29,0.29,0.29,89220000
2010-03-25,0.29,0.29,0.3,0.28,93920000
2010-03-26,0.29,0.29,0.29,0.28,84280000
2010-03-29,0.29,0.29,0.29,0.29,38040000
2010-03-30,0.29,0.29,0.3,0.29,39880000
2010-03-31,0.29,0.29,0.29,0.29,59530000
2010-04-01,0.29,0.29,0.3,0.28,116600000
2010-04-05,0.3,0.29,0.3,0.29,67560000
2010-04-06,0.3,0.3,0.3,0.29,58730000
2010-04-07,0.3,0.3,0.3,0.29,106220000
2010-04-08,0.3,0.3,0.3,0.29,69650000
2010-04-09,0.3,0.3,0.31,0.3,58080000
2010-04-12,0.31,0.31,0.31,0.3,48800000
2010-04-13,0.31,0.3,0.31,0.3,67230000
2010-04-14,0.32,0.31,0.32,0.31,61090000
2010-04-15,0.33,0.32,0.33,0.32,45770000
2010-04-16,0.31,0.32,0.33,0.31,129480000
2010-04-19,0.31,0.31,0.32,0.3,112730000
2010-04-20,0.32,0.32,0.32,0.31,56450000
2010-04-21,0.32,0.32,0.33,0.32,84020000
2010-04-22,0.33,0.31,0.33,0.31,122840000
2010-04-23,0.33,0.33,0.33,0.32,82350000
2010-04-26,0.33,0.33,0.34,0.33,80530000
2010-04-27,0.31,0.33,0.33,0.31,133740000
2010-04-28,0.31,0.31,0.32,0.3,125190000
2010-04-29,0.33,0.32,0.33,0.32,84900000
2010-04-30,0.31,0.33,0.33,0.31,88490000
2010-05-03,0.32,0.31,0.32,0.31,52580000
2010-05-04,0.29,0.31,0.31,0.28,137230000
2010-05-05,0.29,0.28,0.29,0.28,138610000
2010-05-06,0.26,0.28,0.29,0.18,217810000
2010-05-07,0.24,0.25,0.26,0.22,248250000
2010-05-10,0.28,0.27,0.28,0.27,189610000
2010-05-11,0.28,0.27,0.29,0.27,147080000
2010-05-12,0.29,0.28,0.29,0.28,108570000
2010-05-13,0.28,0.29,0.29,0.28,105870000
2010-05-14,0.26,0.27,0.27,0.25,154190000
2010-05-17,0.26,0.26,0.27,0.25,136860000
2010-05-18,0.25,0.27,0.27,0.25,190820000
2010-05-19,0.25,0.25,0.26,0.24,237990000
2010-05-20,0.22,0.23,0.23,0.22,273130000
2010-05-21,0.22,0.21,0.23,0.21,234290000
2010-05-24,0.23,0.22,0.23,0.22,156410000
2010-05-25,0.22,0.21,0.22,0.2,173110000
2010-05-26,0.22,0.23,0.24,0.22,208430000
2010-05-27,0.24,0.23,0.24,0.23,173360000
2010-05-28,0.24,0.24,0.24,0.23,166670000
2010-06-01,0.23,0.23,0.25,0.23,202690000
2010-06-02,0.25,0.23,0.25,0.23,113580000
2010-06-03,0.25,0.25,0.25,0.24,114920000
2010-06-04,0.23,0.24,0.25,0.22,246160000
2010-06-07,0.21,0.23,0.23,0.21,169060000
2010-06-08,0.21,0.22,0.22,0.21,266030000
2010-06-09,0.21,0.22,0.22,0.21,229470000
2010-06-10,0.23,0.22,0.23,0.21,156400000
2010-06-11,0.23,0.22,0.23,0.22,125320000
2010-06-14,0.23,0.24,0.24,0.23,228720000
2010-06-15,0.25,0.24,0.25,0.24,200370000
2010-06-16,0.25,0.25,0.26,0.25,158380000
2010-06-17,0.26,0.26,0.26,0.25,163220000
2010-06-18,0.26,0.26,0.26,0.26,139560000
2010-06-21,0.25,0.27,0.27,0.25,219880000
2010-06-22,0.24,0.25,0.26,0.24,179760000
2010-06-23,0.24,0.25,0.25,0.24,224700000
2010-06-24,0.23,0.24,0.24,0.23,241320000
2010-06-25,0.23,0.23,0.24,0.22,177570000
2010-06-28,0.23,0.23,0.23,0.22,164140000
2010-06-29,0.2,0.22,0.22,0.2,438380000
2010-06-30,0.19,0.2,0.21,0.19,183790000
2010-07-01,0.19,0.19,0.2,0.18,254040000
2010-07-02,0.19,0.19,0.19,0.18,147380000
2010-07-06,0.19,0.2,0.2,0.19,156540000
2010-07-07,0.21,0.19,0.21,0.19,161820000
2010-07-08,0.21,0.21,0.21,0.2,207540000
2010-07-09,0.22,0.21,0.22,0.21,142630000
2010-07-12,0.22,0.22,0.22,0.22,98920000
2010-07-13,0.23,0.23,0.23,0.22,174120000
2010-07-14,0.23,0.23,0.24,0.23,109630000
2010-07-15,0.23,0.23,0.23,0.22,114360000
2010-07-16,0.21,0.23,0.23,0.21,181360000
2010-07-19,0.22,0.21,0.22,0.21,124190000
2010-07-20,0.23,0.21,0.23,0.21,127960000
2010-07-21,0.22,0.23,0.23,0.22,174110000
2010-07-22,0.23,0.23,0.24,0.23,126440000
2010-07-23,0.24,0.23,0.24,0.23,139700000
2010-07-26,0.24,0.24,0.24,0.24,100740000
2010-07-27,0.24,0.25,0.25,0.24,119690000
2010-07-28,0.24,0.24,0.25,0.24,77700000
2010-07-29,0.23,0.24,0.24,0.23,152720000
2010-07-30,0.23,0.23,0.24,0.22,129810000
2010-08-02,0.25,0.24,0.25,0.24,90130000
2010-08-03,0.24,0.25,0.25,0.24,64220000
2010-08-04,0.25,0.25,0.25,0.24,80930000
2010-08-05,0.25,0.25,0.25,0.24,66640000
2010-08-06,0.25,0.24,0.25,0.24,152730000
2010-08-09,0.25,0.25,0.26,0.25,85610000
2010-08-10,0.25,0.25,0.25,0.24,157990000
2010-08-11,0.23,0.23,0.23,0.22,155100000
2010-08-12,0.22,0.21,0.22,0.21,145950000
2010-08-13,0.22,0.22,0.22,0.22,57910000
2010-08-16,0.22,0.21,0.22,0.21,95490000
2010-08-17,0.23,0.22,0.23,0.22,120280000
2010-08-18,0.23,0.22,0.23,0.22,71220000
2010-08-19,0.22,0.22,0.23,0.21,102410000
2010-08-20,0.22,0.22,0.22,0.21,88580000
2010-08-23,0.21,0.22,0.23,0.21,108360000
2010-08-24,0.2,0.21,0.21,0.2,144940000
2010-08-25,0.21,0.2,0.21,0.2,144130000
2010-08-26,0.2,0.21,0.21,0.2,132960000
2010-08-27,0.21,0.2,0.21,0.19,192460000
2010-08-30,0.2,0.2,0.21,0.2,105140000
2010-08-31,0.2,0.2,0.2,0.19,156440000
2010-09-01,0.22,0.21,0.22,0.21,129610000
2010-09-02,0.22,0.22,0.22,0.22,54280000
2010-09-03,0.23,0.23,0.23,0.23,135470000
2010-09-07,0.23,0.23,0.23,0.23,97350000
2010-09-08,0.24,0.23,0.24,0.23,113870000
2010-09-09,0.24,0.24,0.24,0.24,90330000
2010-09-10,0.24,0.24,0.24,0.24,63910000
2010-09-13,0.25,0.25,0.25,0.25,83720000
2010-09-14,0.26,0.25,0.26,0.25,84840000
2010-09-15,0.26,0.25,0.26,0.25,67660000
2010-09-16,0.26,0.26,0.26,0.26,93910000
2010-09-17,0.27,0.27,0.27,0.26,114820000
2010-09-20,0.28,0.27,0.28,0.27,105530000
2010-09-21,0.28,0.28,0.29,0.28,173900000
2010-09-22,0.28,0.28,0.28,0.27,96800000
2010-09-23,0.28,0.27,0.29,0.27,137700000
2010-09-24,0.29,0.29,0.3,0.29,126510000
2010-09-27,0.29,0.29,0.3,0.29,97100000
2010-09-28,0.29,0.29,0.29,0.28,146260000
2010-09-29,0.29,0.29,0.29,0.29,63840000
2010-09-30,0.28,0.29,0.3,0.28,177470000
2010-10-01,0.28,0.29,0.29,0.28,117280000
2010-10-04,0.27,0.28,0.28,0.27,123870000
2010-10-05,0.29,0.28,0.3,0.28,110030000
2010-10-06,0.29,0.29,0.29,0.28,88490000
2010-10-07,0.29,0.29,0.29,0.28,78980000
2010-10-08,0.3,0.29,0.3,0.28,69560000
2010-10-11,0.3,0.3,0.3,0.29,38160000
2010-10-12,0.3,0.29,0.3,0.29,97740000
2010-10-13,0.31,0.31,0.31,0.31,96930000
2010-10-14,0.31,0.31,0.31,0.3,79750000
2010-10-15,0.33,0.32,0.33,0.31,119600000
2010-10-18,0.33,0.33,0.33,0.32,87840000
2010-10-19,0.31,0.31,0.32,0.31,127590000
2010-10-20,0.32,0.32,0.33,0.32,93530000
2010-10-21,0.32,0.33,0.33,0.31,109760000
2010-10-22,0.33,0.32,0.33,0.32,58710000
2010-10-25,0.33,0.33,0.34,0.33,77270000
2010-10-26,0.34,0.33,0.34,0.33,75030000
2010-10-27,0.34,0.33,0.34,0.33,112870000
2010-10-28,0.34,0.34,0.34,0.33,108070000
2010-10-29,0.34,0.34,0.35,0.34,80750000
2010-11-01,0.34,0.34,0.35,0.34,85280000
2010-11-02,0.35,0.35,0.35,0.35,68260000
2010-11-03,0.36,0.35,0.36,0.34,115150000
2010-11-04,0.37,0.37,0.37,0.37,111890000
2010-11-05,0.37,0.37,0.37,0.37,114010000
2010-11-08,0.37,0.37,0.37,0.37,103650000
2010-11-09,0.36,0.38,0.38,0.36,122870000
2010-11-10,0.37,0.37,0.37,0.36,94550000
2010-11-11,0.36,0.35,0.37,0.35,122370000
2010-11-12,0.35,0.36,0.36,0.34,218250000
2010-11-15,0.34,0.35,0.35,0.34,119470000
2010-11-16,0.32,0.33,0.34,0.32,181610000
2010-11-17,0.33,0.33,0.33,0.32,111440000
2010-11-18,0.34,0.34,0.35,0.34,139590000
2010-11-19,0.34,0.34,0.35,0.34,93400000
2010-11-22,0.35,0.34,0.35,0.34,148350000
2010-11-23,0.34,0.34,0.34,0.33,187210000
2010-11-24,0.36,0.35,0.36,0.35,129620000
2010-11-26,0.35,0.35,0.36,0.35,59650000
2010-11-29,0.35,0.35,0.35,0.34,176530000
2010-11-30,0.34,0.34,0.34,0.33,200820000
2010-12-01,0.36,0.35,0.36,0.35,207460000
2010-12-02,0.37,0.36,0.37,0.36,132100000
2010-12-03,0.37,0.36,0.37,0.36,175440000
2010-12-06,0.37,0.37,0.37,0.37,99250000
2010-12-07,0.37,0.38,0.38,0.37,164410000
2010-12-08,0.38,0.37,0.38,0.37,93560000
2010-12-09,0.38,0.38,0.38,0.37,100260000
2010-12-10,0.38,0.38,0.38,0.38,88170000
2010-12-13,0.38,0.39,0.39,0.38,80920000
2010-12-14,0.38,0.38,0.39,0.38,76860000
2010-12-15,0.38,0.38,0.39,0.37,95980000
2010-12-16,0.38,0.38,0.39,0.37,86120000
2010-12-17,0.39,0.39,0.39,0.38,61270000
2010-12-20,0.39,0.39,0.39,0.38,126310000
2010-12-21,0.39,0.39,0.39,0.39,33590000
2010-12-22,0.39,0.39,0.4,0.39,43250000
2010-12-23,0.39,0.39,0.39,0.39,36850000
2010-12-27,0.39,0.39,0.39,0.38,64440000
2010-12-28,0.39,0.39,0.39,0.39,63440000
2010-12-29,0.39,0.39,0.39,0.39,45460000
2010-12-30,0.39,0.39,0.39,0.39,28740000
2010-12-31,0.39,0.39,0.39,0.38,48730000
2011-01-03,0.4,0.4,0.41,0.4,133480000
2011-01-04,0.4,0.41,0.41,0.39,131500000
2011-01-05,0.41,0.4,0.41,0.4,122880000
2011-01-06,0.42,0.41,0.42,0.41,104530000
2011-01-07,0.41,0.42,0.42,0.4,152410000
2011-01-10,0.42,0.41,0.42,0.41,86200000
2011-01-11,0.42,0.42,0.43,0.42,109900000
2011-01-12,0.43,0.43,0.43,0.42,134130000
2011-01-13,0.43,0.43,0.43,0.43,131610000
2011-01-14,0.44,0.43,0.44,0.43,61270000
2011-01-18,0.44,0.43,0.45,0.43,138670000
2011-01-19,0.43,0.45,0.45,0.42,150350000
2011-01-20,0.42,0.42,0.43,0.41,189760000
2011-01-21,0.41,0.43,0.43,0.41,104830000
2011-01-24,0.43,0.41,0.43,0.41,86550000
2011-01-25,0.43,0.42,0.43,0.42,96440000
2011-01-26,0.43,0.43,0.44,0.43,100100000
2011-01-27,0.44,0.44,0.45,0.44,111330000
2011-01-28,0.41,0.44,0.44,0.4,254520000
2011-01-31,0.42,0.41,0.42,0.4,160310000
2011-02-01,0.44,0.43,0.44,0.42,203440000
2011-02-02,0.44,0.44,0.44,0.43,92380000
2011-02-03,0.44,0.43,0.44,0.42,131530000
2011-02-04,0.45,0.44,0.45,0.44,135950000
2011-02-07,0.45,0.45,0.46,0.45,103780000
2011-02-08,0.46,0.45,0.46,0.45,133940000
2011-02-09,0.46,0.46,0.46,0.46,130400000
2011-02-10,0.46,0.45,0.46,0.45,142080000
2011-02-11,0.47,0.46,0.47,0.46,94550000
2011-02-14,0.47,0.47,0.48,0.47,59700000
2011-02-15,0.47,0.47,0.47,0.47,93510000
2011-02-16,0.48,0.48,0.49,0.48,141100000
2011-02-17,0.48,0.48,0.48,0.47,86730000
2011-02-18,0.48,0.48,0.48,0.47,128200000
2011-02-22,0.44,0.46,0.46,0.43,243620000
2011-02-23,0.43,0.44,0.44,0.42,194370000
2011-02-24,0.43,0.43,0.44,0.42,160250000
2011-02-25,0.45,0.44,0.45,0.44,106870000
2011-02-28,0.45,0.46,0.46,0.45,104850000
2011-03-01,0.43,0.46,0.46,0.43,123240000
2011-03-02,0.44,0.43,0.45,0.43,114200000
2011-03-03,0.46,0.45,0.47,0.45,133380000
2011-03-04,0.46,0.46,0.46,0.45,109420000
2011-03-07,0.44,0.46,0.46,0.43,137630000
2011-03-08,0.44,0.44,0.45,0.43,128920000
2011-03-09,0.43,0.44,0.44,0.43,97050000
2011-03-10,0.41,0.42,0.42,0.41,175560000
2011-03-11,0.42,0.41,0.43,0.41,102530000
2011-03-14,0.42,0.42,0.42,0.41,80360000
2011-03-15,0.4,0.38,0.41,0.38,188310000
2011-03-16,0.37,0.39,0.4,0.36,217410000
2011-03-17,0.38,0.39,0.39,0.38,117430000
2011-03-18,0.38,0.39,0.39,0.38,118710000
2011-03-21,0.4,0.4,0.41,0.39,95490000
2011-03-22,0.4,0.4,0.4,0.4,64340000
2011-03-23,0.4,0.39,0.41,0.39,104650000
2011-03-24,0.43,0.41,0.43,0.41,130860000
2011-03-25,0.43,0.43,0.44,0.43,148310000
2011-03-28,0.42,0.44,0.44,0.42,89180000
2011-03-29,0.43,0.42,0.44,0.42,67540000
2011-03-30,0.44,0.44,0.44,0.44,67590000
2011-03-31,0.44,0.44,0.44,0.44,57070000
2011-04-01,0.44,0.45,0.45,0.44,75550000
2011-04-04,0.44,0.45,0.45,0.43,62820000
2011-04-05,0.43,0.44,0.44,0.43,54590000
2011-04-06,0.44,0.45,0.45,0.43,66810000
2011-04-07,0.44,0.44,0.45,0.43,72130000
2011-04-08,0.43,0.44,0.45,0.43,50450000
2011-04-11,0.43,0.44,0.44,0.42,56470000
2011-04-12,0.42,0.42,0.42,0.41,67460000
2011-04-13,0.43,0.43,0.43,0.42,70830000
2011-04-14,0.43,0.42,0.43,0.42,68010000
2011-04-15,0.42,0.42,0.43,0.42,149670000
2011-04-18,0.42,0.41,0.42,0.39,125750000
2011-04-19,0.42,0.42,0.42,0.41,107990000
2011-04-20,0.45,0.45,0.45,0.44,131700000
2011-04-21,0.46,0.47,0.47,0.46,64970000
2011-04-25,0.47,0.46,0.47,0.46,45710000
2011-04-26,0.47,0.47,0.48,0.47,44980000
2011-04-27,0.48,0.48,0.49,0.47,62660000
2011-04-28,0.48,0.48,0.48,0.48,66610000
2011-04-29,0.48,0.48,0.48,0.48,52420000
2011-05-02,0.48,0.48,0.49,0.47,53870000
2011-05-03,0.47,0.48,0.48,0.46,53120000
2011-05-04,0.47,0.47,0.48,0.46,81940000
2011-05-05,0.46,0.46,0.48,0.46,95760000
2011-05-06,0.47,0.48,0.48,0.46,76840000
2011-05-09,0.47,0.47,0.48,0.46,41940000
2011-05-10,0.48,0.48,0.48,0.47,55370000
2011-05-11,0.47,0.48,0.49,0.46,64910000
2011-05-12,0.48,0.47,0.48,0.46,60330000
2011-05-13,0.46,0.48,0.48,0.46,74040000
2011-05-16,0.44,0.46,0.46,0.44,79860000
2011-05-17,0.44,0.43,0.44,0.43,89940000
2011-05-18,0.45,0.44,0.46,0.44,42990000
2011-05-19,0.46,0.46,0.46,0.45,52610000
2011-05-20,0.45,0.46,0.46,0.45,43640000
2011-05-23,0.43,0.43,0.43,0.42,77540000
2011-05-24,0.42,0.43,0.43,0.42,67930000
2011-05-25,0.42,0.42,0.43,0.42,54070000
2011-05-26,0.43,0.42,0.44,0.42,47180000
2011-05-27,0.44,0.44,0.44,0.43,35040000
2011-05-31,0.46,0.45,0.46,0.44,55450000
2011-06-01,0.43,0.46,0.46,0.43,92550000
2011-06-02,0.43,0.43,0.44,0.43,46770000
2011-06-03,0.41,0.42,0.43,0.41,81480000
2011-06-06,0.4,0.41,0.42,0.4,53710000
2011-06-07,0.4,0.41,0.41,0.4,56320000
2011-06-08,0.39,0.4,0.4,0.39,93520000
2011-06-09,0.39,0.39,0.4,0.39,44520000
2011-06-10,0.38,0.39,0.39,0.38,55700000
2011-06-13,0.38,0.38,0.38,0.37,59090000
2011-06-14,0.39,0.39,0.39,0.39,58510000
2011-06-15,0.37,0.38,0.39,0.37,89590000
2011-06-16,0.36,0.37,0.37,0.36,85320000
2011-06-17,0.36,0.37,0.38,0.36,89970000
2011-06-20,0.37,0.36,0.37,0.36,47540000
2011-06-21,0.39,0.37,0.39,0.37,74470000
2011-06-22,0.38,0.39,0.39,0.38,62430000
2011-06-23,0.39,0.37,0.39,0.37,116110000
2011-06-24,0.37,0.39,0.39,0.37,94040000
2011-06-27,0.39,0.37,0.4,0.37,74850000
2011-06-28,0.41,0.39,0.41,0.39,57780000
2011-06-29,0.41,0.41,0.41,0.4,68400000
2011-06-30,0.43,0.42,0.43,0.42,90930000
2011-07-01,0.45,0.43,0.45,0.43,76710000
2011-07-05,0.45,0.45,0.46,0.45,73470000
2011-07-06,0.46,0.45,0.46,0.45,79820000
2011-07-07,0.48,0.47,0.48,0.47,107280000
2011-07-08,0.47,0.47,0.47,0.46,146030000
2011-07-11,0.45,0.46,0.47,0.44,135430000
2011-07-12,0.44,0.45,0.45,0.44,101070000
2011-07-13,0.44,0.45,0.46,0.44,115290000
2011-07-14,0.43,0.45,0.45,0.42,124750000
2011-07-15,0.45,0.44,0.45,0.43,96390000
2011-07-18,0.44,0.44,0.44,0.43,84680000
2011-07-19,0.47,0.45,0.47,0.45,144880000
2011-07-20,0.46,0.48,0.48,0.46,107690000
2011-07-21,0.47,0.46,0.48,0.46,131300000
2011-07-22,0.49,0.47,0.49,0.47,91840000
2011-07-25,0.48,0.47,0.49,0.47,80190000
2011-07-26,0.49,0.48,0.49,0.48,103440000
2011-07-27,0.45,0.48,0.48,0.45,144270000
2011-07-28,0.45,0.45,0.47,0.44,123420000
2011-07-29,0.45,0.44,0.46,0.43,149820000
2011-08-01,0.44,0.46,0.47,0.42,197600000
2011-08-02,0.41,0.43,0.44,0.41,177290000
2011-08-03,0.42,0.41,0.42,0.39,176120000
2011-08-04,0.36,0.4,0.4,0.36,292610000
2011-08-05,0.35,0.37,0.38,0.32,317990000
2011-08-08,0.29,0.32,0.34,0.29,385460000
2011-08-09,0.33,0.3,0.33,0.28,426840000
2011-08-10,0.29,0.31,0.32,0.29,323830000
2011-08-11,0.33,0.3,0.34,0.3,286570000
2011-08-12,0.34,0.34,0.34,0.33,250420000
2011-08-15,0.35,0.34,0.35,0.34,151640000
2011-08-16,0.34,0.34,0.35,0.33,150770000
2011-08-17,0.34,0.35,0.35,0.33,212820000
2011-08-18,0.29,0.31,0.31,0.28,330040000
2011-08-19,0.27,0.28,0.3,0.27,287320000
2011-08-22,0.28,0.29,0.29,0.27,217790000
2011-08-23,0.31,0.28,0.31,0.28,286360000
2011-08-24,0.32,0.31,0.32,0.3,198070000
2011-08-25,0.3,0.32,0.32,0.3,152900000
2011-08-26,0.32,0.3,0.33,0.29,222730000
2011-08-29,0.35,0.33,0.35,0.33,226570000
2011-08-30,0.36,0.35,0.36,0.34,229090000
2011-08-31,0.36,0.36,0.37,0.35,256550000
2011-09-01,0.35,0.36,0.37,0.35,197870000
2011-09-02,0.33,0.33,0.34,0.32,154150000
2011-09-06,0.33,0.3,0.33,0.3,170840000
2011-09-07,0.35,0.34,0.35,0.34,160300000
2011-09-08,0.34,0.34,0.36,0.34,199120000
2011-09-09,0.32,0.34,0.34,0.32,207670000
2011-09-12,0.33,0.31,0.33,0.31,240180000
2011-09-13,0.35,0.34,0.35,0.33,280450000
2011-09-14,0.36,0.35,0.37,0.34,234230000
2011-09-15,0.38,0.37,0.38,0.36,235650000
2011-09-16,0.39,0.38,0.39,0.38,246260000
2011-09-19,0.39,0.37,0.4,0.37,248030000
2011-09-20,0.38,0.4,0.4,0.38,239940000
2011-09-21,0.36,0.39,0.4,0.36,234530000
2011-09-22,0.33,0.34,0.35,0.31,336880000
2011-09-23,0.34,0.32,0.34,0.32,261490000
2011-09-26,0.35,0.34,0.35,0.32,247070000
2011-09-27,0.36,0.37,0.38,0.35,259140000
2011-09-28,0.34,0.37,0.37,0.34,269350000
2011-09-29,0.33,0.36,0.36,0.32,337400000
2011-09-30,0.31,0.32,0.33,0.31,287790000
2011-10-03,0.28,0.3,0.31,0.28,411060000
2011-10-04,0.3,0.28,0.3,0.27,690290000
2011-10-05,0.32,0.3,0.33,0.29,522130000
2011-10-06,0.34,0.32,0.34,0.32,456680000
2011-10-07,0.33,0.34,0.35,0.33,288370000
2011-10-10,0.37,0.35,0.37,0.35,217240000
2011-10-11,0.38,0.37,0.38,0.36,201220000
2011-10-12,0.38,0.39,0.39,0.38,259430000
2011-10-13,0.39,0.38,0.39,0.38,187440000
2011-10-14,0.41,0.41,0.41,0.4,191490000
2011-10-17,0.39,0.41,0.41,0.39,1090000000
2011-10-18,0.41,0.39,0.42,0.38,285780000
2011-10-19,0.39,0.4,0.41,0.38,242330000
2011-10-20,0.38,0.38,0.39,0.36,203230000
2011-10-21,0.39,0.39,0.4,0.38,188750000
2011-10-24,0.42,0.4,0.42,0.4,197420000
2011-10-25,0.4,0.41,0.42,0.39,201110000
2011-10-26,0.39,0.4,0.4,0.37,384370000
2011-10-27,0.43,0.42,0.43,0.41,331380000
2011-10-28,0.43,0.42,0.43,0.42,127260000
2011-10-31,0.41,0.42,0.42,0.4,158190000
2011-11-01,0.37,0.38,0.38,0.37,393080000
2011-11-02,0.38,0.38,0.39,0.37,244020000
2011-11-03,0.41,0.39,0.41,0.38,286560000
2011-11-04,0.4,0.4,0.41,0.39,158510000
2011-11-07,0.41,0.4,0.41,0.39,223320000
2011-11-08,0.42,0.42,0.43,0.4,207040000
2011-11-09,0.38,0.4,0.4,0.38,222810000
2011-11-10,0.38,0.39,0.39,0.37,178140000
2011-11-11,0.4,0.39,0.4,0.39,171530000
2011-11-14,0.39,0.4,0.4,0.39,113580000
2011-11-15,0.4,0.39,0.41,0.39,220480000
2011-11-16,0.38,0.4,0.41,0.38,242720000
2011-11-17,0.36,0.38,0.38,0.35,446590000
2011-11-18,0.35,0.36,0.36,0.35,236200000
2011-11-21,0.33,0.34,0.34,0.32,272530000
2011-11-22,0.33,0.33,0.34,0.32,321080000
2011-11-23,0.31,0.33,0.33,0.31,310400000
2011-11-25,0.3,0.31,0.32,0.3,123550000
2011-11-28,0.33,0.33,0.34,0.33,263050000
2011-11-29,0.33,0.33,0.34,0.33,234890000
2011-11-30,0.36,0.36,0.37,0.35,242880000
2011-12-01,0.37,0.36,0.38,0.36,183840000
2011-12-02,0.37,0.38,0.38,0.37,129060000
2011-12-05,0.38,0.39,0.39,0.37,189330000
2011-12-06,0.38,0.38,0.39,0.37,141350000
2011-12-07,0.38,0.37,0.38,0.36,154140000
2011-12-08,0.36,0.37,0.38,0.36,261590000
2011-12-09,0.38,0.36,0.38,0.36,196260000
2011-12-12,0.36,0.36,0.36,0.35,214820000
2011-12-13,0.35,0.37,0.38,0.35,231580000
2011-12-14,0.34,0.35,0.35,0.33,410940000
2011-12-15,0.33,0.34,0.34,0.33,307610000
2011-12-16,0.34,0.34,0.35,0.34,280940000
2011-12-19,0.33,0.34,0.34,0.32,200720000
2011-12-20,0.36,0.34,0.36,0.34,268850000
2011-12-21,0.34,0.35,0.35,0.33,343710000
2011-12-22,0.35,0.34,0.35,0.34,201600000
2011-12-23,0.36,0.35,0.36,0.35,110940000
2011-12-27,0.36,0.36,0.37,0.36,139780000
2011-12-28,0.35,0.36,0.36,0.35,200640000
2011-12-29,0.36,0.35,0.36,0.35,136390000
2011-12-30,0.35,0.35,0.36,0.35,115610000
2012-01-03,0.37,0.37,0.38,0.37,202970000
2012-01-04,0.38,0.37,0.38,0.37,119720000
2012-01-05,0.39,0.38,0.39,0.37,139600000
2012-01-06,0.39,0.39,0.39,0.38,207510000
2012-01-09,0.39,0.4,0.4,0.38,154810000
2012-01-10,0.4,0.4,0.4,0.39,157860000
2012-01-11,0.4,0.4,0.4,0.39,138670000
2012-01-12,0.4,0.4,0.41,0.39,154690000
2012-01-13,0.4,0.4,0.4,0.39,155150000
2012-01-17,0.41,0.41,0.42,0.41,129590000
2012-01-18,0.43,0.41,0.43,0.41,213930000
2012-01-19,0.44,0.43,0.44,0.43,228290000
2012-01-20,0.43,0.43,0.43,0.43,80200000
2012-01-23,0.43,0.43,0.44,0.43,137660000
2012-01-24,0.43,0.43,0.43,0.43,96040000
2012-01-25,0.45,0.44,0.45,0.43,203110000
2012-01-26,0.44,0.45,0.46,0.44,187270000
2012-01-27,0.45,0.44,0.45,0.44,168830000
2012-01-30,0.45,0.44,0.45,0.43,169180000
2012-01-31,0.45,0.45,0.46,0.44,198430000
2012-02-01,0.46,0.46,0.47,0.45,176080000
2012-02-02,0.46,0.46,0.47,0.46,144900000
2012-02-03,0.48,0.48,0.49,0.48,155160000
2012-02-06,0.48,0.48,0.48,0.47,130890000
2012-02-07,0.49,0.48,0.49,0.48,130190000
2012-02-08,0.49,0.49,0.49,0.48,155070000
2012-02-09,0.5,0.5,0.51,0.49,152800000
2012-02-10,0.49,0.49,0.5,0.49,194800000
2012-02-13,0.51,0.5,0.51,0.5,159570000
2012-02-14,0.51,0.5,0.51,0.5,173900000
2012-02-15,0.5,0.52,0.53,0.5,383960000
2012-02-16,0.52,0.5,0.52,0.5,252330000
2012-02-17,0.52,0.52,0.52,0.51,161960000
2012-02-21,0.52,0.52,0.53,0.51,164480000
2012-02-22,0.51,0.52,0.52,0.51,125750000
2012-02-23,0.52,0.52,0.52,0.51,210450000
2012-02-24,0.53,0.53,0.53,0.52,134590000
2012-02-27,0.53,0.52,0.54,0.51,185080000
2012-02-28,0.55,0.53,0.55,0.53,192060000
2012-02-29,0.54,0.55,0.55,0.53,267250000
2012-03-01,0.55,0.55,0.55,0.54,234780000
2012-03-02,0.55,0.55,0.56,0.55,166280000
2012-03-05,0.53,0.55,0.55,0.53,244470000
2012-03-06,0.52,0.52,0.52,0.51,216300000
2012-03-07,0.53,0.53,0.53,0.52,187360000
2012-03-08,0.55,0.54,0.55,0.54,125040000
2012-03-09,0.55,0.55,0.56,0.55,154930000
2012-03-12,0.55,0.55,0.56,0.55,151630000
2012-03-13,0.59,0.56,0.59,0.56,191900000
2012-03-14,0.59,0.59,0.6,0.58,243060000
2012-03-15,0.6,0.6,0.6,0.59,197590000
2012-03-16,0.6,0.6,0.6,0.59,138290000
2012-03-19,0.61,0.6,0.61,0.59,192070000
2012-03-20,0.61,0.6,0.61,0.59,184510000
2012-03-21,0.61,0.61,0.62,0.61,156660000
2012-03-22,0.61,0.6,0.61,0.6,213370000
2012-03-23,0.61,0.61,0.61,0.6,157480000
2012-03-26,0.64,0.62,0.64,0.62,158630000
2012-03-27,0.64,0.64,0.65,0.64,181040000
2012-03-28,0.63,0.64,0.65,0.62,192010000
2012-03-29,0.63,0.63,0.63,0.61,172590000
2012-03-30,0.62,0.64,0.64,0.62,126370000
2012-04-02,0.64,0.62,0.64,0.62,125470000
2012-04-03,0.64,0.64,0.65,0.63,167500000
2012-04-04,0.62,0.63,0.63,0.6,205180000
2012-04-05,0.63,0.61,0.63,0.61,154730000
2012-04-09,0.61,0.6,0.62,0.6,144390000
2012-04-10,0.58,0.61,0.62,0.58,293890000
2012-04-11,0.59,0.6,0.6,0.59,169760000
2012-04-12,0.61,0.6,0.61,0.59,178980000
2012-04-13,0.58,0.61,0.61,0.58,183320000
2012-04-16,0.57,0.59,0.59,0.56,200650000
2012-04-17,0.6,0.57,0.6,0.57,189370000
2012-04-18,0.59,0.59,0.6,0.59,129100000
2012-04-19,0.58,0.59,0.61,0.57,200270000
2012-04-20,0.57,0.58,0.59,0.57,171020000
2012-04-23,0.55,0.55,0.56,0.54,140850000
2012-04-24,0.54,0.55,0.56,0.54,130580000
2012-04-25,0.59,0.58,0.59,0.58,153020000
2012-04-26,0.6,0.59,0.6,0.59,142900000
2012-04-27,0.61,0.61,0.62,0.6,104920000
2012-04-30,0.6,0.6,0.61,0.59,96430000
2012-05-01,0.6,0.59,0.62,0.59,105350000
2012-05-02,0.6,0.59,0.61,0.59,77860000
2012-05-03,0.58,0.61,0.61,0.58,100750000
2012-05-04,0.54,0.57,0.57,0.54,182410000
2012-05-07,0.54,0.53,0.55,0.53,211290000
2012-05-08,0.54,0.53,0.54,0.51,276680000
2012-05-09,0.53,0.52,0.54,0.51,270000000
2012-05-10,0.53,0.54,0.54,0.52,203070000
2012-05-11,0.53,0.52,0.55,0.52,96170000
2012-05-14,0.51,0.52,0.53,0.51,164820000
2012-05-15,0.51,0.52,0.53,0.51,151390000
2012-05-16,0.5,0.51,0.52,0.5,149010000
2012-05-17,0.47,0.5,0.5,0.47,261180000
2012-05-18,0.45,0.47,0.47,0.45,281920000
2012-05-21,0.49,0.45,0.49,0.45,206840000
2012-05-22,0.48,0.49,0.5,0.47,193250000
2012-05-23,0.49,0.47,0.49,0.46,161940000
2012-05-24,0.48,0.49,0.49,0.47,154890000
2012-05-25,0.48,0.48,0.48,0.47,62540000
2012-05-29,0.49,0.49,0.5,0.48,141760000
2012-05-30,0.48,0.48,0.49,0.47,124690000
2012-05-31,0.47,0.48,0.48,0.46,166130000
2012-06-01,0.44,0.45,0.46,0.44,224390000
2012-06-04,0.45,0.44,0.45,0.43,229020000
2012-06-05,0.45,0.44,0.45,0.44,196480000
2012-06-06,0.48,0.46,0.48,0.46,171960000
2012-06-07,0.48,0.5,0.5,0.48,171980000
2012-06-08,0.49,0.48,0.49,0.47,126560000
2012-06-11,0.47,0.5,0.5,0.47,182000000
2012-06-12,0.48,0.47,0.48,0.46,135360000
2012-06-13,0.47,0.48,0.49,0.47,97050000
2012-06-14,0.48,0.47,0.48,0.47,131440000
2012-06-15,0.5,0.48,0.5,0.48,169230000
2012-06-18,0.51,0.49,0.51,0.49,177240000
2012-06-19,0.53,0.52,0.53,0.52,162810000
2012-06-20,0.53,0.53,0.53,0.52,194700000
2012-06-21,0.49,0.53,0.53,0.49,156370000
2012-06-22,0.5,0.49,0.51,0.49,140330000
2012-06-25,0.47,0.49,0.49,0.47,134270000
2012-06-26,0.48,0.48,0.49,0.47,136810000
2012-06-27,0.49,0.49,0.5,0.49,117300000
2012-06-28,0.47,0.48,0.48,0.46,209810000
2012-06-29,0.52,0.5,0.52,0.5,246810000
2012-07-02,0.52,0.52,0.53,0.51,125710000
2012-07-03,0.54,0.53,0.54,0.52,93010000
2012-07-05,0.54,0.54,0.55,0.53,118570000
2012-07-06,0.52,0.53,0.53,0.51,145360000
2012-07-09,0.52,0.52,0.52,0.51,96130000
2012-07-10,0.5,0.52,0.53,0.5,172730000
2012-07-11,0.49,0.5,0.5,0.48,221180000
2012-07-12,0.48,0.48,0.48,0.47,215590000
2012-07-13,0.5,0.48,0.5,0.48,141120000
2012-07-16,0.5,0.5,0.5,0.49,108980000
2012-07-17,0.5,0.51,0.51,0.48,174120000
2012-07-18,0.52,0.5,0.53,0.5,187670000
2012-07-19,0.54,0.54,0.55,0.53,216250000
2012-07-20,0.52,0.54,0.54,0.52,165050000
2012-07-23,0.5,0.49,0.51,0.48,221780000
2012-07-24,0.49,0.5,0.51,0.48,252190000
2012-07-25,0.48,0.48,0.49,0.47,196670000
2012-07-26,0.5,0.5,0.51,0.49,231310000
2012-07-27,0.54,0.51,0.54,0.51,271330000
2012-07-30,0.53,0.54,0.55,0.53,183240000
2012-07-31,0.53,0.54,0.54,0.53,132850000
2012-08-01,0.53,0.54,0.54,0.52,151030000
2012-08-02,0.52,0.52,0.54,0.51,166050000
2012-08-03,0.55,0.55,0.56,0.54,195180000
2012-08-06,0.56,0.56,0.57,0.56,127730000
2012-08-07,0.58,0.57,0.59,0.57,140590000
2012-08-08,0.58,0.57,0.58,0.57,86010000
2012-08-09,0.58,0.58,0.58,0.57,77610000
2012-08-10,0.58,0.58,0.58,0.57,93410000
2012-08-13,0.59,0.58,0.59,0.57,72050000
2012-08-14,0.59,0.59,0.6,0.58,110180000
2012-08-15,0.59,0.59,0.6,0.59,72020000
2012-08-16,0.61,0.6,0.62,0.6,139150000
2012-08-17,0.62,0.62,0.62,0.61,113670000
2012-08-20,0.62,0.62,0.63,0.61,92070000
2012-08-21,0.62,0.63,0.64,0.61,218270000
2012-08-22,0.62,0.61,0.63,0.61,114180000
2012-08-23,0.61,0.62,0.62,0.61,109700000
2012-08-24,0.62,0.61,0.63,0.6,104230000
2012-08-27,0.62,0.63,0.63,0.62,75590000
2012-08-28,0.62,0.62,0.63,0.62,87710000
2012-08-29,0.62,0.63,0.63,0.62,73870000
2012-08-30,0.61,0.62,0.62,0.6,124650000
2012-08-31,0.62,0.62,0.63,0.6,168810000
2012-09-04,0.62,0.61,0.62,0.6,149680000
2012-09-05,0.61,0.61,0.62,0.61,100900000
2012-09-06,0.65,0.62,0.65,0.62,154740000
2012-09-07,0.65,0.65,0.65,0.65,109670000
2012-09-10,0.63,0.65,0.65,0.63,150710000
2012-09-11,0.62,0.63,0.63,0.62,140380000
2012-09-12,0.63,0.63,0.63,0.62,153990000
2012-09-13,0.65,0.63,0.66,0.63,233710000
2012-09-14,0.67,0.66,0.68,0.66,286520000
2012-09-17,0.67,0.67,0.67,0.67,152410000
2012-09-18,0.67,0.67,0.68,0.67,100850000
2012-09-19,0.68,0.67,0.68,0.67,137610000
2012-09-20,0.68,0.67,0.68,0.66,144940000
2012-09-21,0.68,0.69,0.69,0.67,145050000
2012-09-24,0.66,0.66,0.67,0.66,140110000
2012-09-25,0.64,0.67,0.67,0.64,153440000
2012-09-26,0.62,0.63,0.64,0.61,245680000
2012-09-27,0.65,0.63,0.65,0.62,183280000
2012-09-28,0.63,0.64,0.65,0.63,158110000
2012-10-01,0.63,0.64,0.65,0.62,156500000
2012-10-02,0.63,0.64,0.64,0.62,165770000
2012-10-03,0.65,0.64,0.65,0.63,160140000
2012-10-04,0.65,0.65,0.66,0.64,152360000
2012-10-05,0.64,0.66,0.66,0.64,116540000
2012-10-08,0.62,0.63,0.63,0.62,104950000
2012-10-09,0.59,0.62,0.62,0.59,182540000
2012-10-10,0.58,0.59,0.6,0.58,155890000
2012-10-11,0.58,0.6,0.6,0.58,142510000
2012-10-12,0.58,0.58,0.59,0.58,109350000
2012-10-15,0.59,0.59,0.59,0.58,116690000
2012-10-16,0.62,0.59,0.62,0.59,142880000
2012-10-17,0.62,0.61,0.62,0.6,133480000
2012-10-18,0.59,0.61,0.62,0.59,173860000
2012-10-19,0.55,0.59,0.59,0.55,285400000
2012-10-22,0.56,0.55,0.56,0.55,211200000
2012-10-23,0.54,0.55,0.56,0.54,282180000
2012-10-24,0.54,0.55,0.56,0.54,207080000
2012-10-25,0.54,0.55,0.55,0.53,233980000
2012-10-26,0.54,0.54,0.55,0.53,192290000
2012-10-31,0.53,0.54,0.54,0.53,148300000
2012-11-01,0.56,0.54,0.56,0.54,183860000
2012-11-02,0.54,0.56,0.56,0.54,183650000
2012-11-05,0.55,0.54,0.55,0.53,150480000
2012-11-06,0.55,0.55,0.56,0.54,182980000
2012-11-07,0.51,0.53,0.54,0.51,384190000
2012-11-08,0.49,0.52,0.52,0.49,310580000
2012-11-09,0.49,0.49,0.51,0.49,436760000
2012-11-12,0.49,0.5,0.5,0.49,164820000
2012-11-13,0.48,0.48,0.5,0.48,345730000
2012-11-14,0.47,0.49,0.49,0.46,295210000
2012-11-15,0.46,0.47,0.47,0.46,310680000
2012-11-16,0.47,0.46,0.47,0.45,372800000
2012-11-19,0.5,0.48,0.5,0.48,346280000
2012-11-20,0.5,0.5,0.5,0.49,219130000
2012-11-21,0.5,0.5,0.51,0.5,160760000
2012-11-23,0.53,0.51,0.53,0.51,129320000
2012-11-26,0.53,0.52,0.53,0.52,196940000
2012-11-27,0.53,0.53,0.54,0.53,359910000
2012-11-28,0.54,0.52,0.54,0.51,281280000
2012-11-29,0.55,0.55,0.56,0.54,249590000
2012-11-30,0.55,0.55,0.55,0.54,228480000
2012-12-03,0.55,0.56,0.56,0.55,337130000
2012-12-04,0.54,0.55,0.55,0.53,336770000
2012-12-05,0.53,0.54,0.54,0.52,436830000
2012-12-06,0.54,0.52,0.54,0.52,306250000
2012-12-07,0.53,0.55,0.55,0.52,240790000
2012-12-10,0.53,0.52,0.54,0.52,210760000
2012-12-11,0.55,0.54,0.56,0.54,345450000
2012-12-12,0.55,0.56,0.56,0.54,301320000
2012-12-13,0.54,0.55,0.56,0.53,338860000
2012-12-14,0.52,0.53,0.53,0.52,274210000
2012-12-17,0.54,0.52,0.54,0.52,193750000
2012-12-18,0.57,0.55,0.57,0.55,457060000
2012-12-19,0.56,0.57,0.57,0.56,361800000
2012-12-20,0.56,0.56,0.56,0.55,291580000
2012-12-21,0.54,0.53,0.54,0.53,336750000
2012-12-24,0.54,0.54,0.54,0.53,52530000
2012-12-26,0.52,0.54,0.54,0.52,159010000
2012-12-27,0.52,0.53,0.53,0.5,308370000
2012-12-28,0.51,0.51,0.52,0.51,164560000
2012-12-31,0.54,0.5,0.54,0.5,423630000
2013-01-02,0.59,0.58,0.59,0.57,354710000
2013-01-03,0.58,0.59,0.59,0.58,311610000
2013-01-04,0.58,0.58,0.58,0.57,152220000
2013-01-07,0.58,0.57,0.58,0.57,183320000
2013-01-08,0.57,0.58,0.58,0.56,175170000
2013-01-09,0.58,0.57,0.58,0.57,154110000
2013-01-10,0.59,0.59,0.59,0.57,235740000
2013-01-11,0.59,0.59,0.59,0.58,106060000
2013-01-14,0.58,0.58,0.59,0.58,147580000
2013-01-15,0.57,0.58,0.58,0.57,216910000
2013-01-16,0.58,0.58,0.59,0.57,152490000
2013-01-17,0.59,0.59,0.6,0.59,231510000
2013-01-18,0.59,0.58,0.59,0.58,206180000
2013-01-22,0.59,0.59,0.59,0.58,252880000
2013-01-23,0.6,0.6,0.6,0.6,225080000
2013-01-24,0.57,0.58,0.59,0.57,246480000
2013-01-25,0.58,0.58,0.59,0.58,170500000
2013-01-28,0.59,0.58,0.59,0.58,249670000
2013-01-29,0.59,0.59,0.59,0.57,214190000
2013-01-30,0.58,0.59,0.6,0.58,159230000
2013-01-31,0.58,0.58,0.59,0.58,203840000
2013-02-01,0.6,0.59,0.6,0.59,286060000
2013-02-04,0.57,0.59,0.6,0.57,274900000
2013-02-05,0.59,0.58,0.6,0.57,280290000
2013-02-06,0.59,0.59,0.6,0.58,251170000
2013-02-07,0.59,0.59,0.59,0.57,218870000
2013-02-08,0.61,0.6,0.61,0.6,203930000
2013-02-11,0.61,0.61,0.61,0.6,111060000
2013-02-12,0.6,0.61,0.61,0.6,129670000
2013-02-13,0.61,0.61,0.61,0.6,186830000
2013-02-14,0.61,0.6,0.61,0.6,137000000
2013-02-15,0.6,0.61,0.61,0.6,118600000
2013-02-19,0.61,0.61,0.61,0.6,127390000
2013-02-20,0.59,0.61,0.61,0.59,164420000
2013-02-21,0.57,0.58,0.58,0.56,265860000
2013-02-22,0.58,0.58,0.58,0.57,132370000
2013-02-25,0.56,0.6,0.6,0.56,241080000
2013-02-26,0.57,0.57,0.57,0.55,168550000
2013-02-27,0.59,0.57,0.6,0.57,171670000
2013-02-28,0.58,0.59,0.6,0.58,163770000
2013-03-01,0.59,0.58,0.59,0.57,123220000
2013-03-04,0.6,0.58,0.6,0.58,151150000
2013-03-05,0.62,0.61,0.63,0.61,228330000
2013-03-06,0.62,0.63,0.63,0.62,207890000
2013-03-07,0.63,0.62,0.63,0.62,111090000
2013-03-08,0.63,0.63,0.63,0.62,169730000
2013-03-11,0.63,0.62,0.63,0.62,123940000
2013-03-12,0.62,0.63,0.63,0.62,178100000
2013-03-13,0.62,0.63,0.63,0.62,160980000
2013-03-14,0.63,0.63,0.63,0.63,154340000
2013-03-15,0.62,0.63,0.63,0.62,159890000
2013-03-18,0.62,0.61,0.63,0.6,214740000
2013-03-19,0.62,0.62,0.63,0.6,287720000
2013-03-20,0.63,0.63,0.63,0.62,153840000
2013-03-21,0.61,0.61,0.62,0.6,214900000
2013-03-22,0.62,0.61,0.63,0.61,142910000
2013-03-25,0.62,0.63,0.63,0.61,228930000
2013-03-26,0.63,0.63,0.63,0.62,124090000
2013-03-27,0.63,0.62,0.63,0.61,191800000
2013-03-28,0.63,0.63,0.64,0.63,266790000
2013-04-01,0.62,0.64,0.64,0.62,249690000
2013-04-02,0.64,0.63,0.64,0.63,337920000
2013-04-03,0.62,0.64,0.64,0.62,177330000
2013-04-04,0.62,0.62,0.62,0.61,190050000
2013-04-05,0.6,0.59,0.61,0.59,338280000
2013-04-08,0.61,0.61,0.61,0.6,223610000
2013-04-09,0.63,0.62,0.63,0.61,332750000
2013-04-10,0.66,0.63,0.67,0.63,182490000
2013-04-11,0.66,0.66,0.67,0.66,167550000
2013-04-12,0.66,0.66,0.66,0.65,218650000
2013-04-15,0.62,0.65,0.66,0.62,204060000
2013-04-16,0.65,0.63,0.65,0.63,193730000
2013-04-17,0.61,0.63,0.63,0.6,315720000
2013-04-18,0.58,0.61,0.61,0.58,254520000
2013-04-19,0.61,0.59,0.61,0.58,183250000
2013-04-22,0.63,0.61,0.63,0.61,161220000
2013-04-23,0.64,0.64,0.65,0.63,273780000
2013-04-24,0.64,0.64,0.65,0.63,224430000
2013-04-25,0.65,0.65,0.66,0.65,192660000
2013-04-26,0.65,0.65,0.65,0.64,91880000
2013-04-29,0.66,0.65,0.67,0.65,137700000
2013-04-30,0.68,0.67,0.68,0.66,124050000
2013-05-01,0.67,0.68,0.68,0.67,128710000
2013-05-02,0.69,0.67,0.7,0.67,97680000
2013-05-03,0.72,0.72,0.73,0.71,134000000
2013-05-06,0.73,0.72,0.73,0.72,97000000
2013-05-07,0.73,0.73,0.73,0.72,104340000
2013-05-08,0.74,0.72,0.74,0.72,85300000
2013-05-09,0.74,0.73,0.75,0.73,110930000
2013-05-10,0.75,0.74,0.75,0.74,127120000
2013-05-13,0.75,0.74,0.76,0.74,133460000
2013-05-14,0.76,0.75,0.77,0.75,134030000
2013-05-15,0.77,0.76,0.77,0.75,131370000
2013-05-16,0.76,0.77,0.78,0.76,155400000
2013-05-17,0.79,0.78,0.79,0.77,150060000
2013-05-20,0.78,0.78,0.79,0.77,151380000
2013-05-21,0.79,0.78,0.79,0.77,160910000
2013-05-22,0.77,0.79,0.81,0.75,317310000
2013-05-23,0.76,0.74,0.77,0.74,145900000
2013-05-24,0.76,0.74,0.76,0.74,67750000
2013-05-28,0.77,0.78,0.79,0.77,161960000
2013-05-29,0.76,0.76,0.77,0.75,159660000
2013-05-30,0.77,0.76,0.78,0.76,86190000
2013-05-31,0.75,0.76,0.78,0.75,123430000
2013-06-03,0.76,0.75,0.76,0.73,222870000
2013-06-04,0.74,0.76,0.77,0.74,138550000
2013-06-05,0.72,0.74,0.75,0.71,190560000
2013-06-06,0.72,0.72,0.73,0.7,190970000
2013-06-07,0.76,0.74,0.76,0.73,233090000
2013-06-10,0.76,0.76,0.77,0.75,135400000
2013-06-11,0.73,0.73,0.75,0.73,222260000
2013-06-12,0.71,0.75,0.75,0.7,223690000
2013-06-13,0.73,0.71,0.74,0.7,151970000
2013-06-14,0.72,0.73,0.74,0.72,124390000
2013-06-17,0.74,0.74,0.75,0.73,158850000
2013-06-18,0.76,0.74,0.76,0.74,101600000
2013-06-19,0.73,0.76,0.76,0.73,175780000
2013-06-20,0.68,0.71,0.72,0.67,241420000
2013-06-21,0.67,0.68,0.69,0.65,237030000
2013-06-24,0.65,0.65,0.67,0.63,221550000
2013-06-25,0.66,0.67,0.67,0.65,132430000
2013-06-26,0.68,0.68,0.69,0.67,119980000
2013-06-27,0.69,0.69,0.7,0.69,113750000
2013-06-28,0.69,0.68,0.71,0.68,156210000
2013-07-01,0.71,0.71,0.72,0.7,104020000
2013-07-02,0.71,0.71,0.72,0.7,124370000
2013-07-03,0.72,0.7,0.73,0.7,53960000
2013-07-05,0.73,0.73,0.73,0.71,114440000
2013-07-08,0.73,0.74,0.74,0.73,88350000
2013-07-09,0.75,0.74,0.75,0.73,84320000
2013-07-10,0.76,0.75,0.76,0.75,101260000
2013-07-11,0.81,0.78,0.81,0.78,153900000
2013-07-12,0.82,0.81,0.82,0.8,83610000
2013-07-15,0.82,0.82,0.82,0.81,91940000
2013-07-16,0.82,0.82,0.83,0.81,85410000
2013-07-17,0.83,0.83,0.83,0.82,79240000
2013-07-18,0.82,0.82,0.83,0.82,101260000
2013-07-19,0.79,0.8,0.8,0.79,108620000
2013-07-22,0.8,0.8,0.81,0.79,86390000
2013-07-23,0.78,0.8,0.8,0.78,86490000
2013-07-24,0.79,0.81,0.81,0.78,106300000
2013-07-25,0.8,0.8,0.81,0.79,81730000
2013-07-26,0.82,0.8,0.82,0.79,77850000
2013-07-29,0.81,0.81,0.82,0.81,72410000
2013-07-30,0.83,0.82,0.84,0.82,121400000
2013-07-31,0.83,0.83,0.84,0.83,110600000
2013-08-01,0.86,0.85,0.86,0.84,78030000
2013-08-02,0.87,0.86,0.87,0.85,97220000
2013-08-05,0.87,0.87,0.87,0.86,79610000
2013-08-06,0.86,0.87,0.87,0.85,93900000
2013-08-07,0.85,0.85,0.86,0.83,121280000
2013-08-08,0.86,0.87,0.87,0.85,130960000
2013-08-09,0.85,0.86,0.87,0.85,98530000
2013-08-12,0.86,0.84,0.86,0.84,69280000
2013-08-13,0.87,0.86,0.88,0.84,154500000
2013-08-14,0.86,0.87,0.88,0.86,95050000
2013-08-15,0.82,0.84,0.84,0.81,133200000
2013-08-16,0.82,0.82,0.83,0.81,70200000
2013-08-19,0.81,0.82,0.84,0.81,90160000
2013-08-20,0.83,0.82,0.84,0.82,88770000
2013-08-21,0.82,0.82,0.84,0.81,159680000
2013-08-22,0.84,0.83,0.84,0.83,71260000
2013-08-23,0.86,0.86,0.86,0.85,77120000
2013-08-26,0.86,0.86,0.88,0.85,75650000
2013-08-27,0.8,0.83,0.84,0.8,200630000
2013-08-28,0.82,0.8,0.83,0.8,102370000
2013-08-29,0.83,0.81,0.84,0.81,129670000
2013-08-30,0.82,0.83,0.84,0.81,122000000
2013-09-03,0.83,0.84,0.85,0.82,85800000
2013-09-04,0.86,0.84,0.86,0.83,83100000
2013-09-05,0.86,0.86,0.87,0.86,48510000
2013-09-06,0.86,0.87,0.88,0.84,122120000
2013-09-09,0.89,0.87,0.9,0.87,95100000
2013-09-10,0.91,0.91,0.91,0.9,151970000
2013-09-11,0.9,0.89,0.9,0.89,106570000
2013-09-12,0.9,0.9,0.91,0.9,67010000
2013-09-13,0.9,0.9,0.91,0.89,80860000
2013-09-16,0.89,0.92,0.92,0.89,133280000
2013-09-17,0.91,0.9,0.92,0.9,66990000
2013-09-18,0.95,0.92,0.95,0.91,127810000
2013-09-19,0.95,0.95,0.96,0.95,71490000
2013-09-20,0.94,0.96,0.96,0.94,109110000
2013-09-23,0.94,0.95,0.96,0.92,134900000
2013-09-24,0.94,0.94,0.95,0.93,82050000
2013-09-25,0.93,0.94,0.94,0.92,108720000
2013-09-26,0.95,0.94,0.95,0.94,89160000
2013-09-27,0.94,0.93,0.95,0.93,73210000
2013-09-30,0.94,0.92,0.94,0.91,123440000
2013-10-01,0.97,0.94,0.97,0.94,88460000
2013-10-02,0.96,0.95,0.97,0.94,86660000
2013-10-03,0.93,0.96,0.97,0.92,162090000
2013-10-04,0.96,0.93,0.96,0.93,92160000
2013-10-07,0.93,0.93,0.95,0.93,99590000
2013-10-08,0.88,0.93,0.93,0.88,235120000
2013-10-09,0.87,0.88,0.88,0.85,218710000
2013-10-10,0.92,0.9,0.93,0.9,144720000
2013-10-11,0.95,0.92,0.95,0.92,130150000
2013-10-14,0.96,0.93,0.97,0.93,140950000
2013-10-15,0.95,0.96,0.98,0.95,162080000
2013-10-16,0.99,0.97,0.99,0.97,129550000
2013-10-17,1.0,0.97,1.0,0.97,167040000
2013-10-18,1.05,1.03,1.05,1.02,135170000
2013-10-21,1.06,1.06,1.07,1.05,99510000
2013-10-22,1.06,1.07,1.08,1.04,158060000
2013-10-23,1.05,1.05,1.05,1.03,161260000
2013-10-24,1.06,1.05,1.06,1.04,108800000
2013-10-25,1.08,1.09,1.1,1.07,140490000
2013-10-28,1.08,1.08,1.09,1.07,84070000
2013-10-29,1.09,1.09,1.1,1.07,84210000
2013-10-30,1.08,1.1,1.1,1.07,199200000
2013-10-31,1.08,1.08,1.1,1.06,141910000
2013-11-01,1.08,1.09,1.09,1.06,163140000
2013-11-04,1.08,1.09,1.09,1.07,91860000
2013-11-05,1.09,1.07,1.09,1.06,132420000
2013-11-06,1.08,1.1,1.1,1.07,163910000
2013-11-07,1.02,1.08,1.09,1.02,232940000
2013-11-08,1.06,1.03,1.07,1.03,118090000
2013-11-11,1.06,1.06,1.07,1.05,63640000
2013-11-12,1.06,1.05,1.07,1.05,108880000
2013-11-13,1.1,1.04,1.1,1.04,126660000
2013-11-14,1.11,1.09,1.12,1.09,118870000
2013-11-15,1.12,1.11,1.12,1.11,89220000
2013-11-18,1.09,1.12,1.13,1.08,143980000
2013-11-19,1.08,1.08,1.1,1.07,102190000
2013-11-20,1.07,1.09,1.1,1.06,125900000
2013-11-21,1.1,1.08,1.1,1.08,87510000
2013-11-22,1.12,1.11,1.12,1.1,87090000
2013-11-25,1.13,1.13,1.14,1.12,92730000
2013-11-26,1.15,1.13,1.15,1.12,106970000
2013-11-27,1.17,1.15,1.17,1.15,137920000
2013-11-29,1.19,1.18,1.19,1.18,91620000
2013-12-02,1.18,1.19,1.2,1.17,166080000
2013-12-03,1.18,1.18,1.19,1.16,134700000
2013-12-04,1.18,1.16,1.19,1.15,134010000
2013-12-05,1.18,1.18,1.19,1.17,126880000
2013-12-06,1.2,1.2,1.21,1.18,142600000
2013-12-09,1.21,1.21,1.22,1.21,113260000
2013-12-10,1.21,1.21,1.22,1.21,93600000
2013-12-11,1.17,1.21,1.22,1.16,149010000
2013-12-12,1.16,1.17,1.18,1.15,107350000
2013-12-13,1.15,1.17,1.17,1.15,81220000
2013-12-16,1.17,1.17,1.19,1.17,75100000
2013-12-17,1.16,1.17,1.18,1.16,73030000
2013-12-18,1.2,1.17,1.21,1.12,161850000
2013-12-19,1.19,1.2,1.2,1.18,117350000
2013-12-20,1.23,1.2,1.24,1.2,113790000
2013-12-23,1.27,1.26,1.27,1.25,112510000
2013-12-24,1.27,1.27,1.27,1.26,38010000
2013-12-26,1.28,1.28,1.29,1.27,55880000
2013-12-27,1.27,1.29,1.29,1.27,73980000
2013-12-30,1.27,1.27,1.27,1.26,53080000
2013-12-31,1.29,1.28,1.29,1.27,64180000
2014-01-02,1.26,1.28,1.28,1.25,99340000
2014-01-03,1.24,1.26,1.27,1.23,97590000
2014-01-06,1.22,1.24,1.24,1.21,125940000
2014-01-07,1.25,1.24,1.26,1.23,92360000
2014-01-08,1.26,1.26,1.27,1.25,93400000
2014-01-09,1.25,1.28,1.28,1.24,105630000
2014-01-10,1.26,1.26,1.27,1.23,119990000
2014-01-13,1.21,1.26,1.27,1.19,173580000
2014-01-14,1.28,1.22,1.28,1.22,138230000
2014-01-15,1.31,1.29,1.31,1.29,120650000
2014-01-16,1.31,1.3,1.31,1.3,70720000
2014-01-17,1.28,1.3,1.31,1.28,84620000
2014-01-21,1.31,1.31,1.32,1.28,88150000
2014-01-22,1.33,1.32,1.33,1.31,78890000
2014-01-23,1.31,1.31,1.31,1.28,129320000
2014-01-24,1.23,1.29,1.3,1.23,148990000
2014-01-27,1.2,1.23,1.24,1.17,178170000
2014-01-28,1.2,1.18,1.2,1.17,109750000
2014-01-29,1.16,1.16,1.19,1.15,137380000
2014-01-30,1.22,1.2,1.23,1.2,116570000
2014-01-31,1.21,1.18,1.23,1.18,84580000
2014-02-03,1.13,1.2,1.22,1.12,184000000
2014-02-04,1.15,1.14,1.17,1.13,90770000
2014-02-05,1.14,1.14,1.16,1.1,108590000
2014-02-06,1.19,1.15,1.19,1.15,74300000
2014-02-07,1.25,1.21,1.25,1.2,112110000
2014-02-10,1.27,1.25,1.27,1.25,83370000
2014-02-11,1.31,1.28,1.32,1.28,117580000
2014-02-12,1.32,1.32,1.33,1.31,108610000
2014-02-13,1.36,1.29,1.36,1.29,106740000
2014-02-14,1.36,1.35,1.37,1.34,95000000
2014-02-18,1.38,1.37,1.39,1.36,69450000
2014-02-19,1.35,1.37,1.38,1.34,136570000
2014-02-20,1.37,1.35,1.38,1.34,102780000
2014-02-21,1.36,1.38,1.39,1.36,83990000
2014-02-24,1.39,1.37,1.4,1.37,99600000
2014-02-25,1.38,1.39,1.4,1.37,93070000
2014-02-26,1.38,1.39,1.41,1.36,82940000
2014-02-27,1.4,1.38,1.41,1.37,88140000
2014-02-28,1.4,1.4,1.43,1.36,137150000
2014-03-03,1.37,1.36,1.38,1.33,158870000
2014-03-04,1.42,1.41,1.43,1.41,109040000
2014-03-05,1.43,1.43,1.44,1.42,77090000
2014-03-06,1.43,1.44,1.45,1.41,92820000
2014-03-07,1.41,1.44,1.45,1.39,132580000
2014-03-10,1.41,1.4,1.41,1.38,75620000
2014-03-11,1.39,1.42,1.43,1.38,119910000
2014-03-12,1.41,1.37,1.41,1.36,109820000
2014-03-13,1.35,1.42,1.43,1.33,188410000
2014-03-14,1.32,1.33,1.35,1.32,107320000
2014-03-17,1.36,1.35,1.38,1.34,116960000
2014-03-18,1.4,1.36,1.41,1.36,113100000
2014-03-19,1.38,1.41,1.41,1.35,136440000
2014-03-20,1.39,1.37,1.41,1.36,87640000
2014-03-21,1.34,1.42,1.42,1.34,198450000
2014-03-24,1.31,1.36,1.36,1.27,266300000
2014-03-25,1.32,1.33,1.35,1.29,172670000
2014-03-26,1.27,1.34,1.35,1.27,201490000
2014-03-27,1.25,1.26,1.28,1.23,202090000
2014-03-28,1.26,1.26,1.3,1.24,166440000
2014-03-31,1.28,1.28,1.31,1.28,162440000
2014-04-01,1.35,1.3,1.35,1.3,178280000
2014-04-02,1.36,1.37,1.37,1.34,163220000
2014-04-03,1.33,1.36,1.37,1.3,159840000
2014-04-04,1.22,1.35,1.36,1.21,371010000
2014-04-07,1.19,1.2,1.23,1.16,312850000
2014-04-08,1.22,1.19,1.22,1.18,243370000
2014-04-09,1.28,1.23,1.28,1.22,222170000
2014-04-10,1.16,1.28,1.28,1.15,322670000
2014-04-11,1.12,1.13,1.18,1.11,211900000
2014-04-14,1.15,1.15,1.17,1.12,281630000
2014-04-15,1.16,1.16,1.18,1.09,562500000
2014-04-16,1.2,1.19,1.2,1.16,251580000
2014-04-17,1.2,1.19,1.22,1.18,176790000
2014-04-21,1.23,1.21,1.23,1.2,144450000
2014-04-22,1.26,1.24,1.27,1.24,150390000
2014-04-23,1.23,1.26,1.26,1.23,131370000
2014-04-24,1.26,1.29,1.29,1.22,250800000
2014-04-25,1.2,1.24,1.25,1.19,244820000
2014-04-28,1.22,1.22,1.24,1.16,482080000
2014-04-29,1.24,1.23,1.25,1.21,244000000
2014-04-30,1.25,1.23,1.26,1.22,184130000
2014-05-01,1.27,1.26,1.29,1.25,143790000
2014-05-02,1.26,1.28,1.28,1.25,151980000
2014-05-05,1.28,1.24,1.28,1.23,115880000
2014-05-06,1.23,1.27,1.27,1.23,161650000
2014-05-07,1.22,1.24,1.24,1.17,261920000
2014-05-08,1.21,1.2,1.26,1.2,219220000
2014-05-09,1.23,1.21,1.23,1.19,156480000
2014-05-12,1.29,1.25,1.29,1.25,127740000
2014-05-13,1.29,1.29,1.3,1.28,117730000
2014-05-14,1.27,1.28,1.29,1.26,98700000
2014-05-15,1.24,1.27,1.28,1.22,201530000
2014-05-16,1.26,1.24,1.27,1.22,142950000
2014-05-19,1.29,1.25,1.3,1.25,120600000
2014-05-20,1.28,1.29,1.3,1.26,162340000
2014-05-21,1.31,1.28,1.31,1.28,123790000
2014-05-22,1.33,1.32,1.34,1.31,126530000
2014-05-23,1.36,1.33,1.36,1.33,95170000
2014-05-27,1.41,1.38,1.41,1.37,118810000
2014-05-28,1.4,1.41,1.41,1.39,118450000
2014-05-29,1.42,1.41,1.42,1.4,87490000
2014-05-30,1.42,1.42,1.43,1.4,113390000
2014-06-02,1.42,1.43,1.43,1.39,101340000
2014-06-03,1.42,1.41,1.42,1.4,95320000
2014-06-04,1.43,1.41,1.44,1.4,105460000
2014-06-05,1.47,1.44,1.48,1.42,176140000
2014-06-06,1.49,1.49,1.5,1.48,79220000
2014-06-09,1.49,1.5,1.5,1.48,124170000
2014-06-10,1.5,1.49,1.5,1.48,72840000
2014-06-11,1.5,1.48,1.5,1.48,97070000
2014-06-12,1.46,1.49,1.49,1.44,121230000
2014-06-13,1.47,1.48,1.48,1.45,72020000
2014-06-16,1.47,1.46,1.49,1.45,89980000
2014-06-17,1.48,1.47,1.49,1.46,95670000
2014-06-18,1.5,1.48,1.51,1.45,114810000
2014-06-19,1.5,1.51,1.51,1.48,105960000
2014-06-20,1.5,1.5,1.51,1.49,56600000
2014-06-23,1.5,1.5,1.51,1.49,69410000
2014-06-24,1.5,1.5,1.54,1.49,160270000
2014-06-25,1.53,1.49,1.54,1.49,84560000
2014-06-26,1.53,1.53,1.53,1.49,87580000
2014-06-27,1.55,1.53,1.55,1.52,73860000
2014-06-30,1.56,1.55,1.57,1.55,54490000
2014-07-01,1.61,1.57,1.62,1.57,66140000
2014-07-02,1.62,1.61,1.62,1.61,82020000
2014-07-03,1.65,1.63,1.65,1.62,64630000
2014-07-07,1.63,1.64,1.65,1.62,88050000
2014-07-08,1.57,1.62,1.63,1.55,151900000
2014-07-09,1.61,1.59,1.61,1.57,137150000
2014-07-10,1.6,1.55,1.61,1.54,123240000
2014-07-11,1.62,1.6,1.62,1.59,121740000
2014-07-14,1.65,1.64,1.66,1.64,107120000
2014-07-15,1.64,1.66,1.67,1.6,148590000
2014-07-16,1.66,1.67,1.68,1.65,106870000
2014-07-17,1.59,1.64,1.66,1.57,161380000
2014-07-18,1.66,1.62,1.67,1.61,117000000
2014-07-21,1.66,1.65,1.67,1.64,94930000
2014-07-22,1.69,1.68,1.7,1.68,107510000
2014-07-23,1.72,1.71,1.73,1.7,102500000
2014-07-24,1.72,1.73,1.74,1.71,87760000
2014-07-25,1.7,1.69,1.7,1.67,92890000
2014-07-28,1.7,1.7,1.71,1.66,92000000
2014-07-29,1.69,1.71,1.72,1.68,79260000
2014-07-30,1.71,1.72,1.73,1.69,107740000
2014-07-31,1.61,1.67,1.67,1.6,139150000
2014-08-01,1.59,1.6,1.62,1.56,172620000
2014-08-04,1.62,1.6,1.64,1.58,144240000
2014-08-05,1.58,1.6,1.61,1.56,167540000
2014-08-06,1.58,1.55,1.61,1.55,119450000
2014-08-07,1.56,1.6,1.61,1.55,153850000
2014-08-08,1.6,1.57,1.6,1.55,124480000
2014-08-11,1.63,1.61,1.64,1.61,74400000
2014-08-12,1.62,1.62,1.64,1.6,90950000
2014-08-13,1.67,1.64,1.68,1.64,81530000
2014-08-14,1.7,1.68,1.7,1.67,103090000
2014-08-15,1.72,1.73,1.74,1.68,156130000
2014-08-18,1.77,1.75,1.77,1.74,79420000
2014-08-19,1.8,1.78,1.8,1.77,78870000
2014-08-20,1.8,1.79,1.81,1.79,70760000
2014-08-21,1.81,1.8,1.81,1.79,67940000
2014-08-22,1.81,1.81,1.83,1.8,76880000
2014-08-25,1.83,1.84,1.85,1.82,68030000
2014-08-26,1.84,1.84,1.84,1.83,41760000
2014-08-27,1.84,1.84,1.85,1.83,36720000
2014-08-28,1.83,1.82,1.84,1.81,64900000
2014-08-29,1.85,1.85,1.85,1.83,52280000
2014-09-02,1.87,1.87,1.87,1.85,64310000
2014-09-03,1.84,1.88,1.88,1.83,82690000
2014-09-04,1.83,1.85,1.88,1.82,82130000
2014-09-05,1.86,1.84,1.86,1.81,83260000
2014-09-08,1.87,1.86,1.88,1.84,70910000
2014-09-09,1.82,1.87,1.89,1.81,129410000
2014-09-10,1.87,1.83,1.87,1.81,72420000
2014-09-11,1.86,1.84,1.87,1.82,119320000
2014-09-12,1.83,1.86,1.86,1.82,113750000
2014-09-15,1.78,1.84,1.84,1.76,128630000
2014-09-16,1.83,1.76,1.84,1.76,126940000
2014-09-17,1.84,1.83,1.86,1.8,113560000
2014-09-18,1.88,1.85,1.88,1.85,79590000
2014-09-19,1.87,1.9,1.9,1.85,110220000
2014-09-22,1.82,1.86,1.86,1.8,108280000
2014-09-23,1.81,1.8,1.83,1.79,100800000
2014-09-24,1.86,1.81,1.87,1.79,116590000
2014-09-25,1.75,1.84,1.85,1.74,213000000
2014-09-26,1.8,1.76,1.81,1.75,148280000
2014-09-29,1.8,1.75,1.81,1.74,114600000
2014-09-30,1.8,1.81,1.83,1.78,154230000
2014-10-01,1.72,1.79,1.79,1.7,213570000
2014-10-02,1.72,1.71,1.73,1.65,218190000
2014-10-03,1.77,1.74,1.79,1.73,153760000
2014-10-06,1.75,1.78,1.79,1.74,147370000
2014-10-07,1.68,1.73,1.74,1.68,163650000
2014-10-08,1.78,1.68,1.79,1.65,213220000
2014-10-09,1.69,1.77,1.78,1.68,223020000
2014-10-10,1.56,1.66,1.69,1.56,296570000
2014-10-13,1.49,1.56,1.59,1.49,273730000
2014-10-14,1.49,1.52,1.55,1.48,371200000
2014-10-15,1.46,1.42,1.48,1.36,485340000
2014-10-16,1.44,1.37,1.47,1.37,336210000
2014-10-17,1.49,1.49,1.53,1.47,264450000
2014-10-20,1.56,1.49,1.56,1.48,154930000
2014-10-21,1.68,1.61,1.68,1.6,211860000
2014-10-22,1.65,1.7,1.7,1.65,188180000
2014-10-23,1.73,1.7,1.76,1.7,170120000
2014-10-24,1.77,1.74,1.77,1.72,170730000
2014-10-27,1.78,1.76,1.78,1.74,138360000
2014-10-28,1.86,1.8,1.86,1.8,159690000
2014-10-29,1.83,1.84,1.85,1.79,179560000
2014-10-30,1.84,1.81,1.86,1.8,161990000
2014-10-31,1.92,1.94,1.94,1.9,176470000
2014-11-03,1.94,1.93,1.95,1.92,141370000
2014-11-04,1.92,1.92,1.93,1.88,138650000
2014-11-05,1.92,1.96,1.96,1.9,138750000
2014-11-06,1.94,1.92,1.94,1.89,97270000
2014-11-07,1.93,1.95,1.95,1.9,110810000
2014-11-10,1.95,1.93,1.96,1.92,103370000
2014-11-11,1.97,1.95,1.97,1.94,105620000
2014-11-12,1.98,1.95,1.99,1.95,96200000
2014-11-13,2.01,1.99,2.03,1.98,182170000
2014-11-14,2.02,2.0,2.02,1.98,114820000
2014-11-17,2.01,2.01,2.02,1.98,141350000
2014-11-18,2.05,2.01,2.06,2.01,111820000
2014-11-19,2.02,2.04,2.04,2.0,148810000
2014-11-20,2.05,2.0,2.06,1.99,99550000
2014-11-21,2.07,2.11,2.11,2.04,152950000
2014-11-24,2.11,2.08,2.11,2.07,126210000
2014-11-25,2.12,2.12,2.14,2.1,151540000
2014-11-26,2.16,2.13,2.17,2.12,105630000
2014-11-28,2.2,2.18,2.21,2.18,72570000
2014-12-01,2.11,2.18,2.19,2.09,156190000
2014-12-02,2.14,2.12,2.15,2.11,129890000
2014-12-03,2.16,2.15,2.16,2.11,131940000
2014-12-04,2.15,2.15,2.18,2.12,154040000
2014-12-05,2.15,2.16,2.17,2.14,113630000
2014-12-08,2.1,2.13,2.16,2.07,169280000
2014-12-09,2.13,2.03,2.13,2.01,170690000
2014-12-10,2.02,2.11,2.13,2.01,134530000
2014-12-11,2.05,2.04,2.12,2.04,136030000
2014-12-12,1.99,1.99,2.06,1.99,153790000
2014-12-15,1.93,2.02,2.04,1.91,235950000
2014-12-16,1.83,1.89,1.97,1.83,212860000
2014-12-17,1.93,1.83,1.95,1.83,182730000
2014-12-18,2.07,2.01,2.07,2.0,186750000
2014-12-19,2.09,2.08,2.12,2.06,154830000
2014-12-22,2.11,2.09,2.11,2.08,110460000
2014-12-23,2.09,2.14,2.14,2.08,115920000
2014-12-24,2.1,2.1,2.12,2.09,43980000
2014-12-26,2.14,2.11,2.15,2.11,86090000
2014-12-29,2.14,2.13,2.15,2.13,62330000
2014-12-30,2.1,2.12,2.13,2.09,123860000
2014-12-31,2.03,2.1,2.13,2.02,117090000
2015-01-02,2.01,2.06,2.09,1.98,122230000
2015-01-05,1.92,1.98,1.99,1.91,127020000
2015-01-06,1.85,1.93,1.94,1.82,168640000
2015-01-07,1.92,1.88,1.93,1.87,137470000
2015-01-08,2.03,1.97,2.04,1.96,144940000
2015-01-09,1.99,2.05,2.05,1.95,181420000
2015-01-12,1.92,2.0,2.0,1.91,165250000
2015-01-13,1.92,1.98,2.04,1.88,199710000
2015-01-14,1.89,1.86,1.92,1.84,216150000
2015-01-15,1.82,1.92,1.93,1.81,196010000
2015-01-16,1.88,1.81,1.89,1.8,141800000
2015-01-20,1.92,1.91,1.94,1.85,141890000
2015-01-21,1.95,1.91,1.98,1.89,133530000
2015-01-22,2.06,1.98,2.07,1.93,162660000
2015-01-23,2.08,2.06,2.1,2.04,142360000
2015-01-26,2.07,2.07,2.08,2.04,100810000
2015-01-27,1.91,1.97,1.98,1.89,223990000
2015-01-28,1.88,2.0,2.01,1.88,188930000
2015-01-29,1.93,1.87,1.94,1.82,176560000
2015-01-30,1.89,1.93,1.97,1.88,218220000
2015-02-02,1.94,1.9,1.94,1.81,198840000
2015-02-03,1.99,1.95,2.0,1.92,182330000
2015-02-04,1.99,1.97,2.03,1.95,124630000
2015-02-05,2.04,2.0,2.04,1.99,100330000
2015-02-06,2.0,2.05,2.06,1.98,123530000
2015-02-09,1.98,1.98,2.01,1.97,95790000
2015-02-10,2.07,2.02,2.08,2.01,119250000
2015-02-11,2.1,2.08,2.11,2.07,121850000
2015-02-12,2.17,2.14,2.17,2.13,153100000
2015-02-13,2.23,2.19,2.23,2.18,120900000
2015-02-17,2.23,2.23,2.24,2.21,82730000
2015-02-18,2.24,2.22,2.24,2.21,70480000
2015-02-19,2.28,2.24,2.28,2.24,75590000
2015-02-20,2.32,2.27,2.32,2.25,90770000
2015-02-23,2.33,2.32,2.33,2.3,78970000
2015-02-24,2.33,2.32,2.34,2.3,104600000
2015-02-25,2.31,2.32,2.35,2.3,112550000
2015-02-26,2.35,2.32,2.35,2.3,116340000
2015-02-27,2.32,2.35,2.35,2.31,88790000
2015-03-02,2.38,2.33,2.38,2.33,89050000
2015-03-03,2.35,2.36,2.37,2.3,128390000
2015-03-04,2.32,2.32,2.33,2.28,116640000
2015-03-05,2.33,2.34,2.35,2.3,92340000
2015-03-06,2.25,2.32,2.34,2.24,149730000
2015-03-09,2.27,2.27,2.29,2.24,113270000
2015-03-10,2.15,2.22,2.22,2.15,191970000
2015-03-11,2.11,2.15,2.16,2.11,223150000
2015-03-12,2.15,2.1,2.16,2.1,122390000
2015-03-13,2.12,2.14,2.17,2.08,198120000
2015-03-16,2.2,2.15,2.2,2.14,114960000
2015-03-17,2.22,2.18,2.22,2.17,97360000
2015-03-18,2.28,2.2,2.31,2.16,167820000
2015-03-19,2.29,2.29,2.31,2.28,111390000
2015-03-20,2.34,2.34,2.37,2.33,104810000
2015-03-23,2.32,2.33,2.35,2.32,99240000
2015-03-24,2.29,2.32,2.35,2.29,92980000
2015-03-25,2.13,2.31,2.31,2.13,175880000
2015-03-26,2.12,2.08,2.15,2.06,196560000
2015-03-27,2.14,2.11,2.15,2.1,98540000
2015-03-30,2.21,2.18,2.22,2.18,151210000
2015-03-31,2.15,2.19,2.21,2.14,124510000
2015-04-01,2.11,2.14,2.14,2.07,175880000
2015-04-02,2.11,2.11,2.13,2.09,110580000
2015-04-06,2.16,2.07,2.18,2.07,150950000
2015-04-07,2.15,2.16,2.21,2.15,114690000
2015-04-08,2.2,2.16,2.21,2.15,169140000
2015-04-09,2.25,2.2,2.25,2.18,110930000
2015-04-10,2.27,2.25,2.27,2.23,113380000
2015-04-13,2.26,2.28,2.31,2.25,115200000
2015-04-14,2.24,2.25,2.27,2.2,168970000
2015-04-15,2.28,2.26,2.29,2.25,95360000
2015-04-16,2.27,2.26,2.28,2.25,90890000
2015-04-17,2.16,2.2,2.22,2.13,186430000
2015-04-20,2.26,2.2,2.27,2.19,142190000
2015-04-21,2.29,2.3,2.31,2.28,127390000
2015-04-22,2.32,2.31,2.34,2.26,121920000
2015-04-23,2.35,2.3,2.38,2.3,131000000
2015-04-24,2.44,2.43,2.46,2.41,142420000
2015-04-27,2.43,2.47,2.49,2.41,161160000
2015-04-28,2.41,2.43,2.45,2.35,171750000
2015-04-29,2.37,2.37,2.42,2.33,193950000
2015-04-30,2.26,2.33,2.36,2.22,308170000
2015-05-01,2.35,2.28,2.35,2.28,190010000
2015-05-04,2.36,2.37,2.4,2.35,131970000
2015-05-05,2.24,2.33,2.34,2.24,280690000
2015-05-06,2.2,2.25,2.27,2.15,213400000
2015-05-07,2.23,2.19,2.25,2.19,168620000
2015-05-08,2.32,2.3,2.33,2.29,178380000
2015-05-11,2.29,2.32,2.34,2.29,139030000
2015-05-12,2.26,2.25,2.29,2.2,190330000
2015-05-13,2.27,2.29,2.32,2.26,132500000
2015-05-14,2.37,2.33,2.38,2.3,176830000
2015-05-15,2.37,2.39,2.4,2.35,146510000
2015-05-18,2.4,2.36,2.42,2.36,110590000
2015-05-19,2.4,2.41,2.42,2.38,98580000
2015-05-20,2.4,2.4,2.44,2.36,111260000
2015-05-21,2.44,2.39,2.45,2.38,92220000
2015-05-22,2.43,2.43,2.46,2.42,79820000
2015-05-26,2.35,2.41,2.42,2.32,140460000
2015-05-27,2.46,2.37,2.47,2.35,134290000
2015-05-28,2.44,2.44,2.46,2.42,90650000
2015-05-29,2.4,2.44,2.45,2.38,106060000
2015-06-01,2.42,2.44,2.44,2.36,137160000
2015-06-02,2.4,2.4,2.43,2.36,131460000
2015-06-03,2.42,2.43,2.45,2.4,117070000
2015-06-04,2.37,2.38,2.43,2.34,185700000
2015-06-05,2.35,2.36,2.37,2.31,138590000
2015-06-08,2.28,2.34,2.35,2.26,144420000
2015-06-09,2.27,2.26,2.29,2.21,153000000
2015-06-10,2.36,2.29,2.38,2.28,154770000
2015-06-11,2.37,2.38,2.4,2.36,117080000
2015-06-12,2.31,2.33,2.34,2.3,120900000
2015-06-15,2.28,2.26,2.29,2.22,200880000
2015-06-16,2.31,2.27,2.32,2.26,101270000
2015-06-17,2.33,2.32,2.35,2.29,168390000
2015-06-18,2.43,2.35,2.44,2.35,162630000
2015-06-19,2.39,2.44,2.44,2.39,84630000
2015-06-22,2.45,2.45,2.47,2.43,131720000
2015-06-23,2.46,2.46,2.46,2.42,114910000
2015-06-24,2.42,2.45,2.48,2.42,84900000
2015-06-25,2.4,2.45,2.45,2.39,85200000
2015-06-26,2.36,2.4,2.42,2.33,131900000
2015-06-29,2.19,2.27,2.32,2.19,273740000
2015-06-30,2.22,2.24,2.25,2.19,176790000
2015-07-01,2.26,2.28,2.29,2.23,141620000
2015-07-02,2.27,2.28,2.29,2.25,105520000
2015-07-06,2.25,2.22,2.29,2.21,131810000
2015-07-07,2.26,2.26,2.27,2.13,250330000
2015-07-08,2.15,2.22,2.23,2.14,184880000
2015-07-09,2.14,2.24,2.24,2.14,125260000
2015-07-10,2.24,2.22,2.27,2.21,123260000
2015-07-13,2.36,2.3,2.37,2.3,104860000
2015-07-14,2.4,2.37,2.43,2.37,102200000
2015-07-15,2.42,2.42,2.44,2.39,119140000
2015-07-16,2.51,2.47,2.52,2.46,139680000
2015-07-17,2.62,2.58,2.62,2.56,143330000
2015-07-20,2.65,2.65,2.68,2.62,95890000
2015-07-21,2.65,2.66,2.67,2.63,87410000
2015-07-22,2.56,2.53,2.6,2.53,108390000
2015-07-23,2.53,2.57,2.59,2.51,96780000
2015-07-24,2.46,2.57,2.57,2.45,106470000
2015-07-27,2.39,2.41,2.45,2.38,120620000
2015-07-28,2.46,2.43,2.47,2.37,155600000
2015-07-29,2.48,2.47,2.5,2.44,121740000
2015-07-30,2.52,2.47,2.53,2.42,137040000
2015-07-31,2.51,2.54,2.55,2.49,109040000
2015-08-03,2.49,2.51,2.53,2.44,147740000
2015-08-04,2.47,2.48,2.5,2.44,141350000
2015-08-05,2.53,2.51,2.58,2.51,127410000
2015-08-06,2.41,2.54,2.55,2.37,175290000
2015-08-07,2.4,2.39,2.42,2.34,160170000
2015-08-10,2.48,2.44,2.5,2.44,133800000
2015-08-11,2.39,2.44,2.47,2.35,173290000
2015-08-12,2.41,2.34,2.42,2.26,224350000
2015-08-13,2.4,2.42,2.45,2.38,140660000
2015-08-14,2.41,2.38,2.42,2.37,145980000
2015-08-17,2.47,2.39,2.47,2.37,125360000
2015-08-18,2.43,2.45,2.46,2.42,109000000
2015-08-19,2.38,2.41,2.45,2.34,235520000
2015-08-20,2.19,2.32,2.34,2.18,300020000
2015-08-21,1.91,2.09,2.15,1.91,380290000
2015-08-24,1.69,1.56,1.91,1.36,392720000
2015-08-25,1.67,1.86,1.9,1.66,289670000
2015-08-26,1.91,1.81,1.92,1.7,285020000
2015-08-27,2.06,2.0,2.06,1.92,485950000
2015-08-28,2.05,2.02,2.07,2.01,214100000
2015-08-31,1.98,2.02,2.05,1.96,206870000
2015-09-01,1.8,1.83,1.92,1.77,313860000
2015-09-02,1.94,1.89,1.94,1.83,180280000
2015-09-03,1.91,1.97,2.01,1.9,223230000
2015-09-04,1.85,1.84,1.88,1.81,279640000
2015-09-08,2.0,1.95,2.01,1.93,225350000
2015-09-09,1.94,2.07,2.07,1.92,281290000
2015-09-10,2.0,1.93,2.04,1.92,247160000
2015-09-11,2.03,1.97,2.03,1.95,189720000
2015-09-14,2.01,2.05,2.05,1.99,176670000
2015-09-15,2.08,2.03,2.1,2.0,152650000
2015-09-16,2.12,2.09,2.12,2.06,140410000
2015-09-17,2.12,2.11,2.22,2.09,242360000
2015-09-18,2.03,2.02,2.1,2.02,272340000
2015-09-21,2.05,2.06,2.1,1.99,200310000
2015-09-22,1.96,1.95,1.98,1.9,283800000
2015-09-23,1.96,1.97,1.99,1.93,223760000
2015-09-24,1.94,1.9,1.96,1.85,293840000
2015-09-25,1.89,2.01,2.01,1.85,283820000
2015-09-28,1.73,1.87,1.87,1.71,360060000
2015-09-29,1.7,1.74,1.79,1.66,365750000
2015-09-30,1.82,1.77,1.82,1.75,333870000
2015-10-01,1.84,1.83,1.84,1.76,219270000
2015-10-02,1.94,1.77,1.94,1.75,317410000
2015-10-05,2.03,1.98,2.04,1.97,208150000
2015-10-06,2.0,2.01,2.03,1.95,230120000
2015-10-07,2.03,2.03,2.04,1.95,253110000
2015-10-08,2.05,2.01,2.06,1.95,291870000
2015-10-09,2.08,2.06,2.09,2.04,175220000
2015-10-12,2.1,2.09,2.11,2.07,152540000
2015-10-13,2.06,2.06,2.12,2.05,212960000
2015-10-14,2.05,2.06,2.09,2.02,183330000
2015-10-15,2.15,2.07,2.15,2.06,214570000
2015-10-16,2.17,2.16,2.18,2.13,132640000
2015-10-19,2.21,2.16,2.22,2.15,163620000
2015-10-20,2.18,2.2,2.21,2.15,145250000
2015-10-21,2.14,2.21,2.22,2.13,176490000
2015-10-22,2.27,2.19,2.27,2.18,259750000
2015-10-23,2.46,2.45,2.49,2.41,204060000
2015-10-26,2.46,2.45,2.48,2.42,119890000
2015-10-27,2.48,2.44,2.49,2.44,104460000
2015-10-28,2.54,2.49,2.54,2.43,208960000
2015-10-29,2.53,2.5,2.54,2.5,99830000
2015-10-30,2.49,2.53,2.54,2.49,120070000
2015-11-02,2.58,2.51,2.59,2.5,110600000
2015-11-03,2.6,2.56,2.63,2.55,123620000
2015-11-04,2.6,2.63,2.64,2.57,145830000
2015-11-05,2.58,2.61,2.63,2.54,142250000
2015-11-06,2.59,2.57,2.6,2.52,136250000
2015-11-09,2.51,2.56,2.57,2.46,151320000
2015-11-10,2.49,2.47,2.49,2.44,98720000
2015-11-11,2.48,2.51,2.54,2.46,100830000
2015-11-12,2.4,2.44,2.48,2.4,137930000
2015-11-13,2.26,2.37,2.38,2.26,197700000
2015-11-16,2.36,2.26,2.36,2.24,185550000
2015-11-17,2.37,2.37,2.42,2.35,221420000
2015-11-18,2.5,2.39,2.51,2.39,196280000
2015-11-19,2.51,2.51,2.54,2.49,103960000
2015-11-20,2.56,2.54,2.56,2.53,102000000
2015-11-23,2.53,2.56,2.59,2.5,112880000
2015-11-24,2.53,2.49,2.55,2.45,132490000
2015-11-25,2.53,2.54,2.55,2.52,55980000
2015-11-27,2.54,2.55,2.56,2.52,27240000
2015-11-30,2.53,2.57,2.57,2.5,93270000
2015-12-01,2.6,2.55,2.6,2.55,117040000
2015-12-02,2.55,2.61,2.64,2.54,122090000
2015-12-03,2.42,2.57,2.58,2.38,225910000
2015-12-04,2.59,2.44,2.6,2.43,173290000
2015-12-07,2.56,2.6,2.6,2.52,138450000
2015-12-08,2.56,2.48,2.58,2.47,162600000
2015-12-09,2.44,2.52,2.56,2.4,289730000
2015-12-10,2.47,2.46,2.52,2.43,162930000
2015-12-11,2.3,2.39,2.41,2.3,294870000
2015-12-14,2.36,2.31,2.36,2.21,232340000
2015-12-15,2.4,2.42,2.46,2.39,191560000
2015-12-16,2.5,2.45,2.52,2.37,196510000
2015-12-17,2.4,2.53,2.54,2.39,189510000
2015-12-18,2.27,2.37,2.39,2.26,204960000
2015-12-21,2.33,2.32,2.33,2.27,128060000
2015-12-22,2.38,2.37,2.39,2.33,134050000
2015-12-23,2.43,2.41,2.43,2.4,109890000
2015-12-24,2.43,2.43,2.45,2.42,48520000
2015-12-28,2.43,2.41,2.43,2.36,102670000
2015-12-29,2.54,2.47,2.55,2.46,145300000
2015-12-30,2.47,2.53,2.53,2.47,89590000
2015-12-31,2.38,2.44,2.46,2.38,175910000
2016-01-04,2.23,2.22,2.23,2.14,265870000
2016-01-05,2.21,2.26,2.27,2.18,132330000
2016-01-06,2.15,2.1,2.19,2.1,243790000
2016-01-07,1.95,2.01,2.09,1.95,340350000
2016-01-08,1.9,1.99,2.03,1.9,331820000
2016-01-11,1.92,1.94,1.96,1.83,336180000
2016-01-12,1.99,1.97,2.02,1.9,317520000
2016-01-13,1.78,2.01,2.02,1.77,413400000
2016-01-14,1.89,1.8,1.94,1.71,363420000
2016-01-15,1.72,1.7,1.78,1.64,564720000
2016-01-19,1.73,1.79,1.79,1.67,259230000
2016-01-20,1.71,1.64,1.77,1.53,554700000
2016-01-21,1.72,1.73,1.79,1.66,338110000
2016-01-22,1.86,1.82,1.87,1.8,286880000
2016-01-25,1.78,1.85,1.88,1.78,277080000
2016-01-26,1.83,1.8,1.85,1.76,243040000
2016-01-27,1.7,1.8,1.82,1.67,358320000
2016-01-28,1.76,1.77,1.78,1.68,315570000
2016-01-29,1.88,1.77,1.88,1.76,257720000
2016-02-01,1.89,1.85,1.91,1.83,228240000
2016-02-02,1.77,1.87,1.87,1.75,256870000
2016-02-03,1.74,1.8,1.8,1.65,471300000
2016-02-04,1.74,1.73,1.78,1.68,284040000
2016-02-05,1.56,1.72,1.72,1.54,429780000
2016-02-08,1.49,1.47,1.51,1.4,514970000
2016-02-09,1.47,1.43,1.54,1.42,459490000
2016-02-10,1.49,1.53,1.58,1.49,375530000
2016-02-11,1.49,1.43,1.52,1.42,477080000
2016-02-12,1.55,1.53,1.56,1.49,316430000
2016-02-16,1.65,1.62,1.65,1.59,299310000
2016-02-17,1.77,1.69,1.78,1.68,365230000
2016-02-18,1.71,1.79,1.79,1.7,257900000
2016-02-19,1.72,1.69,1.74,1.67,238940000
2016-02-22,1.81,1.77,1.81,1.77,248270000
2016-02-23,1.72,1.77,1.79,1.71,267830000
2016-02-24,1.77,1.66,1.77,1.63,350560000
2016-02-25,1.82,1.78,1.82,1.73,259600000
2016-02-26,1.81,1.86,1.86,1.8,248580000
2016-02-29,1.76,1.81,1.85,1.76,229970000
2016-03-01,1.93,1.81,1.93,1.8,311140000
2016-03-02,1.93,1.92,1.94,1.89,193970000
2016-03-03,1.92,1.93,1.93,1.88,206600000
2016-03-04,1.93,1.93,1.96,1.89,237850000
2016-03-07,1.89,1.9,1.93,1.85,189120000
2016-03-08,1.84,1.85,1.9,1.83,212570000
2016-03-09,1.88,1.87,1.88,1.83,208340000
2016-03-10,1.87,1.91,1.93,1.8,343460000
2016-03-11,1.97,1.93,1.97,1.91,169660000
2016-03-14,1.98,1.95,1.99,1.94,157170000
2016-03-15,1.98,1.96,1.98,1.94,193120000
2016-03-16,2.03,1.96,2.04,1.96,176460000
2016-03-17,2.02,2.01,2.04,1.99,127510000
2016-03-18,2.03,2.04,2.05,2.0,147540000
2016-03-21,2.06,2.02,2.06,2.02,136010000
2016-03-22,2.07,2.02,2.09,2.02,127220000
2016-03-23,2.03,2.06,2.07,2.01,154460000
2016-03-24,2.02,1.99,2.03,1.99,127020000
2016-03-28,2.02,2.05,2.05,2.01,129390000
2016-03-29,2.11,2.01,2.12,2.0,179790000
2016-03-30,2.15,2.15,2.19,2.13,209890000
2016-03-31,2.13,2.14,2.16,2.13,118520000
2016-04-01,2.2,2.1,2.21,2.09,163020000
2016-04-04,2.18,2.2,2.21,2.16,136630000
2016-04-05,2.12,2.13,2.15,2.11,146840000
2016-04-06,2.22,2.12,2.22,2.12,182090000
2016-04-07,2.12,2.18,2.19,2.1,252220000
2016-04-08,2.12,2.16,2.18,2.1,166240000
2016-04-11,2.1,2.15,2.18,2.09,137060000
2016-04-12,2.15,2.1,2.16,2.06,182420000
2016-04-13,2.23,2.2,2.24,2.19,162180000
2016-04-14,2.23,2.23,2.26,2.21,111240000
2016-04-15,2.21,2.22,2.24,2.2,83090000
2016-04-18,2.25,2.2,2.25,2.19,101460000
2016-04-19,2.21,2.27,2.27,2.17,158580000
2016-04-20,2.21,2.2,2.24,2.18,107770000
2016-04-21,2.21,2.21,2.24,2.18,133470000
2016-04-22,2.11,2.13,2.16,2.06,201320000
2016-04-25,2.11,2.09,2.11,2.08,96950000
2016-04-26,2.08,2.12,2.14,2.06,109310000
2016-04-27,2.03,2.02,2.05,1.98,183010000
2016-04-28,1.96,2.04,2.07,1.95,160770000
2016-04-29,1.93,1.95,1.97,1.88,191260000
2016-05-02,1.98,1.94,1.99,1.92,118020000
2016-05-03,1.93,1.94,1.96,1.91,145960000
2016-05-04,1.89,1.89,1.91,1.87,155140000
2016-05-05,1.89,1.91,1.92,1.88,143980000
2016-05-06,1.92,1.86,1.92,1.85,156850000
2016-05-09,1.93,1.92,1.96,1.91,118540000
2016-05-10,2.01,1.95,2.01,1.94,116480000
2016-05-11,1.96,2.0,2.02,1.96,127060000
2016-05-12,1.93,1.97,1.98,1.89,184740000
2016-05-13,1.91,1.93,1.96,1.9,155960000
2016-05-16,1.98,1.92,2.0,1.91,117290000
2016-05-17,1.91,1.98,1.99,1.89,187230000
2016-05-18,1.93,1.89,1.96,1.88,237970000
2016-05-19,1.9,1.9,1.92,1.86,254100000
2016-05-20,1.96,1.92,1.98,1.92,125350000
2016-05-23,1.95,1.96,1.99,1.95,86930000
2016-05-24,2.07,1.98,2.08,1.98,150000000
2016-05-25,2.11,2.09,2.13,2.08,141770000
2016-05-26,2.13,2.12,2.14,2.1,95270000
2016-05-27,2.16,2.14,2.17,2.14,107140000
2016-05-31,2.18,2.18,2.19,2.14,112950000
2016-06-01,2.18,2.16,2.19,2.15,100540000
2016-06-02,2.19,2.16,2.19,2.13,104660000
2016-06-03,2.16,2.18,2.18,2.12,155530000
2016-06-06,2.18,2.17,2.2,2.16,86000000
2016-06-07,2.17,2.19,2.19,2.16,77110000
2016-06-08,2.18,2.18,2.19,2.15,82260000
2016-06-09,2.17,2.15,2.17,2.14,99730000
2016-06-10,2.09,2.11,2.12,2.07,161760000
2016-06-13,2.04,2.06,2.09,2.03,119050000
2016-06-14,2.04,2.02,2.06,2.0,141730000
2016-06-15,2.02,2.06,2.06,2.01,106380000
2016-06-16,2.04,1.99,2.05,1.95,164360000
2016-06-17,1.97,2.03,2.03,1.96,167020000
2016-06-20,2.0,2.04,2.07,2.0,139240000
2016-06-21,2.02,2.02,2.04,2.0,86410000
2016-06-22,2.01,2.03,2.06,2.01,103300000
2016-06-23,2.1,2.06,2.1,2.03,128560000
2016-06-24,1.84,1.87,1.97,1.82,325500000
2016-06-27,1.73,1.8,1.8,1.7,237510000
2016-06-28,1.84,1.78,1.84,1.78,199470000
2016-06-29,1.94,1.89,1.95,1.88,208460000
2016-06-30,2.01,1.95,2.01,1.93,165810000
2016-07-01,2.03,2.0,2.06,2.0,131430000
2016-07-05,2.0,2.01,2.01,1.97,130940000
2016-07-06,2.05,1.97,2.05,1.95,173480000
2016-07-07,2.06,2.05,2.08,2.04,126230000
2016-07-08,2.16,2.1,2.16,2.09,150040000
2016-07-11,2.2,2.18,2.22,2.18,142650000
2016-07-12,2.23,2.24,2.25,2.22,115790000
2016-07-13,2.22,2.25,2.25,2.21,126410000
2016-07-14,2.26,2.26,2.27,2.24,109900000
2016-07-15,2.25,2.28,2.28,2.23,85420000
2016-07-18,2.29,2.25,2.31,2.25,83860000
2016-07-19,2.27,2.27,2.29,2.26,78670000
2016-07-20,2.35,2.3,2.36,2.3,90730000
2016-07-21,2.33,2.35,2.37,2.31,112810000
2016-07-22,2.36,2.34,2.37,2.32,86800000
2016-07-25,2.36,2.35,2.36,2.34,76240000
2016-07-26,2.37,2.36,2.39,2.33,136350000
2016-07-27,2.42,2.43,2.44,2.39,130570000
2016-07-28,2.44,2.43,2.45,2.41,87120000
2016-07-29,2.46,2.46,2.48,2.44,102630000
2016-08-01,2.5,2.46,2.52,2.46,105310000
2016-08-02,2.44,2.49,2.49,2.39,161110000
2016-08-03,2.46,2.44,2.47,2.43,85330000
2016-08-04,2.49,2.46,2.49,2.45,84030000
2016-08-05,2.56,2.53,2.57,2.52,123480000
2016-08-08,2.55,2.56,2.56,2.52,75900000
2016-08-09,2.57,2.55,2.59,2.55,79820000
2016-08-10,2.55,2.57,2.57,2.53,87720000
2016-08-11,2.58,2.57,2.6,2.56,68650000
2016-08-12,2.58,2.56,2.58,2.56,68280000
2016-08-15,2.62,2.59,2.63,2.59,57250000
2016-08-16,2.58,2.6,2.6,2.57,62600000
2016-08-17,2.59,2.58,2.59,2.53,89840000
2016-08-18,2.59,2.58,2.6,2.57,56750000
2016-08-19,2.59,2.58,2.6,2.55,73620000
2016-08-22,2.59,2.57,2.61,2.56,73240000
2016-08-23,2.6,2.62,2.64,2.6,62650000
2016-08-24,2.55,2.6,2.61,2.53,71200000
2016-08-25,2.54,2.53,2.57,2.53,58450000
2016-08-26,2.55,2.55,2.6,2.51,107310000
2016-08-29,2.56,2.56,2.58,2.55,49830000
2016-08-30,2.54,2.55,2.57,2.51,65750000
2016-08-31,2.53,2.53,2.54,2.5,71620000
2016-09-01,2.54,2.53,2.56,2.5,85950000
2016-09-02,2.57,2.59,2.6,2.55,90740000
2016-09-06,2.62,2.59,2.62,2.57,65990000
2016-09-07,2.63,2.63,2.64,2.6,58070000
2016-09-08,2.58,2.6,2.61,2.56,70060000
2016-09-09,2.38,2.52,2.53,2.38,160920000
2016-09-12,2.51,2.35,2.52,2.34,130650000
2016-09-13,2.45,2.47,2.5,2.41,125310000
2016-09-14,2.48,2.45,2.52,2.45,111530000
2016-09-15,2.59,2.48,2.61,2.48,132400000
2016-09-16,2.59,2.59,2.6,2.55,81530000
2016-09-19,2.56,2.61,2.64,2.54,91670000
2016-09-20,2.57,2.58,2.6,2.56,75780000
2016-09-21,2.65,2.6,2.66,2.56,138600000
2016-09-22,2.71,2.7,2.72,2.69,78100000
2016-09-23,2.66,2.7,2.7,2.65,73060000
2016-09-26,2.59,2.61,2.62,2.58,81880000
2016-09-27,2.67,2.59,2.67,2.58,82900000
2016-09-28,2.68,2.68,2.69,2.64,75700000
2016-09-29,2.62,2.67,2.68,2.59,114830000
2016-09-30,2.68,2.65,2.71,2.64,79990000
2016-10-03,2.67,2.67,2.68,2.64,81760000
2016-10-04,2.66,2.69,2.71,2.63,112210000
2016-10-05,2.69,2.68,2.71,2.68,68860000
2016-10-06,2.68,2.68,2.7,2.64,74530000
2016-10-07,2.66,2.69,2.7,2.63,90560000
2016-10-10,2.71,2.7,2.73,2.7,59890000
2016-10-11,2.6,2.71,2.71,2.56,129650000
2016-10-12,2.59,2.6,2.62,2.57,82060000
2016-10-13,2.56,2.54,2.58,2.49,104430000
2016-10-14,2.57,2.6,2.63,2.57,81810000
2016-10-17,2.55,2.57,2.58,2.54,55860000
2016-10-18,2.62,2.64,2.65,2.61,76970000
2016-10-19,2.62,2.61,2.63,2.6,47050000
2016-10-20,2.61,2.61,2.63,2.56,69950000
2016-10-21,2.64,2.61,2.64,2.59,58630000
2016-10-24,2.73,2.69,2.74,2.69,68650000
2016-10-25,2.7,2.73,2.74,2.69,59710000
2016-10-26,2.65,2.65,2.7,2.63,95310000
2016-10-27,2.62,2.68,2.69,2.6,103040000
2016-10-28,2.57,2.59,2.63,2.54,142960000
2016-10-31,2.56,2.59,2.59,2.55,56900000
2016-11-01,2.5,2.57,2.57,2.43,101920000
2016-11-02,2.44,2.49,2.51,2.42,81760000
2016-11-03,2.37,2.43,2.45,2.36,87010000
2016-11-04,2.34,2.35,2.4,2.33,84920000
2016-11-07,2.51,2.45,2.52,2.44,100960000
2016-11-08,2.56,2.5,2.59,2.48,110590000
2016-11-09,2.59,2.47,2.6,2.46,183290000
2016-11-10,2.47,2.62,2.64,2.36,247970000
2016-11-11,2.47,2.43,2.49,2.41,113560000
2016-11-14,2.38,2.47,2.48,2.36,177550000
2016-11-15,2.49,2.44,2.52,2.44,105570000
2016-11-16,2.54,2.46,2.54,2.46,86340000
2016-11-17,2.59,2.53,2.59,2.52,75540000
2016-11-18,2.57,2.6,2.62,2.56,63060000
2016-11-21,2.64,2.58,2.65,2.58,83630000
2016-11-22,2.67,2.67,2.69,2.65,76680000
2016-11-23,2.63,2.64,2.65,2.6,73830000
2016-11-25,2.66,2.65,2.66,2.64,38280000
2016-11-28,2.64,2.65,2.68,2.63,71470000
2016-11-29,2.67,2.65,2.71,2.63,74580000
2016-11-30,2.58,2.68,2.68,2.57,151300000
2016-12-01,2.44,2.57,2.57,2.43,186380000
2016-12-02,2.45,2.44,2.48,2.42,102990000
2016-12-05,2.51,2.49,2.54,2.46,89940000
2016-12-06,2.53,2.53,2.54,2.5,69250000
2016-12-07,2.62,2.51,2.63,2.49,148870000
2016-12-08,2.64,2.63,2.66,2.61,113010000
2016-12-09,2.7,2.67,2.7,2.67,102670000
2016-12-12,2.66,2.66,2.68,2.63,95150000
2016-12-13,2.76,2.69,2.81,2.69,169200000
2016-12-14,2.74,2.77,2.8,2.72,142380000
2016-12-15,2.76,2.75,2.81,2.74,106430000
2016-12-16,2.73,2.77,2.79,2.71,114750000
2016-12-19,2.76,2.74,2.81,2.73,83570000
2016-12-20,2.79,2.78,2.81,2.78,62790000
2016-12-21,2.78,2.79,2.8,2.77,48290000
2016-12-22,2.76,2.79,2.79,2.73,65520000
2016-12-23,2.77,2.75,2.77,2.74,32250000
2016-12-27,2.81,2.78,2.86,2.78,75650000
2016-12-28,2.74,2.83,2.83,2.74,91340000
2016-12-29,2.73,2.74,2.76,2.71,85730000
2016-12-30,2.65,2.75,2.75,2.62,105390000
2017-01-03,2.71,2.7,2.75,2.67,97650000
2017-01-04,2.76,2.73,2.78,2.72,66520000
2017-01-05,2.81,2.76,2.81,2.76,61370000
2017-01-06,2.88,2.82,2.9,2.79,95800000
2017-01-09,2.91,2.89,2.92,2.88,66170000
2017-01-10,2.93,2.91,2.95,2.89,66330000
2017-01-11,2.95,2.93,2.95,2.89,94100000
2017-01-12,2.93,2.92,2.94,2.86,80520000
2017-01-13,2.97,2.94,2.98,2.94,58610000
2017-01-17,2.94,2.94,2.96,2.91,55530000
2017-01-18,2.96,2.95,2.97,2.93,49330000
2017-01-19,2.95,2.97,3.0,2.94,59730000
2017-01-20,2.97,2.99,3.01,2.95,56850000
2017-01-23,2.98,2.96,2.99,2.92,55250000
2017-01-24,3.04,2.99,3.05,2.98,51690000
2017-01-25,3.13,3.1,3.13,3.09,56150000
2017-01-26,3.14,3.14,3.16,3.13,50850000
2017-01-27,3.16,3.16,3.17,3.13,33250000
2017-01-30,3.09,3.12,3.13,3.03,75040000
2017-01-31,3.07,3.05,3.07,3.01,59620000
2017-02-01,3.13,3.13,3.15,3.09,72510000
2017-02-02,3.12,3.11,3.15,3.08,57890000
2017-02-03,3.15,3.13,3.16,3.12,48190000
2017-02-06,3.16,3.13,3.16,3.12,41710000
2017-02-07,3.19,3.17,3.21,3.17,46630000
2017-02-08,3.21,3.18,3.22,3.16,36970000
2017-02-09,3.24,3.22,3.26,3.21,51520000
2017-02-10,3.27,3.26,3.29,3.25,47870000
2017-02-13,3.33,3.3,3.34,3.3,42990000
2017-02-14,3.36,3.33,3.36,3.3,62660000
2017-02-15,3.42,3.36,3.43,3.35,73560000
2017-02-16,3.42,3.43,3.45,3.39,63950000
2017-02-17,3.46,3.4,3.46,3.4,51610000
2017-02-21,3.51,3.48,3.52,3.48,66730000
2017-02-22,3.52,3.5,3.52,3.49,43060000
2017-02-23,3.48,3.53,3.53,3.43,62680000
2017-02-24,3.5,3.43,3.5,3.42,50730000
2017-02-27,3.51,3.48,3.51,3.46,52440000
2017-02-28,3.48,3.51,3.51,3.45,41900000
2017-03-01,3.59,3.54,3.61,3.52,63260000
2017-03-02,3.53,3.59,3.59,3.52,42920000
2017-03-03,3.55,3.53,3.56,3.5,34650000
2017-03-06,3.53,3.51,3.55,3.49,38780000
2017-03-07,3.51,3.51,3.56,3.49,35430000
2017-03-08,3.53,3.52,3.56,3.51,38650000
2017-03-09,3.54,3.53,3.55,3.48,44170000
2017-03-10,3.58,3.59,3.6,3.54,51460000
2017-03-13,3.6,3.58,3.6,3.57,33880000
2017-03-14,3.57,3.57,3.58,3.53,53020000
2017-03-15,3.64,3.6,3.66,3.56,63810000
2017-03-16,3.63,3.66,3.66,3.61,38880000
2017-03-17,3.62,3.64,3.66,3.62,35320000
2017-03-20,3.64,3.62,3.66,3.61,36710000
2017-03-21,3.47,3.68,3.69,3.46,93570000
2017-03-22,3.54,3.48,3.55,3.46,71370000
2017-03-23,3.51,3.53,3.56,3.5,59060000
2017-03-24,3.53,3.55,3.59,3.49,51690000
2017-03-27,3.55,3.46,3.57,3.43,75260000
2017-03-28,3.62,3.55,3.65,3.53,84000000
2017-03-29,3.67,3.62,3.67,3.61,48170000
2017-03-30,3.68,3.66,3.7,3.65,52930000
2017-03-31,3.68,3.67,3.7,3.66,54150000
2017-04-03,3.67,3.69,3.71,3.61,64520000
2017-04-04,3.68,3.64,3.69,3.63,32420000
2017-04-05,3.64,3.7,3.77,3.62,73360000
2017-04-06,3.64,3.65,3.68,3.62,61650000
2017-04-07,3.64,3.64,3.67,3.6,41580000
2017-04-10,3.64,3.65,3.69,3.61,48380000
2017-04-11,3.6,3.63,3.65,3.52,85350000
2017-04-12,3.55,3.59,3.6,3.54,68090000
2017-04-13,3.51,3.54,3.6,3.51,61370000
2017-04-17,3.59,3.54,3.6,3.54,36330000
2017-04-18,3.58,3.56,3.61,3.55,50750000
2017-04-19,3.59,3.62,3.66,3.58,57570000
2017-04-20,3.68,3.64,3.71,3.62,82490000
2017-04-21,3.68,3.69,3.7,3.66,54030000
2017-04-24,3.81,3.8,3.82,3.79,60070000
2017-04-25,3.9,3.85,3.92,3.84,64110000
2017-04-26,3.88,3.9,3.93,3.87,87660000
2017-04-27,3.95,3.91,3.95,3.9,57680000
2017-04-28,3.97,4.0,4.0,3.95,68500000
2017-05-01,4.07,4.01,4.09,4.0,64630000
2017-05-02,4.1,4.09,4.1,4.06,60410000
2017-05-03,4.06,4.07,4.07,4.02,73590000
2017-05-04,4.06,4.06,4.08,4.02,72610000
2017-05-05,4.1,4.09,4.1,4.05,54510000
2017-05-08,4.13,4.11,4.13,4.09,61270000
2017-05-09,4.17,4.15,4.2,4.14,75720000
2017-05-10,4.18,4.18,4.18,4.14,56190000
2017-05-11,4.17,4.15,4.17,4.09,62430000
2017-05-12,4.2,4.18,4.2,4.17,58540000
2017-05-15,4.24,4.2,4.24,4.19,69340000
2017-05-16,4.29,4.27,4.29,4.23,77070000
2017-05-17,3.97,4.19,4.21,3.96,140240000
2017-05-18,4.07,3.96,4.11,3.94,120380000
2017-05-19,4.12,4.11,4.17,4.1,72850000
2017-05-22,4.22,4.14,4.23,4.14,65360000
2017-05-23,4.23,4.26,4.26,4.2,68860000
2017-05-24,4.29,4.27,4.3,4.23,65510000
2017-05-25,4.4,4.34,4.43,4.31,87500000
2017-05-26,4.42,4.4,4.43,4.38,54860000
2017-05-30,4.43,4.41,4.45,4.41,55190000
2017-05-31,4.43,4.47,4.48,4.36,96900000
2017-06-01,4.48,4.45,4.48,4.4,74090000
2017-06-02,4.63,4.52,4.64,4.5,83240000
2017-06-05,4.63,4.63,4.65,4.61,51480000
2017-06-06,4.58,4.61,4.66,4.55,77730000
2017-06-07,4.63,4.61,4.64,4.55,81410000
2017-06-08,4.64,4.65,4.66,4.57,92560000
2017-06-09,4.3,4.65,4.67,4.11,233140000
2017-06-12,4.22,4.18,4.24,4.06,166450000
2017-06-13,4.32,4.29,4.34,4.23,126490000
2017-06-14,4.27,4.37,4.37,4.16,139010000
2017-06-15,4.21,4.14,4.22,4.06,141160000
2017-06-16,4.16,4.2,4.2,4.11,93860000
2017-06-19,4.36,4.27,4.37,4.25,110950000
2017-06-20,4.26,4.35,4.36,4.25,85940000
2017-06-21,4.38,4.29,4.39,4.28,83590000
2017-06-22,4.38,4.4,4.43,4.35,68450000
2017-06-23,4.43,4.36,4.45,4.33,68790000
2017-06-26,4.37,4.5,4.53,4.34,105680000
2017-06-27,4.13,4.32,4.33,4.13,144090000
2017-06-28,4.3,4.17,4.32,4.1,120860000
2017-06-29,4.08,4.25,4.25,3.96,231560000
2017-06-30,4.07,4.12,4.15,4.05,98620000
2017-07-03,3.96,4.14,4.15,3.95,81680000
2017-07-05,4.07,3.99,4.1,3.95,114030000
2017-07-06,3.96,3.98,4.03,3.92,106330000
2017-07-07,4.08,4.0,4.12,4.0,89620000
2017-07-10,4.17,4.1,4.2,4.07,92110000
2017-07-11,4.2,4.15,4.22,4.1,108570000
2017-07-12,4.35,4.31,4.36,4.28,105310000
2017-07-13,4.38,4.37,4.41,4.34,91480000
2017-07-14,4.48,4.43,4.5,4.4,84640000
2017-07-17,4.49,4.5,4.54,4.46,100660000
2017-07-18,4.57,4.48,4.58,4.44,84180000
2017-07-19,4.66,4.61,4.68,4.61,104230000
2017-07-20,4.68,4.69,4.7,4.61,108460000
2017-07-21,4.67,4.62,4.67,4.6,86920000
2017-07-24,4.73,4.67,4.74,4.65,88730000
2017-07-25,4.7,4.69,4.73,4.66,94180000
2017-07-26,4.74,4.73,4.75,4.71,60610000
2017-07-27,4.66,4.84,4.85,4.49,188960000
2017-07-28,4.64,4.57,4.66,4.54,70020000
2017-07-31,4.58,4.68,4.7,4.55,88720000
2017-08-01,4.61,4.63,4.63,4.57,61160000
2017-08-02,4.64,4.7,4.7,4.52,110370000
2017-08-03,4.6,4.66,4.66,4.57,72640000
2017-08-04,4.61,4.62,4.65,4.56,71490000
2017-08-07,4.7,4.64,4.7,4.62,54840000
2017-08-08,4.68,4.67,4.79,4.64,103890000
2017-08-09,4.66,4.56,4.67,4.53,99080000
2017-08-10,4.36,4.58,4.59,4.35,163380000
2017-08-11,4.46,4.38,4.49,4.35,105270000
2017-08-14,4.63,4.56,4.65,4.56,95490000
2017-08-15,4.64,4.66,4.67,4.6,72300000
2017-08-16,4.66,4.67,4.73,4.62,99050000
2017-08-17,4.38,4.61,4.63,4.37,158580000
2017-08-18,4.36,4.38,4.45,4.31,129850000
2017-08-21,4.35,4.37,4.39,4.27,86480000
2017-08-22,4.55,4.42,4.56,4.41,94260000
2017-08-23,4.5,4.47,4.53,4.47,84080000
2017-08-24,4.46,4.53,4.55,4.38,97180000
2017-08-25,4.43,4.5,4.54,4.41,92620000
2017-08-28,4.47,4.47,4.5,4.43,66240000
2017-08-29,4.52,4.35,4.54,4.34,85120000
2017-08-30,4.68,4.53,4.7,4.52,106250000
2017-08-31,4.81,4.72,4.83,4.71,106180000
2017-09-01,4.81,4.85,4.87,4.77,71000000
2017-09-05,4.68,4.76,4.79,4.57,130180000
2017-09-06,4.72,4.72,4.75,4.62,85560000
2017-09-07,4.75,4.75,4.79,4.7,73970000
2017-09-08,4.63,4.73,4.74,4.61,82650000
2017-09-11,4.78,4.74,4.81,4.73,85280000
2017-09-12,4.82,4.82,4.84,4.75,73420000
2017-09-13,4.84,4.79,4.84,4.77,51600000
2017-09-14,4.76,4.79,4.83,4.75,73580000
2017-09-15,4.8,4.75,4.85,4.73,79260000
2017-09-18,4.78,4.82,4.86,4.74,91510000
2017-09-19,4.8,4.81,4.83,4.76,56940000
2017-09-20,4.76,4.8,4.82,4.65,107310000
2017-09-21,4.67,4.75,4.75,4.62,84890000
2017-09-22,4.66,4.63,4.68,4.61,62170000
2017-09-25,4.52,4.6,4.61,4.44,135520000
2017-09-26,4.55,4.58,4.61,4.5,95090000
2017-09-27,4.67,4.62,4.72,4.58,111350000
2017-09-28,4.66,4.64,4.67,4.6,64540000
2017-09-29,4.76,4.69,4.77,4.65,88250000
2017-10-02,4.77,4.78,4.83,4.71,92210000
2017-10-03,4.8,4.79,4.82,4.76,62740000
2017-10-04,4.82,4.78,4.85,4.76,90150000
2017-10-05,4.95,4.87,4.96,4.85,94290000
2017-10-06,4.97,4.91,4.97,4.91,85960000
2017-10-09,4.96,5.0,5.01,4.94,68850000
2017-10-10,4.97,5.01,5.02,4.9,71760000
2017-10-11,5.01,4.96,5.02,4.94,59790000
2017-10-12,4.99,4.99,5.04,4.97,66180000
2017-10-13,5.04,5.04,5.06,5.03,48870000
2017-10-16,5.09,5.08,5.1,5.05,57080000
2017-10-17,5.11,5.09,5.11,5.06,60190000
2017-10-18,5.09,5.13,5.13,5.07,57900000
2017-10-19,5.04,5.01,5.04,4.93,80680000
2017-10-20,5.07,5.1,5.11,5.06,66550000
2017-10-23,4.98,5.11,5.11,4.96,61460000
2017-10-24,5.0,5.0,5.03,4.95,58870000
2017-10-25,4.94,4.97,5.02,4.83,89190000
2017-10-26,4.9,4.94,4.97,4.89,72770000
2017-10-27,5.32,5.13,5.35,5.12,147820000
2017-10-30,5.36,5.31,5.42,5.29,96560000
2017-10-31,5.41,5.41,5.44,5.36,60200000
2017-11-01,5.41,5.48,5.49,5.35,83060000
2017-11-02,5.38,5.39,5.4,5.27,91780000
2017-11-03,5.53,5.44,5.54,5.38,86700000
2017-11-06,5.59,5.52,5.59,5.51,76100000
2017-11-07,5.6,5.57,5.62,5.54,93320000
2017-11-08,5.67,5.59,5.67,5.57,68860000
2017-11-09,5.57,5.53,5.58,5.4,163190000
2017-11-10,5.57,5.54,5.59,5.51,66440000
2017-11-13,5.59,5.51,5.61,5.51,75140000
2017-11-14,5.53,5.53,5.55,5.45,91000000
2017-11-15,5.45,5.46,5.5,5.36,80670000
2017-11-16,5.66,5.54,5.7,5.54,80850000
2017-11-17,5.59,5.66,5.67,5.58,69350000
2017-11-20,5.58,5.6,5.62,5.56,50060000
2017-11-21,5.75,5.66,5.77,5.65,70740000
2017-11-22,5.78,5.78,5.8,5.74,60120000
2017-11-24,5.84,5.8,5.85,5.79,39950000
2017-11-27,5.83,5.84,5.88,5.79,66840000
2017-11-28,5.88,5.87,5.89,5.78,70310000
2017-11-29,5.57,5.86,5.86,5.49,208290000
2017-11-30,5.71,5.64,5.74,5.6,118780000
2017-12-01,5.64,5.6,5.72,5.39,170300000
2017-12-04,5.44,5.75,5.76,5.42,165440000
2017-12-05,5.45,5.43,5.64,5.37,115480000
2017-12-06,5.52,5.39,5.55,5.37,94760000
2017-12-07,5.58,5.52,5.62,5.5,76160000
2017-12-08,5.65,5.7,5.74,5.62,88400000
2017-12-11,5.78,5.66,5.79,5.66,71570000
2017-12-12,5.76,5.77,5.81,5.72,73380000
2017-12-13,5.79,5.82,5.84,5.77,83340000
2017-12-14,5.78,5.82,5.86,5.76,71250000
2017-12-15,5.97,5.85,5.99,5.81,111670000
2017-12-18,6.12,6.08,6.14,6.06,81080000
2017-12-19,6.02,6.09,6.11,5.96,98870000
2017-12-20,5.99,6.08,6.08,5.92,71150000
2017-12-21,5.99,6.02,6.07,5.97,66520000
2017-12-22,5.97,5.97,5.98,5.92,42490000
2017-12-26,5.88,5.88,5.9,5.81,48870000
2017-12-27,5.88,5.88,5.92,5.86,45200000
2017-12-28,5.89,5.93,5.93,5.87,46730000
2017-12-29,5.78,5.91,5.91,5.78,68560000
2018-01-02,6.08,5.87,6.09,5.83,91740000
2018-01-03,6.25,6.1,6.28,6.1,85220000
2018-01-04,6.29,6.33,6.35,6.27,70030000
2018-01-05,6.48,6.38,6.49,6.35,82380000
2018-01-08,6.55,6.48,6.57,6.47,72250000
2018-01-09,6.56,6.59,6.62,6.5,104170000
2018-01-10,6.51,6.47,6.51,6.38,95850000
2018-01-11,6.64,6.54,6.64,6.51,74840000
2018-01-12,6.78,6.62,6.81,6.6,89560000
2018-01-16,6.73,6.92,7.03,6.67,165020000
2018-01-17,6.94,6.82,6.98,6.73,82620000
2018-01-18,6.95,6.91,7.0,6.86,94390000
2018-01-19,7.02,7.01,7.05,6.91,84950000
2018-01-22,7.23,7.0,7.23,6.98,103860000
2018-01-23,7.42,7.3,7.44,7.29,129340000
2018-01-24,7.27,7.46,7.51,7.14,209070000
2018-01-25,7.26,7.42,7.42,7.19,133300000
2018-01-26,7.58,7.37,7.58,7.34,106440000
2018-01-29,7.48,7.54,7.59,7.43,132350000
2018-01-30,7.29,7.27,7.39,7.18,132510000
2018-01-31,7.38,7.42,7.46,7.25,111000000
2018-02-01,7.2,7.22,7.42,7.12,127970000
2018-02-02,6.76,7.12,7.16,6.75,190190000
2018-02-05,5.98,6.57,6.9,5.94,230630000
2018-02-06,6.44,5.7,6.46,5.63,239380000
2018-02-07,6.18,6.38,6.58,6.18,176110000
2018-02-08,5.42,6.25,6.26,5.42,216410000
2018-02-09,5.67,5.63,5.8,5.05,320350000
2018-02-12,5.99,5.87,6.1,5.72,175060000
2018-02-13,6.06,5.88,6.11,5.85,108060000
2018-02-14,6.42,5.97,6.44,5.97,168110000
2018-02-15,6.75,6.58,6.76,6.38,190380000
2018-02-16,6.68,6.7,6.89,6.64,170550000
2018-02-20,6.71,6.6,6.88,6.59,145870000
2018-02-21,6.65,6.81,7.01,6.65,177480000
2018-02-22,6.65,6.75,6.85,6.6,166600000
2018-02-23,7.05,6.8,7.05,6.73,142770000
2018-02-26,7.33,7.16,7.33,7.14,133950000
2018-02-27,7.07,7.34,7.38,7.06,173310000
2018-02-28,6.93,7.19,7.26,6.92,153020000
2018-03-01,6.59,6.94,7.03,6.4,251920000
2018-03-02,6.77,6.36,6.81,6.28,193400000
2018-03-05,6.99,6.68,7.05,6.6,148880000
2018-03-06,7.07,7.09,7.15,6.95,142060000
2018-03-07,7.13,6.92,7.15,6.88,133760000
2018-03-08,7.23,7.21,7.26,7.13,115170000
2018-03-09,7.66,7.4,7.66,7.37,147350000
2018-03-12,7.77,7.73,7.84,7.68,132680000
2018-03-13,7.49,7.89,7.94,7.41,182290000
2018-03-14,7.46,7.58,7.61,7.37,133620000
2018-03-15,7.43,7.48,7.58,7.36,110900000
2018-03-16,7.38,7.47,7.53,7.37,78270000
2018-03-19,6.92,7.19,7.19,6.71,194230000
2018-03-20,6.97,6.92,7.02,6.84,92190000
2018-03-21,6.87,6.92,7.11,6.78,132500000
2018-03-22,6.36,6.6,6.73,6.34,205880000
2018-03-23,5.85,6.34,6.42,5.85,217600000
2018-03-26,6.51,6.21,6.53,5.93,183500000
2018-03-27,5.88,6.66,6.66,5.72,273620000
2018-03-28,5.68,5.78,5.95,5.54,242290000
2018-03-29,6.0,5.77,6.15,5.61,197070000
2018-04-02,5.46,5.85,5.94,5.28,244950000
2018-04-03,5.65,5.61,5.72,5.35,221800000
2018-04-04,5.91,5.32,5.97,5.3,216730000
2018-04-05,6.01,6.09,6.11,5.88,183360000
2018-04-06,5.56,5.82,5.99,5.48,232290000
2018-04-09,5.67,5.71,6.01,5.65,175890000
2018-04-10,6.04,5.94,6.11,5.82,195600000
2018-04-11,5.94,5.94,6.14,5.93,143440000
2018-04-12,6.15,6.06,6.22,6.04,142770000
2018-04-13,6.06,6.25,6.28,5.99,142480000
2018-04-16,6.19,6.18,6.27,6.07,118300000
2018-04-17,6.59,6.38,6.64,6.35,124150000
2018-04-18,6.64,6.6,6.71,6.5,118090000
2018-04-19,6.46,6.54,6.58,6.39,129020000
2018-04-20,6.15,6.41,6.42,6.08,140810000
2018-04-23,6.1,6.23,6.3,6.0,123330000
2018-04-24,5.71,6.18,6.21,5.59,213020000
2018-04-25,5.73,5.74,5.8,5.49,210820000
2018-04-26,6.09,5.95,6.15,5.89,141990000
2018-04-27,6.1,6.35,6.36,6.0,164860000
2018-04-30,5.97,6.14,6.25,5.92,161120000
2018-05-01,6.17,5.92,6.17,5.88,116980000
2018-05-02,6.06,6.21,6.26,6.04,143650000
2018-05-03,6.06,5.98,6.12,5.77,196070000
2018-05-04,6.4,5.98,6.44,5.97,185930000
2018-05-07,6.55,6.49,6.62,6.47,139060000
2018-05-08,6.53,6.52,6.58,6.4,126710000
2018-05-09,6.75,6.57,6.76,6.5,115000000
2018-05-10,6.96,6.81,6.97,6.8,119010000
2018-05-11,6.94,6.92,6.98,6.85,119700000
2018-05-14,6.97,6.98,7.1,6.94,109180000
2018-05-15,6.74,6.8,6.81,6.63,174520000
2018-05-16,6.87,6.76,6.92,6.76,89710000
2018-05-17,6.79,6.8,6.95,6.69,103220000
2018-05-18,6.68,6.71,6.78,6.65,85470000
2018-05-21,6.8,6.83,6.93,6.71,116890000
2018-05-22,6.76,6.88,6.92,6.73,96940000
2018-05-23,6.93,6.61,6.94,6.61,123050000
2018-05-24,6.93,6.93,6.96,6.72,71110000
2018-05-25,6.94,6.93,7.02,6.88,63080000
2018-05-29,6.86,6.85,6.97,6.73,94450000
2018-05-30,7.0,6.93,7.03,6.88,70810000
2018-05-31,6.99,6.99,7.12,6.93,81060000
2018-06-01,7.31,7.08,7.32,7.08,77170000
2018-06-04,7.5,7.36,7.51,7.35,64050000
2018-06-05,7.58,7.56,7.61,7.48,55900000
2018-06-06,7.7,7.6,7.71,7.49,57630000
2018-06-07,7.52,7.71,7.72,7.4,78450000
2018-06-08,7.52,7.4,7.55,7.35,49320000
2018-06-11,7.58,7.5,7.63,7.49,40840000
2018-06-12,7.7,7.61,7.72,7.58,47850000
2018-06-13,7.69,7.72,7.87,7.64,72250000
2018-06-14,7.92,7.8,7.96,7.78,90450000
2018-06-15,7.84,7.83,7.89,7.72,77690000
2018-06-18,7.82,7.69,7.84,7.61,68730000
2018-06-19,7.76,7.52,7.76,7.45,107630000
2018-06-20,7.92,7.86,8.02,7.84,79650000
2018-06-21,7.71,7.97,8.0,7.67,102280000
2018-06-22,7.64,7.79,7.8,7.58,62230000
2018-06-25,7.15,7.45,7.48,6.94,171310000
2018-06-26,7.23,7.22,7.35,7.14,94170000
2018-06-27,6.94,7.32,7.41,6.91,131840000
2018-06-28,7.11,6.9,7.18,6.86,111300000
2018-06-29,7.14,7.21,7.32,7.13,78540000
2018-07-02,7.3,6.96,7.31,6.91,83300000
2018-07-03,7.05,7.38,7.39,7.03,56430000
2018-07-05,7.31,7.19,7.32,7.07,65620000
2018-07-06,7.64,7.35,7.66,7.32,75010000
2018-07-09,7.85,7.76,7.86,7.67,72380000
2018-07-10,7.87,7.88,7.92,7.78,66780000
2018-07-11,7.75,7.69,7.83,7.66,79830000
2018-07-12,8.13,7.85,8.14,7.83,81350000
2018-07-13,8.16,8.14,8.2,8.07,67910000
2018-07-16,8.1,8.16,8.21,8.06,55560000
2018-07-17,8.25,7.85,8.3,7.85,75590000
2018-07-18,8.2,8.25,8.27,8.13,46540000
2018-07-19,8.08,8.12,8.19,8.05,76870000
2018-07-20,8.07,8.15,8.23,8.04,57610000
2018-07-23,8.14,8.0,8.15,7.9,63030000
2018-07-24,8.24,8.39,8.48,8.14,95070000
2018-07-25,8.59,8.25,8.6,8.25,78600000
2018-07-26,8.21,8.24,8.32,8.16,111890000
2018-07-27,7.87,8.35,8.36,7.72,118100000
2018-07-30,7.53,7.87,7.88,7.41,100810000
2018-07-31,7.68,7.61,7.79,7.49,95710000
2018-08-01,7.78,7.75,7.85,7.66,69300000
2018-08-02,8.09,7.61,8.13,7.61,92240000
2018-08-03,8.17,8.14,8.17,8.04,72130000
2018-08-06,8.32,8.16,8.32,8.12,68070000
2018-08-07,8.4,8.38,8.45,8.33,71970000
2018-08-08,8.42,8.37,8.48,8.3,63480000
2018-08-09,8.41,8.41,8.51,8.38,54530000
2018-08-10,8.22,8.24,8.32,8.13,85630000
2018-08-13,8.19,8.26,8.42,8.18,92670000
2018-08-14,8.34,8.28,8.37,8.15,60730000
2018-08-15,8.04,8.15,8.23,7.89,115860000
2018-08-16,8.11,8.22,8.27,8.07,65140000
2018-08-17,8.11,8.05,8.18,7.9,70260000
2018-08-20,8.1,8.17,8.18,8.0,67460000
2018-08-21,8.18,8.17,8.33,8.15,67070000
2018-08-22,8.27,8.13,8.3,8.1,63310000
2018-08-23,8.23,8.23,8.41,8.2,71130000
2018-08-24,8.46,8.32,8.48,8.31,63960000
2018-08-27,8.72,8.6,8.72,8.55,72850000
2018-08-28,8.76,8.79,8.82,8.7,65230000
2018-08-29,9.06,8.8,9.07,8.79,65740000
2018-08-30,9.01,9.01,9.17,8.92,87860000
2018-08-31,9.04,8.98,9.12,8.95,63180000
2018-09-04,8.93,8.96,9.0,8.78,80210000
2018-09-05,8.57,8.88,8.88,8.49,107730000
2018-09-06,8.34,8.59,8.62,8.17,115510000
2018-09-07,8.26,8.17,8.46,8.15,77010000
2018-09-10,8.33,8.39,8.4,8.19,55450000
2018-09-11,8.52,8.22,8.56,8.16,70520000
2018-09-12,8.44,8.48,8.5,8.22,88260000
2018-09-13,8.69,8.59,8.75,8.58,74680000
2018-09-14,8.63,8.72,8.77,8.53,76690000
2018-09-17,8.26,8.58,8.6,8.23,72820000
2018-09-18,8.46,8.28,8.58,8.27,72760000
2018-09-19,8.44,8.46,8.52,8.27,58960000
2018-09-20,8.7,8.6,8.75,8.55,62680000
2018-09-21,8.57,8.78,8.82,8.54,60280000
2018-09-24,8.64,8.39,8.65,8.28,52870000
2018-09-25,8.68,8.62,8.69,8.54,43260000
2018-09-26,8.67,8.68,8.93,8.64,70920000
2018-09-27,8.91,8.8,9.0,8.78,58530000
2018-09-28,8.89,8.83,8.97,8.78,61860000
2018-10-01,8.94,9.06,9.15,8.89,68230000
2018-10-02,8.89,8.92,9.1,8.83,64790000
2018-10-03,8.92,9.0,9.06,8.88,66570000
2018-10-04,8.41,8.81,8.82,8.21,150890000
2018-10-05,8.09,8.4,8.48,7.85,132920000
2018-10-08,7.95,7.98,8.16,7.66,119350000
2018-10-09,8.01,7.96,8.2,7.9,104290000
2018-10-10,6.97,7.87,7.88,6.93,242860000
2018-10-11,6.69,6.88,7.16,6.48,222430000
2018-10-12,7.25,7.22,7.32,6.85,168490000
2018-10-15,6.98,7.18,7.21,6.91,159740000
2018-10-16,7.58,7.2,7.65,7.17,124470000
2018-10-17,7.61,7.71,7.72,7.37,130120000
2018-10-18,7.08,7.51,7.52,6.98,156350000
2018-10-19,7.05,7.22,7.42,6.97,134840000
2018-10-22,7.16,7.18,7.32,7.0,114930000
2018-10-23,7.08,6.77,7.18,6.53,176780000
2018-10-24,6.11,7.05,7.09,6.09,204840000
2018-10-25,6.74,6.39,6.85,6.3,152070000
2018-10-26,6.22,6.05,6.6,5.93,244760000
2018-10-29,5.89,6.5,6.57,5.48,217960000
2018-10-30,6.11,5.78,6.13,5.7,184870000
2018-10-31,6.53,6.41,6.71,6.41,180160000
2018-11-01,6.81,6.58,6.83,6.43,126070000
2018-11-02,6.51,6.74,6.87,6.35,174360000
2018-11-05,6.44,6.51,6.52,6.22,102600000
2018-11-06,6.58,6.43,6.69,6.41,111460000
2018-11-07,7.18,6.81,7.2,6.77,138550000
2018-11-08,7.06,7.1,7.16,6.96,117520000
2018-11-09,6.7,6.86,6.91,6.54,136740000
2018-11-12,6.11,6.56,6.6,6.07,154370000
2018-11-13,6.11,6.18,6.44,6.06,154450000
2018-11-14,5.96,6.28,6.35,5.86,156120000
2018-11-15,6.28,5.92,6.33,5.78,169820000
2018-11-16,6.21,6.09,6.3,6.01,134320000
2018-11-19,5.61,6.11,6.14,5.55,186490000
2018-11-20,5.3,5.22,5.53,5.09,202990000
2018-11-21,5.42,5.5,5.58,5.39,115120000
2018-11-23,5.3,5.28,5.47,5.28,56880000
2018-11-26,5.66,5.52,5.67,5.45,119970000
2018-11-27,5.72,5.58,5.76,5.49,120160000
2018-11-28,6.26,5.85,6.27,5.75,195060000
2018-11-29,6.21,6.19,6.33,6.06,129040000
2018-11-30,6.34,6.23,6.36,6.14,116560000
2018-12-03,6.66,6.76,6.79,6.53,149340000
2018-12-04,5.93,6.57,6.62,5.88,210100000
2018-12-06,6.01,5.55,6.03,5.48,196160000
2018-12-07,5.43,5.95,6.05,5.38,222990000
2018-12-10,5.6,5.39,5.67,5.23,176470000
2018-12-11,5.66,5.87,5.88,5.51,172160000
2018-12-12,5.8,5.9,6.07,5.8,169450000
2018-12-13,5.8,5.91,5.99,5.69,164730000
2018-12-14,5.36,5.61,5.67,5.34,156180000
2018-12-17,5.02,5.31,5.44,4.89,200590000
2018-12-18,5.1,5.14,5.25,4.97,157890000
2018-12-19,4.73,5.09,5.32,4.61,307860000
2018-12-20,4.54,4.68,4.85,4.34,320820000
2018-12-21,4.1,4.58,4.68,4.03,369030000
2018-12-24,3.8,4.0,4.16,3.79,175600000
2018-12-26,4.48,3.91,4.49,3.83,378240000
2018-12-27,4.55,4.32,4.55,4.01,341830000
2018-12-28,4.53,4.63,4.76,4.42,304840000
2018-12-31,4.63,4.67,4.71,4.51,216970000
2019-01-02,4.7,4.35,4.78,4.34,271670000
2019-01-03,4.24,4.5,4.55,4.2,330510000
2019-01-04,4.78,4.44,4.84,4.4,272960000
2019-01-07,4.94,4.81,5.02,4.77,213110000
2019-01-08,5.08,5.09,5.14,4.86,211620000
2019-01-09,5.2,5.14,5.27,5.07,178100000
2019-01-10,5.25,5.08,5.25,4.99,175130000
2019-01-11,5.19,5.16,5.2,5.1,120800000
2019-01-14,5.05,5.05,5.12,4.98,111380000
2019-01-15,5.33,5.12,5.36,5.11,145110000
2019-01-16,5.34,5.37,5.48,5.34,135890000
2019-01-17,5.46,5.29,5.53,5.26,142040000
2019-01-18,5.61,5.59,5.7,5.48,166910000
2019-01-22,5.3,5.5,5.51,5.16,181730000
2019-01-23,5.31,5.37,5.44,5.13,166090000
2019-01-24,5.4,5.35,5.43,5.29,128100000
2019-01-25,5.59,5.53,5.65,5.48,139510000
2019-01-28,5.39,5.38,5.39,5.25,140360000
2019-01-29,5.24,5.4,5.4,5.18,122530000
2019-01-30,5.63,5.41,5.69,5.36,175820000
2019-01-31,5.88,5.73,5.97,5.71,160580000
2019-02-01,5.8,5.79,5.93,5.76,141560000
2019-02-04,6.01,5.81,6.02,5.79,110980000
2019-02-05,6.17,6.05,6.2,6.04,128920000
2019-02-06,6.12,6.18,6.22,6.04,145420000
2019-02-07,5.87,5.96,6.0,5.74,209790000
2019-02-08,5.9,5.71,5.91,5.7,144720000
2019-02-11,5.89,5.97,6.01,5.84,121200000
2019-02-12,6.14,6.02,6.17,5.99,128230000
2019-02-13,6.16,6.23,6.29,6.14,127610000
2019-02-14,6.18,6.09,6.24,6.03,153370000
2019-02-15,6.25,6.31,6.32,6.17,142500000
2019-02-19,6.29,6.2,6.35,6.2,103570000
2019-02-20,6.29,6.31,6.38,6.19,171070000
2019-02-21,6.22,6.23,6.29,6.12,128490000
2019-02-22,6.35,6.26,6.36,6.25,119640000
2019-02-25,6.42,6.5,6.55,6.41,124100000
2019-02-26,6.44,6.37,6.5,6.34,105360000
2019-02-27,6.42,6.35,6.45,6.22,115840000
2019-02-28,6.38,6.36,6.45,6.33,92060000
2019-03-01,6.51,6.51,6.54,6.38,140160000
2019-03-04,6.51,6.62,6.67,6.29,213090000
2019-03-05,6.53,6.52,6.59,6.43,100350000
2019-03-06,6.41,6.54,6.55,6.38,123470000
2019-03-07,6.18,6.36,6.37,6.1,169310000
2019-03-08,6.14,5.97,6.15,5.95,174940000
2019-03-11,6.53,6.22,6.54,6.22,128470000
2019-03-12,6.63,6.58,6.68,6.53,151610000
2019-03-13,6.78,6.73,6.89,6.71,145130000
2019-03-14,6.75,6.79,6.82,6.74,95440000
2019-03-15,6.91,6.83,6.99,6.81,138850000
2019-03-18,6.98,6.92,7.04,6.88,148990000
2019-03-19,7.05,7.07,7.16,6.96,164380000
2019-03-20,7.13,7.04,7.26,6.95,183520000
2019-03-21,7.46,7.06,7.49,7.06,151960000
2019-03-22,6.97,7.36,7.42,6.94,267600000
2019-03-25,6.93,6.88,7.0,6.77,210370000
2019-03-26,7.02,7.09,7.21,6.91,175870000
2019-03-27,6.88,7.05,7.1,6.73,176810000
2019-03-28,6.93,6.93,7.0,6.8,128440000
2019-03-29,7.08,7.08,7.1,6.96,126980000
2019-04-01,7.36,7.29,7.39,7.21,122360000
2019-04-02,7.44,7.39,7.46,7.33,106730000
2019-04-03,7.57,7.57,7.71,7.5,151620000
2019-04-04,7.56,7.57,7.66,7.43,143620000
2019-04-05,7.67,7.63,7.69,7.6,104650000
2019-04-08,7.73,7.64,7.75,7.55,103460000
2019-04-09,7.65,7.66,7.73,7.6,104120000
2019-04-10,7.77,7.68,7.78,7.65,99240000
2019-04-11,7.71,7.8,7.8,7.67,111770000
2019-04-12,7.81,7.81,7.82,7.72,95230000
2019-04-15,7.82,7.81,7.84,7.66,83370000
2019-04-16,7.89,7.89,7.94,7.82,94290000
2019-04-17,7.97,8.05,8.07,7.9,114420000
2019-04-18,7.99,8.01,8.01,7.86,91900000
2019-04-22,8.06,7.89,8.07,7.88,75760000
2019-04-23,8.37,8.13,8.4,8.09,104950000
2019-04-24,8.29,8.39,8.42,8.28,95080000
2019-04-25,8.38,8.47,8.48,8.25,119690000
2019-04-26,8.41,8.35,8.41,8.14,110520000
2019-04-29,8.45,8.41,8.5,8.37,83800000
2019-04-30,8.26,8.25,8.3,8.08,127590000
2019-05-01,8.17,8.41,8.49,8.16,125920000
2019-05-02,8.07,8.17,8.29,7.91,141290000
2019-05-03,8.45,8.27,8.47,8.22,108890000
2019-05-06,8.3,7.91,8.33,7.87,161720000
2019-05-07,7.81,8.03,8.13,7.58,237530000
2019-05-08,7.74,7.73,7.92,7.65,161240000
2019-05-09,7.62,7.49,7.7,7.28,220420000
2019-05-10,7.64,7.53,7.75,7.16,227860000
2019-05-13,6.85,7.06,7.18,6.78,234920000
2019-05-14,7.07,6.95,7.2,6.88,140190000
2019-05-15,7.36,6.93,7.42,6.92,176160000
2019-05-16,7.59,7.38,7.73,7.35,174030000
2019-05-17,7.36,7.36,7.67,7.33,182510000
2019-05-20,6.99,7.05,7.13,6.91,184370000
2019-05-21,7.2,7.16,7.25,7.09,114490000
2019-05-22,7.1,7.07,7.22,7.07,128910000
2019-05-23,6.77,6.86,6.86,6.64,207680000
2019-05-24,6.76,6.88,6.95,6.74,137230000
2019-05-28,6.68,6.82,6.93,6.68,116900000
2019-05-29,6.52,6.56,6.63,6.41,177920000
2019-05-30,6.59,6.57,6.65,6.48,136430000
2019-05-31,6.28,6.36,6.43,6.27,140600000
2019-06-03,5.88,6.23,6.28,5.77,241810000
2019-06-04,6.35,6.05,6.36,5.99,163870000
2019-06-05,6.49,6.54,6.54,6.3,152320000
2019-06-06,6.64,6.53,6.69,6.44,100300000
2019-06-07,7.02,6.75,7.11,6.73,151550000
2019-06-10,7.28,7.17,7.48,7.17,183270000
2019-06-11,7.3,7.51,7.55,7.23,137450000
2019-06-12,7.18,7.24,7.29,7.14,110180000
2019-06-13,7.3,7.27,7.35,7.22,98560000
2019-06-14,7.2,7.18,7.26,7.12,77140000
2019-06-17,7.34,7.25,7.4,7.23,75050000
2019-06-18,7.65,7.59,7.81,7.54,141830000
2019-06-19,7.74,7.69,7.8,7.55,136980000
2019-06-20,7.95,8.06,8.07,7.78,119360000
2019-06-21,7.92,7.91,8.07,7.87,104650000
2019-06-24,7.92,7.96,7.99,7.9,68940000
2019-06-25,7.51,7.9,7.91,7.47,139620000
2019-06-26,7.61,7.65,7.8,7.58,94120000
2019-06-27,7.69,7.69,7.75,7.63,75270000
2019-06-28,7.72,7.75,7.77,7.64,98930000
2019-07-01,8.03,8.16,8.19,7.92,145190000
2019-07-02,8.13,8.02,8.13,7.95,81250000
2019-07-03,8.31,8.18,8.31,8.16,67130000
2019-07-05,8.25,8.14,8.3,8.04,116840000
2019-07-08,8.08,8.1,8.1,7.98,105790000
2019-07-09,8.2,7.96,8.23,7.94,88600000
2019-07-10,8.44,8.35,8.51,8.3,154110000
2019-07-11,8.42,8.48,8.54,8.34,127850000
2019-07-12,8.56,8.44,8.56,8.42,89190000
2019-07-15,8.63,8.62,8.65,8.55,73390000
2019-07-16,8.51,8.61,8.64,8.43,111990000
2019-07-17,8.39,8.52,8.55,8.38,92510000
2019-07-18,8.42,8.26,8.46,8.18,136270000
2019-07-19,8.22,8.59,8.59,8.2,140780000
2019-07-22,8.41,8.28,8.47,8.28,95500000
2019-07-23,8.57,8.55,8.58,8.38,116050000
2019-07-24,8.76,8.48,8.76,8.48,109240000
2019-07-25,8.51,8.67,8.67,8.45,150070000
2019-07-26,8.76,8.66,8.8,8.65,111480000
2019-07-29,8.68,8.74,8.74,8.51,113280000
2019-07-30,8.56,8.48,8.66,8.46,111500000
2019-07-31,8.2,8.63,8.64,7.96,196340000
2019-08-01,8.09,8.24,8.7,7.95,298380000
2019-08-02,7.72,7.9,7.93,7.58,246920000
2019-08-05,6.91,7.24,7.24,6.71,302490000
2019-08-06,7.19,7.09,7.25,6.94,213540000
2019-08-07,7.29,6.95,7.33,6.79,307910000
2019-08-08,7.78,7.41,7.78,7.34,219060000
2019-08-09,7.55,7.66,7.74,7.37,221370000
2019-08-12,7.29,7.41,7.48,7.19,213310000
2019-08-13,7.77,7.28,7.92,7.25,240460000
2019-08-14,7.08,7.39,7.47,7.03,304930000
2019-08-15,7.05,7.11,7.16,6.88,210850000
2019-08-16,7.37,7.22,7.44,7.22,164900000
2019-08-19,7.72,7.68,7.78,7.62,120360000
2019-08-20,7.56,7.68,7.76,7.55,125670000
2019-08-21,7.75,7.75,7.82,7.67,101960000
2019-08-22,7.68,7.8,7.85,7.49,153230000
2019-08-23,6.97,7.52,7.72,6.89,302810000
2019-08-26,7.26,7.19,7.26,7.06,146890000
2019-08-27,7.21,7.41,7.45,7.13,155130000
2019-08-28,7.28,7.14,7.32,7.03,128060000
2019-08-29,7.61,7.55,7.68,7.47,142080000
2019-08-30,7.56,7.74,7.74,7.43,136250000
2019-09-03,7.34,7.41,7.52,7.26,129220000
2019-09-04,7.65,7.55,7.67,7.49,100860000
2019-09-05,8.07,7.9,8.14,7.89,127100000
2019-09-06,8.05,8.11,8.12,7.99,115040000
2019-09-09,8.0,8.12,8.13,7.87,112310000
2019-09-10,7.93,7.87,7.93,7.71,136770000
2019-09-11,8.15,7.97,8.16,7.92,111400000
2019-09-12,8.25,8.3,8.44,8.21,139930000
2019-09-13,8.16,8.21,8.27,8.13,107610000
2019-09-16,8.05,8.0,8.1,7.97,97120000
2019-09-17,8.15,8.05,8.16,8.0,91340000
2019-09-18,8.15,8.11,8.16,7.84,142740000
2019-09-19,8.19,8.19,8.34,8.14,133300000
2019-09-20,7.93,8.22,8.24,7.84,124390000
2019-09-23,7.93,7.91,8.01,7.84,91800000
2019-09-24,7.62,8.04,8.09,7.52,205770000
2019-09-25,7.86,7.59,7.93,7.4,153710000
2019-09-26,7.79,7.84,7.86,7.61,137230000
2019-09-27,7.5,7.82,7.83,7.33,188660000
2019-09-30,7.7,7.57,7.74,7.53,118850000
2019-10-01,7.52,7.79,7.92,7.48,159720000
2019-10-02,7.13,7.37,7.37,7.0,272050000
2019-10-03,7.37,7.13,7.37,6.86,241430000
2019-10-04,7.68,7.46,7.71,7.45,170850000
2019-10-07,7.61,7.61,7.79,7.57,163190000
2019-10-08,7.26,7.45,7.56,7.25,236780000
2019-10-09,7.48,7.45,7.58,7.38,156940000
2019-10-10,7.64,7.48,7.73,7.46,180160000
2019-10-11,7.93,7.9,8.13,7.89,223430000
2019-10-14,7.94,7.91,8.01,7.88,92830000
2019-10-15,8.24,8.01,8.29,8.0,141790000
2019-10-16,8.18,8.15,8.24,8.1,118640000
2019-10-17,8.23,8.32,8.36,8.14,122220000
2019-10-18,8.0,8.2,8.25,7.87,154570000
2019-10-21,8.21,8.13,8.23,8.05,94680000
2019-10-22,8.02,8.3,8.34,8.01,126640000
2019-10-23,8.06,7.96,8.06,7.93,98700000
2019-10-24,8.29,8.23,8.3,8.12,124620000
2019-10-25,8.48,8.16,8.5,8.16,129180000
2019-10-28,8.74,8.61,8.77,8.61,111600000
2019-10-29,8.53,8.69,8.73,8.53,107030000
2019-10-30,8.65,8.58,8.7,8.43,118980000
2019-10-31,8.66,8.72,8.74,8.51,123300000
2019-11-01,8.9,8.78,8.9,8.74,115050000
2019-11-04,9.06,9.08,9.12,9.02,99930000
2019-11-05,9.07,9.1,9.12,8.99,103230000
2019-11-06,9.01,9.04,9.05,8.88,115330000
2019-11-07,9.1,9.15,9.27,9.02,125720000
2019-11-08,9.21,9.05,9.21,8.98,81640000
2019-11-11,9.17,9.07,9.18,9.03,76270000
2019-11-12,9.24,9.19,9.34,9.15,128690000
2019-11-13,9.23,9.15,9.28,9.13,112740000
2019-11-14,9.23,9.15,9.25,9.06,108000000
2019-11-15,9.4,9.39,9.42,9.31,90650000
2019-11-18,9.45,9.39,9.5,9.27,96990000
2019-11-19,9.49,9.56,9.56,9.39,112420000
2019-11-20,9.32,9.42,9.5,9.1,151230000
2019-11-21,9.25,9.29,9.31,9.17,90660000
2019-11-22,9.27,9.32,9.34,9.12,83670000
2019-11-25,9.6,9.39,9.6,9.39,80840000
2019-11-26,9.65,9.61,9.69,9.57,84060000
2019-11-27,9.85,9.72,9.85,9.69,82560000
2019-11-29,9.72,9.78,9.82,9.7,53800000
2019-12-02,9.4,9.72,9.72,9.25,152690000
2019-12-03,9.19,9.04,9.2,8.89,157140000
2019-12-04,9.33,9.34,9.4,9.29,88220000
2019-12-05,9.38,9.43,9.43,9.25,89710000
2019-12-06,9.67,9.59,9.7,9.57,93030000
2019-12-09,9.55,9.64,9.77,9.54,78240000
2019-12-10,9.53,9.56,9.66,9.46,112390000
2019-12-11,9.67,9.59,9.7,9.55,91370000
2019-12-12,9.89,9.64,10.0,9.6,184040000
2019-12-13,9.98,9.87,10.09,9.81,161070000
2019-12-16,10.27,10.18,10.32,10.17,99910000
2019-12-17,10.28,10.32,10.35,10.25,84680000
2019-12-18,10.31,10.33,10.41,10.29,71710000
2019-12-19,10.52,10.33,10.52,10.33,83550000
2019-12-20,10.64,10.65,10.69,10.57,99680000
2019-12-23,10.72,10.75,10.77,10.7,72560000
2019-12-24,10.73,10.74,10.76,10.66,39900000
2019-12-26,11.01,10.78,11.01,10.78,64780000
2019-12-27,10.98,11.13,11.13,10.89,99870000
2019-12-30,10.76,10.97,10.98,10.6,113140000
2019-12-31,10.82,10.66,10.85,10.61,84430000
2020-01-02,11.35,11.09,11.35,11.03,131430000
2020-01-03,11.05,10.91,11.25,10.9,145320000
2020-01-06,11.26,10.78,11.26,10.74,128770000
2020-01-07,11.24,11.27,11.35,11.15,115060000
2020-01-08,11.5,11.24,11.66,11.19,160250000
2020-01-09,11.79,11.78,11.86,11.59,146380000
2020-01-10,11.69,11.92,11.93,11.64,137760000
2020-01-13,12.1,11.84,12.11,11.79,117290000
2020-01-14,11.96,12.07,12.14,11.9,146720000
2020-01-15,11.97,11.97,12.14,11.85,133000000
2020-01-16,12.3,12.14,12.31,12.07,121100000
2020-01-17,12.49,12.46,12.52,12.28,144400000
2020-01-21,12.48,12.38,12.56,12.37,138880000
2020-01-22,12.57,12.65,12.79,12.52,136150000
2020-01-23,12.68,12.54,12.7,12.37,143590000
2020-01-24,12.35,12.86,12.9,12.19,239370000
2020-01-27,11.59,11.53,11.79,11.27,198630000
2020-01-28,12.13,11.83,12.21,11.75,171860000
2020-01-29,12.17,12.33,12.37,12.02,138570000
2020-01-30,12.31,11.95,12.32,11.83,200250000
2020-01-31,11.7,12.46,12.47,11.59,220380000
2020-02-03,12.24,11.89,12.33,11.87,174190000
2020-02-04,13.08,12.75,13.16,12.63,140250000
2020-02-05,13.23,13.57,13.57,12.99,174610000
2020-02-06,13.55,13.31,13.57,13.18,113130000
2020-02-07,13.38,13.37,13.6,13.27,154050000
2020-02-10,13.86,13.25,13.86,13.24,123250000
2020-02-11,13.87,14.09,14.23,13.76,193770000
2020-02-12,14.28,14.11,14.29,14.01,121610000
2020-02-13,14.22,13.97,14.39,13.92,155280000
2020-02-14,14.32,14.28,14.37,14.14,113970000
2020-02-18,14.34,14.11,14.43,14.07,131140000
2020-02-19,14.76,14.6,14.85,14.55,105630000
2020-02-20,14.34,14.66,14.75,13.8,227660000
2020-02-21,13.52,14.13,14.2,13.34,207410000
2020-02-24,11.96,12.03,12.45,11.7,269670000
2020-02-25,10.99,12.24,12.36,10.87,300790000
2020-02-26,11.14,11.16,11.72,10.89,340540000
2020-02-27,9.48,10.29,10.8,9.45,425120000
2020-02-28,9.63,8.55,9.68,8.44,495350000
2020-03-02,10.94,9.91,10.97,9.5,363520000
2020-03-03,9.91,11.05,11.44,9.61,548130000
2020-03-04,11.11,10.44,11.14,10.16,315830000
2020-03-05,10.14,10.28,10.85,9.89,386970000
2020-03-06,9.6,9.09,9.76,8.88,393520000
2020-03-09,7.65,7.69,8.64,7.63,406960000
2020-03-10,8.85,8.5,8.87,7.63,456250000
2020-03-11,7.71,8.22,8.4,7.38,434840000
2020-03-12,5.59,6.19,7.19,5.55,618230000
2020-03-13,7.11,6.53,7.16,5.63,556290000
2020-03-16,4.66,5.06,6.07,4.62,658290000
2020-03-17,5.41,4.92,5.64,4.47,762020000
2020-03-18,4.91,4.54,5.19,4.09,849000000
2020-03-19,5.03,4.86,5.51,4.5,804810000
2020-03-20,4.44,5.37,5.47,4.39,782260000
2020-03-23,4.45,4.49,4.75,4.03,820070000
2020-03-24,5.45,5.15,5.47,5.02,829820000
2020-03-25,5.32,5.53,5.98,5.14,834870000
2020-03-26,6.18,5.48,6.25,5.46,649240000
2020-03-27,5.54,5.7,6.04,5.47,557140000
2020-03-30,6.13,5.7,6.17,5.63,416620000
2020-03-31,5.95,6.08,6.44,5.86,731900000
2020-04-01,5.22,5.45,5.72,5.08,535590000
2020-04-02,5.53,5.15,5.54,5.1,467530000
2020-04-03,5.3,5.48,5.62,5.11,554480000
2020-04-06,6.41,5.89,6.52,5.8,518620000
2020-04-07,6.4,6.99,7.04,6.38,658010000
2020-04-08,6.81,6.59,6.88,6.41,518180000
2020-04-09,6.83,6.99,7.09,6.66,553300000
2020-04-13,7.07,6.75,7.11,6.63,426960000
2020-04-14,7.99,7.51,8.05,7.42,490050000
2020-04-15,7.72,7.61,7.92,7.46,431690000
2020-04-16,8.14,7.98,8.26,7.74,562920000
2020-04-17,8.34,8.46,8.51,8.0,463560000
2020-04-20,8.07,8.15,8.44,8.06,387000000
2020-04-21,7.18,7.83,7.89,7.04,519490000
2020-04-22,7.81,7.63,7.96,7.54,275890000
2020-04-23,7.76,7.9,8.2,7.72,424870000
2020-04-24,8.14,7.82,8.18,7.65,318370000
2020-04-27,8.3,8.4,8.45,8.2,304740000
2020-04-28,7.85,8.53,8.53,7.83,386250000
2020-04-29,8.66,8.38,8.8,8.26,346100000
2020-04-30,8.72,8.8,8.81,8.49,380550000
2020-05-01,7.94,8.16,8.41,7.81,346250000
2020-05-04,8.22,7.82,8.24,7.76,200760000
2020-05-05,8.48,8.47,8.78,8.4,288710000
2020-05-06,8.65,8.69,8.89,8.55,311880000
2020-05-07,8.99,8.98,9.09,8.82,289490000
2020-05-08,9.35,9.19,9.37,9.06,262840000
2020-05-11,9.58,9.18,9.74,9.16,269380000
2020-05-12,9.01,9.68,9.77,9.0,339360000
2020-05-13,8.67,9.07,9.31,8.35,491120000
2020-05-14,8.96,8.51,8.96,8.26,403000000
2020-05-15,9.11,8.59,9.14,8.54,357810000
2020-05-18,9.64,9.5,9.77,9.4,297630000
2020-05-19,9.56,9.67,9.95,9.55,261430000
2020-05-20,10.13,9.9,10.19,9.9,285420000
2020-05-21,9.81,10.15,10.24,9.74,322690000
2020-05-22,9.9,9.76,9.94,9.63,209660000
2020-05-26,9.86,10.38,10.41,9.8,245200000
2020-05-27,10.0,9.76,10.01,9.17,347290000
2020-05-28,9.94,9.82,10.4,9.82,305230000
2020-05-29,10.35,10.01,10.41,9.79,358950000
2020-06-01,10.47,10.26,10.53,10.2,211160000
2020-06-02,10.68,10.53,10.69,10.2,250710000
2020-06-03,10.83,10.77,10.94,10.65,215030000
2020-06-04,10.61,10.78,10.98,10.42,266410000
2020-06-05,11.24,10.74,11.32,10.69,281390000
2020-06-08,11.49,11.2,11.51,10.99,218540000
2020-06-09,11.74,11.36,11.87,11.34,213180000
2020-06-10,12.17,11.99,12.4,11.92,302910000
2020-06-11,10.38,11.57,11.78,10.35,383330000
2020-06-12,10.6,11.04,11.21,10.05,411880000
2020-06-15,10.97,10.14,11.09,10.01,398180000
2020-06-16,11.55,11.67,11.77,11.04,383220000
2020-06-17,11.67,11.77,11.93,11.55,258860000
2020-06-18,11.76,11.62,11.8,11.51,212790000
2020-06-19,11.74,12.12,12.15,11.49,289950000
2020-06-22,12.16,11.74,12.19,11.69,220130000
2020-06-23,12.48,12.42,12.83,12.33,234900000
2020-06-24,11.74,12.36,12.56,11.48,392820000
2020-06-25,12.05,11.74,12.09,11.34,301700000
2020-06-26,11.19,12.0,12.04,11.11,375940000
2020-06-29,11.54,11.15,11.55,10.78,259610000
2020-06-30,12.21,11.54,12.31,11.52,251390000
2020-07-01,12.64,12.23,12.81,12.15,252140000
2020-07-02,12.91,13.04,13.23,12.84,228150000
2020-07-06,13.86,13.41,13.95,13.41,211980000
2020-07-07,13.59,13.82,14.27,13.53,246100000
2020-07-08,14.11,13.8,14.12,13.56,239930000
2020-07-09,14.46,14.43,14.58,13.73,317600000
2020-07-10,14.77,14.43,14.81,13.99,242790000
2020-07-13,13.86,15.26,15.74,13.71,374580000
2020-07-14,14.15,13.45,14.22,12.92,459750000
2020-07-15,14.22,14.36,14.53,13.67,367540000
2020-07-16,13.91,13.76,14.05,13.37,299970000
2020-07-17,13.98,14.02,14.13,13.63,231000000
2020-07-20,15.17,14.1,15.28,13.89,251620000
2020-07-21,14.69,15.45,15.46,14.55,295680000
2020-07-22,14.85,14.77,15.02,14.46,227790000
2020-07-23,13.69,14.79,14.9,13.45,336650000
2020-07-24,13.29,13.06,13.52,12.63,357220000
2020-07-27,14.0,13.57,14.07,13.44,267620000
2020-07-28,13.47,13.89,13.96,13.42,238700000
2020-07-29,13.93,13.71,14.08,13.64,194280000
2020-07-30,14.16,13.61,14.25,13.42,302200000
2020-07-31,14.92,14.91,14.94,14.11,360000000
2020-08-03,15.48,15.28,15.64,15.26,217870000
2020-08-04,15.68,15.41,15.7,15.29,211010000
2020-08-05,15.81,15.77,15.88,15.61,162960000
2020-08-06,16.41,15.76,16.49,15.65,192060000
2020-08-07,15.87,16.33,16.48,15.46,296710000
2020-08-10,15.66,15.91,15.95,15.02,254310000
2020-08-11,14.77,15.44,15.68,14.67,310270000
2020-08-12,15.88,15.14,16.05,15.14,221840000
2020-08-13,15.99,16.01,16.4,15.82,234280000
2020-08-14,15.94,16.08,16.15,15.68,199740000
2020-08-17,16.47,16.23,16.55,16.21,126660000
2020-08-18,16.95,16.68,17.05,16.41,149310000
2020-08-19,16.62,16.95,17.15,16.54,205850000
2020-08-20,17.3,16.47,17.4,16.4,152770000
2020-08-21,17.67,17.33,17.75,17.22,164280000
2020-08-24,17.99,18.28,18.44,17.56,251380000
2020-08-25,18.41,17.85,18.43,17.76,172560000
2020-08-26,19.59,18.66,19.63,18.64,219660000
2020-08-27,19.41,19.82,19.98,18.95,302600000
2020-08-28,19.71,19.66,19.84,19.39,198150000
2020-08-31,20.17,19.82,20.57,19.73,180400000
2020-09-01,21.22,20.74,21.25,20.37,193840000
2020-09-02,21.82,21.93,21.96,20.58,289370000
2020-09-03,18.47,20.84,20.92,17.85,443020000
2020-09-04,17.7,18.17,18.79,15.48,561480000
2020-09-08,15.2,15.62,16.75,15.13,426820000
2020-09-09,16.51,16.13,16.9,15.71,290350000
2020-09-10,15.55,17.06,17.3,15.22,465940000
2020-09-11,15.21,15.88,16.02,14.6,385800000
2020-09-14,16.0,15.88,16.35,15.64,269030000
2020-09-15,16.68,16.67,16.93,16.37,300890000
2020-09-16,15.88,16.82,16.92,15.82,307170000
2020-09-17,15.15,14.65,15.49,14.51,446850000
2020-09-18,14.56,15.36,15.43,13.85,463040000
2020-09-21,14.73,13.9,14.74,13.51,375310000
2020-09-22,15.54,15.15,15.64,14.56,315070000
2020-09-23,14.1,15.48,15.52,13.96,405510000
2020-09-24,14.31,13.71,14.84,13.65,375040000
2020-09-25,15.31,14.38,15.44,14.13,324480000
2020-09-28,16.22,16.16,16.25,15.7,273330000
2020-09-29,16.05,16.18,16.35,15.94,222780000
2020-09-30,16.36,16.07,16.94,16.03,338770000
2020-10-01,17.13,17.07,17.26,16.72,278680000
2020-10-02,15.72,16.01,16.7,15.54,399550000
2020-10-05,16.71,16.06,16.76,16.03,210790000
2020-10-06,15.81,16.55,16.89,15.64,345650000
2020-10-07,16.64,16.27,16.76,16.17,225090000
2020-10-08,16.89,17.06,17.08,16.69,197890000
2020-10-09,17.64,17.19,17.67,17.12,195270000
2020-10-12,19.28,18.55,19.84,18.36,294120000
2020-10-13,19.28,19.65,19.79,19.02,283860000
2020-10-14,18.81,19.46,19.65,18.46,297970000
2020-10-15,18.42,17.88,18.55,17.74,249080000
2020-10-16,18.14,18.76,19.03,18.06,228100000
2020-10-19,17.24,18.5,18.69,17.05,277550000
2020-10-20,17.35,17.37,17.92,17.07,274710000
2020-10-21,17.3,17.39,17.88,17.22,242570000
2020-10-22,17.31,17.46,17.63,16.68,239160000
2020-10-23,17.41,17.43,17.43,16.86,191090000
2020-10-26,16.62,16.97,17.5,15.94,317110000
2020-10-27,17.01,16.78,17.15,16.57,223860000
2020-10-28,15.02,16.18,16.28,14.98,369440000
2020-10-29,15.78,15.24,16.31,15.15,276370000
2020-10-30,14.68,15.44,15.59,14.19,462330000
2020-11-02,14.69,14.97,15.26,14.2,302270000
2020-11-03,15.43,15.0,15.8,14.82,269940000
2020-11-04,17.51,16.95,17.83,16.67,338380000
2020-11-05,18.86,18.71,19.07,18.45,300270000
2020-11-06,18.92,18.73,19.07,18.01,270300000
2020-11-09,17.77,19.46,19.8,17.68,331730000
2020-11-10,16.81,17.14,17.41,16.29,337330000
2020-11-11,17.94,17.26,18.02,17.18,253660000
2020-11-12,17.68,18.11,18.36,17.47,287710000
2020-11-13,18.14,17.97,18.26,17.58,209790000
2020-11-16,18.56,18.09,18.63,17.97,213750000
2020-11-17,18.39,18.6,18.67,18.27,182700000
2020-11-18,17.96,18.28,18.59,17.96,154340000
2020-11-19,18.41,17.86,18.46,17.75,159340000
2020-11-20,18.03,18.38,18.53,18.01,129990000
2020-11-23,18.04,18.23,18.47,17.59,179060000
2020-11-24,18.77,18.23,18.88,17.88,156020000
2020-11-25,19.13,18.97,19.25,18.81,128680000
2020-11-27,19.65,19.5,19.88,19.44,92930000
2020-11-30,19.75,19.72,19.85,18.82,184620000
2020-12-01,20.53,20.22,20.87,20.01,170800000
2020-12-02,20.61,20.28,20.68,19.9,146130000
2020-12-03,20.69,20.66,21.02,20.54,157460000
2020-12-04,20.95,20.7,20.98,20.56,127090000
2020-12-07,21.3,20.99,21.38,20.95,124030000
2020-12-08,21.5,21.21,21.58,20.83,133930000
2020-12-09,20.06,21.48,21.53,19.83,244880000
2020-12-10,20.31,19.63,20.53,19.41,173350000
2020-12-11,20.16,19.96,20.19,19.49,169820000
2020-12-14,20.59,20.4,21.01,20.4,146680000
2020-12-15,21.23,21.07,21.25,20.61,157980000
2020-12-16,21.59,21.35,21.78,21.12,137590000
2020-12-17,22.03,21.96,22.08,21.7,139280000
2020-12-18,21.79,22.19,22.24,21.32,168760000
2020-12-21,21.71,21.2,21.83,20.58,203600000
2020-12-22,21.88,21.91,22.09,21.27,162010000
2020-12-23,21.55,21.88,21.97,21.52,119430000
2020-12-24,21.83,21.61,21.93,21.59,77070000
2020-12-28,22.49,22.4,22.59,22.0,117050000
2020-12-29,22.55,22.79,22.92,22.35,121140000
2020-12-30,22.55,22.81,22.88,22.41,104810000
2020-12-31,22.73,22.53,22.81,22.29,106710000
2021-01-04,21.73,23.01,23.05,20.85,197470000
2021-01-05,22.28,21.53,22.32,21.53,118710000
2021-01-06,21.35,21.24,22.29,21.03,210730000
2021-01-07,22.9,21.92,23.08,21.92,123700000
2021-01-08,23.78,23.41,23.86,22.92,152820000
2021-01-11,22.73,23.1,23.37,22.6,141300000
2021-01-12,22.64,22.76,23.0,22.05,146030000
2021-01-13,23.08,22.7,23.27,22.56,108750000
2021-01-14,22.72,23.19,23.42,22.62,118240000
2021-01-15,22.17,22.68,22.89,21.89,141690000
2021-01-19,23.13,22.68,23.26,22.45,120970000
2021-01-20,24.75,23.96,24.97,23.88,121740000
2021-01-21,25.36,25.06,25.53,24.75,92680000
2021-01-22,25.13,25.1,25.38,24.97,81880000
2021-01-25,25.83,25.94,26.27,24.2,153170000
2021-01-26,25.85,25.93,26.15,25.54,90970000
2021-01-27,23.77,25.32,25.33,23.25,188900000
2021-01-28,24.12,23.97,25.25,23.84,90020000
2021-01-29,22.62,23.73,23.98,22.19,184280000
2021-02-01,24.28,23.39,24.51,22.93,105660000
2021-02-02,25.45,24.97,25.74,24.94,92750000
2021-02-03,25.16,25.98,26.06,25.16,95170000
2021-02-04,26.05,25.51,26.08,25.19,72810000
2021-02-05,26.33,26.3,26.57,25.89,86620000
2021-02-08,26.84,26.74,26.89,26.34,76990000
2021-02-09,26.83,26.62,27.14,26.62,65770000
2021-02-10,26.64,27.19,27.3,25.86,123550000
2021-02-11,27.07,27.04,27.18,26.49,98860000
2021-02-12,27.53,26.9,27.58,26.61,77470000
2021-02-16,27.3,27.74,27.96,27.02,88660000
2021-02-17,26.92,26.56,26.99,26.0,106640000
2021-02-18,26.56,26.01,26.74,25.57,110200000
2021-02-19,26.2,26.91,26.92,25.97,93380000
2021-02-22,24.17,25.14,25.45,24.13,132730000
2021-02-23,23.96,22.94,24.34,21.6,199270000
2021-02-24,24.54,23.31,24.62,22.73,123040000
2021-02-25,21.98,23.91,24.52,21.61,237790000
2021-02-26,22.31,22.6,23.29,21.56,209320000
2021-03-01,24.25,23.34,24.33,23.05,133710000
2021-03-02,23.09,24.39,24.42,23.02,151690000
2021-03-03,21.08,22.84,23.05,21.06,231540000
2021-03-04,20.04,20.99,21.66,19.22,432040000
2021-03-05,20.94,20.57,21.12,18.76,336660000
2021-03-08,19.15,20.82,21.21,19.07,235730000
2021-03-09,21.41,20.62,21.79,20.48,173430000
2021-03-10,21.22,22.32,22.38,21.08,203370000
2021-03-11,22.69,22.25,23.07,22.03,158940000
2021-03-12,22.13,21.79,22.17,21.27,166590000
2021-03-15,22.84,22.2,22.88,21.84,127340000
2021-03-16,23.21,23.33,24.0,22.9,168770000
2021-03-17,23.5,22.53,23.93,22.15,196370000
2021-03-18,21.35,22.4,22.63,21.24,229510000
2021-03-19,21.62,21.31,21.89,20.85,193290000
2021-03-22,22.77,22.07,23.22,22.07,141100000
2021-03-23,22.48,23.01,23.31,22.29,187780000
2021-03-24,21.34,22.77,22.78,21.31,190480000
2021-03-25,21.23,20.95,21.55,20.41,239870000
2021-03-26,22.16,21.18,22.24,20.88,215060000
2021-03-29,22.15,22.06,22.39,21.43,190590000
2021-03-30,21.83,21.74,21.95,21.24,148350000
2021-03-31,22.82,22.2,23.15,22.13,161970000
2021-04-01,23.98,23.66,24.01,23.6,145090000
2021-04-05,25.42,24.55,25.59,24.49,130540000
2021-04-06,25.35,25.34,25.82,25.18,120610000
2021-04-07,25.54,25.26,25.75,25.02,98990000
2021-04-08,26.34,26.23,26.39,26.02,113620000
2021-04-09,26.82,26.0,26.86,25.83,129440000
2021-04-12,26.71,26.58,26.81,26.25,109630000
2021-04-13,27.63,27.09,27.75,27.03,115020000
2021-04-14,26.66,27.7,27.73,26.44,161230000
2021-04-15,27.83,27.34,27.94,27.31,120800000
2021-04-16,27.95,27.98,28.0,27.48,117490000
2021-04-19,27.19,27.54,27.84,26.69,159170000
2021-04-20,26.59,27.01,27.33,26.1,158280000
2021-04-21,27.27,26.25,27.31,26.0,111060000
2021-04-22,26.27,27.17,27.41,25.99,174850000
2021-04-23,27.26,26.43,27.58,26.43,107880000
2021-04-26,27.81,27.33,27.87,27.14,99980000
2021-04-27,27.44,27.87,27.92,27.19,119310000
2021-04-28,27.16,27.35,27.6,26.99,118950000
2021-04-29,27.43,27.97,28.06,26.65,148120000
2021-04-30,26.92,26.82,27.45,26.67,118440000
2021-05-03,26.48,27.19,27.37,26.36,134220000
2021-05-04,25.08,25.86,25.92,24.11,211230000
2021-05-05,24.79,25.51,25.71,24.6,136430000
2021-05-06,25.33,24.72,25.37,24.2,169660000
2021-05-07,25.95,25.99,26.52,25.69,158710000
2021-05-10,24.0,25.62,25.67,23.94,184210000
2021-05-11,23.88,22.65,24.06,22.5,228810000
2021-05-12,22.06,22.75,23.29,21.83,236160000
2021-05-13,22.53,22.65,23.17,22.02,208600000
2021-05-14,23.99,23.22,24.22,23.1,144260000
2021-05-17,23.59,23.63,23.79,22.93,138540000
2021-05-18,23.09,23.8,24.07,23.05,131680000
2021-05-19,23.18,21.91,23.25,21.83,191890000
2021-05-20,24.52,23.52,24.72,23.46,139230000
2021-05-21,24.11,24.89,24.98,24.03,128130000
2021-05-24,25.32,24.64,25.58,24.56,92180000
2021-05-25,25.44,25.69,25.86,25.16,106730000
2021-05-26,25.7,25.59,25.81,25.43,78030000
2021-05-27,25.4,25.59,25.79,25.36,83220000
2021-05-28,25.65,25.69,26.02,25.58,81860000
2021-06-01,25.4,25.96,26.08,25.07,103860000
2021-06-02,25.53,25.49,25.74,25.13,83180000
2021-06-03,24.73,24.87,25.17,24.34,121030000
2021-06-04,26.0,25.16,26.1,25.13,91180000
2021-06-07,26.23,25.86,26.24,25.7,62190000
2021-06-08,26.25,26.65,26.85,25.86,92940000
2021-06-09,26.28,26.59,26.78,26.23,77800000
2021-06-10,27.09,26.36,27.13,26.25,117210000
2021-06-11,27.31,27.1,27.31,26.94,68340000
2021-06-14,28.07,27.41,28.09,27.13,90820000
2021-06-15,27.55,28.0,28.08,27.36,90110000
2021-06-16,27.25,27.66,27.92,26.38,157780000
2021-06-17,28.27,26.99,28.52,26.98,144320000
2021-06-18,27.6,27.85,28.14,27.42,142890000
2021-06-21,28.1,27.66,28.2,27.1,107710000
2021-06-22,28.89,28.08,29.01,27.99,103580000
2021-06-23,28.94,28.89,29.24,28.73,94000000
2021-06-24,29.47,29.43,29.87,29.3,93670000
2021-06-25,29.38,29.62,29.69,29.21,86990000
2021-06-28,30.42,29.69,30.47,29.68,88790000
2021-06-29,30.76,30.39,30.77,30.17,74560000
2021-06-30,30.63,30.72,30.83,30.46,80550000
2021-07-01,30.64,30.52,30.78,30.16,83830000
2021-07-02,31.68,31.16,31.79,31.09,93500000
2021-07-06,32.1,31.86,32.19,31.13,109600000
2021-07-07,32.31,32.72,32.81,31.77,115280000
2021-07-08,31.75,30.92,31.97,30.56,152520000
2021-07-09,32.29,31.57,32.45,31.41,92880000
2021-07-12,32.69,32.7,32.82,32.26,87130000
2021-07-13,32.67,32.6,33.52,32.45,119450000
2021-07-14,32.85,33.34,33.52,32.64,136040000
2021-07-15,32.17,32.85,32.9,31.61,137190000
2021-07-16,31.38,32.41,32.68,31.29,127400000
2021-07-19,30.63,30.45,30.75,29.92,202290000
2021-07-20,31.64,30.86,32.08,30.39,121540000
2021-07-21,32.36,31.58,32.4,31.5,81760000
2021-07-22,33.04,32.46,33.05,32.46,94960000
2021-07-23,34.14,33.42,34.28,33.07,103900000
2021-07-26,34.28,34.01,34.39,33.76,85980000
2021-07-27,33.16,34.21,34.21,31.96,178780000
2021-07-28,33.53,33.47,33.97,32.82,143940000
2021-07-29,33.69,33.37,34.03,33.37,88640000
2021-07-30,33.19,32.59,33.34,32.57,113120000
2021-08-02,33.17,33.63,33.8,33.01,109120000
2021-08-03,33.75,33.36,33.8,32.46,126840000
2021-08-04,33.92,33.77,34.19,33.45,96860000
2021-08-05,34.56,34.14,34.62,33.95,77340000
2021-08-06,34.11,34.2,34.48,33.79,86310000
2021-08-09,34.29,34.23,34.44,33.92,68420000
2021-08-10,33.78,34.44,34.53,33.43,106160000
2021-08-11,33.6,34.13,34.26,33.21,93190000
2021-08-12,33.94,33.45,34.05,33.06,79620000
2021-08-13,34.28,34.04,34.4,33.91,73290000
2021-08-16,34.35,33.99,34.36,32.87,122640000
2021-08-17,33.44,33.55,33.84,32.74,166400000
2021-08-18,32.47,33.28,33.68,32.38,130080000
2021-08-19,32.93,31.93,33.4,31.86,163250000
2021-08-20,33.95,33.24,34.07,33.15,125080000
2021-08-23,35.46,34.26,35.67,34.25,96530000
2021-08-24,35.81,35.65,35.99,35.52,72690000
2021-08-25,35.85,35.87,36.1,35.66,76130000
2021-08-26,35.24,35.67,35.88,35.11,107000000
2021-08-27,36.28,35.42,36.4,35.28,92320000
2021-08-30,37.48,36.5,37.63,36.49,91270000
2021-08-31,37.37,37.56,37.58,36.92,91800000
2021-09-01,37.58,37.71,38.21,37.52,95570000
2021-09-02,37.53,37.99,38.08,37.15,95300000
2021-09-03,37.86,37.17,37.99,37.17,93290000
2021-09-07,38.02,37.89,38.22,37.54,90370000
2021-09-08,37.63,37.95,37.96,36.93,126850000
2021-09-09,37.22,37.68,38.03,37.15,110570000
2021-09-10,36.39,37.75,37.96,36.28,138440000
2021-09-13,36.31,37.07,37.19,35.69,155550000
2021-09-14,35.99,36.74,36.97,35.71,119260000
2021-09-15,36.79,36.12,36.89,35.44,111790000
2021-09-16,36.86,36.39,37.03,35.81,105230000
2021-09-17,35.56,36.72,36.73,35.24,154650000
2021-09-20,33.37,33.85,34.37,32.0,243830000
2021-09-21,33.42,33.85,34.19,33.15,143400000
2021-09-22,34.39,33.72,34.81,33.4,175340000
2021-09-23,35.35,34.73,35.64,34.54,138740000
2021-09-24,35.45,34.68,35.56,34.58,109550000
2021-09-27,34.59,34.55,34.85,33.85,156710000
2021-09-28,31.71,33.28,33.47,31.52,297650000
2021-09-29,31.5,31.99,32.57,31.33,195060000
2021-09-30,31.14,31.94,32.38,31.02,234620000
2021-10-01,31.71,31.31,32.0,30.21,208710000
2021-10-04,29.76,31.27,31.37,29.12,257240000
2021-10-05,30.91,29.99,31.5,29.93,162610000
2021-10-06,31.51,30.07,31.58,29.82,234990000
2021-10-07,32.37,32.33,33.08,32.18,150820000
2021-10-08,31.87,32.67,32.73,31.74,157130000
2021-10-11,31.16,31.47,32.42,31.13,136220000
2021-10-12,30.84,31.54,31.66,30.65,174400000
2021-10-13,31.57,31.44,31.74,30.9,140920000
2021-10-14,33.31,32.53,33.36,32.35,121750000
2021-10-15,33.93,33.65,33.96,33.35,102860000
2021-10-18,34.94,33.56,35.01,33.4,100880000
2021-10-19,35.71,35.26,35.76,35.07,106450000
2021-10-20,35.6,35.87,36.06,35.17,118710000
2021-10-21,36.24,35.36,36.3,35.28,92100000
2021-10-22,35.32,35.87,36.17,34.84,140250000
2021-10-25,36.38,35.75,36.68,35.18,118950000
2021-10-26,36.72,37.08,37.8,36.41,167980000
2021-10-27,37.01,36.89,37.93,36.81,145070000
2021-10-28,38.22,37.58,38.31,37.35,130740000
2021-10-29,38.79,37.3,38.85,37.19,134510000
2021-11-01,39.17,38.95,39.23,38.29,130050000
2021-11-02,39.69,39.01,39.84,38.99,120170000
2021-11-03,40.96,39.83,41.08,39.52,145210000
2021-11-04,42.48,41.36,42.84,41.18,160880000
2021-11-05,42.64,43.12,43.42,42.18,170510000
2021-11-08,42.47,42.63,42.97,42.26,112920000
2021-11-09,41.59,42.81,42.95,41.14,176240000
2021-11-10,39.77,40.68,41.6,39.13,193950000
2021-11-11,40.09,40.69,40.75,39.97,115440000
2021-11-12,41.36,40.45,41.52,39.94,127640000
2021-11-15,41.35,41.73,41.83,40.52,139460000
2021-11-16,42.21,41.07,42.35,41.01,103180000
2021-11-17,42.26,42.3,42.92,41.95,115940000
2021-11-18,43.55,42.92,43.72,42.19,173680000
2021-11-19,44.28,44.11,44.72,43.83,129210000
2021-11-22,42.75,44.82,45.84,42.72,179040000
2021-11-23,42.17,42.36,43.04,40.7,226030000
2021-11-24,42.56,41.33,42.64,40.58,198240000
2021-11-26,40.21,41.69,42.16,39.68,177680000
2021-11-29,42.71,41.55,43.04,41.33,158930000
2021-11-30,40.87,42.42,43.2,40.18,302590000
2021-12-01,38.78,42.22,42.9,38.62,304120000
2021-12-02,39.51,38.35,40.13,37.91,396430000
2021-12-03,37.52,40.0,40.32,36.23,480570000
2021-12-06,38.4,37.65,38.82,36.38,304830000
2021-12-07,41.86,40.44,42.07,40.44,270580000
2021-12-08,42.44,41.97,42.5,41.37,205240000
2021-12-09,40.61,42.04,42.63,40.5,212800000
2021-12-10,41.87,41.44,41.96,40.44,203080000
2021-12-13,40.07,41.87,41.97,39.94,179150000
2021-12-14,38.88,38.53,39.39,37.46,230930000
2021-12-15,41.45,38.74,41.57,37.51,269060000
2021-12-16,38.28,41.75,41.9,37.74,296220000
2021-12-17,37.7,37.21,38.95,36.75,300270000
2021-12-20,36.57,36.26,36.81,35.63,241870000
2021-12-21,39.02,37.54,39.11,36.43,219120000
2021-12-22,40.41,38.9,40.5,38.71,177220000
2021-12-23,41.37,40.54,41.82,40.49,131310000
2021-12-27,43.35,41.77,43.38,41.75,125960000
2021-12-28,42.84,43.69,43.74,42.51,144830000
2021-12-29,42.77,42.83,43.25,41.99,115490000
2021-12-30,42.37,42.69,43.41,42.19,113270000
2021-12-31,41.58,42.16,42.6,41.43,120500000
2022-01-03,42.78,41.96,42.86,41.28,153010000
2022-01-04,41.12,42.96,42.97,40.1,213300000
2022-01-05,37.34,40.6,40.93,37.25,266490000
2022-01-06,37.24,36.76,38.2,36.1,308450000
2022-01-07,36.02,37.22,37.74,35.5,285430000
2022-01-10,36.15,34.59,36.24,33.03,358430000
2022-01-11,37.74,35.86,37.76,35.26,308650000
2022-01-12,38.17,38.49,38.98,37.47,276740000
2022-01-13,35.4,38.56,38.78,35.01,173530000
2022-01-14,35.94,34.54,36.03,34.5,178450000
2022-01-18,33.35,34.24,34.86,33.03,156340000
2022-01-19,32.19,33.68,34.35,32.08,183280000
2022-01-20,30.94,33.01,34.09,30.75,172200000
2022-01-21,28.33,30.31,31.01,28.25,342050000
2022-01-24,28.75,26.92,28.88,24.08,511810000
2022-01-25,26.63,27.08,28.16,25.88,347500000
2022-01-26,26.58,28.5,29.42,25.68,415680000
2022-01-27,25.78,27.7,28.12,25.52,323530000
2022-01-28,28.18,26.2,28.23,25.05,334030000
2022-01-31,30.92,28.52,31.03,28.11,227500000
2022-02-01,31.5,31.21,31.67,29.86,203690000
2022-02-02,32.25,32.61,32.68,31.17,201630000
2022-02-03,28.37,29.66,30.53,28.06,211150000
2022-02-04,29.35,28.43,30.2,27.94,193070000
2022-02-07,28.68,29.53,30.14,28.36,153910000
2022-02-08,29.66,28.4,29.91,28.11,158590000
2022-02-09,31.5,30.78,31.54,30.38,151080000
2022-02-10,29.41,29.66,31.45,28.9,254290000
2022-02-11,26.64,29.39,29.77,26.28,268510000
2022-02-14,26.72,26.45,27.49,25.85,190130000
2022-02-15,28.65,27.92,28.72,27.67,164170000
2022-02-16,28.65,28.14,28.9,27.35,186180000
2022-02-17,26.1,27.82,28.02,25.99,157670000
2022-02-18,25.22,26.3,26.39,24.66,226170000
2022-02-22,24.44,24.52,25.75,23.6,262880000
2022-02-23,22.57,25.12,25.32,22.49,260920000
2022-02-24,24.78,20.38,24.92,20.31,389730000
2022-02-25,25.95,25.0,26.0,24.13,238370000
2022-02-28,26.23,25.23,26.59,24.96,243400000
2022-03-01,25.02,25.96,26.49,24.42,248150000
2022-03-02,26.22,25.33,26.52,24.71,219500000
2022-03-03,25.12,26.88,26.89,24.68,223890000
2022-03-04,24.05,24.58,24.9,23.5,231820000
2022-03-07,21.36,24.02,24.27,21.32,249750000
2022-03-08,21.07,21.19,23.0,20.39,355940000
2022-03-09,23.32,22.7,23.6,22.17,219070000
2022-03-10,22.57,22.45,22.81,21.6,225570000
2022-03-11,21.17,23.17,23.24,21.05,197810000
2022-03-14,19.93,20.91,21.57,19.78,246270000
2022-03-15,21.77,20.43,21.94,20.12,211410000
2022-03-16,24.22,22.58,24.24,21.84,326170000
2022-03-17,25.03,23.8,25.09,23.52,192060000
2022-03-18,26.58,24.73,26.7,24.47,201570000
2022-03-21,26.4,26.43,26.96,25.39,221090000
2022-03-22,27.95,26.53,28.17,26.43,186690000
2022-03-23,26.77,27.28,28.13,26.75,205500000
2022-03-24,28.51,27.22,28.55,26.7,171150000
2022-03-25,28.47,28.52,28.78,27.42,198790000
2022-03-28,29.76,28.46,29.81,28.17,183410000
2022-03-29,31.28,30.76,31.48,30.07,204010000
2022-03-30,30.34,30.84,31.27,29.9,167820000
2022-03-31,29.09,30.32,30.42,28.95,168100000
2022-04-01,28.97,29.22,29.41,28.2,176160000
2022-04-04,30.77,29.19,30.77,29.11,137520000
2022-04-05,28.74,30.41,30.58,28.43,172100000
2022-04-06,26.85,27.41,27.68,26.2,296860000
2022-04-07,27.02,26.61,27.54,25.79,229650000
2022-04-08,25.92,26.61,26.8,25.75,204180000
2022-04-11,24.08,24.92,25.14,23.98,185910000
2022-04-12,23.77,25.08,25.49,23.44,247930000
2022-04-13,25.19,23.83,25.42,23.67,190080000
2022-04-14,23.5,25.21,25.33,23.42,167840000
2022-04-18,23.57,23.24,24.0,22.91,175530000
2022-04-19,25.08,23.36,25.21,23.16,172370000
2022-04-20,23.95,25.28,25.37,23.72,215630000
2022-04-21,22.55,24.82,25.39,22.3,268630000
2022-04-22,20.75,22.52,22.78,20.64,248820000
2022-04-25,21.52,20.41,21.58,20.16,332880000
2022-04-26,19.1,21.11,21.15,19.05,332260000
2022-04-27,19.02,19.08,20.11,18.68,316700000
2022-04-28,21.03,19.91,21.36,19.14,344700000
2022-04-29,18.26,20.19,20.88,18.1,320120000
2022-05-02,19.13,18.13,19.14,17.57,311910000
2022-05-03,19.17,19.09,19.58,18.65,285570000
2022-05-04,21.07,19.25,21.23,18.26,438810000
2022-05-05,17.93,20.25,20.25,17.26,455550000
2022-05-06,17.31,17.55,18.26,16.55,466790000
2022-05-09,15.26,16.28,16.71,15.01,420420000
2022-05-10,15.78,16.36,16.54,15.14,463580000
2022-05-11,14.38,15.43,16.3,14.23,529530000
2022-05-12,14.27,13.72,14.94,13.35,590990000
2022-05-13,15.81,14.93,16.0,14.69,395950000
2022-05-16,15.32,15.56,15.89,15.09,318390000
2022-05-17,16.48,16.22,16.54,15.62,307980000
2022-05-18,14.07,15.73,15.85,13.85,328110000
2022-05-19,13.79,13.77,14.51,13.52,392020000
2022-05-20,13.67,14.32,14.42,12.47,458110000
2022-05-23,14.35,13.82,14.41,13.48,341040000
2022-05-24,13.45,13.57,13.68,12.71,366490000
2022-05-25,13.99,13.22,14.3,13.19,361280000
2022-05-26,15.16,13.88,15.39,13.84,337130000
2022-05-27,16.65,15.65,16.67,15.64,315040000
2022-05-31,16.52,16.65,17.0,15.87,369160000
2022-06-01,16.14,16.85,17.22,15.77,398890000
2022-06-02,17.45,15.96,17.49,15.73,336860000
2022-06-03,16.07,16.57,16.82,15.88,324720000
2022-06-06,16.27,16.81,17.07,16.0,300960000
2022-06-07,16.67,15.71,16.8,15.52,274890000
2022-06-08,16.33,16.54,16.97,16.17,225710000
2022-06-09,14.99,16.03,16.53,14.97,275960000
2022-06-10,13.4,14.13,14.31,13.34,343350000
2022-06-13,11.54,12.14,12.49,11.41,426730000
2022-06-14,11.61,11.82,11.94,11.26,393200000
2022-06-15,12.45,12.03,12.96,11.67,549820000
2022-06-16,10.93,11.49,11.56,10.66,424280000
2022-06-17,11.34,11.03,11.64,10.82,441180000
2022-06-21,12.19,11.91,12.49,11.89,318410000
2022-06-22,12.15,11.85,12.73,11.77,388970000
2022-06-23,12.66,12.47,12.78,12.09,365370000
2022-06-24,13.99,13.06,14.02,13.03,303630000
2022-06-27,13.66,14.18,14.25,13.5,338260000
2022-06-28,12.41,13.73,14.1,12.38,376240000
2022-06-29,12.44,12.39,12.64,12.05,380180000
2022-06-30,12.0,12.03,12.44,11.38,512410000
2022-07-01,12.19,11.8,12.25,11.55,417200000
2022-07-05,12.82,11.7,12.84,11.5,441110000
2022-07-06,13.07,12.89,13.36,12.64,412250000
2022-07-07,13.88,13.19,14.0,13.19,275730000
2022-07-08,13.94,13.49,14.15,13.35,319460000
2022-07-11,13.06,13.6,13.64,12.93,258450000
2022-07-12,12.68,13.22,13.49,12.45,319230000
2022-07-13,12.6,11.92,12.91,11.85,361150000
2022-07-14,12.73,12.23,12.84,11.81,351650000
2022-07-15,13.4,13.14,13.43,12.9,308760000
2022-07-18,13.09,13.81,14.0,12.91,319900000
2022-07-19,14.23,13.57,14.31,13.35,298640000
2022-07-20,14.94,14.33,15.13,14.22,377130000
2022-07-21,15.58,15.01,15.59,14.61,319380000
2022-07-22,14.77,15.44,15.77,14.48,298800000
2022-07-25,14.55,14.77,14.84,14.2,220900000
2022-07-26,13.66,14.24,14.28,13.52,231760000
2022-07-27,15.37,14.3,15.63,14.22,341920000
2022-07-28,15.81,15.34,15.91,14.76,324070000
2022-07-29,16.68,16.07,16.83,15.84,292150000
2022-08-01,16.66,16.39,17.21,16.22,285280000
2022-08-02,16.5,16.27,17.17,16.1,325380000
2022-08-03,17.82,16.77,17.98,16.66,294210000
2022-08-04,18.08,17.84,18.13,17.48,253570000
2022-08-05,17.65,17.22,17.99,17.08,283900000
2022-08-08,17.47,17.8,18.42,17.22,268760000
2022-08-09,16.86,17.14,17.18,16.59,218410000
2022-08-10,18.25,18.07,18.32,17.66,271550000
2022-08-11,17.98,18.67,19.01,17.83,273360000
2022-08-12,18.99,18.3,19.02,18.12,211190000
2022-08-15,19.44,18.83,19.54,18.82,196310000
2022-08-16,19.32,19.28,19.69,18.76,220760000
2022-08-17,18.65,18.75,19.16,18.27,262840000
2022-08-18,18.77,18.63,18.98,18.34,192140000
2022-08-19,17.67,18.24,18.35,17.53,224260000
2022-08-22,16.28,16.94,16.99,16.13,224980000
2022-08-23,16.23,16.22,16.67,16.1,219510000
2022-08-24,16.35,16.15,16.65,16.05,187010000
2022-08-25,17.22,16.64,17.22,16.47,222050000
2022-08-26,15.12,17.17,17.37,15.1,366280000
2022-08-29,14.65,14.68,15.06,14.48,248440000
2022-08-30,14.16,14.9,14.98,13.78,327010000
2022-08-31,13.9,14.58,14.7,13.89,341030000
2022-09-01,13.92,13.54,13.97,13.01,397320000
2022-09-02,13.34,14.32,14.52,13.09,454460000
2022-09-06,13.03,13.38,13.51,12.73,361080000
2022-09-07,13.81,13.09,13.95,13.06,331570000
2022-09-08,14.03,13.52,14.21,13.32,410800000
2022-09-09,14.92,14.34,15.01,14.33,298740000
2022-09-12,15.47,15.15,15.52,15.1,273140000
2022-09-13,12.92,14.12,14.31,12.78,391300000
2022-09-14,13.21,13.06,13.34,12.82,309290000
2022-09-15,12.55,12.94,13.27,12.32,393730000
2022-09-16,12.3,12.1,12.36,11.84,392140000
2022-09-19,12.6,11.97,12.61,11.96,302690000
2022-09-20,12.3,12.27,12.6,11.99,322120000
2022-09-21,11.62,12.4,12.96,11.61,591120000
2022-09-22,11.19,11.43,11.56,11.03,431080000
2022-09-23,10.65,10.9,10.93,10.23,561300000
2022-09-26,10.51,10.58,11.1,10.41,490610000
2022-09-27,10.52,10.91,11.18,10.25,543920000
2022-09-28,11.14,10.52,11.3,10.34,512040000
2022-09-29,10.19,10.65,10.69,9.81,540200000
2022-09-30,9.66,10.08,10.55,9.64,513200000
2022-10-03,10.33,9.85,10.51,9.68,447220000
2022-10-04,11.29,10.95,11.38,10.94,463320000
2022-10-05,11.29,10.83,11.5,10.51,458400000
2022-10-06,11.01,11.15,11.53,10.96,475090000
2022-10-07,9.75,10.44,10.45,9.58,501950000
2022-10-10,9.44,9.76,9.81,9.15,413000000
2022-10-11,9.07,9.26,9.57,8.87,529750000
2022-10-12,9.05,9.11,9.32,8.97,401480000
2022-10-13,9.65,8.26,9.81,8.16,829510000
2022-10-14,8.78,9.93,9.99,8.73,670130000
2022-10-17,9.65,9.4,9.75,9.4,460050000
2022-10-18,9.89,10.43,10.5,9.59,692550000
2022-10-19,9.77,9.7,10.12,9.51,519700000
2022-10-20,9.6,9.66,10.23,9.48,529700000
2022-10-21,10.28,9.49,10.35,9.36,627460000
2022-10-24,10.64,10.31,10.73,9.9,549240000
2022-10-25,11.27,10.74,11.32,10.73,476800000
2022-10-26,10.53,10.59,11.25,10.47,565040000
2022-10-27,9.95,10.4,10.56,9.89,513260000
2022-10-28,10.85,9.88,10.9,9.85,510780000
2022-10-31,10.48,10.59,10.68,10.24,419120000
2022-11-01,10.15,10.87,10.93,10.1,430460000
2022-11-02,9.1,10.14,10.49,9.09,662950000
2022-11-03,8.57,8.82,8.98,8.52,424460000
2022-11-04,8.98,9.06,9.18,8.43,764740000
2022-11-07,9.26,9.08,9.32,8.85,401890000
2022-11-08,9.46,9.43,9.81,9.05,592110000
2022-11-09,8.8,9.27,9.35,8.77,431140000
2022-11-10,10.73,10.07,10.77,9.85,656880000
2022-11-11,11.34,10.72,11.41,10.56,614270000
2022-11-14,11.03,11.09,11.48,10.91,428450000
2022-11-15,11.48,11.82,11.98,11.09,636530000
2022-11-16,11.02,11.25,11.29,10.91,383360000
2022-11-17,10.93,10.48,11.1,10.45,426920000
2022-11-18,10.92,11.28,11.29,10.64,389580000
2022-11-21,10.59,10.76,10.9,10.48,288220000
2022-11-22,11.03,10.66,11.05,10.41,292480000
2022-11-23,11.36,11.02,11.44,11.01,357570000
2022-11-25,11.13,11.17,11.25,11.07,134750000
2022-11-28,10.64,10.9,11.14,10.53,264290000
2022-11-29,10.39,10.66,10.71,10.23,275810000
2022-11-30,11.78,10.43,11.82,10.32,545470000
2022-12-01,11.85,11.85,12.09,11.51,411010000
2022-12-02,11.7,11.22,11.81,11.19,363310000
2022-12-05,11.11,11.44,11.6,10.93,301980000
2022-12-06,10.41,11.09,11.1,10.25,339800000
2022-12-07,10.28,10.28,10.52,10.09,347340000
2022-12-08,10.65,10.44,10.75,10.19,377840000
2022-12-09,10.44,10.52,10.85,10.39,354010000
2022-12-12,10.82,10.45,10.83,10.34,225650000
2022-12-13,11.16,12.09,12.11,10.86,695390000
2022-12-14,10.9,11.1,11.49,10.54,578910000
2022-12-15,9.82,10.43,10.51,9.68,428050000
2022-12-16,9.53,9.74,9.9,9.35,351280000
2022-12-19,9.14,9.55,9.56,8.99,310530000
2022-12-20,9.1,9.0,9.28,8.84,345760000
2022-12-21,9.49,9.2,9.63,9.12,326370000
2022-12-22,8.77,9.11,9.12,8.29,460900000
2022-12-23,8.8,8.6,8.86,8.41,330130000
2022-12-27,8.42,8.73,8.74,8.36,263200000
2022-12-28,8.08,8.38,8.6,8.05,364870000
2022-12-29,8.65,8.34,8.75,8.27,306110000
2022-12-30,8.65,8.38,8.65,8.25,301940000
2023-01-03,8.45,8.87,9.02,8.23,359850000
2023-01-04,8.59,8.66,8.74,8.27,435270000
2023-01-05,8.18,8.4,8.43,8.14,362500000
2023-01-06,8.82,8.32,8.95,8.05,466900000
2023-01-09,9.01,9.04,9.48,8.95,372040000
2023-01-10,9.24,8.91,9.24,8.85,328720000
2023-01-11,9.7,9.34,9.72,9.26,302550000
2023-01-12,9.85,9.76,9.96,9.3,561850000
2023-01-13,10.05,9.59,10.09,9.55,319570000
2023-01-17,10.1,10.03,10.26,9.9,279520000
2023-01-18,9.73,10.29,10.45,9.69,373300000
2023-01-19,9.43,9.53,9.65,9.29,332740000
2023-01-20,10.19,9.59,10.23,9.48,322650000
2023-01-23,10.86,10.27,11.0,10.19,388080000
2023-01-24,10.8,10.68,10.93,10.62,290010000
2023-01-25,10.72,10.28,10.8,9.99,436170000
2023-01-26,11.34,11.11,11.36,10.8,406840000
2023-01-27,11.66,11.18,11.91,11.16,376820000
2023-01-30,10.97,11.27,11.45,10.93,347820000
2023-01-31,11.45,10.97,11.46,10.95,316510000
2023-02-01,12.19,11.43,12.48,11.18,543280000
2023-02-02,13.45,12.98,13.73,12.88,535770000
2023-02-03,12.76,12.6,13.57,12.56,534810000
2023-02-06,12.44,12.42,12.73,12.26,323630000
2023-02-07,13.2,12.41,13.35,12.27,519790000
2023-02-08,12.49,13.02,13.15,12.4,362510000
2023-02-09,12.16,13.02,13.05,11.97,395200000
2023-02-10,11.91,11.88,12.13,11.61,367860000
2023-02-13,12.48,12.07,12.55,11.93,279740000
2023-02-14,12.74,12.27,12.87,12.02,511470000
2023-02-15,13.03,12.51,13.05,12.43,277310000
2023-02-16,12.28,12.41,12.94,12.27,388990000
2023-02-17,12.02,12.02,12.11,11.65,389800000
2023-02-21,11.18,11.55,11.73,11.15,300940000
2023-02-22,11.19,11.23,11.43,10.99,334680000
2023-02-23,11.47,11.59,11.61,10.98,359540000
2023-02-24,10.89,10.88,11.02,10.68,345560000
2023-02-27,11.12,11.24,11.4,11.05,277510000
2023-02-28,11.06,11.04,11.36,11.0,254630000
2023-03-01,10.8,11.03,11.1,10.69,308770000
2023-03-02,11.06,10.51,11.15,10.48,318980000
2023-03-03,11.73,11.25,11.77,11.19,303350000
2023-03-06,11.78,11.88,12.24,11.75,303700000
2023-03-07,11.34,11.78,11.89,11.26,352660000
2023-03-08,11.49,11.38,11.57,11.16,290990000
2023-03-09,10.89,11.56,11.85,10.8,393670000
2023-03-10,10.44,10.91,11.08,10.31,629720000
2023-03-13,10.66,10.23,11.07,10.06,659080000
2023-03-14,11.39,11.06,11.45,10.96,434330000
2023-03-15,11.56,11.09,11.61,10.91,549120000
2023-03-16,12.47,11.44,12.52,11.36,458030000
2023-03-17,12.28,12.47,12.76,12.05,403540000
2023-03-20,12.41,12.22,12.46,11.94,328360000
2023-03-21,12.94,12.65,13.0,12.47,270290000
2023-03-22,12.34,12.85,13.48,12.32,475840000
2023-03-23,12.78,12.8,13.3,12.44,392990000
2023-03-24,12.91,12.72,12.92,12.42,339590000
2023-03-27,12.65,12.99,13.13,12.53,273590000
2023-03-28,12.44,12.57,12.57,12.15,236040000
2023-03-29,13.11,12.88,13.19,12.78,238730000
2023-03-30,13.47,13.41,13.55,13.24,260300000
2023-03-31,14.13,13.5,14.16,13.45,254040000
2023-04-03,14.03,13.84,14.06,13.66,250230000
2023-04-04,13.89,14.08,14.22,13.71,232180000
2023-04-05,13.44,13.73,13.76,13.2,258270000
2023-04-06,13.72,13.23,13.78,13.06,241920000
2023-04-10,13.69,13.32,13.69,13.09,237060000
2023-04-11,13.42,13.68,13.69,13.35,208520000
2023-04-12,13.06,13.67,13.74,13.0,348040000
2023-04-13,13.81,13.27,13.87,13.24,247520000
2023-04-14,13.73,13.6,13.97,13.35,285330000
2023-04-17,13.75,13.68,13.81,13.4,228620000
2023-04-18,13.76,14.03,14.09,13.6,212830000
2023-04-19,13.73,13.44,13.87,13.42,191850000
2023-04-20,13.41,13.34,13.79,13.23,273700000
2023-04-21,13.44,13.35,13.55,13.13,228890000
2023-04-24,13.35,13.4,13.59,13.07,215290000
2023-04-25,12.6,13.14,13.23,12.59,276580000
2023-04-26,12.81,13.01,13.19,12.76,249720000
2023-04-27,13.85,13.28,13.91,13.19,255630000
2023-04-28,14.13,13.82,14.14,13.66,261070000
2023-05-01,14.09,14.07,14.27,13.94,178000000
2023-05-02,13.71,14.07,14.11,13.48,249310000
2023-05-03,13.44,13.75,14.1,13.41,340270000
2023-05-04,13.29,13.39,13.54,13.14,242620000
2023-05-05,14.1,13.56,14.23,13.52,195600000
2023-05-08,14.22,14.05,14.27,13.91,151480000
2023-05-09,13.94,13.99,14.11,13.9,129680000
2023-05-10,14.4,14.26,14.51,13.94,303100000
2023-05-11,14.52,14.45,14.59,14.24,194680000
2023-05-12,14.36,14.59,14.65,14.09,210760000
2023-05-15,14.59,14.43,14.63,14.22,172940000
2023-05-16,14.64,14.49,14.87,14.48,159330000
2023-05-17,15.16,14.77,15.24,14.61,202210000
2023-05-18,15.98,15.2,16.02,15.2,271870000
2023-05-19,15.87,16.01,16.12,15.73,198060000
2023-05-22,16.03,15.84,16.18,15.84,166620000
2023-05-23,15.41,15.78,15.95,15.36,212630000
2023-05-24,15.16,15.14,15.35,14.89,235950000
2023-05-25,16.26,16.18,16.43,15.84,261750000
2023-05-26,17.49,16.41,17.63,16.4,252780000
2023-05-30,17.74,18.16,18.33,17.52,270610000
2023-05-31,17.38,17.49,17.79,17.2,210290000
2023-06-01,18.0,17.37,18.22,17.2,216760000
2023-06-02,18.41,18.28,18.59,18.0,216510000
2023-06-05,18.45,18.38,18.85,18.28,206260000
2023-06-06,18.43,18.34,18.58,18.13,159510000
2023-06-07,17.49,18.47,18.78,17.39,228490000
2023-06-08,18.09,17.51,18.19,17.48,188150000
2023-06-09,18.31,18.34,18.81,18.1,207940000
2023-06-12,19.25,18.58,19.25,18.42,155960000
2023-06-13,19.67,19.68,19.82,19.16,266530000
2023-06-14,20.09,19.67,20.15,19.21,305310000
2023-06-15,20.8,19.87,21.05,19.75,255870000
2023-06-16,20.4,21.2,21.22,20.33,224810000
2023-06-20,20.3,20.15,20.54,19.8,168250000
2023-06-21,19.42,20.04,20.11,19.25,199270000
2023-06-22,20.07,19.18,20.09,19.12,210200000
2023-06-23,19.48,19.42,19.85,19.19,225150000
2023-06-26,18.7,19.38,19.83,18.67,216900000
2023-06-27,19.63,18.92,19.75,18.8,195350000
2023-06-28,19.75,19.33,20.07,19.32,217350000
2023-06-29,19.61,19.68,19.78,19.33,198270000
2023-06-30,20.5,20.2,20.67,20.15,184310000
2023-07-03,20.64,20.6,20.75,20.42,79870000
2023-07-05,20.63,20.36,20.92,20.35,139010000
2023-07-06,20.14,19.99,20.21,19.65,170470000
2023-07-07,19.93,20.09,20.63,19.89,168620000
2023-07-10,19.95,19.88,20.05,19.47,172010000
2023-07-11,20.24,20.01,20.31,19.65,162480000
2023-07-12,20.99,20.92,21.22,20.58,230340000
2023-07-13,22.03,21.51,22.18,21.42,164770000
2023-07-14,22.01,22.11,22.68,21.86,186060000
2023-07-17,22.62,22.14,22.78,22.06,145530000
2023-07-18,23.16,22.51,23.42,22.16,196630000
2023-07-19,23.16,23.36,23.57,22.91,200570000
2023-07-20,21.53,22.58,22.85,21.34,233860000
2023-07-21,21.34,21.94,22.09,21.25,205110000
2023-07-24,21.43,21.49,21.66,21.1,126430000
2023-07-25,21.86,21.54,22.14,21.54,138200000
2023-07-26,21.64,21.66,21.92,21.22,205760000
2023-07-27,21.45,22.56,22.84,21.23,261100000
2023-07-28,22.61,22.15,22.8,22.07,204490000
2023-07-31,22.66,22.67,22.85,22.41,159010000
2023-08-01,22.48,22.4,22.61,22.11,154490000
2023-08-02,21.01,21.84,21.85,20.76,258040000
2023-08-03,20.86,20.56,21.23,20.52,202700000
2023-08-04,20.57,21.19,21.58,20.49,247450000
2023-08-07,21.08,20.86,21.1,20.47,149790000
2023-08-08,20.54,20.65,20.65,20.0,188780000
2023-08-09,19.85,20.58,20.6,19.73,199430000
2023-08-10,19.94,20.33,20.88,19.69,260550000
2023-08-11,19.55,19.51,19.84,19.3,201570000
2023-08-14,20.19,19.42,20.22,19.3,142550000
2023-08-15,19.58,20.03,20.17,19.44,162550000
2023-08-16,18.92,19.46,19.71,18.91,190220000
2023-08-17,18.28,19.13,19.18,18.22,210230000
2023-08-18,18.2,17.76,18.4,17.68,247000000
2023-08-21,19.08,18.43,19.19,18.35,191490000
2023-08-22,19.0,19.49,19.49,18.89,180790000
2023-08-23,19.89,19.17,20.06,19.14,175450000
2023-08-24,18.58,20.44,20.45,18.55,232400000
2023-08-25,19.02,18.72,19.28,18.17,278290000
2023-08-28,19.44,19.48,19.58,19.04,182640000
2023-08-29,20.68,19.4,20.76,19.35,187500000
2023-08-30,21.03,20.72,21.14,20.54,185960000
2023-08-31,21.22,21.02,21.49,21.01,162240000
2023-09-01,21.15,21.6,21.68,20.88,165060000
2023-09-05,21.2,20.99,21.41,20.83,123780000
2023-09-06,20.64,21.07,21.12,20.29,148060000
2023-09-07,20.19,19.87,20.3,19.69,168620000
2023-09-08,20.25,20.16,20.62,20.08,149770000
2023-09-11,20.94,20.75,21.05,20.42,141710000
2023-09-12,20.27,20.67,20.9,20.2,155520000
2023-09-13,20.47,20.29,20.74,20.09,170850000
2023-09-14,20.95,20.75,21.12,20.4,152380000
2023-09-15,19.88,20.73,20.79,19.72,179840000
2023-09-18,19.92,19.72,20.11,19.67,124800000
2023-09-19,19.8,19.7,19.91,19.3,148740000
2023-09-20,18.88,19.89,19.95,18.85,196040000
2023-09-21,17.8,18.27,18.39,17.78,216820000
2023-09-22,17.81,18.07,18.39,17.76,188180000
2023-09-25,18.05,17.66,18.07,17.5,162540000
2023-09-26,17.25,17.66,17.74,17.08,210680000
2023-09-27,17.35,17.4,17.63,16.82,256870000
2023-09-28,17.77,17.19,18.08,17.07,268150000
2023-09-29,17.81,18.29,18.5,17.61,286860000
2023-10-02,18.24,17.83,18.45,17.74,236460000
2023-10-03,17.27,17.85,18.19,17.02,266540000
2023-10-04,17.97,17.39,18.09,17.32,252760000
2023-10-05,17.78,17.94,18.0,17.25,218010000
2023-10-06,18.67,17.33,18.84,17.2,294900000
2023-10-09,18.95,18.31,19.05,18.07,210970000
2023-10-10,19.26,19.0,19.68,18.92,216110000
2023-10-11,19.67,19.47,19.71,19.2,191710000
2023-10-12,19.44,19.74,20.02,19.06,236510000
2023-10-13,18.7,19.55,19.64,18.49,260190000
2023-10-16,19.33,18.91,19.5,18.89,173150000
2023-10-17,19.15,18.76,19.41,18.42,210390000
2023-10-18,18.34,18.74,19.09,18.17,263170000
2023-10-19,17.85,18.58,18.75,17.72,370050000
2023-10-20,17.05,17.76,17.85,17.01,277720000
2023-10-23,17.19,16.84,17.7,16.53,263600000
2023-10-24,17.68,17.45,17.8,17.2,245070000
2023-10-25,16.39,17.32,17.34,16.29,328360000
2023-10-26,15.43,16.19,16.32,15.23,374050000
2023-10-27,15.65,15.79,16.11,15.48,294700000
2023-10-30,16.16,15.98,16.34,15.79,264310000
2023-10-31,16.39,16.16,16.44,15.8,222920000
2023-11-01,17.24,16.5,17.32,16.49,332640000
2023-11-02,18.15,17.88,18.19,17.7,234130000
2023-11-03,18.79,18.35,18.99,18.32,228660000
2023-11-06,19.0,18.91,19.1,18.66,183600000
2023-11-07,19.54,19.17,19.68,18.99,204500000
2023-11-08,19.58,19.6,19.72,19.22,187960000
2023-11-09,19.11,19.67,19.85,19.03,258370000
2023-11-10,20.39,19.38,20.42,19.29,249580000
2023-11-13,20.2,20.13,20.36,19.88,180430000
2023-11-14,21.47,21.24,21.64,21.15,233550000
2023-11-15,21.53,21.81,21.89,21.3,218430000
2023-11-16,21.57,21.38,21.6,21.17,178040000
2023-11-17,21.58,21.44,21.75,21.28,157870000
2023-11-20,22.35,21.58,22.48,21.57,166580000
2023-11-21,21.94,22.05,22.08,21.65,148280000
2023-11-22,22.2,22.28,22.71,22.03,171860000
2023-11-24,22.09,22.13,22.23,21.92,63980000
2023-11-27,22.02,22.0,22.37,21.88,121860000
2023-11-28,22.2,21.9,22.3,21.83,158350000
2023-11-29,22.12,22.62,22.86,22.07,177520000
2023-11-30,21.93,22.15,22.23,21.42,186390000
2023-12-01,22.12,21.75,22.22,21.46,172940000
2023-12-04,21.49,21.45,21.54,20.86,181140000
2023-12-05,21.65,21.16,21.85,21.13,167540000
2023-12-06,21.26,22.14,22.16,21.2,163000000
2023-12-07,22.15,21.74,22.27,21.56,162760000
2023-12-08,22.42,21.83,22.5,21.79,181790000
2023-12-11,22.99,22.33,23.04,22.3,151540000
2023-12-12,23.54,22.99,23.55,22.78,142900000
2023-12-13,24.37,23.69,24.53,23.55,230080000
2023-12-14,24.33,24.63,24.86,23.78,202700000
2023-12-15,24.62,24.47,24.9,24.35,156730000
2023-12-18,25.14,24.75,25.3,24.68,116440000
2023-12-19,25.51,25.21,25.53,25.18,120350000
2023-12-20,24.27,25.24,25.64,24.23,176170000
2023-12-21,25.07,24.94,25.14,24.47,149090000
2023-12-22,25.17,25.3,25.47,24.82,132420000
2023-12-26,25.64,25.32,25.75,25.31,87370000
2023-12-27,25.77,25.67,25.83,25.51,111500000
2023-12-28,25.7,25.96,26.0,25.64,85770000
2023-12-29,25.35,25.69,25.76,25.0,134250000
2024-01-02,24.07,24.67,24.72,23.63,176270000
2024-01-03,23.3,23.58,23.77,23.22,167810000
2024-01-04,22.91,22.93,23.49,22.86,143740000
2024-01-05,22.99,22.93,23.46,22.74,170480000
2024-01-08,24.38,23.19,24.45,23.17,135370000
2024-01-09,24.53,23.83,24.7,23.81,148430000
2024-01-10,25.02,24.58,25.2,24.42,147620000
2024-01-11,25.17,25.335,25.49,24.92,128214080
2024-01-12,25.17,25.33,25.49,24.92,128210000
2024-01-15,25.155,24.94,25.455,24.665,145874028
2024-01-16,24.72,24.535,24.795,23.935,166554576
2024-01-17,25.78,25.295,25.86,25.055,182140852
2024-01-18,27.27,26.16,27.31,26.05,186359474
2024-01-19,27.27,26.16,27.31,26.05,186360000
2024-01-21,27.38,27.705,27.96,27.2551,149656512
2024-01-22,27.705,27.505,27.74,27.14,112172002
2024-01-23,28.16,28.475,28.95,28.0575,179718578
2024-01-24,28.24,28.63,28.765,27.76,151395204
2024-01-25,27.72,27.84,28.195,27.59,128382580
2024-01-26,27.72,27.84,28.19,27.59,128380000
2024-01-28,28.535,27.805,28.6,27.67,115977180
2024-01-29,27.965,28.345,28.4575,27.8,119554438
2024-01-30,26.32,27.095,27.492,26.29,203451596
2024-01-31,27.25,26.645,27.32,26.455,162261462
2024-02-01,28.62,27.59,28.84,27.395,198504962
2024-02-02,28.62,27.59,28.84,27.4,198500000
2024-02-04,28.475,28.595,28.71,27.785,139947760
2024-02-05,28.31,28.69,28.82,27.82,140124224
2024-02-06,29.155,28.845,29.33,28.585,131823434
2024-02-07,29.275,29.155,29.445,29.01,98922134
2024-02-08,30.135,29.515,30.305,29.356,110222006
2024-02-09,30.14,29.51,30.31,29.36,110220000
2024-02-11,29.78,30.105,30.57,29.6375,116254988
2024-02-12,28.37,28.12,28.935,27.7175,188932910
2024-02-13,29.27,28.9,29.375,28.4301,156151430
2024-02-14,29.515,29.405,29.6051,28.865,130057178
2024-02-15,28.705,29.58,29.605,28.555,151932942
2024-02-16,28.7,29.58,29.6,28.56,151930000
2024-02-19,28.04,28.29,28.59,27.275,163321094
2024-02-20,27.69,27.485,27.71,26.91,154586302
2024-02-21,30.085,29.39,30.2975,29.2451,179279230
2024-02-22,29.81,30.415,30.61,29.61,140390800
2024-02-23,29.81,30.42,30.61,29.61,140390000
2024-02-25,29.77,29.97,30.185,29.715,109875358
2024-02-26,29.955,29.98,30.045,29.435,109399736
2024-02-27,29.47,29.515,29.7625,29.2751,123503396
2024-02-28,30.18,30.04,30.425,29.39,136959760
2024-02-29,31.565,30.375,31.755,30.365,140959680
2024-03-01,31.57,30.38,31.75,30.36,140960000
2024-03-03,31.19,31.545,31.64,31.1525,120418562
2024-03-04,29.52,30.55,30.55,29.01,193206906
2024-03-05,30.065,30.37,30.713,29.675,181677328
2024-03-06,31.405,30.775,31.6575,30.457,142370894
2024-03-07,30.03,31.46,32.065,29.885,296451260
2024-03-08,30.03,31.46,32.06,29.89,296450000
2024-03-10,29.68,29.705,29.94,29.28,146769956
2024-03-11,30.94,30.145,31.02,29.48,170559944
2024-03-12,30.22,30.72,30.7275,29.9844,143779740
2024-03-13,29.975,30.435,30.55,29.395,162480358
2024-03-14,28.88,29.345,29.4609,28.6425,140883816
2024-03-15,28.88,29.34,29.46,28.64,140880000
2024-03-17,29.695,29.94,30.4,29.645,129193746
2024-03-18,29.9,29.27,29.99,28.8401,118809994
2024-03-19,30.85,30.035,30.915,29.68,156555918
2024-03-20,31.25,31.875,31.975,31.21,126541872
2024-03-21,31.315,31.135,31.585,30.9524,91574794
2024-03-22,31.32,31.14,31.58,30.95,91570000
2024-03-24,30.995,30.74,31.315,30.53,86669328
2024-03-25,30.705,31.305,31.505,30.64,93985988
2024-03-26,30.975,31.285,31.315,30.355,111388644
2024-03-27,30.78,30.945,31.115,30.7,87023300
2024-03-28,30.78,30.94,31.11,30.7,87020000
2024-03-31,30.97,30.96,31.495,30.56,112290506
2024-04-01,30.14,29.935,30.21,29.5005,109672728
2024-04-02,30.34,29.7,30.73,29.69,111683784
2024-04-03,28.91,31.175,31.305,28.8701,167520380
2024-04-04,29.93,29.2,30.4644,29.0275,154897264
2024-04-05,29.93,29.2,30.46,29.03,154900000
2024-04-07,29.95,30.105,30.33,29.656,89725420
2024-04-08,30.26,30.405,30.4675,29.2875,120311874
2024-04-09,29.465,29.18,29.6375,29.03,202080508
2024-04-10,30.85,29.805,31.03,29.3418,146931174
2024-04-11,29.36,29.94,30.175,29.06,172589806
2024-04-12,29.36,29.94,30.17,29.06,172590000
2024-04-14,27.885,30.1,30.115,27.72,203656184
2024-04-15,27.89,27.845,28.405,27.62,163766110
2024-04-16,26.855,28.27,28.275,26.675,171026352
2024-04-17,26.375,26.945,27.28,26.255,172781536
2024-04-18,24.74,26.14,26.235,24.425,250807644
2024-04-19,24.74,26.14,26.24,24.42,250810000
2024-04-21,25.46,25.19,25.885,24.585,142604748
2024-04-22,26.595,25.81,26.8075,25.745,151835052
2024-04-23,26.855,27.16,27.455,26.4159,144316784
2024-04-24,26.425,25.45,26.595,25.24,172827294
2024-04-25,27.64,27.015,27.935,26.885,135994636
2024-04-26,27.64,27.01,27.93,26.89,135990000
2024-04-28,27.97,28.04,28.1651,27.4375,102354954
2024-04-29,26.3675,27.65,27.925,26.3658,125248572
2024-04-30,25.8,26.075,27.4,25.635,208076852
2024-05-01,26.755,26.46,26.9225,25.6005,124829898
2024-05-02,28.35,28.165,28.555,27.865,150878038
2024-05-03,28.35,28.17,28.56,27.86,150880000
2024-05-05,29.28,28.71,29.3,28.5575,82530740
2024-05-06,29.28,29.36,29.615,29.1415,93320382
2024-05-07,29.225,28.75,29.5075,28.725,78027196
2024-05-08,29.385,29.25,29.4997,28.875,81439246
2024-05-09,29.585,29.68,30.035,29.27,92669698
2024-05-10,29.58,29.68,30.03,29.27,92670000
2024-05-12,29.78,29.96,29.985,29.4901,67722006
2024-05-13,30.335,29.68,30.45,29.64,92952862
2024-05-14,31.735,30.845,31.8075,30.53,130481438
2024-05-15,31.54,31.68,32.1,31.495,87715240
2024-05-16,31.47,31.545,31.6775,31.01,70099694
2024-05-17,31.47,31.55,31.68,31.01,70100000
2024-05-19,32.12,31.51,32.265,31.4725,74539022
2024-05-20,32.285,31.72,32.335,31.675,62313930
2024-05-21,32.265,32.345,32.5,31.71,80039376
2024-05-22,31.785,33.25,33.255,31.4007,130877880
2024-05-23,32.675,32.125,32.945,31.97,82558026
2024-05-24,32.67,32.13,32.94,31.97,82560000
2024-05-27,33.03,32.93,33.05,32.4,83186310
2024-05-28,32.34,32.12,32.72,32.1,79282224
2024-05-29,31.3,32.125,32.1475,30.995,85564766
2024-05-30,31.265,31.3,31.445,29.48,143746312
2024-05-31,31.26,31.3,31.44,29.48,143750000
2024-06-02,31.57,31.865,32.075,30.4809,111434962
2024-06-03,31.805,31.5,32.065,31.135,88491810
2024-06-04,33.725,32.56,33.74,32.325,104871438
2024-06-05,33.685,33.87,33.9375,33.425,73031104
2024-06-06,33.56,33.56,34.1625,33.31,89943346
2024-06-07,33.56,33.56,34.16,33.31,89940000
2024-06-09,33.915,33.295,34.03,33.24,72453664
2024-06-10,34.615,33.66,34.6594,33.33,71386734
2024-06-11,35.98,35.505,36.51,35.36,124402686
2024-06-12,36.555,36.785,36.9442,36.035,87285010
2024-06-13,37.085,36.475,37.105,36.365,71554964
2024-06-14,37.08,36.47,37.1,36.37,71550000
2024-06-16,38.43,37.14,38.86,36.835,93354592
2024-06-17,38.45,38.415,38.616,38.03,66433296
2024-06-18,38.45,38.42,38.62,38.03,66430000
2024-06-19,37.545,38.73,38.83,37.1105,105455074
2024-06-20,37.2,37.45,37.765,36.861,77712934
2024-06-21,37.2,37.45,37.76,36.86,77710000
2024-06-23,35.94,36.91,37.315,35.9001,93754548
2024-06-24,37.14,36.395,37.215,36.185,78608658
2024-06-25,37.23,36.8,37.35,36.705,72549544
2024-06-26,37.5,37.16,37.8494,36.96,74115476
2024-06-27,36.91,37.645,38.765,36.7251,107802952
2024-06-28,36.91,37.65,38.76,36.73,107800000
2024-06-30,37.515,37.08,37.645,36.21,86557380
2024-07-01,38.665,37.145,38.69,37.12,74950286
2024-07-02,39.615,38.475,39.655,38.475,56150486
2024-07-03,39.62,38.47,39.65,38.47,56150000
2024-07-04,40.815,39.785,40.925,39.715,79624552
2024-07-05,40.81,39.78,40.92,39.72,79620000
2024-07-07,41.085,40.905,41.2325,40.64,73365698
2024-07-08,41.175,41.46,41.745,40.81,72373088
2024-07-09,42.465,41.66,42.6,41.3353,77554856
2024-07-10,39.675,42.485,42.53,39.35,149328970
2024-07-11,40.32,39.755,41.47,39.6475,101019758
2024-07-12,40.32,39.76,41.47,39.65,101020000
2024-07-14,40.62,40.735,41.81,40.115,109900482
2024-07-15,40.65,40.97,41.175,39.87,83637592
2024-07-16,37.075,38.665,38.785,37.045,142840026
2024-07-17,36.52,37.905,37.96,35.775,131678482
2024-07-18,35.53,36.4,36.985,35.22,118249630
2024-07-19,35.53,36.4,36.99,35.22,118250000
2024-07-21,37.08,36.825,37.315,36.06,112808568
2024-07-22,36.68,36.865,37.5636,36.57,87127098
2024-07-23,32.725,35.115,35.1901,32.5225,159575248
2024-07-24,31.635,32.78,33.67,31.065,188127994
2024-07-25,32.54,32.5,33.17,31.89,137406904
2024-07-26,32.54,32.5,33.17,31.89,137410000
2024-07-28,32.73,33.135,33.5927,32.26,115640876
2024-07-29,31.395,33.14,33.2951,30.67,143063694
2024-07-30,34.14,33.49,34.5,33.19,173408378
2024-07-31,31.68,34.29,35.11,30.852,210693136
2024-08-01,29.37,29.825,30.3575,28.5,209844008
2024-08-02,29.37,29.83,30.36,28.5,209840000
2024-08-04,26.81,24.665,28.0925,24.4,287924450
2024-08-05,27.48,27.065,28.875,26.57,192909324
2024-08-06,26.595,28.785,29.255,26.5,182751646
2024-08-07,29.03,27.725,29.175,27.005,152879254
2024-08-08,29.425,28.72,29.765,28.5,125592372
2024-08-09,29.42,28.72,29.76,28.5,125590000
2024-08-11,29.625,29.615,30.2,29.0573,108972640
2024-08-12,31.78,30.48,31.855,30.45,108962868
2024-08-13,31.835,31.995,32.3185,30.935,124710578
2024-08-14,34.23,33.065,34.315,32.9938,106424860
2024-08-15,34.32,33.81,34.6275,33.595,89675150
2024-08-16,34.32,33.81,34.63,33.6,89680000
2024-08-18,35.65,34.34,35.675,33.9425,91599848
2024-08-19,35.43,35.45,36.03,35.045,97858954
2024-08-20,35.915,35.59,36.33,35.2101,103000714
2024-08-21,34.19,36.43,36.58,33.96,127496478
2024-08-22,35.265,35.1,35.86,34.25,128753292
2024-08-23,35.26,35.1,35.86,34.25,128750000
2024-08-25,34.23,35.135,35.335,33.765,84981306
2024-08-26,34.52,33.865,34.75,33.425,71532590
2024-08-27,33.35,34.4,34.56,32.578,118625800
2024-08-28,33.175,33.725,34.715,32.895,120033658
2024-08-29,34.305,34.06,34.435,33.09,92946774
2024-08-30,34.31,34.06,34.44,33.09,92950000
2024-09-02,31.175,33.63,33.66,30.646,147572554
2024-09-03,30.91,30.52,31.685,30.325,96798378
2024-09-04,31.01,30.57,31.8597,30.36,110171514
2024-09-05,28.495,30.805,30.985,28.3601,169904608
2024-09-06,28.5,30.81,30.99,28.36,169900000
2024-09-08,29.555,29.285,29.7425,28.6675,110834928
2024-09-09,30.35,29.89,30.4575,29.1,91582410
2024-09-10,32.285,30.59,32.475,28.885,163475182
2024-09-11,33.24,32.315,33.445,31.945,110347038
2024-09-12,33.675,33.075,33.935,33.025,87966588
2024-09-13,33.67,33.08,33.94,33.03,87970000
2024-09-15,33.225,33.21,33.355,32.5125,82331074
2024-09-16,33.245,33.85,34.13,32.735,103114458
2024-09-17,32.81,33.51,34.38,32.695,166396194
2024-09-18,35.29,35.15,35.9,34.7059,114801338
2024-09-19,35.065,35.075,35.34,34.155,96759568
2024-09-20,35.06,35.08,35.34,34.15,96760000
2024-09-22,35.325,35.31,35.575,35.02,69837040
2024-09-23,35.825,35.64,36.045,34.69,81259516
2024-09-24,35.835,35.57,36.245,35.5295,64724882
2024-09-25,36.595,37.46,37.535,35.79,107003156
2024-09-26,35.965,36.81,36.83,35.695,82930684
2024-09-27,35.97,36.81,36.83,35.69,82930000
2024-09-29,36.245,35.73,36.31,35.09,86333904
2024-09-30,34.71,36.14,36.215,33.85,134760172
2024-10-01,34.84,34.505,35.2688,33.935,79119354
2024-10-02,34.76,34.365,35.4042,34.195,97749434
2024-10-03,35.985,36.0,36.08,34.89,110930020
2024-10-04,35.99,36.0,36.08,34.89,110930000
2024-10-06,34.8,35.525,35.79,34.529,82403436
2024-10-07,36.31,35.33,36.49,35.155,77914080
2024-10-08,37.185,36.26,37.315,36.03,78696266
2024-10-09,37.055,36.66,37.475,36.36,86060594
2024-10-10,37.15,36.585,37.4,36.45,70735230
2024-10-11,37.15,36.58,37.4,36.45,70740000
2024-10-13,38.1,37.72,38.41,37.605,67691268
2024-10-14,36.58,38.175,38.325,36.07,106307692
2024-10-15,36.56,36.62,36.745,35.835,70784194
2024-10-16,36.67,37.79,37.8,36.625,97697702
2024-10-17,37.32,37.23,37.575,37.065,64151696
2024-10-18,37.32,37.23,37.58,37.06,64150000
2024-10-20,37.525,37.03,37.7105,36.59,74995728
2024-10-21,37.635,36.9025,37.975,36.7275,76307982
2024-10-22,35.895,37.085,37.235,35.14,118172136
2024-10-23,36.75,36.71,36.9,36.12,78612740
2024-10-24,37.37,37.35,38.5,37.195,114826048
2024-10-25,37.37,37.35,38.5,37.19,114830000
2024-10-27,37.405,38.095,38.095,37.33,69162280
2024-10-28,38.44,37.465,38.7275,37.035,78545158
2024-10-29,37.585,38.275,38.49,37.47,80473128
2024-10-30,34.725,36.655,36.665,34.715,138905118
2024-10-31,35.465,35.04,36.18,34.985,96678886
2024-11-01,35.47,35.04,36.18,34.99,96680000
2024-11-03,35.135,35.32,35.8775,34.755,82214360
2024-11-04,36.47,35.475,36.62,35.4575,79352532
2024-11-05,39.43,38.33,39.6101,38.0971,118794134
2024-11-06,41.275,40.08,41.465,40.05,99545196
2024-11-07,41.375,41.11,41.555,40.955,70059902
2024-11-08,41.38,41.11,41.56,40.96,70060000
2024-11-10,41.3,41.665,41.7168,40.59,70806070
2024-11-11,41.075,41.27,41.485,40.325,68286050
2024-11-12,40.895,40.93,41.5451,40.34,74989078
2024-11-13,40.03,40.795,41.015,39.81,77651310
2024-11-14,37.135,38.635,38.725,36.645,120601530
2024-11-15,37.13,38.63,38.72,36.65,120600000
2024-11-17,37.885,37.465,38.37,37.155,77965234
2024-11-18,38.645,37.275,38.775,37.21,80088274
2024-11-19,38.6,38.575,38.645,37.055,101260638
2024-11-20,38.98,39.275,39.44,37.28,109865534
2024-11-21,39.125,38.82,39.305,38.44,79934878
2024-11-22,39.13,38.82,39.31,38.44,79930000
2024-11-24,39.305,40.08,40.435,38.77,91515710
2024-11-25,39.915,39.645,40.125,39.445,69747198
2024-11-26,38.95,39.645,39.655,38.1661,78463646
2024-11-27,38.95,39.65,39.65,38.17,78460000
2024-11-28,39.945,39.065,40.0845,38.9251,40865722
2024-11-29,39.94,39.06,40.08,38.93,40870000
2024-12-01,41.24,40.24,41.4731,40.145,73638182
2024-12-02,41.605,40.9,41.665,40.765,84810878
2024-12-03,43.125,42.435,43.185,42.2574,69992560
2024-12-04,42.77,43.125,43.32,42.67,54020404
2024-12-05,43.87,42.89,43.9325,42.86,62740678
2024-12-06,43.87,42.89,43.93,42.86,62740000
2024-12-08,42.845,43.625,43.8312,42.54,69577502
2024-12-09,42.38,43.125,43.56,42.0261,71541554
2024-12-10,44.645,43.44,44.81,43.34,74897892
2024-12-11,43.76,44.065,44.385,43.6409,66348304
2024-12-12,44.7,44.71,45.385,43.925,79663694
2024-12-13,44.7,44.71,45.38,43.92,79660000
2024-12-15,46.645,45.36,46.8946,45.335,69967688
2024-12-16,46.02,46.165,46.4549,45.585,69168160
2024-12-17,41.045,45.825,46.2837,40.645,134849156
2024-12-18,40.465,42.135,42.2653,40.375,113317588
2024-12-19,41.515,39.53,42.93,39.25,145240944
2024-12-20,41.51,39.53,42.93,39.25,145240000
2024-12-22,42.53,41.725,42.62,40.915,83645744
2024-12-23,44.22,42.975,44.24,42.82,48139548
2024-12-24,44.22,42.97,44.24,42.82,48140000
2024-12-25,44.125,43.81,44.54,43.2955,59604796
2024-12-26,42.33,43.185,43.2925,41.14,102138978
2024-12-27,42.33,43.19,43.29,41.14,102140000
2024-12-29,40.63,40.6,41.53,39.7063,102844068
2024-12-30,39.565,40.9,41.0799,39.34,105177670
2024-12-31,39.56,40.9,41.08,39.34,105180000
2025-01-01,39.315,40.27,40.8025,38.2655,141370664
2025-01-02,41.2,39.995,41.455,39.81,92431564
2025-01-03,41.2,39.99,41.46,39.81,92430000
2025-01-05,42.605,42.485,43.425,42.015,92050004
2025-01-06,40.31,42.86,42.945,39.8525,111020954
2025-01-07,40.34,40.28,40.705,39.22,96021236
2025-01-08,40.34,40.28,40.71,39.22,96020000
2025-01-09,38.415,39.4,39.41,37.615,145651664
2025-01-10,38.42,39.4,39.41,37.62,145650000
2025-01-12,38.015,37.025,38.1,36.67,113382012
2025-01-13,37.88,38.74,39.03,37.0955,125270900
2025-01-14,40.44,39.655,40.7375,39.3,106919152
2025-01-15,39.615,41.005,41.025,39.6,93055430
2025-01-16,41.57,41.845,41.97,40.92,87352166
2025-01-17,41.57,41.85,41.97,40.92,87350000
2025-01-20,42.26,42.225,42.575,41.1653,83451792
2025-01-21,43.9,43.42,44.455,43.355,86265326
2025-01-22,44.17,43.27,44.19,43.135,60480964
2025-01-23,43.375,44.215,44.415,43.005,72479266
2025-01-24,43.38,44.22,44.42,43.01,72480000
2025-01-26,39.57,38.79,40.515,38.59,161821678
2025-01-27,41.325,39.79,41.585,39.0,101033390
2025-01-28,41.07,41.455,41.49,40.13,118481100
2025-01-29,41.585,41.735,42.2925,40.43,115171020
2025-01-30,41.36,42.46,43.545,41.09,118669258
2025-01-31,41.36,42.46,43.54,41.09,118670000
2025-02-02,40.36,39.265,40.995,38.67,153256986
2025-02-03,41.825,40.455,41.969,40.365,84634532
2025-02-04,42.37,41.175,42.41,40.88,79694868
2025-02-05,43.005,42.48,43.065,42.0974,76431016
2025-02-06,41.365,43.13,43.595,41.1757,110870478
2025-02-07,41.37,43.13,43.6,41.18,110870000
2025-02-09,42.82,42.365,43.1,42.25,65594118
2025-02-10,42.515,42.035,42.995,42.005,62602804
2025-02-11,42.6,41.14,42.8025,41.05,96986608
2025-02-12,44.395,42.99,44.4775,42.79,92920162
2025-02-13,44.915,44.405,45.09,44.3,76057482
2025-02-14,44.92,44.4,45.09,44.3,76060000
2025-02-17,45.195,45.315,45.375,44.375,68825158
2025-02-18,45.2,45.0,45.56,44.46,68515786
2025-02-19,44.65,45.025,45.115,43.445,80266060
2025-02-20,41.855,44.885,44.895,41.735,118627218
2025-02-21,41.85,44.88,44.9,41.74,118630000
2025-02-23,40.35,42.25,42.525,40.25,106467450
2025-02-24,38.81,40.165,40.19,37.89,151194462
2025-02-25,39.06,39.29,40.225,38.345,126351466
2025-02-26,35.82,39.86,40.085,35.74,206751046
2025-02-27,37.46,35.73,37.585,35.0375,186357948
2025-02-28,37.46,35.73,37.58,35.04,186360000
2025-03-02,35.04,38.185,38.525,34.2175,183891686
2025-03-03,34.655,34.38,36.385,33.005,261673884
2025-03-04,36.005,34.775,36.3425,33.745,201266592
2025-03-05,33.02,34.195,35.2481,32.5858,245645406
2025-03-06,33.705,32.78,34.005,31.445,270354664
2025-03-07,33.71,32.78,34.01,31.44,270350000
2025-03-09,29.905,32.0,32.095,28.94,312271582
2025-03-10,29.555,29.7,30.925,28.6854,278978590
2025-03-11,30.565,30.97,31.33,29.58,283837152
2025-03-12,28.895,30.4,30.425,28.52,242454572
2025-03-13,30.945,29.855,31.115,29.75,198217088
2025-03-14,30.94,29.85,31.11,29.75,198220000
2025-03-16,31.545,30.94,32.14,30.575,180300748
2025-03-17,29.955,30.885,30.89,29.505,175652450
2025-03-18,31.12,30.34,31.955,29.97,185186316
2025-03-19,30.8,30.33,31.815,30.185,176818126
2025-03-20,31.09,29.765,31.2075,29.5364,160981968
2025-03-21,31.09,29.76,31.21,29.54,160980000
2025-03-23,33.065,32.53,33.265,32.4075,126822994
2025-03-24,33.655,33.24,33.685,33.045,111139390
2025-03-25,31.69,33.32,33.495,31.38,159135374
2025-03-26,31.15,31.3,32.115,30.875,144736084
2025-03-27,28.67,30.77,30.905,28.485,207264272
2025-03-28,28.67,30.77,30.91,28.49,207260000
2025-03-30,28.65,27.36,28.814,26.52,213708900
2025-03-31,29.31,28.34,29.4951,27.81,194196332
2025-04-01,29.965,28.095,30.6,28.045,246174714
2025-04-02,25.15,26.215,26.915,25.055,280231482
2025-04-03,20.545,22.995,23.39,20.515,516053354
2025-04-04,20.55,23.0,23.39,20.51,516050000
2025-04-06,20.625,18.375,23.415,17.5,791455254
2025-04-07,19.45,22.695,23.405,18.55,502295392
2025-04-08,26.305,19.38,26.705,19.365,713864068
2025-04-09,23.07,24.34,24.67,20.785,563385458
2025-04-10,24.29,22.835,24.535,22.31,358585798
2025-04-11,24.29,22.83,24.53,22.31,358590000
2025-04-13,24.8,25.95,26.026,24.0375,294861454
2025-04-14,24.895,24.98,25.6047,24.595,209340112
2025-04-15,22.645,23.415,24.005,21.58,269148718
2025-04-16,22.58,23.045,23.1447,22.175,202191662
2025-04-17,22.58,23.05,23.14,22.17,202190000
2025-04-20,20.93,21.685,21.82,20.12,229539376
2025-04-21,22.53,21.73,22.99,21.55,260222868
2025-04-22,24.025,24.62,25.4139,23.815,303995450
2025-04-23,26.07,24.37,26.14,24.27,240615402
2025-04-24,26.93,26.02,27.035,25.74,226103126
2025-04-25,26.93,26.02,27.03,25.74,226100000
2025-04-27,26.91,27.01,27.32,25.82,191356892
2025-04-28,27.435,26.52,27.585,26.415,169808030
2025-04-29,27.44,25.98,27.71,25.16,268446592
2025-04-30,28.385,28.78,29.4425,28.315,205481682
2025-05-01,29.715,29.32,30.0934,29.015,195097872
2025-05-02,29.72,29.32,30.09,29.01,195100000
2025-05-04,29.2,28.95,29.75,28.85,138578984
2025-05-05,28.37,28.03,29.02,27.785,165885888
2025-05-06,28.7,28.48,29.13,27.5425,208737144
2025-05-07,29.555,29.6,30.355,28.83,197621576
2025-05-08,29.485,29.9,30.1349,29.1625,146818844
2025-05-09,29.49,29.9,30.13,29.16,146820000
2025-05-11,33.055,32.925,33.08,31.9254,202489900
2025-05-12,34.57,33.335,34.93,33.18,170595446
2025-05-13,35.18,34.805,35.3038,34.605,161184772
2025-05-14,35.29,34.74,35.845,34.465,161694744
2025-05-15,35.725,35.555,35.76,34.825,127627218
2025-05-16,35.72,35.56,35.76,34.83,127630000
2025-05-18,35.82,34.235,35.93,34.215,143794186
2025-05-19,35.445,35.29,35.585,34.7001,134069416
2025-05-20,33.97,34.62,35.995,33.59,219255168
2025-05-21,34.145,34.08,34.8751,33.81,173542012
2025-05-22,33.16,32.545,33.6701,32.4294,214220876
2025-05-23,33.16,32.54,33.67,32.43,214220000
2025-05-26,35.47,34.495,35.5725,34.1947,130539532
2025-05-27,35.015,35.67,35.97,34.89,132542674
2025-05-28,35.185,36.5,36.5298,34.665,195434484
2025-05-29,35.0,35.065,35.3,33.52,187118298
2025-05-30,35.0,35.06,35.3,33.52,187120000
2025-06-01,35.805,34.6,35.86,34.345,137925416
2025-06-02,36.64,35.88,36.94,35.7,128728364
2025-06-03,36.935,36.79,37.16,36.355,128888904
2025-06-04,36.075,37.225,37.825,35.65,199024924
2025-06-05,37.105,37.135,37.505,36.77,131215386
2025-06-06,37.1,37.13,37.51,36.77,131220000
2025-06-08,37.27,37.155,37.62,36.92,100363788
2025-06-09,37.99,37.355,38.1425,36.88,122692950
2025-06-10,37.6,38.295,38.5375,37.11,181651976
2025-06-11,37.845,37.3,38.0647,37.26,126110016
2025-06-12,36.415,36.55,37.4425,36.135,210666160
2025-06-13,36.42,36.55,37.44,36.13,210670000
2025-06-15,37.9,37.11,38.125,37.11,116668682
2025-06-16,36.78,37.34,37.69,36.54,135418188
2025-06-17,36.73,36.96,37.48,36.42,142661416
2025-06-18,36.73,36.96,37.48,36.42,142660000
2025-06-19,36.225,37.38,37.6649,35.8575,163354900
2025-06-20,36.22,37.38,37.66,35.86,163350000
2025-06-22,37.35,36.365,37.465,35.71,167572710
2025-06-23,39.05,38.455,39.255,38.3275,113191500
2025-06-24,39.24,39.44,39.71,38.86,101438146
2025-06-25,40.315,39.71,40.425,39.3104,100144186
2025-06-26,40.71,40.5152,41.125,39.9265,146023562
2025-06-27,40.71,40.52,41.13,39.93,146020000
2025-06-29,41.5,41.4,41.745,40.915,113721460
2025-06-30,40.445,41.06,41.27,39.905,140389946
2025-07-01,41.25,40.23,41.295,40.215,100285062
2025-07-02,42.405,41.745,42.645,41.745,83484604
2025-07-03,42.4,41.74,42.65,41.74,83480000
2025-07-06,41.46,41.8,41.985,40.9,139674752
2025-07-07,41.515,41.74,41.8875,41.235,115515424
2025-07-08,42.375,41.985,42.6925,41.675,117976250
2025-07-09,42.18,42.515,42.61,41.57,110317770
2025-07-10,41.86,41.6575,42.225,41.375,106937584
2025-07-11,41.86,41.66,42.22,41.38,106940000
2025-07-13,42.305,41.815,42.4676,41.275,97311478
2025-07-14,42.415,43.215,43.335,42.4,123257536
2025-07-15,42.535,42.53,42.675,41.22,166357634
2025-07-16,43.525,42.685,43.66,42.5,97330852
2025-07-17,43.375,43.82,43.87,43.095,98496256
2025-07-18,43.38,43.82,43.87,43.1,98500000
2025-07-20,44.035,43.575,44.49,43.56,87720302
2025-07-21,43.35,44.065,44.08,42.7325,108345276
2025-07-22,43.92,43.59,43.94,42.95,118025230
2025-07-23,44.21,44.225,44.48,43.8,90378270
2025-07-24,44.46,44.155,44.79,43.99,79003182
2025-07-25,44.46,44.15,44.79,43.99,79000000
2025-07-27,44.8925,44.795,45.095,44.59,95591984
2025-07-28,44.69,45.495,45.8125,44.49,116251158
2025-07-29,44.845,44.87,45.44,44.13,145527628
2025-07-30,44.105,46.355,46.375,43.83,178874656
2025-07-31,41.46,42.625,42.66,40.93,219781216
2025-08-01,41.46,42.63,42.66,40.93,219780000
2025-08-03,43.73,42.61,43.785,42.58,108585948
2025-08-04,42.82,44.025,44.305,42.71,152088324
2025-08-05,44.42,43.015,44.5328,42.905,128995266
2025-08-06,44.87,45.445,45.835,43.9075,169239148
2025-08-07,46.08,45.12,46.14,45.0506,104522674
2025-08-08,46.08,45.12,46.14,45.05,104520000
2025-08-10,45.675,46.115,46.62,45.3575,94616990
2025-08-11,47.36,46.21,47.445,45.565,120277962
2025-08-12,47.43,48.025,48.16,47.0875,96058510
2025-08-13,47.3,46.92,47.7939,46.82,106385750
2025-08-14,46.63,47.235,47.255,46.2097,96167398
2025-08-15,46.63,47.24,47.26,46.21,96170000
2025-08-17,46.57,46.4,46.7275,46.115,73371354
2025-08-18,44.67,46.385,46.43,44.4119,111118642
2025-08-19,43.855,44.415,44.445,42.19,164404258
2025-08-20,43.245,43.475,43.975,42.695,119919942
2025-08-21,45.19,43.51,45.66,43.185,132726482
2025-08-22,45.19,43.51,45.66,43.19,132730000
2025-08-24,44.795,44.81,45.49,44.515,80452568
2025-08-25,45.315,44.655,45.385,44.4175,84374598
2025-08-26,45.52,45.07,45.72,44.77,90055180
2025-08-27,46.35,45.64,46.555,45.255,90657998
2025-08-28,44.68,45.7075,45.795,44.245,121887006
2025-08-29,44.68,45.71,45.79,44.24,121890000
2025-09-01,43.54,42.555,43.62,42.125,166668070
2025-09-02,44.555,44.365,44.9375,43.795,119929802
2025-09-03,45.76,44.7,45.8323,44.3075,101759684
2025-09-04,45.91,46.97,47.12,44.8436,172625734
2025-09-05,45.91,46.97,47.12,44.84,172630000
2025-09-07,46.565,46.455,47.0476,46.32,101696744
2025-09-08,46.945,46.75,47.055,46.1218,94620748
2025-09-09,46.995,47.725,47.73,46.47,120818810
2025-09-10,47.785,47.595,47.99,47.205,91247130
2025-09-11,48.38,47.98,48.685,47.7625,92235236
2025-09-12,48.38,47.98,48.68,47.76,92240000
2025-09-14,49.615,48.82,49.635,48.7825,78114352
2025-09-15,49.48,49.835,49.905,49.305,77137148
2025-09-16,49.165,49.445,49.6,47.7555,147697142
2025-09-17,50.49,50.38,51.185,49.895,123401564
2025-09-18,51.49,50.94,51.645,50.575,84365388
2025-09-19,51.49,50.94,51.65,50.58,84370000
2025-09-21,52.36,51.21,52.5379,51.21,81054580
2025-09-22,51.305,52.395,52.45,50.99,99930552
2025-09-23,50.705,51.605,51.68,49.995,101055614
2025-09-24,50.025,49.7,50.435,48.7499,122820590
2025-09-25,50.625,50.2,50.69,49.37,124097356
2025-09-26,50.63,50.2,50.69,49.37,124100000
2025-09-28,51.3,51.3925,52.14,50.97,92393106
2025-09-29,51.7,51.205,51.785,50.61,92323854
2025-09-30,52.43,50.865,52.57,50.65,93996434
2025-10-01,53.07,53.405,53.4175,52.33,89158698
2025-10-02,52.35,53.22,53.435,51.88,103096370
2025-10-03,52.35,53.22,53.44,51.88,103100000
2025-10-05,53.52,53.7,53.9412,53.065,82476726
2025-10-06,52.655,53.85,54.03,52.26,100185818
2025-10-07,54.44,52.86,54.525,52.83,86931056
2025-10-08,54.225,54.438,54.48,53.3775,87956100
2025-10-09,48.535,54.365,54.83,48.4151,238009404
2025-10-10,48.53,54.37,54.83,48.42,238010000
2025-10-12,51.615,51.03,51.84,50.4251,114511130
2025-10-13,50.565,49.865,51.765,48.535,147230048
2025-10-14,51.6,52.07,52.755,50.02,127069378
2025-10-15,51.025,52.34,53.165,49.875,159343968
2025-10-16,51.995,50.46,52.385,50.06,142274018
2025-10-17,51.99,50.46,52.38,50.06,142270000
2025-10-19,53.945,52.805,54.26,52.775,79928172
2025-10-20,53.885,53.9475,54.24,53.335,79811454
2025-10-21,52.3,53.725,53.87,50.79,134380740
2025-10-22,53.61,52.135,53.815,52.04,91244990
2025-10-23,55.28,54.995,55.63,54.765,84387668
2025-10-24,55.28,54.99,55.63,54.76,84390000
2025-10-26,58.215,57.26,58.345,57.1351,77489436
2025-10-27,59.545,58.825,60.0378,58.53,92239234
2025-10-28,60.305,60.285,60.685,58.77,133060638
2025-10-29,57.545,59.295,59.67,57.515,127234270
2025-10-30,58.36,59.745,59.745,57.69,122666876
2025-10-31,58.36,59.74,59.74,57.69,122670000
2025-11-02,59.16,60.0,60.2088,58.54,83597916
2025-11-03,55.54,56.68,57.705,55.3217,124762716
2025-11-04,56.62,55.34,57.5,54.97,109729650
2025-11-05,53.445,56.185,56.25,53.06,156461184
2025-11-06,52.89,52.51,52.9218,49.98,183589372
2025-11-07,52.89,52.51,52.92,49.98,183590000
2025-11-09,56.355,55.215,56.625,54.705,119878754
2025-11-10,55.89,55.635,56.21,54.8,102665508
2025-11-11,55.775,56.765,56.77,54.865,125708378
2025-11-12,52.33,54.785,54.94,51.7,201263982
2025-11-13,52.37,49.99,53.545,49.385,222396796
2025-11-14,52.37,49.99,53.54,49.38,222400000
2025-11-16,51.025,51.705,53.314,50.055,186327044
2025-11-17,49.18,49.985,50.67,47.9,267347316
2025-11-18,50.025,49.325,51.575,48.715,184263514
2025-11-19,46.45,52.95,53.54,46.23,178246289
2025-11-20,47.48,46.85,49.1,45.24,179618618
2025-11-21,47.48,46.85,49.1,45.24,179620000
2025-11-23,51.08,48.7,51.45,48.67,93893959
2025-11-24,52.01,50.64,52.36,49.08,101851815
2025-11-25,53.37,52.91,53.855,52.3701,75597997
2025-11-26,53.37,52.91,53.85,52.37,75600000
2025-11-27,54.54,53.82,54.61,53.625,34381210
2025-11-28,54.54,53.82,54.61,53.63,34380000
2025-11-30,54.05,53.11,54.65,52.82,66359590
2025-12-01,55.3,54.63,55.76,54.1441,79504250
2025-12-02,55.69,54.66,55.88,54.2327,69844849
2025-12-03,55.51,56.04,56.05,54.61,63957971
2025-12-04,56.15,55.86,57.08,55.68,73205745
2025-12-05,56.15,55.86,57.08,55.68,73210000
2025-12-07,55.8,56.57,57.04,55.12,69663172
2025-12-08,56.01,55.45,56.22,55.09,48711419
2025-12-09,56.65,55.65,57.09,54.89,100220216
2025-12-10,56.11,55.63,56.16,53.98,99613776
2025-12-11,52.82,55.11,55.52,52.23,138367913
2025-12-12,52.82,55.11,55.52,52.23,138450000
2025-12-14,52.02,54.06,54.06,51.72,98505889
2025-12-15,52.33,51.43,52.7684,51.095,105804206
2025-12-16,49.4,52.65,52.7994,49.37,125498953
2025-12-17,51.51,51.67,52.46,50.98,109133628
2025-12-18,53.52,52.2,53.6399,52.19,72909933
2025-12-19,53.52,52.2,53.64,52.19,72960000
2025-12-21,54.25,54.81,54.89,53.88,64733648
2025-12-22,55.01,53.97,55.07,53.86,48168145
2025-12-23,55.36,54.87,55.45,54.78,25842811
2025-12-24,55.36,54.87,55.45,54.78,25860000
2025-12-25,55.31,55.52,55.745,55.11,37226012
2025-12-26,55.31,55.52,55.74,55.11,37240000
2025-12-28,54.49,54.29,54.9908,53.92,50617982
2025-12-29,54.1,54.2,54.8183,54.04,38963623
2025-12-30,52.72,54.13,54.2,52.64,57186135
2025-12-31,52.7,54.13,54.19,52.65,55360000
2026-01-01,52.35,54.17,54.875,51.61,107180322
2026-01-04,53.6,53.95,54.33,53.29,77944628
2026-01-05,55.01,53.92,55.165,53.74,68861420
2026-01-06,55.17,54.89,56.19,54.77,65547275
2026-01-07,54.19,54.87,54.98,53.495,83706476
2026-01-08,55.76,54.39,56.1,53.79,77574598
