Date,Strategy_Name,Portfolio_Value,Total_Invested,Daily_Return
2016-01-11,Adaptive Optimized SMA 30,10000.0,10000.0,0.0
2016-01-12,Adaptive Optimized SMA 30,10115.074798619104,10000.0,0.011507479861910268
2016-01-13,Adaptive Optimized SMA 30,9766.973532796319,10000.0,-0.0344141069397043
2016-01-14,Adaptive Optimized SMA 30,9975.067126965861,10000.0,0.021305841924398643
2016-01-15,Adaptive Optimized SMA 30,9665.324127349444,10000.0,-0.03105172082291857
2016-01-19,Adaptive Optimized SMA 30,9686.421173762947,10000.0,0.0021827562258160418
2016-01-20,Adaptive Optimized SMA 30,9656.693517453012,10000.0,-0.0030690030690030913
2016-01-21,Adaptive Optimized SMA 30,9666.283084004604,10000.0,0.0009930486593842534
2016-01-22,Adaptive Optimized SMA 30,9946.298427311089,10000.0,0.028968253968253987
2016-01-25,Adaptive Optimized SMA 30,9798.619102416575,10000.0,-0.014847666795217818
2016-01-26,Adaptive Optimized SMA 30,9886.843114691217,10000.0,0.009003718927382926
2016-01-27,Adaptive Optimized SMA 30,9640.391254315307,10000.0,-0.024927255092143486
2016-01-28,Adaptive Optimized SMA 30,9776.563099347914,10000.0,0.014125136775092029
2016-01-29,Adaptive Optimized SMA 30,9980.82086689682,10000.0,0.020892594409023985
2016-02-01,Adaptive Optimized SMA 30,10007.671653241277,10000.0,0.002690238278247513
2016-02-02,Adaptive Optimized SMA 30,9790.9474491753,10000.0,-0.02165580682253742
2016-02-03,Adaptive Optimized SMA 30,9743.958573072501,10000.0,-0.004799216454456365
2016-02-04,Adaptive Optimized SMA 30,9742.999616417343,10000.0,-9.841551028447117e-05
2016-02-05,Adaptive Optimized SMA 30,9404.48791714615,10000.0,-0.03474409448818899
2016-02-08,Adaptive Optimized SMA 30,9260.644418872273,10000.0,-0.015295197308045275
2016-02-09,Adaptive Optimized SMA 30,9231.875719217496,10000.0,-0.0031065548306927326
2016-02-10,Adaptive Optimized SMA 30,9267.357115458388,10000.0,0.0038433572244728842
2016-02-11,Adaptive Optimized SMA 30,9253.93172228616,10000.0,-0.0014486754966887476
2016-02-12,Adaptive Optimized SMA 30,9394.89835059456,10000.0,0.015233160621761646
2016-02-16,Adaptive Optimized SMA 30,9606.827771384742,10000.0,0.022557925895682434
2016-02-17,Adaptive Optimized SMA 30,9824.510932105877,10000.0,0.022659213415851427
2016-02-18,Adaptive Optimized SMA 30,9491.476663220932,10000.0,-0.03389830508474579
2016-02-19,Adaptive Optimized SMA 30,9546.982374701756,10000.0,0.005847953216374275
2016-02-22,Adaptive Optimized SMA 30,10046.533778029174,10000.0,0.05232558139534888
2016-02-23,Adaptive Optimized SMA 30,9546.982374701756,10000.0,-0.04972375690607739
2016-02-24,Adaptive Optimized SMA 30,9824.510932105877,10000.0,0.029069767441860492
2016-02-25,Adaptive Optimized SMA 30,10102.039489509998,10000.0,0.028248587570621493
2016-02-26,Adaptive Optimized SMA 30,10046.533778029174,10000.0,-0.005494505494505499
2016-02-29,Adaptive Optimized SMA 30,9769.005220625053,10000.0,-0.027624309392265217
2016-03-01,Adaptive Optimized SMA 30,10712.602315799062,10000.0,0.09659090909090905
2016-03-02,Adaptive Optimized SMA 30,10712.602315799062,10000.0,0.0
2016-03-03,Adaptive Optimized SMA 30,10657.096604318238,10000.0,-0.005181347150259072
2016-03-04,Adaptive Optimized SMA 30,10712.602315799062,10000.0,0.005208333333333338
2016-03-07,Adaptive Optimized SMA 30,10490.579469875765,10000.0,-0.020725388601036288
2016-03-08,Adaptive Optimized SMA 30,10213.050912471645,10000.0,-0.026455026455026363
2016-03-09,Adaptive Optimized SMA 30,10435.07375839494,10000.0,0.021739130434782507
2016-03-10,Adaptive Optimized SMA 30,10379.568046914115,10000.0,-0.0053191489361701
2016-03-11,Adaptive Optimized SMA 30,10934.625161722357,10000.0,0.05347593582887693
2016-03-14,Adaptive Optimized SMA 30,10990.13087320318,10000.0,0.0050761421319797
2016-03-15,Adaptive Optimized SMA 30,10990.13087320318,10000.0,0.0
2016-03-16,Adaptive Optimized SMA 30,11267.659430607298,10000.0,0.025252525252525162
2016-03-17,Adaptive Optimized SMA 30,11212.153719126476,10000.0,-0.0049261083743841316
2016-03-18,Adaptive Optimized SMA 30,11267.6594306073,10000.0,0.004950495049504845
2016-03-21,Adaptive Optimized SMA 30,11434.176565049775,10000.0,0.014778325123152834
2016-03-22,Adaptive Optimized SMA 30,11489.682276530599,10000.0,0.004854368932038731
2016-03-23,Adaptive Optimized SMA 30,11267.659430607302,10000.0,-0.01932367149758456
2016-03-24,Adaptive Optimized SMA 30,11212.15371912648,10000.0,-0.0049261083743841316
2016-03-28,Adaptive Optimized SMA 30,11212.15371912648,10000.0,0.0
2016-03-29,Adaptive Optimized SMA 30,11711.705122453897,10000.0,0.04455445544554448
2016-03-30,Adaptive Optimized SMA 30,11933.727968377194,10000.0,0.018957345971564
2016-03-31,Adaptive Optimized SMA 30,11822.716545415546,10000.0,-0.009302325581395357
2016-04-01,Adaptive Optimized SMA 30,12211.256525781315,10000.0,0.03286384976525835
2016-04-04,Adaptive Optimized SMA 30,12100.245102819666,10000.0,-0.009090909090909097
2016-04-05,Adaptive Optimized SMA 30,11767.210833934721,10000.0,-0.027522935779816536
2016-04-06,Adaptive Optimized SMA 30,12322.267948742965,10000.0,0.047169811320754755
2016-04-07,Adaptive Optimized SMA 30,11767.210833934723,10000.0,-0.045045045045045085
2016-04-08,Adaptive Optimized SMA 30,11767.210833934723,10000.0,0.0
2016-04-11,Adaptive Optimized SMA 30,11656.199410973075,10000.0,-0.009433962264150952
2016-04-12,Adaptive Optimized SMA 30,11933.727968377194,10000.0,0.023809523809523725
2016-04-13,Adaptive Optimized SMA 30,12377.77366022379,10000.0,0.03720930232558143
2016-04-14,Adaptive Optimized SMA 30,12377.77366022379,10000.0,0.0
2016-04-15,Adaptive Optimized SMA 30,12266.76223726214,10000.0,-0.00896860986547086
2016-04-18,Adaptive Optimized SMA 30,12488.785083185438,10000.0,0.018099547511312233
2016-04-19,Adaptive Optimized SMA 30,12266.76223726214,10000.0,-0.017777777777777795
2016-04-20,Adaptive Optimized SMA 30,12266.76223726214,10000.0,0.0
2016-04-21,Adaptive Optimized SMA 30,12266.76223726214,10000.0,0.0
2016-04-22,Adaptive Optimized SMA 30,11711.7051224539,10000.0,-0.04524886877828058
2016-04-25,Adaptive Optimized SMA 30,11711.7051224539,10000.0,0.0
2016-04-26,Adaptive Optimized SMA 30,11545.187988011427,10000.0,-0.014218009478672893
2016-04-27,Adaptive Optimized SMA 30,11267.659430607304,10000.0,-0.024038461538461665
2016-04-28,Adaptive Optimized SMA 30,11131.424709069082,10000.0,-0.012090773809523784
2016-04-29,Adaptive Optimized SMA 30,11072.738982868002,10000.0,-0.005272076821690852
2016-05-02,Adaptive Optimized SMA 30,11177.534922512788,10000.0,0.00946431951542684
2016-05-03,Adaptive Optimized SMA 30,11073.78694226445,10000.0,-0.0092818301143821
2016-05-04,Adaptive Optimized SMA 30,11002.525703305997,10000.0,-0.006435128229393459
2016-05-05,Adaptive Optimized SMA 30,10999.381825116654,10000.0,-0.00028574149919040993
2016-05-06,Adaptive Optimized SMA 30,11058.067551317734,10000.0,0.005335365853658559
2016-05-09,Adaptive Optimized SMA 30,11089.506333211168,10000.0,0.002843062926459412
2016-05-10,Adaptive Optimized SMA 30,11241.460445696106,10000.0,0.01370251370251373
2016-05-11,Adaptive Optimized SMA 30,11139.808384240665,10000.0,-0.009042602778036719
2016-05-12,Adaptive Optimized SMA 30,11090.554292607616,10000.0,-0.004421448730009396
2016-05-13,Adaptive Optimized SMA 30,11049.68387614615,10000.0,-0.0036851554379665557
2016-05-16,Adaptive Optimized SMA 30,11188.014516477268,10000.0,0.012518968133535731
2016-05-17,Adaptive Optimized SMA 30,11047.587957353255,10000.0,-0.012551517422255559
2016-05-18,Adaptive Optimized SMA 30,11087.410414418273,10000.0,0.0036046291026370276
2016-05-19,Adaptive Optimized SMA 30,11029.772647613641,10000.0,-0.00519848771266538
2016-05-20,Adaptive Optimized SMA 30,11151.335937601592,10000.0,0.011021377672208994
2016-05-23,Adaptive Optimized SMA 30,11136.664506051322,10000.0,-0.0013156658208815014
2016-05-24,Adaptive Optimized SMA 30,11359.879857494716,10000.0,0.02004328596969991
2016-05-25,Adaptive Optimized SMA 30,11579.394444112972,10000.0,0.01932367149758456
2016-05-26,Adaptive Optimized SMA 30,11689.1517374221,10000.0,0.009478672985782
2016-05-27,Adaptive Optimized SMA 30,11853.787677385793,10000.0,0.01408450704225364
2016-05-31,Adaptive Optimized SMA 30,11963.544970694922,10000.0,0.009259259259259267
2016-06-01,Adaptive Optimized SMA 30,11963.544970694922,10000.0,0.0
2016-06-02,Adaptive Optimized SMA 30,12018.423617349485,10000.0,0.0045871559633026545
2016-06-03,Adaptive Optimized SMA 30,11853.787677385793,10000.0,-0.013698630136986212
2016-06-06,Adaptive Optimized SMA 30,11963.544970694922,10000.0,0.009259259259259267
2016-06-07,Adaptive Optimized SMA 30,11908.666324040358,10000.0,-0.0045871559633028575
2016-06-08,Adaptive Optimized SMA 30,11963.544970694922,10000.0,0.004608294930875683
2016-06-09,Adaptive Optimized SMA 30,11908.666324040358,10000.0,-0.0045871559633028575
2016-06-10,Adaptive Optimized SMA 30,11469.637150803846,10000.0,-0.03686635944700464
2016-06-13,Adaptive Optimized SMA 30,11195.243917531028,10000.0,-0.02392344497607647
2016-06-14,Adaptive Optimized SMA 30,11195.243917531028,10000.0,0.0
2016-06-15,Adaptive Optimized SMA 30,11085.486624221901,10000.0,-0.00980392156862746
2016-06-16,Adaptive Optimized SMA 30,11195.24391753103,10000.0,0.00990099009900991
2016-06-17,Adaptive Optimized SMA 30,10811.093390949083,10000.0,-0.03431372549019611
2016-06-20,Adaptive Optimized SMA 30,10879.15157540775,10000.0,0.006295217513858756
2016-06-21,Adaptive Optimized SMA 30,10987.943091161827,10000.0,0.010000000000000009
2016-06-22,Adaptive Optimized SMA 30,10933.547333284787,10000.0,-0.004950495049505065
2016-06-23,Adaptive Optimized SMA 30,11423.109154178137,10000.0,0.04477611940298523
2016-06-24,Adaptive Optimized SMA 30,10008.819449375129,10000.0,-0.12380952380952381
2016-06-27,Adaptive Optimized SMA 30,9810.064113033932,10000.0,-0.019858019953952352
2016-06-28,Adaptive Optimized SMA 30,10025.142351393488,10000.0,0.02192424390721342
2016-06-29,Adaptive Optimized SMA 30,10201.813761474552,10000.0,0.01762283306196728
2016-06-30,Adaptive Optimized SMA 30,10319.914758430916,10000.0,0.011576470588235332
2016-07-01,Adaptive Optimized SMA 30,10422.600477420277,10000.0,0.009950248756218916
2016-07-05,Adaptive Optimized SMA 30,10268.571898936236,10000.0,-0.014778325123152615
2016-07-06,Adaptive Optimized SMA 30,10525.286196409641,10000.0,0.02499999999999991
2016-07-07,Adaptive Optimized SMA 30,10576.629055904323,10000.0,0.004878048780487918
2016-07-08,Adaptive Optimized SMA 30,11090.057650851135,10000.0,0.04854368932038839
2016-07-11,Adaptive Optimized SMA 30,11295.42908882986,10000.0,0.018518518518518535
2016-07-12,Adaptive Optimized SMA 30,11449.457667313902,10000.0,0.013636363636363547
2016-07-13,Adaptive Optimized SMA 30,11398.114807819222,10000.0,-0.0044843049327353305
2016-07-14,Adaptive Optimized SMA 30,11603.486245797945,10000.0,0.018018018018017834
2016-07-15,Adaptive Optimized SMA 30,11552.143386303265,10000.0,-0.004424778761061853
2016-07-18,Adaptive Optimized SMA 30,11757.51482428199,10000.0,0.017777777777777795
2016-07-19,Adaptive Optimized SMA 30,11654.829105292629,10000.0,-0.00873362445414848
2016-07-20,Adaptive Optimized SMA 30,12065.57198125008,10000.0,0.03524229074889871
2016-07-21,Adaptive Optimized SMA 30,11962.886262260718,10000.0,-0.008510638297872348
2016-07-22,Adaptive Optimized SMA 30,12116.91484074476,10000.0,0.01287553648068661
2016-07-25,Adaptive Optimized SMA 30,12116.91484074476,10000.0,0.0
2016-07-26,Adaptive Optimized SMA 30,12168.257700239441,10000.0,0.004237288135593318
2016-07-27,Adaptive Optimized SMA 30,12424.971997712846,10000.0,0.021097046413502032
2016-07-28,Adaptive Optimized SMA 30,12527.657716702208,10000.0,0.008264462809917363
2016-07-29,Adaptive Optimized SMA 30,12630.34343569157,10000.0,0.008196721311475417
2016-08-01,Adaptive Optimized SMA 30,12835.714873670295,10000.0,0.016260162601626032
2016-08-02,Adaptive Optimized SMA 30,12527.657716702208,10000.0,-0.02400000000000002
2016-08-03,Adaptive Optimized SMA 30,12630.34343569157,10000.0,0.008196721311475417
2016-08-04,Adaptive Optimized SMA 30,12784.372014175613,10000.0,0.012195121951219613
2016-08-05,Adaptive Optimized SMA 30,13143.77203063838,10000.0,0.02811244979919672
2016-08-08,Adaptive Optimized SMA 30,13092.429171143698,10000.0,-0.00390625000000009
2016-08-09,Adaptive Optimized SMA 30,13195.11489013306,10000.0,0.007843137254901968
2016-08-10,Adaptive Optimized SMA 30,13092.429171143698,10000.0,-0.007782101167315182
2016-08-11,Adaptive Optimized SMA 30,13246.457749627743,10000.0,0.01176470588235304
2016-08-12,Adaptive Optimized SMA 30,13246.457749627743,10000.0,0.0
2016-08-15,Adaptive Optimized SMA 30,13451.829187606469,10000.0,0.015503875968992262
2016-08-16,Adaptive Optimized SMA 30,13246.457749627743,10000.0,-0.015267175572519097
2016-08-17,Adaptive Optimized SMA 30,13297.800609122425,10000.0,0.003875968992247979
2016-08-18,Adaptive Optimized SMA 30,13297.800609122425,10000.0,0.0
2016-08-19,Adaptive Optimized SMA 30,13297.800609122425,10000.0,0.0
2016-08-22,Adaptive Optimized SMA 30,13297.800609122425,10000.0,0.0
2016-08-23,Adaptive Optimized SMA 30,13349.143468617107,10000.0,0.0038610038610039504
2016-08-24,Adaptive Optimized SMA 30,13092.429171143698,10000.0,-0.019230769230769332
2016-08-25,Adaptive Optimized SMA 30,13041.086311649018,10000.0,-0.003921568627450897
2016-08-26,Adaptive Optimized SMA 30,13092.4291711437,10000.0,0.003937007874015664
2016-08-29,Adaptive Optimized SMA 30,13143.772030638382,10000.0,0.003921568627451071
2016-08-30,Adaptive Optimized SMA 30,13041.08631164902,10000.0,-0.007812500000000007
2016-08-31,Adaptive Optimized SMA 30,12989.743452154338,10000.0,-0.003937007874015839
2016-09-01,Adaptive Optimized SMA 30,13041.086311649022,10000.0,0.003952569169960566
2016-09-02,Adaptive Optimized SMA 30,13195.114890133065,10000.0,0.011811023622047168
2016-09-06,Adaptive Optimized SMA 30,13451.829187606474,10000.0,0.019455252918288042
2016-09-07,Adaptive Optimized SMA 30,13503.172047101154,10000.0,0.0038167938931296893
2016-09-08,Adaptive Optimized SMA 30,13246.457749627749,10000.0,-0.019011406844106397
2016-09-09,Adaptive Optimized SMA 30,12219.600559734125,10000.0,-0.07751937984496131
2016-09-12,Adaptive Optimized SMA 30,12438.91575100934,10000.0,0.01794781999649796
2016-09-13,Adaptive Optimized SMA 30,12141.57115138362,10000.0,-0.02390438247011937
2016-09-14,Adaptive Optimized SMA 30,12199.523630193486,10000.0,0.004773062570511127
2016-09-15,Adaptive Optimized SMA 30,12740.631533145614,10000.0,0.044354838709677366
2016-09-16,Adaptive Optimized SMA 30,12740.631533145614,10000.0,0.0
2016-09-19,Adaptive Optimized SMA 30,12593.056650522305,10000.0,-0.011583011583011508
2016-09-20,Adaptive Optimized SMA 30,12642.248278063407,10000.0,0.0039062499999999167
2016-09-21,Adaptive Optimized SMA 30,13035.78129839223,10000.0,0.03112840466926073
2016-09-22,Adaptive Optimized SMA 30,13330.931063638847,10000.0,0.022641509433962283
2016-09-23,Adaptive Optimized SMA 30,13084.972925933334,10000.0,-0.018450184501844952
2016-09-26,Adaptive Optimized SMA 30,12740.631533145614,10000.0,-0.026315789473684317
2016-09-27,Adaptive Optimized SMA 30,13134.164553474435,10000.0,0.030888030888030917
2016-09-28,Adaptive Optimized SMA 30,13183.356181015537,10000.0,0.003745318352060012
2016-09-29,Adaptive Optimized SMA 30,12888.20641576892,10000.0,-0.022388059701492557
2016-09-30,Adaptive Optimized SMA 30,13183.356181015535,10000.0,0.022900763358778647
2016-10-03,Adaptive Optimized SMA 30,13134.164553474431,10000.0,-0.0037313432835821753
2016-10-04,Adaptive Optimized SMA 30,13084.972925933329,10000.0,-0.0037453183520598453
2016-10-05,Adaptive Optimized SMA 30,13232.547808556637,10000.0,0.011278195488721731
2016-10-06,Adaptive Optimized SMA 30,13183.356181015535,10000.0,-0.0037174721189590287
2016-10-07,Adaptive Optimized SMA 30,13084.972925933329,10000.0,-0.007462686567164185
2016-10-10,Adaptive Optimized SMA 30,13330.931063638844,10000.0,0.01879699248120294
2016-10-11,Adaptive Optimized SMA 30,12789.823160686714,10000.0,-0.040590405904059
2016-10-12,Adaptive Optimized SMA 30,12740.63153314561,10000.0,-0.003846153846153935
2016-10-13,Adaptive Optimized SMA 30,12593.056650522301,10000.0,-0.011583011583011508
2016-10-14,Adaptive Optimized SMA 30,12642.248278063404,10000.0,0.0039062499999999167
2016-10-17,Adaptive Optimized SMA 30,12543.8650229812,10000.0,-0.007782101167315182
2016-10-18,Adaptive Optimized SMA 30,12888.20641576892,10000.0,0.027450980392156977
2016-10-19,Adaptive Optimized SMA 30,12888.20641576892,10000.0,0.0
2016-10-20,Adaptive Optimized SMA 30,12839.014788227816,10000.0,-0.003816793893129859
2016-10-21,Adaptive Optimized SMA 30,12986.589670851126,10000.0,0.011494252873563314
2016-10-24,Adaptive Optimized SMA 30,13429.31431872105,10000.0,0.03409090909090903
2016-10-25,Adaptive Optimized SMA 30,13281.739436097741,10000.0,-0.010989010989010917
2016-10-26,Adaptive Optimized SMA 30,13035.781298392227,10000.0,-0.018518518518518615
2016-10-27,Adaptive Optimized SMA 30,12888.20641576892,10000.0,-0.011320754716981058
2016-10-28,Adaptive Optimized SMA 30,12642.248278063405,10000.0,-0.019083969465648956
2016-10-31,Adaptive Optimized SMA 30,12593.056650522305,10000.0,-0.0038910505836575048
2016-11-01,Adaptive Optimized SMA 30,12297.906885275688,10000.0,-0.02343750000000002
2016-11-02,Adaptive Optimized SMA 30,12199.354076974902,10000.0,-0.00801378716070653
2016-11-03,Adaptive Optimized SMA 30,12079.607116351362,10000.0,-0.009815844336344767
2016-11-04,Adaptive Optimized SMA 30,12037.218811705863,10000.0,-0.003509079743837104
2016-11-07,Adaptive Optimized SMA 30,12323.339868062987,10000.0,0.02376969803679904
2016-11-08,Adaptive Optimized SMA 30,12403.877646889438,10000.0,0.006535385673746589
2016-11-09,Adaptive Optimized SMA 30,12549.235588063922,10000.0,0.011718749999999924
2016-11-10,Adaptive Optimized SMA 30,11967.80382336598,10000.0,-0.046332046332046205
2016-11-11,Adaptive Optimized SMA 30,11972.976182179778,10000.0,0.00043218947186444084
2016-11-14,Adaptive Optimized SMA 30,11851.942985936903,10000.0,-0.010108864696734074
2016-11-15,Adaptive Optimized SMA 30,12016.423996215683,10000.0,0.01387797852841061
2016-11-16,Adaptive Optimized SMA 30,12257.717650758166,10000.0,0.02008032128514049
2016-11-17,Adaptive Optimized SMA 30,12499.01130530065,10000.0,0.01968503937007867
2016-11-18,Adaptive Optimized SMA 30,12402.493843483657,10000.0,-0.007722007722007729
2016-11-21,Adaptive Optimized SMA 30,12740.304959843135,10000.0,0.027237354085603224
2016-11-22,Adaptive Optimized SMA 30,12885.081152568624,10000.0,0.01136363636363629
2016-11-23,Adaptive Optimized SMA 30,12692.046228934636,10000.0,-0.014981273408239714
2016-11-25,Adaptive Optimized SMA 30,12836.822421660127,10000.0,0.011406844106463974
2016-11-28,Adaptive Optimized SMA 30,12740.304959843132,10000.0,-0.0075187969924812095
2016-11-29,Adaptive Optimized SMA 30,12885.08115256862,10000.0,0.01136363636363629
2016-11-30,Adaptive Optimized SMA 30,12450.75257439215,10000.0,-0.033707865168539276
2016-12-01,Adaptive Optimized SMA 30,11775.130341673195,10000.0,-0.054263565891472916
2016-12-02,Adaptive Optimized SMA 30,11798.596938836221,10000.0,0.0019928948964561474
2016-12-05,Adaptive Optimized SMA 30,11890.422753821977,10000.0,0.007782774126599842
2016-12-06,Adaptive Optimized SMA 30,11985.1671582349,10000.0,0.00796812749003985
2016-12-07,Adaptive Optimized SMA 30,12411.51697809306,10000.0,0.03557312252964439
2016-12-08,Adaptive Optimized SMA 30,12506.261382505982,10000.0,0.007633587786259549
2016-12-09,Adaptive Optimized SMA 30,12790.494595744754,10000.0,0.022727272727272745
2016-12-12,Adaptive Optimized SMA 30,12601.005786918906,10000.0,-0.014814814814814828
2016-12-13,Adaptive Optimized SMA 30,13074.727808983524,10000.0,0.03759398496240588
2016-12-14,Adaptive Optimized SMA 30,12979.983404570601,10000.0,-0.007246376811594049
2016-12-15,Adaptive Optimized SMA 30,13074.727808983524,10000.0,0.007299270072992544
2016-12-16,Adaptive Optimized SMA 30,12932.611202364138,10000.0,-0.010869565217391235
2016-12-19,Adaptive Optimized SMA 30,13074.727808983524,10000.0,0.010989010989010917
2016-12-20,Adaptive Optimized SMA 30,13216.84441560291,10000.0,0.010869565217391396
2016-12-21,Adaptive Optimized SMA 30,13169.472213396448,10000.0,-0.0035842293906810864
2016-12-22,Adaptive Optimized SMA 30,13074.727808983524,10000.0,-0.007194244604316554
2016-12-23,Adaptive Optimized SMA 30,13122.100011189987,10000.0,0.003623188405797185
2016-12-27,Adaptive Optimized SMA 30,13311.588820015835,10000.0,0.014440433212996403
2016-12-28,Adaptive Optimized SMA 30,12979.983404570601,10000.0,-0.024911032028469695
2016-12-29,Adaptive Optimized SMA 30,12932.611202364138,10000.0,-0.0036496350364964344
2016-12-30,Adaptive Optimized SMA 30,12553.633584712441,10000.0,-0.029304029304029332
2017-01-03,Adaptive Optimized SMA 30,12837.866797951214,10000.0,0.022641509433962283
2017-01-04,Adaptive Optimized SMA 30,13074.727808983524,10000.0,0.018450184501844952
2017-01-05,Adaptive Optimized SMA 30,13311.588820015835,10000.0,0.018115942028985605
2017-01-06,Adaptive Optimized SMA 30,13643.19423546107,10000.0,0.024911032028469695
2017-01-09,Adaptive Optimized SMA 30,13785.310842080456,10000.0,0.010416666666666753
2017-01-10,Adaptive Optimized SMA 30,13880.05524649338,10000.0,0.006872852233676982
2017-01-11,Adaptive Optimized SMA 30,13974.799650906307,10000.0,0.006825938566552906
2017-01-12,Adaptive Optimized SMA 30,13880.055246493383,10000.0,-0.006779661016949158
2017-01-13,Adaptive Optimized SMA 30,14069.544055319231,10000.0,0.013651877133105813
2017-01-17,Adaptive Optimized SMA 30,13927.427448699844,10000.0,-0.010101010101010183
2017-01-18,Adaptive Optimized SMA 30,14022.171853112768,10000.0,0.00680272108843538
2017-01-19,Adaptive Optimized SMA 30,13974.799650906307,10000.0,-0.0033783783783783066
2017-01-20,Adaptive Optimized SMA 30,14069.544055319233,10000.0,0.006779661016949158
2017-01-23,Adaptive Optimized SMA 30,14116.916257525692,10000.0,0.003367003367003295
2017-01-24,Adaptive Optimized SMA 30,14401.149470764465,10000.0,0.020134228187919483
2017-01-25,Adaptive Optimized SMA 30,14827.499290622623,10000.0,0.02960526315789469
2017-01-26,Adaptive Optimized SMA 30,14874.871492829088,10000.0,0.003194888178913812
2017-01-27,Adaptive Optimized SMA 30,14969.615897242013,10000.0,0.006369426751592362
2017-01-30,Adaptive Optimized SMA 30,14638.010481796777,10000.0,-0.022151898734177305
2017-01-31,Adaptive Optimized SMA 30,14543.266077383852,10000.0,-0.00647249190938512
2017-02-01,Adaptive Optimized SMA 30,14827.499290622625,10000.0,0.019543973941368097
2017-02-02,Adaptive Optimized SMA 30,14780.127088416164,10000.0,-0.0031948881789136702
2017-02-03,Adaptive Optimized SMA 30,14922.24369503555,10000.0,0.009615384615384552
2017-02-06,Adaptive Optimized SMA 30,14969.61589724201,10000.0,0.003174603174603248
2017-02-07,Adaptive Optimized SMA 30,15111.732503861394,10000.0,0.009493670886075887
2017-02-08,Adaptive Optimized SMA 30,15206.476908274319,10000.0,0.006269592476489034
2017-02-09,Adaptive Optimized SMA 30,15348.593514893706,10000.0,0.009345794392523442
2017-02-10,Adaptive Optimized SMA 30,15490.710121513093,10000.0,0.009259259259259198
2017-02-13,Adaptive Optimized SMA 30,15774.943334751868,10000.0,0.018348623853211024
2017-02-14,Adaptive Optimized SMA 30,15917.059941371253,10000.0,0.00900900900900895
2017-02-15,Adaptive Optimized SMA 30,16201.293154610024,10000.0,0.017857142857142873
2017-02-16,Adaptive Optimized SMA 30,16201.293154610024,10000.0,0.0
2017-02-17,Adaptive Optimized SMA 30,16390.781963435875,10000.0,0.01169590643274855
2017-02-21,Adaptive Optimized SMA 30,16627.642974468185,10000.0,0.01445086705202307
2017-02-22,Adaptive Optimized SMA 30,16675.01517667465,10000.0,0.002849002849002915
2017-02-23,Adaptive Optimized SMA 30,16485.5263678488,10000.0,-0.011363636363636374
2017-02-24,Adaptive Optimized SMA 30,16580.270772261727,10000.0,0.005747126436781614
2017-02-27,Adaptive Optimized SMA 30,16627.64297446819,10000.0,0.0028571428571427964
2017-02-28,Adaptive Optimized SMA 30,16485.5263678488,10000.0,-0.008547008547008492
2017-03-01,Adaptive Optimized SMA 30,17006.62059211988,10000.0,0.03160919540229881
2017-03-02,Adaptive Optimized SMA 30,16722.38737888111,10000.0,-0.016713091922005586
2017-03-03,Adaptive Optimized SMA 30,16817.131783294037,10000.0,0.005665722379603405
2017-03-06,Adaptive Optimized SMA 30,16722.387378881114,10000.0,-0.005633802816901414
2017-03-07,Adaptive Optimized SMA 30,16627.642974468192,10000.0,-0.005665722379603405
2017-03-08,Adaptive Optimized SMA 30,16722.387378881114,10000.0,0.0056980056980057035
2017-03-09,Adaptive Optimized SMA 30,16769.75958108758,10000.0,0.0028328611898017653
2017-03-10,Adaptive Optimized SMA 30,16959.248389913428,10000.0,0.011299435028248598
2017-03-13,Adaptive Optimized SMA 30,17053.992794326354,10000.0,0.005586592178770954
2017-03-14,Adaptive Optimized SMA 30,16911.876187706966,10000.0,-0.008333333333333403
2017-03-15,Adaptive Optimized SMA 30,17243.481603152202,10000.0,0.01960784313725498
2017-03-16,Adaptive Optimized SMA 30,17196.109400945737,10000.0,-0.002747252747252811
2017-03-17,Adaptive Optimized SMA 30,17148.737198739276,10000.0,-0.00275482093663906
2017-03-20,Adaptive Optimized SMA 30,17243.481603152202,10000.0,0.005524861878453044
2017-03-21,Adaptive Optimized SMA 30,16438.154165642347,10000.0,-0.04670329670329668
2017-03-22,Adaptive Optimized SMA 30,16769.75958108758,10000.0,0.02017291066282416
2017-03-23,Adaptive Optimized SMA 30,16627.642974468192,10000.0,-0.00847457627118651
2017-03-24,Adaptive Optimized SMA 30,16722.387378881114,10000.0,0.0056980056980057035
2017-03-27,Adaptive Optimized SMA 30,16817.13178329404,10000.0,0.005665722379603405
2017-03-28,Adaptive Optimized SMA 30,17148.737198739276,10000.0,0.01971830985915501
2017-03-29,Adaptive Optimized SMA 30,17385.598209771586,10000.0,0.013812154696132548
2017-03-30,Adaptive Optimized SMA 30,17432.97041197805,10000.0,0.0027247956403270383
2017-03-31,Adaptive Optimized SMA 30,17432.97041197805,10000.0,0.0
2017-04-03,Adaptive Optimized SMA 30,17385.598209771586,10000.0,-0.002717391304347889
2017-04-04,Adaptive Optimized SMA 30,17432.97041197805,10000.0,0.0027247956403270383
2017-04-05,Adaptive Optimized SMA 30,17243.481603152202,10000.0,-0.010869565217391313
2017-04-06,Adaptive Optimized SMA 30,17243.481603152202,10000.0,0.0
2017-04-07,Adaptive Optimized SMA 30,17243.481603152202,10000.0,0.0
2017-04-10,Adaptive Optimized SMA 30,17243.481603152202,10000.0,0.0
2017-04-11,Adaptive Optimized SMA 30,17053.992794326354,10000.0,-0.010989010989010999
2017-04-12,Adaptive Optimized SMA 30,16817.131783294044,10000.0,-0.013888888888888963
2017-04-13,Adaptive Optimized SMA 30,16627.642974468195,10000.0,-0.011267605633802828
2017-04-17,Adaptive Optimized SMA 30,17006.620592119893,10000.0,0.022792022792022814
2017-04-18,Adaptive Optimized SMA 30,16959.24838991343,10000.0,-0.0027855153203342024
2017-04-19,Adaptive Optimized SMA 30,17006.620592119893,10000.0,0.002793296089385415
2017-04-20,Adaptive Optimized SMA 30,17432.97041197805,10000.0,0.025069637883008443
2017-04-21,Adaptive Optimized SMA 30,17432.97041197805,10000.0,0.0
2017-04-24,Adaptive Optimized SMA 30,18048.809040662058,10000.0,0.03532608695652171
2017-04-25,Adaptive Optimized SMA 30,18475.158860520216,10000.0,0.02362204724409445
2017-04-26,Adaptive Optimized SMA 30,18380.414456107294,10000.0,-0.0051282051282051325
2017-04-27,Adaptive Optimized SMA 30,18712.01987155253,10000.0,0.018041237113402137
2017-04-28,Adaptive Optimized SMA 30,18806.764275965455,10000.0,0.005063291139240511
2017-05-01,Adaptive Optimized SMA 30,19280.48629803008,10000.0,0.02518891687657433
2017-05-02,Adaptive Optimized SMA 30,19422.602904649462,10000.0,0.007371007371007213
2017-05-03,Adaptive Optimized SMA 30,19233.114095823614,10000.0,-0.009756097560975618
2017-05-04,Adaptive Optimized SMA 30,19233.114095823614,10000.0,0.0
2017-05-05,Adaptive Optimized SMA 30,19422.602904649462,10000.0,0.009852216748768483
2017-05-08,Adaptive Optimized SMA 30,19564.71951126885,10000.0,0.0073170731707317685
2017-05-09,Adaptive Optimized SMA 30,19754.2083200947,10000.0,0.009685230024213084
2017-05-10,Adaptive Optimized SMA 30,19801.580522301163,10000.0,0.0023980815347721313
2017-05-11,Adaptive Optimized SMA 30,19754.2083200947,10000.0,-0.0023923444976076047
2017-05-12,Adaptive Optimized SMA 30,19896.324926714085,10000.0,0.007194244604316606
2017-05-15,Adaptive Optimized SMA 30,20085.813735539934,10000.0,0.009523809523809532
2017-05-16,Adaptive Optimized SMA 30,20322.674746572244,10000.0,0.011792452830188637
2017-05-17,Adaptive Optimized SMA 30,18806.76427596546,10000.0,-0.07459207459207455
2017-05-18,Adaptive Optimized SMA 30,19280.486298030082,10000.0,0.02518891687657433
2017-05-19,Adaptive Optimized SMA 30,19517.347309062392,10000.0,0.012285012285012241
2017-05-22,Adaptive Optimized SMA 30,19991.06933112701,10000.0,0.024271844660194088
2017-05-23,Adaptive Optimized SMA 30,20038.441533333476,10000.0,0.002369668246445658
2017-05-24,Adaptive Optimized SMA 30,20322.674746572244,10000.0,0.014184397163120473
2017-05-25,Adaptive Optimized SMA 30,20843.768970843328,10000.0,0.025641025641025716
2017-05-26,Adaptive Optimized SMA 30,20938.51337525625,10000.0,0.004545454545454448
2017-05-30,Adaptive Optimized SMA 30,20985.88557746271,10000.0,0.0022624434389139788
2017-05-31,Adaptive Optimized SMA 30,20985.88557746271,10000.0,0.0
2017-06-01,Adaptive Optimized SMA 30,21222.746588495025,10000.0,0.011286681715575782
2017-06-02,Adaptive Optimized SMA 30,21933.329621591954,10000.0,0.03348214285714274
2017-06-05,Adaptive Optimized SMA 30,21933.329621591954,10000.0,0.0
2017-06-06,Adaptive Optimized SMA 30,21696.468610559645,10000.0,-0.010799136069114432
2017-06-07,Adaptive Optimized SMA 30,21933.329621591954,10000.0,0.01091703056768555
2017-06-08,Adaptive Optimized SMA 30,21980.701823798416,10000.0,0.0021598272138228483
2017-06-09,Adaptive Optimized SMA 30,20370.046948778705,10000.0,-0.0732758620689655
2017-06-12,Adaptive Optimized SMA 30,19991.069331127008,10000.0,-0.018604651162790715
2017-06-13,Adaptive Optimized SMA 30,20464.79135319163,10000.0,0.023696682464455103
2017-06-14,Adaptive Optimized SMA 30,20227.930342159318,10000.0,-0.011574074074074238
2017-06-15,Adaptive Optimized SMA 30,19943.697128920547,10000.0,-0.01405152224824347
2017-06-16,Adaptive Optimized SMA 30,19706.836117888237,10000.0,-0.01187648456057003
2017-06-19,Adaptive Optimized SMA 30,20036.520296859275,10000.0,0.016729432213209543
2017-06-20,Adaptive Optimized SMA 30,19576.9670790414,10000.0,-0.02293577981651388
2017-06-21,Adaptive Optimized SMA 30,20128.430940422844,10000.0,0.028169014084507067
2017-06-22,Adaptive Optimized SMA 30,20128.430940422844,10000.0,0.0
2017-06-23,Adaptive Optimized SMA 30,20358.20754933178,10000.0,0.01141552511415521
2017-06-26,Adaptive Optimized SMA 30,20082.475618641056,10000.0,-0.013544018058690658
2017-06-27,Adaptive Optimized SMA 30,18979.54789587816,10000.0,-0.05491990846681927
2017-06-28,Adaptive Optimized SMA 30,19253.317831459466,10000.0,0.014424470861119023
2017-06-29,Adaptive Optimized SMA 30,18268.264361012705,10000.0,-0.05116279069767436
2017-06-30,Adaptive Optimized SMA 30,18274.906400120108,10000.0,0.0003635834787666008
2017-07-03,Adaptive Optimized SMA 30,18082.2872660053,10000.0,-0.010540088682125382
2017-07-05,Adaptive Optimized SMA 30,18260.293914083813,10000.0,0.00984425506905674
2017-07-06,Adaptive Optimized SMA 30,18095.571344220112,10000.0,-0.009020806052669934
2017-07-07,Adaptive Optimized SMA 30,18290.84729397788,10000.0,0.010791366906474812
2017-07-10,Adaptive Optimized SMA 30,18410.40399791121,10000.0,0.006536422398140792
2017-07-11,Adaptive Optimized SMA 30,18542.85294753647,10000.0,0.007194244604316606
2017-07-12,Adaptive Optimized SMA 30,19205.09769566277,10000.0,0.03571428571428559
2017-07-13,Adaptive Optimized SMA 30,19337.546645288032,10000.0,0.006896551724137989
2017-07-14,Adaptive Optimized SMA 30,19779.043144038904,10000.0,0.022831050228310626
2017-07-17,Adaptive Optimized SMA 30,19823.19279391399,10000.0,0.0022321428571428093
2017-07-18,Adaptive Optimized SMA 30,20176.389992914686,10000.0,0.017817371937639215
2017-07-19,Adaptive Optimized SMA 30,20573.736841790465,10000.0,0.01969365426695839
2017-07-20,Adaptive Optimized SMA 30,20662.036141540637,10000.0,0.00429184549356214
2017-07-21,Adaptive Optimized SMA 30,20617.88649166555,10000.0,-0.0021367521367520914
2017-07-24,Adaptive Optimized SMA 30,20882.784390916073,10000.0,0.012847965738758137
2017-07-25,Adaptive Optimized SMA 30,20750.335441290812,10000.0,-0.00634249471458779
2017-07-26,Adaptive Optimized SMA 30,20926.93404079116,10000.0,0.008510638297872348
2017-07-27,Adaptive Optimized SMA 30,20573.736841790465,10000.0,-0.016877637130801704
2017-07-28,Adaptive Optimized SMA 30,20485.43754204029,10000.0,-0.004291845493562331
2017-07-31,Adaptive Optimized SMA 30,20220.539642789772,10000.0,-0.012931034482758537
2017-08-01,Adaptive Optimized SMA 30,20352.988592415033,10000.0,0.006550218340611408
2017-08-02,Adaptive Optimized SMA 30,20485.43754204029,10000.0,0.006507592190889232
2017-08-03,Adaptive Optimized SMA 30,20308.838942539944,10000.0,-0.008620689655172422
2017-08-04,Adaptive Optimized SMA 30,20352.988592415033,10000.0,0.002173913043478408
2017-08-07,Adaptive Optimized SMA 30,20750.335441290812,10000.0,0.01952277657266808
2017-08-08,Adaptive Optimized SMA 30,20662.036141540637,10000.0,-0.004255319148936268
2017-08-09,Adaptive Optimized SMA 30,20573.736841790465,10000.0,-0.004273504273504183
2017-08-10,Adaptive Optimized SMA 30,19249.24734553786,10000.0,-0.06437768240343343
2017-08-11,Adaptive Optimized SMA 30,19690.74384428873,10000.0,0.02293577981651368
2017-08-14,Adaptive Optimized SMA 30,20441.287892165205,10000.0,0.038116591928251106
2017-08-15,Adaptive Optimized SMA 30,20485.43754204029,10000.0,0.0021598272138228483
2017-08-16,Adaptive Optimized SMA 30,20573.736841790465,10000.0,0.004310344827586307
2017-08-17,Adaptive Optimized SMA 30,19337.546645288032,10000.0,-0.06008583690987129
2017-08-18,Adaptive Optimized SMA 30,19323.857315934154,10000.0,-0.000707914483930301
2017-08-21,Adaptive Optimized SMA 30,19299.216523097173,10000.0,-0.00127514876735624
2017-08-22,Adaptive Optimized SMA 30,19592.16817127016,10000.0,0.01517945807916027
2017-08-23,Adaptive Optimized SMA 30,19376.869619937523,10000.0,-0.01098901098901095
2017-08-24,Adaptive Optimized SMA 30,19204.63077887141,10000.0,-0.008888888888888898
2017-08-25,Adaptive Optimized SMA 30,19075.451648071827,10000.0,-0.006726457399103195
2017-08-28,Adaptive Optimized SMA 30,19247.690489137938,10000.0,0.009029345372460505
2017-08-29,Adaptive Optimized SMA 30,19462.989040470577,10000.0,0.011185682326621885
2017-08-30,Adaptive Optimized SMA 30,20151.944404735023,10000.0,0.03539823008849561
2017-08-31,Adaptive Optimized SMA 30,20711.720638199884,10000.0,0.027777777777777755
2017-09-01,Adaptive Optimized SMA 30,20711.720638199884,10000.0,0.0
2017-09-05,Adaptive Optimized SMA 30,20151.944404735023,10000.0,-0.027027027027027008
2017-09-06,Adaptive Optimized SMA 30,20324.183245801134,10000.0,0.008547008547008555
2017-09-07,Adaptive Optimized SMA 30,20453.36237660072,10000.0,0.006355932203389884
2017-09-08,Adaptive Optimized SMA 30,19936.645853402384,10000.0,-0.025263157894736866
2017-09-11,Adaptive Optimized SMA 30,20582.541507400303,10000.0,0.03239740820734349
2017-09-12,Adaptive Optimized SMA 30,20754.78034846641,10000.0,0.00836820083682009
2017-09-13,Adaptive Optimized SMA 30,20840.899768999465,10000.0,0.004149377593360907
2017-09-14,Adaptive Optimized SMA 30,20496.422086867242,10000.0,-0.016528925619834725
2017-09-15,Adaptive Optimized SMA 30,20668.660927933353,10000.0,0.008403361344537823
2017-09-18,Adaptive Optimized SMA 30,20582.5415074003,10000.0,-0.004166666666666578
2017-09-19,Adaptive Optimized SMA 30,20668.660927933353,10000.0,0.004184100418409952
2017-09-20,Adaptive Optimized SMA 30,20496.422086867242,10000.0,-0.008333333333333342
2017-09-21,Adaptive Optimized SMA 30,20108.884694468492,10000.0,-0.018907563025210055
2017-09-22,Adaptive Optimized SMA 30,20065.824984201965,10000.0,-0.002141327623126293
2017-09-25,Adaptive Optimized SMA 30,19462.989040470573,10000.0,-0.030042918454935744
2017-09-26,Adaptive Optimized SMA 30,19592.168171270154,10000.0,0.006637168141592976
2017-09-27,Adaptive Optimized SMA 30,20108.88469446849,10000.0,0.026373626373626398
2017-09-28,Adaptive Optimized SMA 30,20065.82498420196,10000.0,-0.002141327623126293
2017-09-29,Adaptive Optimized SMA 30,20496.42208686724,10000.0,0.021459227467811082
2017-10-02,Adaptive Optimized SMA 30,20539.481797133765,10000.0,0.002100840336134409
2017-10-03,Adaptive Optimized SMA 30,20668.66092793335,10000.0,0.006289308176100681
2017-10-04,Adaptive Optimized SMA 30,20754.78034846641,10000.0,0.004166666666666763
2017-10-05,Adaptive Optimized SMA 30,21314.556581931272,10000.0,0.02697095435684645
2017-10-06,Adaptive Optimized SMA 30,21400.676002464323,10000.0,0.0040404040404039545
2017-10-09,Adaptive Optimized SMA 30,21357.616292197796,10000.0,-0.002012072434607603
2017-10-10,Adaptive Optimized SMA 30,21400.676002464323,10000.0,0.0020161290322580215
2017-10-11,Adaptive Optimized SMA 30,21572.914843530434,10000.0,0.008048289738430591
2017-10-12,Adaptive Optimized SMA 30,21486.79542299738,10000.0,-0.003992015968063787
2017-10-13,Adaptive Optimized SMA 30,21702.09397433002,10000.0,0.010020040080160284
2017-10-16,Adaptive Optimized SMA 30,21917.392525662657,10000.0,0.009920634920634885
2017-10-17,Adaptive Optimized SMA 30,22003.51194619572,10000.0,0.003929273084479462
2017-10-18,Adaptive Optimized SMA 30,21917.39252566266,10000.0,-0.003913894324853319
2017-10-19,Adaptive Optimized SMA 30,21702.093974330022,10000.0,-0.009823182711198393
2017-10-20,Adaptive Optimized SMA 30,21831.273105129607,10000.0,0.0059523809523810015
2017-10-23,Adaptive Optimized SMA 30,21443.735712730857,10000.0,-0.0177514792899408
2017-10-24,Adaptive Optimized SMA 30,21529.855133263907,10000.0,0.004016064257028026
2017-10-25,Adaptive Optimized SMA 30,21271.49687166474,10000.0,-0.011999999999999922
2017-10-26,Adaptive Optimized SMA 30,21099.25803059863,10000.0,-0.008097165991902841
2017-10-27,Adaptive Optimized SMA 30,22907.765861792795,10000.0,0.08571428571428569
2017-10-30,Adaptive Optimized SMA 30,23080.004702858907,10000.0,0.0075187969924812095
2017-10-31,Adaptive Optimized SMA 30,23295.303254191545,10000.0,0.00932835820895519
2017-11-01,Adaptive Optimized SMA 30,23295.303254191545,10000.0,0.0
2017-11-02,Adaptive Optimized SMA 30,23166.12412339196,10000.0,-0.005545286506469547
2017-11-03,Adaptive Optimized SMA 30,23812.01977738988,10000.0,0.027881040892193374
2017-11-06,Adaptive Optimized SMA 30,24070.37803898905,10000.0,0.010849909584086728
2017-11-07,Adaptive Optimized SMA 30,24113.437749255576,10000.0,0.0017889087656529135
2017-11-08,Adaptive Optimized SMA 30,24414.85572112127,10000.0,0.012500000000000051
2017-11-09,Adaptive Optimized SMA 30,23984.25861845599,10000.0,-0.017636684303350907
2017-11-10,Adaptive Optimized SMA 30,23984.25861845599,10000.0,0.0
2017-11-13,Adaptive Optimized SMA 30,24070.378038989045,10000.0,0.003590664272890408
2017-11-14,Adaptive Optimized SMA 30,23812.01977738988,10000.0,-0.01073345259391764
2017-11-15,Adaptive Optimized SMA 30,23467.542095257657,10000.0,-0.014466546112115744
2017-11-16,Adaptive Optimized SMA 30,24371.79601085474,10000.0,0.038532110091743114
2017-11-17,Adaptive Optimized SMA 30,24070.378038989045,10000.0,-0.012367491166077788
2017-11-20,Adaptive Optimized SMA 30,24027.31832872252,10000.0,-0.0017889087656529135
2017-11-21,Adaptive Optimized SMA 30,24759.333403253488,10000.0,0.030465949820788516
2017-11-22,Adaptive Optimized SMA 30,24888.512534053072,10000.0,0.005217391304347869
2017-11-24,Adaptive Optimized SMA 30,25146.870795652238,10000.0,0.010380622837370174
2017-11-27,Adaptive Optimized SMA 30,25103.81108538571,10000.0,-0.0017123287671232511
2017-11-28,Adaptive Optimized SMA 30,25319.10963671835,10000.0,0.008576329331046281
2017-11-29,Adaptive Optimized SMA 30,23984.25861845599,10000.0,-0.05272108843537408
2017-11-30,Adaptive Optimized SMA 30,24587.09456218738,10000.0,0.025134649910233335
2017-12-01,Adaptive Optimized SMA 30,24285.676590321684,10000.0,-0.012259194395796898
2017-12-04,Adaptive Optimized SMA 30,23424.48238499113,10000.0,-0.035460992907801296
2017-12-05,Adaptive Optimized SMA 30,23467.542095257653,10000.0,0.0018382352941176078
2017-12-06,Adaptive Optimized SMA 30,23768.960067123346,10000.0,0.012844036697247594
2017-12-07,Adaptive Optimized SMA 30,24027.318328722515,10000.0,0.010869565217391396
2017-12-08,Adaptive Optimized SMA 30,24328.73630058821,10000.0,0.012544802867383563
2017-12-11,Adaptive Optimized SMA 30,24888.51253405307,10000.0,0.023008849557522103
2017-12-12,Adaptive Optimized SMA 30,24802.39311352001,10000.0,-0.0034602076124568273
2017-12-13,Adaptive Optimized SMA 30,24931.5722443196,10000.0,0.005208333333333376
2017-12-14,Adaptive Optimized SMA 30,24888.512534053072,10000.0,-0.0017271157167529857
2017-12-15,Adaptive Optimized SMA 30,25706.6470291171,10000.0,0.032871972318339014
2017-12-18,Adaptive Optimized SMA 30,26352.542683115014,10000.0,0.025125628140703578
2017-12-19,Adaptive Optimized SMA 30,25921.945580449734,10000.0,-0.01633986928104584
2017-12-20,Adaptive Optimized SMA 30,25792.766449650153,10000.0,-0.004983388704318831
2017-12-21,Adaptive Optimized SMA 30,25792.766449650153,10000.0,0.0
2017-12-22,Adaptive Optimized SMA 30,25706.647029117095,10000.0,-0.003338898163606087
2017-12-26,Adaptive Optimized SMA 30,25319.109636718345,10000.0,-0.015075376884422087
2017-12-27,Adaptive Optimized SMA 30,25319.109636718345,10000.0,0.0
2017-12-28,Adaptive Optimized SMA 30,25362.169346984876,10000.0,0.0017006802721088073
2017-12-29,Adaptive Optimized SMA 30,24888.512534053072,10000.0,-0.018675721561969345
2018-01-02,Adaptive Optimized SMA 30,26180.303842048903,10000.0,0.05190311418685118
2018-01-03,Adaptive Optimized SMA 30,26912.318916579872,10000.0,0.02796052631578946
2018-01-04,Adaptive Optimized SMA 30,27084.557757645984,10000.0,0.0064000000000000055
2018-01-05,Adaptive Optimized SMA 30,27902.69225271001,10000.0,0.030206677265500855
2018-01-08,Adaptive Optimized SMA 30,28204.110224575703,10000.0,0.010802469135802375
2018-01-09,Adaptive Optimized SMA 30,28247.169934842233,10000.0,0.0015267175572518759
2018-01-10,Adaptive Optimized SMA 30,28031.871383509595,10000.0,-0.007621951219512168
2018-01-11,Adaptive Optimized SMA 30,28591.647616974456,10000.0,0.019969278033794148
2018-01-12,Adaptive Optimized SMA 30,29194.48356070585,10000.0,0.021084337349397676
2018-01-16,Adaptive Optimized SMA 30,28979.18500937321,10000.0,-0.007374631268436552
2018-01-17,Adaptive Optimized SMA 30,29883.43892497029,10000.0,0.03120356612184249
2018-01-18,Adaptive Optimized SMA 30,29926.498635236818,10000.0,0.0014409221902016982
2018-01-19,Adaptive Optimized SMA 30,30227.91660710251,10000.0,0.010071942446043078
2018-01-22,Adaptive Optimized SMA 30,31132.1705226996,10000.0,0.029914529914530037
2018-01-23,Adaptive Optimized SMA 30,31950.305017763625,10000.0,0.02627939142461957
2018-01-24,Adaptive Optimized SMA 30,31304.409363765706,10000.0,-0.02021563342318064
2018-01-25,Adaptive Optimized SMA 30,31261.34965349918,10000.0,-0.0013755158184318827
2018-01-26,Adaptive Optimized SMA 30,32639.260382028067,10000.0,0.04407713498622594
2018-01-29,Adaptive Optimized SMA 30,32208.66327936279,10000.0,-0.01319261213720312
2018-01-30,Adaptive Optimized SMA 30,31390.52878429876,10000.0,-0.025401069518716627
2018-01-31,Adaptive Optimized SMA 30,31778.066176697514,10000.0,0.01234567901234566
2018-02-01,Adaptive Optimized SMA 30,31002.991391900017,10000.0,-0.024390243902438987
2018-02-02,Adaptive Optimized SMA 30,29108.364140172795,10000.0,-0.061111111111111165
2018-02-05,Adaptive Optimized SMA 30,25749.70673938363,10000.0,-0.1153846153846153
2018-02-06,Adaptive Optimized SMA 30,26430.760739450852,10000.0,0.026449000253100527
2018-02-07,Adaptive Optimized SMA 30,25363.680336926434,10000.0,-0.04037267080745352
2018-02-08,Adaptive Optimized SMA 30,24292.934823421016,10000.0,-0.04221569974395798
2018-02-09,Adaptive Optimized SMA 30,24712.67973625968,10000.0,0.01727847688596209
2018-02-12,Adaptive Optimized SMA 30,25151.43196590613,10000.0,0.017754134085373553
2018-02-13,Adaptive Optimized SMA 30,25281.315297426023,10000.0,0.005164053151961847
2018-02-14,Adaptive Optimized SMA 30,25753.3303314861,10000.0,0.018670509366580976
2018-02-15,Adaptive Optimized SMA 30,27077.099647590527,10000.0,0.05140186915887852
2018-02-16,Adaptive Optimized SMA 30,26796.30009568959,10000.0,-0.010370370370370412
2018-02-20,Adaptive Optimized SMA 30,26916.64276078999,10000.0,0.004491017964071893
2018-02-21,Adaptive Optimized SMA 30,26675.957430589187,10000.0,-0.008941877794336752
2018-02-22,Adaptive Optimized SMA 30,26675.957430589187,10000.0,0.0
2018-02-23,Adaptive Optimized SMA 30,28280.526298594552,10000.0,0.06015037593984954
2018-02-26,Adaptive Optimized SMA 30,29403.72450619831,10000.0,0.039716312056737625
2018-02-27,Adaptive Optimized SMA 30,28360.754741994824,10000.0,-0.035470668485675275
2018-02-28,Adaptive Optimized SMA 30,27799.155638192944,10000.0,-0.019801980198019882
2018-03-01,Adaptive Optimized SMA 30,26435.272100388385,10000.0,-0.04906204906204904
2018-03-02,Adaptive Optimized SMA 30,27157.3280909908,10000.0,0.027314112291350487
2018-03-05,Adaptive Optimized SMA 30,28039.84096839375,10000.0,0.03249630723781398
2018-03-06,Adaptive Optimized SMA 30,28360.754741994824,10000.0,0.011444921316165962
2018-03-07,Adaptive Optimized SMA 30,28601.440072195626,10000.0,0.008486562942008431
2018-03-08,Adaptive Optimized SMA 30,29002.58228919697,10000.0,0.014025245441795306
2018-03-09,Adaptive Optimized SMA 30,30727.49382230274,10000.0,0.05947441217150756
2018-03-12,Adaptive Optimized SMA 30,31168.750261004214,10000.0,0.014360313315926819
2018-03-13,Adaptive Optimized SMA 30,30045.55205340046,10000.0,-0.03603603603603595
2018-03-14,Adaptive Optimized SMA 30,29925.209388300056,10000.0,-0.004005340453938618
2018-03-15,Adaptive Optimized SMA 30,29804.866723199655,10000.0,-0.004021447721179658
2018-03-16,Adaptive Optimized SMA 30,29604.295614698985,10000.0,-0.006729475100942103
2018-03-19,Adaptive Optimized SMA 30,27759.041416492815,10000.0,-0.06233062330623306
2018-03-20,Adaptive Optimized SMA 30,27959.612524993485,10000.0,0.007225433526011535
2018-03-21,Adaptive Optimized SMA 30,27558.470307992146,10000.0,-0.014347202295552317
2018-03-22,Adaptive Optimized SMA 30,25512.645001285306,10000.0,-0.07423580786026197
2018-03-23,Adaptive Optimized SMA 30,24841.54844541596,10000.0,-0.026304468072029998
2018-03-26,Adaptive Optimized SMA 30,25763.522218432725,10000.0,0.037114182919901505
2018-03-27,Adaptive Optimized SMA 30,24930.923454024727,10000.0,-0.032316961840423604
2018-03-28,Adaptive Optimized SMA 30,24643.982636912366,10000.0,-0.01150943396226423
2018-03-29,Adaptive Optimized SMA 30,25095.561627777726,10000.0,0.018324107654132622
2018-04-02,Adaptive Optimized SMA 30,24371.153663264555,10000.0,-0.028865979381443325
2018-04-03,Adaptive Optimized SMA 30,24645.550619519545,10000.0,0.011259087692208711
2018-04-04,Adaptive Optimized SMA 30,25034.410306098045,10000.0,0.015778088815370846
2018-04-05,Adaptive Optimized SMA 30,25177.096723350638,10000.0,0.005699611674808948
2018-04-06,Adaptive Optimized SMA 30,24546.76771526775,10000.0,-0.025035809927134473
2018-04-09,Adaptive Optimized SMA 30,24719.2458020566,10000.0,0.007026509102523119
2018-04-10,Adaptive Optimized SMA 30,25264.903749352234,10000.0,0.02207421503330155
2018-04-11,Adaptive Optimized SMA 30,25119.081366885293,10000.0,-0.005771737106684087
2018-04-12,Adaptive Optimized SMA 30,25420.1340274622,10000.0,0.01198501872659186
2018-04-13,Adaptive Optimized SMA 30,25289.991471066976,10000.0,-0.005119664446089393
2018-04-16,Adaptive Optimized SMA 30,25481.285349141883,10000.0,0.007564015128030249
2018-04-17,Adaptive Optimized SMA 30,26030.079261651863,10000.0,0.02153713617623531
2018-04-18,Adaptive Optimized SMA 30,26227.576069403392,10000.0,0.00758725341426401
2018-04-19,Adaptive Optimized SMA 30,25516.58756149788,10000.0,-0.027108433734939718
2018-04-20,Adaptive Optimized SMA 30,24292.107353438387,10000.0,-0.047987616099071144
2018-04-23,Adaptive Optimized SMA 30,24094.61054568685,10000.0,-0.008130081300813123
2018-04-24,Adaptive Optimized SMA 30,22554.135445224903,10000.0,-0.06393442622950815
2018-04-25,Adaptive Optimized SMA 30,22581.19243306802,10000.0,0.0011996464200025112
2018-04-26,Adaptive Optimized SMA 30,23055.401746318425,10000.0,0.021000189190893692
2018-04-27,Adaptive Optimized SMA 30,23093.25954885753,10000.0,0.0016420361247947105
2018-04-30,Adaptive Optimized SMA 30,22601.108115849092,10000.0,-0.02131147540983605
2018-05-01,Adaptive Optimized SMA 30,23358.264166631307,10000.0,0.033500837520938055
2018-05-02,Adaptive Optimized SMA 30,22941.828338701085,10000.0,-0.01782820097244738
2018-05-03,Adaptive Optimized SMA 30,22941.828338701085,10000.0,0.0
2018-05-04,Adaptive Optimized SMA 30,24228.993625030853,10000.0,0.05610561056105623
2018-05-07,Adaptive Optimized SMA 30,24796.860663117513,10000.0,0.023437499999999917
2018-05-08,Adaptive Optimized SMA 30,24721.145058039296,10000.0,-0.0030534351145037517
2018-05-09,Adaptive Optimized SMA 30,25554.01671389973,10000.0,0.03369065849923426
2018-05-10,Adaptive Optimized SMA 30,26349.030567221056,10000.0,0.031111111111111107
2018-05-11,Adaptive Optimized SMA 30,26273.31496214284,10000.0,-0.0028735632183907434
2018-05-14,Adaptive Optimized SMA 30,26386.88836976017,10000.0,0.004322766570605095
2018-05-15,Adaptive Optimized SMA 30,25516.158911360624,10000.0,-0.03299856527977038
2018-05-16,Adaptive Optimized SMA 30,26008.310344369063,10000.0,0.019287833827893158
2018-05-17,Adaptive Optimized SMA 30,25705.447924056178,10000.0,-0.011644832605531306
2018-05-18,Adaptive Optimized SMA 30,25289.01209612596,10000.0,-0.01620029455081006
2018-05-21,Adaptive Optimized SMA 30,25743.30572659529,10000.0,0.017964071856287442
2018-05-22,Adaptive Optimized SMA 30,25591.874516438846,10000.0,-0.005882352941176476
2018-05-23,Adaptive Optimized SMA 30,26235.457159603728,10000.0,0.02514792899408283
2018-05-24,Adaptive Optimized SMA 30,26235.457159603728,10000.0,0.0
2018-05-25,Adaptive Optimized SMA 30,26273.314962142842,10000.0,0.0014430014430015404
2018-05-29,Adaptive Optimized SMA 30,25970.452541829956,10000.0,-0.011527377521613843
2018-05-30,Adaptive Optimized SMA 30,26500.461777377506,10000.0,0.020408163265306076
2018-05-31,Adaptive Optimized SMA 30,26462.603974838396,10000.0,-0.0014285714285713982
2018-06-01,Adaptive Optimized SMA 30,27674.053656089935,10000.0,0.045779685264663715
2018-06-04,Adaptive Optimized SMA 30,28393.35190433304,10000.0,0.02599179206566353
2018-06-05,Adaptive Optimized SMA 30,28696.214324645927,10000.0,0.010666666666666677
2018-06-06,Adaptive Optimized SMA 30,29150.507955115256,10000.0,0.015831134564643815
2018-06-07,Adaptive Optimized SMA 30,28469.06750941126,10000.0,-0.023376623376623454
2018-06-08,Adaptive Optimized SMA 30,28469.06750941126,10000.0,0.0
2018-06-11,Adaptive Optimized SMA 30,28696.214324645927,10000.0,0.007978723404255386
2018-06-12,Adaptive Optimized SMA 30,29150.507955115256,10000.0,0.015831134564643815
2018-06-13,Adaptive Optimized SMA 30,29112.650152576145,10000.0,-0.001298701298701271
2018-06-14,Adaptive Optimized SMA 30,29983.37961097569,10000.0,0.029908972691807482
2018-06-15,Adaptive Optimized SMA 30,29680.517190662802,10000.0,-0.01010101010101011
2018-06-18,Adaptive Optimized SMA 30,29604.80158558458,10000.0,-0.002551020408163211
2018-06-19,Adaptive Optimized SMA 30,29377.654770349916,10000.0,-0.007672634271099808
2018-06-20,Adaptive Optimized SMA 30,29983.379610975684,10000.0,0.020618556701030948
2018-06-21,Adaptive Optimized SMA 30,29188.36575765436,10000.0,-0.026515151515151512
2018-06-22,Adaptive Optimized SMA 30,28923.36113988058,10000.0,-0.009079118028534408
2018-06-25,Adaptive Optimized SMA 30,27068.32881546416,10000.0,-0.06413612565445018
2018-06-26,Adaptive Optimized SMA 30,27371.191235777045,10000.0,0.011188811188811197
2018-06-27,Adaptive Optimized SMA 30,26273.314962142835,10000.0,-0.040110650069156296
2018-06-28,Adaptive Optimized SMA 30,26499.43521588446,10000.0,0.008606460740391465
2018-06-29,Adaptive Optimized SMA 30,26611.24717882068,10000.0,0.004219409282700331
2018-07-02,Adaptive Optimized SMA 30,27207.577647813858,10000.0,0.022408963585434195
2018-07-03,Adaptive Optimized SMA 30,26275.811290012014,10000.0,-0.03424657534246575
2018-07-05,Adaptive Optimized SMA 30,26602.123280726242,10000.0,0.012418721808915732
2018-07-06,Adaptive Optimized SMA 30,27803.03992677818,10000.0,0.045143638850889206
2018-07-09,Adaptive Optimized SMA 30,28567.25961062941,10000.0,0.027486910994764396
2018-07-10,Adaptive Optimized SMA 30,28640.04243766286,10000.0,0.0025477707006370015
2018-07-11,Adaptive Optimized SMA 30,28203.345475462156,10000.0,-0.015247776365946646
2018-07-12,Adaptive Optimized SMA 30,29586.21918909772,10000.0,0.04903225806451623
2018-07-13,Adaptive Optimized SMA 30,29695.393429647895,10000.0,0.0036900369003689247
2018-07-16,Adaptive Optimized SMA 30,29477.04494854754,10000.0,-0.007352941176470649
2018-07-17,Adaptive Optimized SMA 30,30022.916151298425,10000.0,0.018518518518518563
2018-07-18,Adaptive Optimized SMA 30,29840.959083714795,10000.0,-0.0060606060606061465
2018-07-19,Adaptive Optimized SMA 30,29404.262121514093,10000.0,-0.01463414634146332
2018-07-20,Adaptive Optimized SMA 30,29367.87070799737,10000.0,-0.0012376237623762112
2018-07-23,Adaptive Optimized SMA 30,29622.610602614448,10000.0,0.00867410161090462
2018-07-24,Adaptive Optimized SMA 30,29986.5247377817,10000.0,0.012285012285012241
2018-07-25,Adaptive Optimized SMA 30,31260.224210867087,10000.0,0.04247572815533976
2018-07-26,Adaptive Optimized SMA 30,29877.350497231524,10000.0,-0.04423748544819546
2018-07-27,Adaptive Optimized SMA 30,28640.042437662858,10000.0,-0.041412911084043935
2018-07-30,Adaptive Optimized SMA 30,27402.734378094196,10000.0,-0.043202033036848775
2018-07-31,Adaptive Optimized SMA 30,27948.605580845076,10000.0,0.019920318725099532
2018-08-01,Adaptive Optimized SMA 30,28312.519716012335,10000.0,0.013020833333333403
2018-08-02,Adaptive Optimized SMA 30,29440.653535030822,10000.0,0.039845758354755734
2018-08-03,Adaptive Optimized SMA 30,29731.784843164623,10000.0,0.009888751545117438
2018-08-06,Adaptive Optimized SMA 30,30277.656045915504,10000.0,0.018359853121175076
2018-08-07,Adaptive Optimized SMA 30,30568.787354049306,10000.0,0.009615384615384623
2018-08-08,Adaptive Optimized SMA 30,30641.570181082756,10000.0,0.00238095238095233
2018-08-09,Adaptive Optimized SMA 30,30605.17876756603,10000.0,-0.0011876484560569818
2018-08-10,Adaptive Optimized SMA 30,29913.741910748253,10000.0,-0.022592152199762128
2018-08-13,Adaptive Optimized SMA 30,29804.56767019807,10000.0,-0.0036496350364964886
2018-08-14,Adaptive Optimized SMA 30,30350.438872948947,10000.0,0.01831501831501836
2018-08-15,Adaptive Optimized SMA 30,29258.696467447182,10000.0,-0.03597122302158282
2018-08-16,Adaptive Optimized SMA 30,29513.436362064258,10000.0,0.008706467661691579
2018-08-17,Adaptive Optimized SMA 30,29513.436362064258,10000.0,0.0
2018-08-20,Adaptive Optimized SMA 30,29477.044948547533,10000.0,-0.0012330456226880132
2018-08-21,Adaptive Optimized SMA 30,29768.176256681338,10000.0,0.009876543209876552
2018-08-22,Adaptive Optimized SMA 30,30095.698978331864,10000.0,0.011002444987775044
2018-08-23,Adaptive Optimized SMA 30,29950.133324264967,10000.0,-0.004836759371221179
2018-08-24,Adaptive Optimized SMA 30,30787.135835149656,10000.0,0.027946537059538326
2018-08-27,Adaptive Optimized SMA 30,31733.312586584514,10000.0,0.030732860520094534
2018-08-28,Adaptive Optimized SMA 30,31878.87824065141,10000.0,0.0045871559633026545
2018-08-29,Adaptive Optimized SMA 30,32970.62064615318,10000.0,0.034246575342465835
2018-08-30,Adaptive Optimized SMA 30,32788.66357856955,10000.0,-0.005518763796909571
2018-08-31,Adaptive Optimized SMA 30,32897.837819119726,10000.0,0.0033296337402884974
2018-09-04,Adaptive Optimized SMA 30,32497.532270435746,10000.0,-0.012168141592920293
2018-09-05,Adaptive Optimized SMA 30,31187.441383833633,10000.0,-0.04031354983202681
2018-09-06,Adaptive Optimized SMA 30,30350.438872948947,10000.0,-0.026837806301050225
2018-09-07,Adaptive Optimized SMA 30,30059.307564815143,10000.0,-0.009592326139088737
2018-09-10,Adaptive Optimized SMA 30,30314.04745943222,10000.0,0.008474576271186475
2018-09-11,Adaptive Optimized SMA 30,31005.484316249996,10000.0,0.022809123649459723
2018-09-12,Adaptive Optimized SMA 30,30714.35300811619,10000.0,-0.009389671361502356
2018-09-13,Adaptive Optimized SMA 30,31624.138346034328,10000.0,0.02962085308056872
2018-09-14,Adaptive Optimized SMA 30,31405.78986493398,10000.0,-0.006904487917145998
2018-09-17,Adaptive Optimized SMA 30,30059.30756481514,10000.0,-0.0428736964078796
2018-09-18,Adaptive Optimized SMA 30,30787.135835149646,10000.0,0.02421307506053282
2018-09-19,Adaptive Optimized SMA 30,30714.35300811619,10000.0,-0.0023640661938535874
2018-09-20,Adaptive Optimized SMA 30,31660.52975955105,10000.0,0.030805687203791447
2018-09-21,Adaptive Optimized SMA 30,31187.441383833622,10000.0,-0.014942528735632071
2018-09-24,Adaptive Optimized SMA 30,31442.1812784507,10000.0,0.008168028004667477
2018-09-25,Adaptive Optimized SMA 30,31587.746932517595,10000.0,0.0046296296296295305
2018-09-26,Adaptive Optimized SMA 30,31551.35551900087,10000.0,-0.0011520737327188695
2018-09-27,Adaptive Optimized SMA 30,32424.749443402277,10000.0,0.027681660899654004
2018-09-28,Adaptive Optimized SMA 30,32351.966616368827,10000.0,-0.00224466891133553
2018-10-01,Adaptive Optimized SMA 30,32533.92368395245,10000.0,0.00562429696287952
2018-10-02,Adaptive Optimized SMA 30,32351.966616368827,10000.0,-0.0055928411633108435
2018-10-03,Adaptive Optimized SMA 30,32461.140856919,10000.0,0.003374578177727712
2018-10-04,Adaptive Optimized SMA 30,30605.178767566005,10000.0,-0.05717488789237666
2018-10-05,Adaptive Optimized SMA 30,29440.653535030793,10000.0,-0.03804994054696793
2018-10-08,Adaptive Optimized SMA 30,29260.798381812234,10000.0,-0.006109074752860126
2018-10-09,Adaptive Optimized SMA 30,29355.631098963837,10000.0,0.0032409476978094774
2018-10-10,Adaptive Optimized SMA 30,28063.94408948509,10000.0,-0.044001336749470904
2018-10-11,Adaptive Optimized SMA 30,27715.679110980058,10000.0,-0.012409694709857817
2018-10-12,Adaptive Optimized SMA 30,28487.42122297242,10000.0,0.027844964898826024
2018-10-15,Adaptive Optimized SMA 30,28142.426338162277,10000.0,-0.012110428743614678
2018-10-16,Adaptive Optimized SMA 30,28961.58480873044,10000.0,0.02910759934929114
2018-10-17,Adaptive Optimized SMA 30,28973.030136662528,10000.0,0.00039518997346577755
2018-10-18,Adaptive Optimized SMA 30,28301.025882364094,10000.0,-0.02319413092550782
2018-10-19,Adaptive Optimized SMA 30,28274.86513280503,10000.0,-0.0009243746028077682
2018-10-22,Adaptive Optimized SMA 30,28420.384302227314,10000.0,0.005146591106227874
2018-10-23,Adaptive Optimized SMA 30,28315.741303991064,10000.0,-0.003681969853871743
2018-10-24,Adaptive Optimized SMA 30,27019.149153969993,10000.0,-0.04579050698695003
2018-10-25,Adaptive Optimized SMA 30,27954.395950706505,10000.0,0.03461422087745839
2018-10-26,Adaptive Optimized SMA 30,27234.975337832264,10000.0,-0.025735509153652723
2018-10-29,Adaptive Optimized SMA 30,26674.154269159844,10000.0,-0.020591943327129776
2018-10-30,Adaptive Optimized SMA 30,27113.9818711216,10000.0,0.016488905234767846
2018-10-31,Adaptive Optimized SMA 30,27751.65014162376,10000.0,0.023518060664535833
2018-11-01,Adaptive Optimized SMA 30,28117.900635450645,10000.0,0.01319743121428156
2018-11-02,Adaptive Optimized SMA 30,27679.708080336335,10000.0,-0.015584113508170069
2018-11-05,Adaptive Optimized SMA 30,27611.036112743794,10000.0,-0.002480949849370828
2018-11-06,Adaptive Optimized SMA 30,27820.322109216304,10000.0,0.007579795108663475
2018-11-07,Adaptive Optimized SMA 30,28693.43712575004,10000.0,0.031384072876873365
2018-11-08,Adaptive Optimized SMA 30,28213.881073509092,10000.0,-0.016713091922005586
2018-11-09,Adaptive Optimized SMA 30,26775.21291678625,10000.0,-0.05099150141643052
2018-11-12,Adaptive Optimized SMA 30,25964.60010083735,10000.0,-0.030274747710435732
2018-11-13,Adaptive Optimized SMA 30,25986.46634250071,10000.0,0.0008421559191529496
2018-11-14,Adaptive Optimized SMA 30,25788.108293125933,10000.0,-0.00763312898184867
2018-11-15,Adaptive Optimized SMA 30,26239.4899960339,10000.0,0.01750348252680023
2018-11-16,Adaptive Optimized SMA 30,26147.339406166873,10000.0,-0.003511904761904782
2018-11-19,Adaptive Optimized SMA 30,25297.679730104825,10000.0,-0.032495071978973764
2018-11-20,Adaptive Optimized SMA 30,24846.298027196863,10000.0,-0.017842810396987013
2018-11-21,Adaptive Optimized SMA 30,25035.284830144483,10000.0,0.0076062358561728655
2018-11-23,Adaptive Optimized SMA 30,24854.107399219487,10000.0,-0.007236883149291887
2018-11-26,Adaptive Optimized SMA 30,25427.31530568047,10000.0,0.023062904543455137
2018-11-27,Adaptive Optimized SMA 30,25513.218397929388,10000.0,0.003378378378378273
2018-11-28,Adaptive Optimized SMA 30,26334.764334709973,10000.0,0.032200795837159596
2018-11-29,Adaptive Optimized SMA 30,26124.422766541364,10000.0,-0.007987220447284317
2018-11-30,Adaptive Optimized SMA 30,26671.310843779753,10000.0,0.020933977455716568
2018-12-03,Adaptive Optimized SMA 30,28017.49688005886,10000.0,0.050473186119873864
2018-12-04,Adaptive Optimized SMA 30,24946.509984797154,10000.0,-0.10960960960960967
2018-12-06,Adaptive Optimized SMA 30,25122.73057697377,10000.0,0.007063937692447117
2018-12-07,Adaptive Optimized SMA 30,22698.240770876466,10000.0,-0.09650582362728787
2018-12-10,Adaptive Optimized SMA 30,22934.651462104437,10000.0,0.010415375077495216
2018-12-11,Adaptive Optimized SMA 30,23010.64061285629,10000.0,0.0033132899742300925
2018-12-12,Adaptive Optimized SMA 30,23213.27834819455,10000.0,0.00880626223091975
2018-12-13,Adaptive Optimized SMA 30,23220.31438067157,10000.0,0.0003031037827351051
2018-12-14,Adaptive Optimized SMA 30,21458.773289724075,10000.0,-0.07586206896551716
2018-12-17,Adaptive Optimized SMA 30,20972.28557228623,10000.0,-0.022670807453416184
2018-12-18,Adaptive Optimized SMA 30,21104.237035372113,10000.0,0.006291706387035329
2018-12-19,Adaptive Optimized SMA 30,20585.7610844589,10000.0,-0.024567386636352245
2018-12-20,Adaptive Optimized SMA 30,20287.204238688828,10000.0,-0.01450307542894128
2018-12-21,Adaptive Optimized SMA 30,19658.102313673317,10000.0,-0.03100978910715458
2018-12-24,Adaptive Optimized SMA 30,19115.63518765358,10000.0,-0.027595091192623374
2018-12-26,Adaptive Optimized SMA 30,20309.862570733876,10000.0,0.06247385301910479
2018-12-27,Adaptive Optimized SMA 30,20388.500311360815,10000.0,0.0038718991993700186
2018-12-28,Adaptive Optimized SMA 30,20377.837566869024,10000.0,-0.0005229783617703636
2018-12-31,Adaptive Optimized SMA 30,20549.774321799112,10000.0,0.008437438681405066
2019-01-02,Adaptive Optimized SMA 30,20632.41059161047,10000.0,0.004021273835776395
2019-01-03,Adaptive Optimized SMA 30,19957.992002504856,10000.0,-0.032687338501292004
2019-01-04,Adaptive Optimized SMA 30,20812.344404909396,10000.0,0.04280753305729929
2019-01-07,Adaptive Optimized SMA 30,21060.253214343473,10000.0,0.011911623439000865
2019-01-08,Adaptive Optimized SMA 30,21657.102495721625,10000.0,0.028340080971659853
2019-01-09,Adaptive Optimized SMA 30,22168.687594045758,10000.0,0.02362204724409451
2019-01-10,Adaptive Optimized SMA 30,22381.848051680812,10000.0,0.009615384615384581
2019-01-11,Adaptive Optimized SMA 30,22126.055502518746,10000.0,-0.011428571428571354
2019-01-14,Adaptive Optimized SMA 30,21529.206221140586,10000.0,-0.026974951830443267
2019-01-15,Adaptive Optimized SMA 30,22722.904783896898,10000.0,0.055445544554455495
2019-01-16,Adaptive Optimized SMA 30,22765.53687542391,10000.0,0.0018761726078798848
2019-01-17,Adaptive Optimized SMA 30,23277.121973748042,10000.0,0.02247191011235957
2019-01-18,Adaptive Optimized SMA 30,23916.60334665321,10000.0,0.027472527472527538
2019-01-22,Adaptive Optimized SMA 30,22595.008509315867,10000.0,-0.05525846702317299
2019-01-23,Adaptive Optimized SMA 30,22637.640600842875,10000.0,0.0018867924528301486
2019-01-24,Adaptive Optimized SMA 30,23021.32942458598,10000.0,0.016949152542373024
2019-01-25,Adaptive Optimized SMA 30,23831.339163599187,10000.0,0.03518518518518509
2019-01-28,Adaptive Optimized SMA 30,22978.697333058964,10000.0,-0.03577817531305907
2019-01-29,Adaptive Optimized SMA 30,22339.2159601538,10000.0,-0.02782931354359916
2019-01-30,Adaptive Optimized SMA 30,24001.867529707233,10000.0,0.07442748091603046
2019-01-31,Adaptive Optimized SMA 30,25067.66981788251,10000.0,0.04440497335701599
2019-02-01,Adaptive Optimized SMA 30,24726.61308566642,10000.0,-0.01360544217687076
2019-02-04,Adaptive Optimized SMA 30,25621.887007733654,10000.0,0.036206896551724134
2019-02-05,Adaptive Optimized SMA 30,26304.00047216583,10000.0,0.02662229617304495
2019-02-06,Adaptive Optimized SMA 30,26090.840014530775,10000.0,-0.008103727714748757
2019-02-07,Adaptive Optimized SMA 30,25025.0377263555,10000.0,-0.04084967320261438
2019-02-08,Adaptive Optimized SMA 30,25152.934000936533,10000.0,0.005110732538330536
2019-02-11,Adaptive Optimized SMA 30,25110.30190940952,10000.0,-0.0016949152542374024
2019-02-12,Adaptive Optimized SMA 30,26176.1041975848,10000.0,0.04244482173174873
2019-02-13,Adaptive Optimized SMA 30,26261.36838063882,10000.0,0.0032573289902280886
2019-02-14,Adaptive Optimized SMA 30,26346.632563692845,10000.0,0.0032467532467531776
2019-02-15,Adaptive Optimized SMA 30,26645.057204381927,10000.0,0.011326860841423994
2019-02-19,Adaptive Optimized SMA 30,26815.58557048997,10000.0,0.0064000000000000055
2019-02-20,Adaptive Optimized SMA 30,26815.58557048997,10000.0,0.0
2019-02-21,Adaptive Optimized SMA 30,26517.16092980089,10000.0,-0.011128775834658232
2019-02-22,Adaptive Optimized SMA 30,27071.378119652032,10000.0,0.020900321543408342
2019-02-25,Adaptive Optimized SMA 30,27369.80276034111,10000.0,0.01102362204724414
2019-02-26,Adaptive Optimized SMA 30,27455.066943395137,10000.0,0.00311526479750786
2019-02-27,Adaptive Optimized SMA 30,27369.802760341114,10000.0,-0.0031055900621118726
2019-02-28,Adaptive Optimized SMA 30,27199.27439423307,10000.0,-0.006230529595015582
2019-03-01,Adaptive Optimized SMA 30,27753.491584084215,10000.0,0.020376175548589327
2019-03-04,Adaptive Optimized SMA 30,27753.491584084215,10000.0,0.0
2019-03-05,Adaptive Optimized SMA 30,27838.75576713824,10000.0,0.0030721966205837885
2019-03-06,Adaptive Optimized SMA 30,27327.170668814106,10000.0,-0.01837672281776418
2019-03-07,Adaptive Optimized SMA 30,26346.63256369285,10000.0,-0.03588143525741036
2019-03-08,Adaptive Optimized SMA 30,26176.104197584802,10000.0,-0.00647249190938512
2019-03-11,Adaptive Optimized SMA 30,27838.755767138235,10000.0,0.06351791530944635
2019-03-12,Adaptive Optimized SMA 30,28265.07668240834,10000.0,0.015313935681470082
2019-03-13,Adaptive Optimized SMA 30,28904.55805531351,10000.0,0.022624434389140326
2019-03-14,Adaptive Optimized SMA 30,28776.661780732476,10000.0,-0.004424778761061983
2019-03-15,Adaptive Optimized SMA 30,29458.775245164656,10000.0,0.023703703703703723
2019-03-18,Adaptive Optimized SMA 30,29757.199885853737,10000.0,0.010130246020260534
2019-03-19,Adaptive Optimized SMA 30,30055.62452654281,10000.0,0.010028653295128852
2019-03-20,Adaptive Optimized SMA 30,30396.6812587589,10000.0,0.011347517730496465
2019-03-21,Adaptive Optimized SMA 30,31803.540279150267,10000.0,0.046283309957924276
2019-03-22,Adaptive Optimized SMA 30,29714.567794326722,10000.0,-0.06568364611260057
2019-03-25,Adaptive Optimized SMA 30,29544.03942821868,10000.0,-0.005738880918220952
2019-03-26,Adaptive Optimized SMA 30,29927.728251961777,10000.0,0.012987012987012967
2019-03-27,Adaptive Optimized SMA 30,29330.87897058362,10000.0,-0.019943019943019898
2019-03-28,Adaptive Optimized SMA 30,29544.03942821867,10000.0,0.00726744186046509
2019-03-29,Adaptive Optimized SMA 30,30183.52080112384,10000.0,0.021645021645021696
2019-04-01,Adaptive Optimized SMA 30,31377.219363880147,10000.0,0.039548022598870095
2019-04-02,Adaptive Optimized SMA 30,31718.276096096237,10000.0,0.010869565217391313
2019-04-03,Adaptive Optimized SMA 30,32272.493285947385,10000.0,0.017473118279569877
2019-04-04,Adaptive Optimized SMA 30,32229.861194420373,10000.0,-0.0013210039630119782
2019-04-05,Adaptive Optimized SMA 30,32698.814201217498,10000.0,0.014550264550264593
2019-04-08,Adaptive Optimized SMA 30,32954.606750379564,10000.0,0.007822685788787549
2019-04-09,Adaptive Optimized SMA 30,32613.550018163474,10000.0,-0.010349288486416567
2019-04-10,Adaptive Optimized SMA 30,33125.1351164876,10000.0,0.015686274509803817
2019-04-11,Adaptive Optimized SMA 30,32869.34256732554,10000.0,-0.007722007722007672
2019-04-12,Adaptive Optimized SMA 30,33295.66348259565,10000.0,0.012970168612191912
2019-04-15,Adaptive Optimized SMA 30,33338.29557412267,10000.0,0.001280409731114043
2019-04-16,Adaptive Optimized SMA 30,33636.72021481174,10000.0,0.00895140664961629
2019-04-17,Adaptive Optimized SMA 30,33977.77694702783,10000.0,0.010139416983523457
2019-04-18,Adaptive Optimized SMA 30,34063.04113008185,10000.0,0.002509410288582241
2019-04-22,Adaptive Optimized SMA 30,34361.465770770934,10000.0,0.008760951188986269
2019-04-23,Adaptive Optimized SMA 30,35683.06060810827,10000.0,0.0384615384615383
2019-04-24,Adaptive Optimized SMA 30,35342.00387589218,10000.0,-0.00955794504181602
2019-04-25,Adaptive Optimized SMA 30,35725.69269963529,10000.0,0.01085645355850442
2019-04-26,Adaptive Optimized SMA 30,35853.58897421632,10000.0,0.003579952267303026
2019-04-29,Adaptive Optimized SMA 30,36024.11734032436,10000.0,0.004756242568370886
2019-04-30,Adaptive Optimized SMA 30,35214.10760131115,10000.0,-0.02248520710059166
2019-05-01,Adaptive Optimized SMA 30,34830.418777568055,10000.0,-0.010895883777239693
2019-05-02,Adaptive Optimized SMA 30,34404.097862297946,10000.0,-0.012239902080783311
2019-05-03,Adaptive Optimized SMA 30,36024.11734032436,10000.0,0.047087980173481904
2019-05-06,Adaptive Optimized SMA 30,35384.6359674192,10000.0,-0.017751479289940662
2019-05-07,Adaptive Optimized SMA 30,33295.66348259565,10000.0,-0.05903614457831338
2019-05-08,Adaptive Optimized SMA 30,32997.238841906576,10000.0,-0.008962868117797618
2019-05-09,Adaptive Optimized SMA 30,32485.653743582443,10000.0,-0.015503875968992262
2019-05-10,Adaptive Optimized SMA 30,32570.91792663646,10000.0,0.0026246719160104427
2019-05-13,Adaptive Optimized SMA 30,29202.982696002582,10000.0,-0.10340314136125656
2019-05-14,Adaptive Optimized SMA 30,29523.660863318197,10000.0,0.010981007339346626
2019-05-15,Adaptive Optimized SMA 30,29939.233590349668,10000.0,0.014075921307841622
2019-05-16,Adaptive Optimized SMA 30,30240.278400482697,10000.0,0.010055194272911107
2019-05-17,Adaptive Optimized SMA 30,29323.9063277408,10000.0,-0.03030303030303024
2019-05-20,Adaptive Optimized SMA 30,28830.205488725598,10000.0,-0.0168361211326117
2019-05-21,Adaptive Optimized SMA 30,29129.95242669911,10000.0,0.01039697542533068
2019-05-22,Adaptive Optimized SMA 30,29000.11551773732,10000.0,-0.004457161723435879
2019-05-23,Adaptive Optimized SMA 30,28557.708272386033,10000.0,-0.015255361485739504
2019-05-24,Adaptive Optimized SMA 30,28543.281949168057,10000.0,-0.0005051638976201359
2019-05-28,Adaptive Optimized SMA 30,28435.88598743423,10000.0,-0.00376256528331548
2019-05-29,Adaptive Optimized SMA 30,28201.858966342606,10000.0,-0.008229988726042886
2019-05-30,Adaptive Optimized SMA 30,28320.47540169042,10000.0,0.004205979311128845
2019-05-31,Adaptive Optimized SMA 30,27868.450607527146,10000.0,-0.015961059542675984
2019-06-03,Adaptive Optimized SMA 30,27254.530408362134,10000.0,-0.02202921891176816
2019-06-04,Adaptive Optimized SMA 30,28022.331388518898,10000.0,0.028171499147209268
2019-06-05,Adaptive Optimized SMA 30,28230.711612778567,10000.0,0.007436220112115384
2019-06-06,Adaptive Optimized SMA 30,28455.12108505821,10000.0,0.007949125596184452
2019-06-07,Adaptive Optimized SMA 30,29003.321367341327,10000.0,0.019265434880576766
2019-06-10,Adaptive Optimized SMA 30,30077.51845502064,10000.0,0.03703703703703713
2019-06-11,Adaptive Optimized SMA 30,30160.14900022674,10000.0,0.0027472527472526885
2019-06-12,Adaptive Optimized SMA 30,29664.365728990135,10000.0,-0.016438356164383577
2019-06-13,Adaptive Optimized SMA 30,30160.14900022674,10000.0,0.016713091922005586
2019-06-14,Adaptive Optimized SMA 30,29746.996274196237,10000.0,-0.013698630136986254
2019-06-17,Adaptive Optimized SMA 30,30325.41009063894,10000.0,0.0194444444444444
2019-06-18,Adaptive Optimized SMA 30,31606.183541333503,10000.0,0.04223433242506819
2019-06-19,Adaptive Optimized SMA 30,31978.020994760955,10000.0,0.011764705882352922
2019-06-20,Adaptive Optimized SMA 30,32845.64171942501,10000.0,0.02713178294573643
2019-06-21,Adaptive Optimized SMA 30,32721.695901615858,10000.0,-0.0037735849056604086
2019-06-24,Adaptive Optimized SMA 30,32721.695901615858,10000.0,0.0
2019-06-25,Adaptive Optimized SMA 30,31027.769724890793,10000.0,-0.05176767676767679
2019-06-26,Adaptive Optimized SMA 30,31440.922450921298,10000.0,0.013315579227696476
2019-06-27,Adaptive Optimized SMA 30,31771.444631745704,10000.0,0.010512483574244424
2019-06-28,Adaptive Optimized SMA 30,31895.39044955485,10000.0,0.0039011703511052484
2019-07-01,Adaptive Optimized SMA 30,33176.163900249405,10000.0,0.04015544041450772
2019-07-02,Adaptive Optimized SMA 30,33589.31662627992,10000.0,0.01245330012453318
2019-07-03,Adaptive Optimized SMA 30,34332.991533134824,10000.0,0.022140221402213986
2019-07-05,Adaptive Optimized SMA 30,34085.09989751652,10000.0,-0.007220216606498254
2019-07-08,Adaptive Optimized SMA 30,33382.74026326466,10000.0,-0.020606060606060597
2019-07-09,Adaptive Optimized SMA 30,33878.52353450127,10000.0,0.014851485148514755
2019-07-10,Adaptive Optimized SMA 30,34870.09007697448,10000.0,0.02926829268292686
2019-07-11,Adaptive Optimized SMA 30,34787.45953176838,10000.0,-0.002369668246445447
2019-07-12,Adaptive Optimized SMA 30,35365.873348211084,10000.0,0.01662707838479817
2019-07-15,Adaptive Optimized SMA 30,35655.08025643243,10000.0,0.008177570093457976
2019-07-16,Adaptive Optimized SMA 30,35159.296985195826,10000.0,-0.01390498261877184
2019-07-17,Adaptive Optimized SMA 30,34663.513713959226,10000.0,-0.014101057579318357
2019-07-18,Adaptive Optimized SMA 30,34787.45953176837,10000.0,0.0035756853396900308
2019-07-19,Adaptive Optimized SMA 30,33961.15407970737,10000.0,-0.02375296912114006
2019-07-22,Adaptive Optimized SMA 30,34746.144259165325,10000.0,0.02311435523114349
2019-07-23,Adaptive Optimized SMA 30,35407.18862081413,10000.0,0.019024970273483963
2019-07-24,Adaptive Optimized SMA 30,36192.178800272086,10000.0,0.022170361726954434
2019-07-25,Adaptive Optimized SMA 30,35159.296985195826,10000.0,-0.02853881278538813
2019-07-26,Adaptive Optimized SMA 30,36192.178800272086,10000.0,0.02937720329024677
2019-07-29,Adaptive Optimized SMA 30,35861.65661944768,10000.0,-0.009132420091324209
2019-07-30,Adaptive Optimized SMA 30,35365.873348211084,10000.0,-0.013824884792626639
2019-07-31,Adaptive Optimized SMA 30,33878.52353450126,10000.0,-0.04205607476635528
2019-08-01,Adaptive Optimized SMA 30,33424.055535867716,10000.0,-0.013414634146341396
2019-08-02,Adaptive Optimized SMA 30,31895.390449554852,10000.0,-0.045735475896168123
2019-08-05,Adaptive Optimized SMA 30,30769.470391495797,10000.0,-0.03530040053404547
2019-08-06,Adaptive Optimized SMA 30,31198.71676763934,10000.0,0.013950398582816709
2019-08-07,Adaptive Optimized SMA 30,31367.349272552878,10000.0,0.0054051102860887155
2019-08-08,Adaptive Optimized SMA 30,32050.396085384466,10000.0,0.02177572631007326
2019-08-09,Adaptive Optimized SMA 30,31748.90160690269,10000.0,-0.009406887755102095
2019-08-12,Adaptive Optimized SMA 30,31384.382858907782,10000.0,-0.011481302644991611
2019-08-13,Adaptive Optimized SMA 30,32072.53974764584,10000.0,0.021926729986431436
2019-08-14,Adaptive Optimized SMA 30,31113.54883586483,10000.0,-0.0299006851133889
2019-08-15,Adaptive Optimized SMA 30,31077.778304519532,10000.0,-0.0011496769955108286
2019-08-16,Adaptive Optimized SMA 30,31576.862384718177,10000.0,0.016059194299808205
2019-08-19,Adaptive Optimized SMA 30,32079.353182187806,10000.0,0.01591325925126776
2019-08-20,Adaptive Optimized SMA 30,31414.496121417073,10000.0,-0.020725388601036288
2019-08-21,Adaptive Optimized SMA 30,31693.556770860818,10000.0,0.00888318082089151
2019-08-22,Adaptive Optimized SMA 30,31407.29238712401,10000.0,-0.009032258064516166
2019-08-23,Adaptive Optimized SMA 30,28503.753637793536,10000.0,-0.09244791666666667
2019-08-26,Adaptive Optimized SMA 30,28934.513227307918,10000.0,0.015112381161729955
2019-08-27,Adaptive Optimized SMA 30,28873.423685522244,10000.0,-0.002111303594629636
2019-08-28,Adaptive Optimized SMA 30,28976.805987005697,10000.0,0.003580534910215356
2019-08-29,Adaptive Optimized SMA 30,29420.096764578677,10000.0,0.015298124222930882
2019-08-30,Adaptive Optimized SMA 30,29226.797837084727,10000.0,-0.006570302233902853
2019-09-03,Adaptive Optimized SMA 30,28376.282556111364,10000.0,-0.029100529100529068
2019-09-04,Adaptive Optimized SMA 30,28786.136704590903,10000.0,0.014443546213958384
2019-09-05,Adaptive Optimized SMA 30,30366.55205307825,10000.0,0.05490196078431371
2019-09-06,Adaptive Optimized SMA 30,30291.294179340755,10000.0,-0.0024783147459726857
2019-09-09,Adaptive Optimized SMA 30,30103.149494997022,10000.0,-0.0062111801242236905
2019-09-10,Adaptive Optimized SMA 30,29839.746936915795,10000.0,-0.008750000000000036
2019-09-11,Adaptive Optimized SMA 30,30667.58354802822,10000.0,0.027742749054224546
2019-09-12,Adaptive Optimized SMA 30,31043.872916715678,10000.0,0.012269938650306704
2019-09-13,Adaptive Optimized SMA 30,30705.21248489696,10000.0,-0.010909090909090893
2019-09-16,Adaptive Optimized SMA 30,30291.294179340755,10000.0,-0.013480392156862675
2019-09-17,Adaptive Optimized SMA 30,30667.58354802822,10000.0,0.012422360248447159
2019-09-18,Adaptive Optimized SMA 30,30667.58354802822,10000.0,0.0
2019-09-19,Adaptive Optimized SMA 30,30818.0992955032,10000.0,0.004907975460122595
2019-09-20,Adaptive Optimized SMA 30,29839.7469369158,10000.0,-0.03174603174603172
2019-09-23,Adaptive Optimized SMA 30,29839.7469369158,10000.0,0.0
2019-09-24,Adaptive Optimized SMA 30,28673.249893984663,10000.0,-0.03909205548549806
2019-09-25,Adaptive Optimized SMA 30,29576.344378834572,10000.0,0.03149606299212601
2019-09-26,Adaptive Optimized SMA 30,29312.94182075335,10000.0,-0.008905852417302835
2019-09-27,Adaptive Optimized SMA 30,28221.702651559706,10000.0,-0.037227214377406934
2019-09-30,Adaptive Optimized SMA 30,28490.43763641915,10000.0,0.009522281067779388
2019-10-01,Adaptive Optimized SMA 30,27824.427405957398,10000.0,-0.023376623376623454
2019-10-02,Adaptive Optimized SMA 30,26381.40523995695,10000.0,-0.05186170212765954
2019-10-03,Adaptive Optimized SMA 30,26671.105911795566,10000.0,0.010981244903506444
2019-10-04,Adaptive Optimized SMA 30,27064.066229042004,10000.0,0.014733559176211266
2019-10-07,Adaptive Optimized SMA 30,26817.38854205855,10000.0,-0.009114583333333256
2019-10-08,Adaptive Optimized SMA 30,25584.00010714127,10000.0,-0.045992115637319385
2019-10-09,Adaptive Optimized SMA 30,25833.8762143824,10000.0,0.009766889704295286
2019-10-10,Adaptive Optimized SMA 30,26034.053206371147,10000.0,0.007748623951263919
2019-10-11,Adaptive Optimized SMA 30,27022.256796665337,10000.0,0.03795811518324608
2019-10-14,Adaptive Optimized SMA 30,27056.332782537553,10000.0,0.001261034047919379
2019-10-15,Adaptive Optimized SMA 30,28078.612358703962,10000.0,0.037783375314861437
2019-10-16,Adaptive Optimized SMA 30,27874.156443470678,10000.0,-0.0072815533980583125
2019-10-17,Adaptive Optimized SMA 30,28044.536372831746,10000.0,0.006112469437652899
2019-10-18,Adaptive Optimized SMA 30,27260.788697770833,10000.0,-0.027946537059538326
2019-10-21,Adaptive Optimized SMA 30,27976.38440108732,10000.0,0.026250000000000107
2019-10-22,Adaptive Optimized SMA 30,27328.94066951526,10000.0,-0.023142509135201127
2019-10-23,Adaptive Optimized SMA 30,27465.244613004117,10000.0,0.004987531172069941
2019-10-24,Adaptive Optimized SMA 30,28248.992288065023,10000.0,0.028535980148883207
2019-10-25,Adaptive Optimized SMA 30,28896.436019637087,10000.0,0.022919179734620182
2019-10-28,Adaptive Optimized SMA 30,29782.41165231464,10000.0,0.03066037735849054
2019-10-29,Adaptive Optimized SMA 30,29066.81594899815,10000.0,-0.024027459954233506
2019-10-30,Adaptive Optimized SMA 30,29475.72777946472,10000.0,0.014067995310668347
2019-10-31,Adaptive Optimized SMA 30,29509.803765336936,10000.0,0.001156069364161825
2019-11-01,Adaptive Optimized SMA 30,30327.62742627006,10000.0,0.027713625866050834
2019-11-04,Adaptive Optimized SMA 30,30872.84320022548,10000.0,0.017977528089887656
2019-11-05,Adaptive Optimized SMA 30,30906.91918609769,10000.0,0.0011037527593818748
2019-11-06,Adaptive Optimized SMA 30,30702.463270864406,10000.0,-0.006615214994487376
2019-11-07,Adaptive Optimized SMA 30,31009.147143714323,10000.0,0.00998890122086569
2019-11-08,Adaptive Optimized SMA 30,31383.98298830868,10000.0,0.012087912087912222
2019-11-11,Adaptive Optimized SMA 30,31247.679044819823,10000.0,-0.004343105320304117
2019-11-12,Adaptive Optimized SMA 30,31486.210945925322,10000.0,0.007633587786259573
2019-11-13,Adaptive Optimized SMA 30,31452.13496005311,10000.0,-0.001082251082251059
2019-11-14,Adaptive Optimized SMA 30,31452.13496005311,10000.0,0.0
2019-11-15,Adaptive Optimized SMA 30,32031.42671988074,10000.0,0.01841820151679306
2019-11-18,Adaptive Optimized SMA 30,32201.806649241804,10000.0,0.005319148936170099
2019-11-19,Adaptive Optimized SMA 30,32338.110592730663,10000.0,0.004232804232804331
2019-11-20,Adaptive Optimized SMA 30,31758.818832903034,10000.0,-0.017913593256059002
2019-11-21,Adaptive Optimized SMA 30,31520.28693179754,10000.0,-0.007510729613733936
2019-11-22,Adaptive Optimized SMA 30,31588.438903541966,10000.0,0.0021621621621621162
2019-11-25,Adaptive Optimized SMA 30,32712.946437325012,10000.0,0.03559870550161813
2019-11-26,Adaptive Optimized SMA 30,32883.32636668609,10000.0,0.005208333333333408
2019-11-27,Adaptive Optimized SMA 30,33564.84608413035,10000.0,0.020725388601036194
2019-11-29,Adaptive Optimized SMA 30,33121.85826779158,10000.0,-0.013197969543147108
2019-12-02,Adaptive Optimized SMA 30,32031.42671988074,10000.0,-0.0329218106995885
2019-12-03,Adaptive Optimized SMA 30,31315.831016564254,10000.0,-0.022340425531914985
2019-12-04,Adaptive Optimized SMA 30,31792.894818775247,10000.0,0.015233949945593099
2019-12-05,Adaptive Optimized SMA 30,31963.27474813632,10000.0,0.00535905680600222
2019-12-06,Adaptive Optimized SMA 30,32951.47833843051,10000.0,0.030916844349680075
2019-12-09,Adaptive Optimized SMA 30,32542.56650796395,10000.0,-0.012409513960703125
2019-12-10,Adaptive Optimized SMA 30,32474.41453621952,10000.0,-0.0020942408376964762
2019-12-11,Adaptive Optimized SMA 30,32951.47833843051,10000.0,0.014690451206715695
2019-12-12,Adaptive Optimized SMA 30,33701.15002761921,10000.0,0.02275077559462261
2019-12-13,Adaptive Optimized SMA 30,34007.83390046913,10000.0,0.009100101112234565
2019-12-16,Adaptive Optimized SMA 30,34996.037490763316,10000.0,0.029058116232464844
2019-12-17,Adaptive Optimized SMA 30,35030.11347663553,10000.0,0.0009737098344693075
2019-12-18,Adaptive Optimized SMA 30,35132.34143425218,10000.0,0.0029182879377433013
2019-12-19,Adaptive Optimized SMA 30,35847.93713756866,10000.0,0.020368574199805922
2019-12-20,Adaptive Optimized SMA 30,36256.84896803522,10000.0,0.011406844106463974
2019-12-23,Adaptive Optimized SMA 30,36529.45685501293,10000.0,0.0075187969924812095
2019-12-24,Adaptive Optimized SMA 30,36563.53284088515,10000.0,0.0009328358208955024
2019-12-26,Adaptive Optimized SMA 30,37517.66044530713,10000.0,0.02609506057781914
2019-12-27,Adaptive Optimized SMA 30,37415.43248769049,10000.0,-0.0027247956403269173
2019-12-30,Adaptive Optimized SMA 30,36665.76079850178,10000.0,-0.020036429872495504
2019-12-31,Adaptive Optimized SMA 30,36870.21671373506,10000.0,0.005576208178438708
2020-01-02,Adaptive Optimized SMA 30,38676.24396496238,10000.0,0.04898336414048053
2020-01-03,Adaptive Optimized SMA 30,37653.964388795976,10000.0,-0.026431718061673916
2020-01-06,Adaptive Optimized SMA 30,38369.56009211246,10000.0,0.019004524886877743
2020-01-07,Adaptive Optimized SMA 30,38301.40812036803,10000.0,-0.0017761989342806016
2020-01-08,Adaptive Optimized SMA 30,39187.383753045586,10000.0,0.02313167259786475
2020-01-09,Adaptive Optimized SMA 30,40175.58734333978,10000.0,0.02521739130434775
2020-01-10,Adaptive Optimized SMA 30,39834.82748461764,10000.0,-0.008481764206955017
2020-01-13,Adaptive Optimized SMA 30,41231.9429053784,10000.0,0.03507271171941832
2020-01-14,Adaptive Optimized SMA 30,40754.87910316741,10000.0,-0.011570247933884198
2020-01-15,Adaptive Optimized SMA 30,40788.95508903963,10000.0,0.0008361204013377747
2020-01-16,Adaptive Optimized SMA 30,41913.46262282268,10000.0,0.027568922305764416
2020-01-17,Adaptive Optimized SMA 30,42560.906354394734,10000.0,0.015447154471544674
2020-01-21,Adaptive Optimized SMA 30,42526.83036852252,10000.0,-0.0008006405124099109
2020-01-22,Adaptive Optimized SMA 30,42833.514241372446,10000.0,0.00721153846153845
2020-01-23,Adaptive Optimized SMA 30,43208.35008596679,10000.0,0.008750994431185316
2020-01-24,Adaptive Optimized SMA 30,42083.84255218374,10000.0,-0.02602523659305994
2020-01-27,Adaptive Optimized SMA 30,39494.06762589551,10000.0,-0.06153846153846152
2020-01-28,Adaptive Optimized SMA 30,41334.170862995044,10000.0,0.046591889559965564
2020-01-29,Adaptive Optimized SMA 30,41470.47480648389,10000.0,0.0032976092333057826
2020-01-30,Adaptive Optimized SMA 30,41947.538608694886,10000.0,0.011503697617091255
2020-01-31,Adaptive Optimized SMA 30,39868.90347048985,10000.0,-0.04955320877335509
2020-02-03,Adaptive Optimized SMA 30,41709.00670758938,10000.0,0.04615384615384623
2020-02-04,Adaptive Optimized SMA 30,44571.38952085532,10000.0,0.06862745098039215
2020-02-05,Adaptive Optimized SMA 30,45082.52930893853,10000.0,0.011467889908256907
2020-02-06,Adaptive Optimized SMA 30,46172.96085684937,10000.0,0.024187452758881352
2020-02-07,Adaptive Optimized SMA 30,45593.669097021746,10000.0,-0.012546125461254607
2020-02-10,Adaptive Optimized SMA 30,47229.31641888799,10000.0,0.0358744394618833
2020-02-11,Adaptive Optimized SMA 30,47263.3924047602,10000.0,0.0007215007215007061
2020-02-12,Adaptive Optimized SMA 30,48660.50782552095,10000.0,0.0295602018745494
2020-02-13,Adaptive Optimized SMA 30,48456.05191028768,10000.0,-0.004201680672268818
2020-02-14,Adaptive Optimized SMA 30,48796.811769009815,10000.0,0.007032348804500678
2020-02-18,Adaptive Optimized SMA 30,48864.96374075424,10000.0,0.0013966480446927076
2020-02-19,Adaptive Optimized SMA 30,50296.1551473872,10000.0,0.02928870292887029
2020-02-20,Adaptive Optimized SMA 30,48864.96374075423,10000.0,-0.028455284552845524
2020-02-21,Adaptive Optimized SMA 30,46070.732899232724,10000.0,-0.05718270571827059
2020-02-24,Adaptive Optimized SMA 30,40754.87910316741,10000.0,-0.1153846153846153
2020-02-25,Adaptive Optimized SMA 30,39647.92007840112,10000.0,-0.027161386541329685
2020-02-26,Adaptive Optimized SMA 30,39852.36675352435,10000.0,0.005156554863885597
2020-02-27,Adaptive Optimized SMA 30,37855.78841268134,10000.0,-0.050099366825345486
2020-02-28,Adaptive Optimized SMA 30,37885.258203690086,10000.0,0.0007784751617768529
2020-03-02,Adaptive Optimized SMA 30,39841.315581896066,10000.0,0.05163109533764405
2020-03-03,Adaptive Optimized SMA 30,38563.063396891404,10000.0,-0.032083583745550356
2020-03-04,Adaptive Optimized SMA 30,40172.85073074454,10000.0,0.04174428046042895
2020-03-05,Adaptive Optimized SMA 30,38951.69626581933,10000.0,-0.03039750584567431
2020-03-06,Adaptive Optimized SMA 30,38294.15155393653,10000.0,-0.016881028938906723
2020-03-09,Adaptive Optimized SMA 30,35634.502915396566,10000.0,-0.0694531287576355
2020-03-10,Adaptive Optimized SMA 30,37573.98353616012,10000.0,0.05442704295239573
2020-03-11,Adaptive Optimized SMA 30,35938.41013517433,10000.0,-0.04352941176470586
2020-03-12,Adaptive Optimized SMA 30,32643.31912800813,10000.0,-0.0916871668716688
2020-03-13,Adaptive Optimized SMA 30,35407.95389701678,10000.0,0.08469220786548565
2020-03-16,Adaptive Optimized SMA 30,31166.145853694386,10000.0,-0.11979816895547232
2020-03-17,Adaptive Optimized SMA 30,33529.254720208766,10000.0,0.07582294190650661
2020-03-18,Adaptive Optimized SMA 30,32510.70506846874,10000.0,-0.030377938914524286
2020-03-19,Adaptive Optimized SMA 30,32705.942433901728,10000.0,0.006005325477310081
2020-03-20,Adaptive Optimized SMA 30,31424.006525020974,10000.0,-0.03919581010305784
2020-03-23,Adaptive Optimized SMA 30,31379.801838507843,10000.0,-0.0014067170740285392
2020-03-24,Adaptive Optimized SMA 30,33809.21773479192,10000.0,0.07741973352115981
2020-03-25,Adaptive Optimized SMA 30,33558.724511217515,10000.0,-0.007409021573327596
2020-03-26,Adaptive Optimized SMA 30,35326.9119717427,10000.0,0.05268935236004404
2020-03-27,Adaptive Optimized SMA 30,34111.28309263164,10000.0,-0.03441084462982285
2020-03-30,Adaptive Optimized SMA 30,35352.69803887536,10000.0,0.03639308855291582
2020-03-31,Adaptive Optimized SMA 30,35050.63268103564,10000.0,-0.008544336771907817
2020-04-01,Adaptive Optimized SMA 30,33560.56637315557,10000.0,-0.04251182343667894
2020-04-02,Adaptive Optimized SMA 30,34242.05529023298,10000.0,0.020306240052686397
2020-04-03,Adaptive Optimized SMA 30,33755.80373858856,10000.0,-0.014200419557850499
2020-04-06,Adaptive Optimized SMA 30,36170.48473936826,10000.0,0.07153380258634792
2020-04-07,Adaptive Optimized SMA 30,36114.05652604631,10000.0,-0.0015600624024960665
2020-04-08,Adaptive Optimized SMA 30,38427.61327224615,10000.0,0.06406249999999988
2020-04-09,Adaptive Optimized SMA 30,38540.46969889005,10000.0,0.002936857562408291
2020-04-13,Adaptive Optimized SMA 30,39894.74681861678,10000.0,0.03513909224011716
2020-04-14,Adaptive Optimized SMA 30,45086.14244423594,10000.0,0.13012729844413012
2020-04-15,Adaptive Optimized SMA 30,43562.58068454336,10000.0,-0.033792240300375524
2020-04-16,Adaptive Optimized SMA 30,45932.56564406516,10000.0,0.05440414507772032
2020-04-17,Adaptive Optimized SMA 30,47061.129910504096,10000.0,0.024570024570024482
2020-04-20,Adaptive Optimized SMA 30,45537.56815081152,10000.0,-0.03237410071942441
2020-04-21,Adaptive Optimized SMA 30,40515.4571651582,10000.0,-0.11028500619578693
2020-04-22,Adaptive Optimized SMA 30,44070.43460444088,10000.0,0.08774373259052924
2020-04-23,Adaptive Optimized SMA 30,43788.293537831145,10000.0,-0.0064020486555697595
2020-04-24,Adaptive Optimized SMA 30,45932.565644065144,10000.0,0.04896907216494856
2020-04-27,Adaptive Optimized SMA 30,46835.4170572163,10000.0,0.019656019656019673
2020-04-28,Adaptive Optimized SMA 30,44296.147457728664,10000.0,-0.054216867469879644
2020-04-29,Adaptive Optimized SMA 30,48866.8327368064,10000.0,0.10318471337579625
2020-04-30,Adaptive Optimized SMA 30,49205.40201673808,10000.0,0.00692840646651276
2020-05-01,Adaptive Optimized SMA 30,44804.00137762619,10000.0,-0.08944954128440369
2020-05-04,Adaptive Optimized SMA 30,46383.99135064072,10000.0,0.03526448362720406
2020-05-05,Adaptive Optimized SMA 30,47851.12489701135,10000.0,0.03163017031630167
2020-05-06,Adaptive Optimized SMA 30,48810.40452348445,10000.0,0.020047169811320747
2020-05-07,Adaptive Optimized SMA 30,50728.96377643067,10000.0,0.03930635838150287
2020-05-08,Adaptive Optimized SMA 30,52760.379456020775,10000.0,0.04004449388209115
2020-05-11,Adaptive Optimized SMA 30,54058.228362425565,10000.0,0.02459893048128347
2020-05-12,Adaptive Optimized SMA 30,50841.82020307456,10000.0,-0.059498956158663914
2020-05-13,Adaptive Optimized SMA 30,48923.26095012835,10000.0,-0.03773584905660376
2020-05-14,Adaptive Optimized SMA 30,50559.67913646483,10000.0,0.033448673587082
2020-05-15,Adaptive Optimized SMA 30,51406.102336294025,10000.0,0.01674107142857127
2020-05-18,Adaptive Optimized SMA 30,54396.79764235724,10000.0,0.058177826564215274
2020-05-19,Adaptive Optimized SMA 30,53945.371935781666,10000.0,-0.008298755186721999
2020-05-20,Adaptive Optimized SMA 30,57161.780095132664,10000.0,0.05962343096234312
2020-05-21,Adaptive Optimized SMA 30,55356.07726883035,10000.0,-0.031589338598223125
2020-05-22,Adaptive Optimized SMA 30,55863.93118872787,10000.0,0.00917431192660549
2020-05-26,Adaptive Optimized SMA 30,55638.21833544007,10000.0,-0.004040404040404133
2020-05-27,Adaptive Optimized SMA 30,56428.21332194733,10000.0,0.014198782961460505
2020-05-28,Adaptive Optimized SMA 30,56089.64404201565,10000.0,-0.0060000000000000496
2020-05-29,Adaptive Optimized SMA 30,58403.200788215494,10000.0,0.041247484909456754
2020-06-01,Adaptive Optimized SMA 30,59080.339348078865,10000.0,0.011594202898550822
2020-06-02,Adaptive Optimized SMA 30,60265.33182783976,10000.0,0.02005730659025779
2020-06-03,Adaptive Optimized SMA 30,61111.75502766897,10000.0,0.014044943820224753
2020-06-04,Adaptive Optimized SMA 30,59870.33433458613,10000.0,-0.02031394275161594
2020-06-05,Adaptive Optimized SMA 30,63425.31177386882,10000.0,0.059377945334590086
2020-06-08,Adaptive Optimized SMA 30,64836.01710691751,10000.0,0.02224199288256228
2020-06-09,Adaptive Optimized SMA 30,66246.7224399662,10000.0,0.02175805047867711
2020-06-10,Adaptive Optimized SMA 30,68673.13561280993,10000.0,0.03662691652470185
2020-06-11,Adaptive Optimized SMA 30,58572.48542818136,10000.0,-0.14708299096138036
2020-06-12,Adaptive Optimized SMA 30,59813.9061212642,10000.0,0.0211946050096338
2020-06-15,Adaptive Optimized SMA 30,61901.75001417625,10000.0,0.03490566037735859
2020-06-16,Adaptive Optimized SMA 30,65174.586386849194,10000.0,0.0528714676390155
2020-06-17,Adaptive Optimized SMA 30,65851.72494671257,10000.0,0.010389610389610322
2020-06-18,Adaptive Optimized SMA 30,66359.57886661009,10000.0,0.007712082262210785
2020-06-19,Adaptive Optimized SMA 30,66246.7224399662,10000.0,-0.0017006802721088073
2020-06-22,Adaptive Optimized SMA 30,68616.70739948798,10000.0,0.03577512776831345
2020-06-23,Adaptive Optimized SMA 30,70422.4102257903,10000.0,0.026315789473684233
2020-06-24,Adaptive Optimized SMA 30,66246.7224399662,10000.0,-0.05929487179487181
2020-06-25,Adaptive Optimized SMA 30,67995.99705294656,10000.0,0.026405451448040927
2020-06-26,Adaptive Optimized SMA 30,63143.17070725909,10000.0,-0.07136929460580922
2020-06-29,Adaptive Optimized SMA 30,65118.158173527234,10000.0,0.03127792672028594
2020-06-30,Adaptive Optimized SMA 30,68898.84846609771,10000.0,0.058058925476603275
2020-07-01,Adaptive Optimized SMA 30,71325.26163894145,10000.0,0.03521703521703519
2020-07-02,Adaptive Optimized SMA 30,72848.82339863402,10000.0,0.02136075949367085
2020-07-06,Adaptive Optimized SMA 30,78209.50366421901,10000.0,0.07358636715724239
2020-07-07,Adaptive Optimized SMA 30,76685.94190452644,10000.0,-0.01948051948051945
2020-07-08,Adaptive Optimized SMA 30,79620.20899726769,10000.0,0.03826342899190578
2020-07-09,Adaptive Optimized SMA 30,81595.19646353586,10000.0,0.024805102763997267
2020-07-10,Adaptive Optimized SMA 30,83344.47107651622,10000.0,0.021438450899031722
2020-07-13,Adaptive Optimized SMA 30,78209.50366421901,10000.0,-0.06161137440758295
2020-07-14,Adaptive Optimized SMA 30,79845.92185055549,10000.0,0.02092352092352099
2020-07-15,Adaptive Optimized SMA 30,80240.91934380912,10000.0,0.0049469964664311155
2020-07-16,Adaptive Optimized SMA 30,78491.64473082875,10000.0,-0.021800281293952214
2020-07-17,Adaptive Optimized SMA 30,78886.64222408237,10000.0,0.0050323508267433705
2020-07-20,Adaptive Optimized SMA 30,85601.5996093941,10000.0,0.08512160228898423
2020-07-21,Adaptive Optimized SMA 30,82893.04536994064,10000.0,-0.03164139749505606
2020-07-22,Adaptive Optimized SMA 30,83795.8967830918,10000.0,0.010891763104152494
2020-07-23,Adaptive Optimized SMA 30,77250.22403774591,10000.0,-0.07811447811447812
2020-07-24,Adaptive Optimized SMA 30,74993.09550486802,10000.0,-0.029218407596786
2020-07-27,Adaptive Optimized SMA 30,78999.49865072628,10000.0,0.053423626787058004
2020-07-28,Adaptive Optimized SMA 30,76008.80334466307,10000.0,-0.03785714285714281
2020-07-29,Adaptive Optimized SMA 30,78604.50115747265,10000.0,0.03414996288047506
2020-07-30,Adaptive Optimized SMA 30,79902.35006387744,10000.0,0.016511127063890914
2020-07-31,Adaptive Optimized SMA 30,84190.89427634544,10000.0,0.053672316384180775
2020-08-03,Adaptive Optimized SMA 30,87350.87422237449,10000.0,0.037533512064343195
2020-08-04,Adaptive Optimized SMA 30,88479.43848881344,10000.0,0.012919896640826828
2020-08-05,Adaptive Optimized SMA 30,89213.00526199877,10000.0,0.008290816326530663
2020-08-06,Adaptive Optimized SMA 30,92598.6980613156,10000.0,0.03795066413662237
2020-08-07,Adaptive Optimized SMA 30,89551.57454193044,10000.0,-0.03290676416819018
2020-08-10,Adaptive Optimized SMA 30,88366.58206216956,10000.0,-0.013232514177693704
2020-08-11,Adaptive Optimized SMA 30,83344.47107651625,10000.0,-0.056832694763729284
2020-08-12,Adaptive Optimized SMA 30,89608.00275525241,10000.0,0.075152335815843
2020-08-13,Adaptive Optimized SMA 30,90228.71310179384,10000.0,0.006926952141057898
2020-08-14,Adaptive Optimized SMA 30,89946.5720351841,10000.0,-0.003126954346466586
2020-08-17,Adaptive Optimized SMA 30,92937.26734124731,10000.0,0.03324968632371389
2020-08-18,Adaptive Optimized SMA 30,95645.82158070078,10000.0,0.02914389799635704
2020-08-19,Adaptive Optimized SMA 30,93783.69054107653,10000.0,-0.019469026548672465
2020-08-20,Adaptive Optimized SMA 30,97620.80904696895,10000.0,0.04091456077015642
2020-08-21,Adaptive Optimized SMA 30,99708.65293988101,10000.0,0.021387283236994275
2020-08-24,Adaptive Optimized SMA 30,101514.3557661833,10000.0,0.018109790605545937
2020-08-25,Adaptive Optimized SMA 30,103884.3407257051,10000.0,0.023346303501945623
2020-08-26,Adaptive Optimized SMA 30,110542.8698976949,10000.0,0.0640956002172732
2020-08-27,Adaptive Optimized SMA 30,109527.16205789986,10000.0,-0.009188361408882068
2020-08-28,Adaptive Optimized SMA 30,111220.00845755829,10000.0,0.015455950540958305
2020-08-31,Adaptive Optimized SMA 30,113815.70627036788,10000.0,0.02333840690005078
2020-09-01,Adaptive Optimized SMA 30,119740.66866917234,10000.0,0.05205751115518081
2020-09-02,Adaptive Optimized SMA 30,123126.3614684892,10000.0,0.02827521206409055
2020-09-03,Adaptive Optimized SMA 30,104222.91000563682,10000.0,-0.15352887259395057
2020-09-04,Adaptive Optimized SMA 30,99877.93757984687,10000.0,-0.041689225771521364
2020-09-08,Adaptive Optimized SMA 30,85770.88424936002,10000.0,-0.14124293785310735
2020-09-09,Adaptive Optimized SMA 30,88288.60191458715,10000.0,0.02935398984470559
2020-09-10,Adaptive Optimized SMA 30,83154.92185171595,10000.0,-0.058146577831617245
2020-09-11,Adaptive Optimized SMA 30,82577.54197552291,10000.0,-0.006943423952975703
2020-09-14,Adaptive Optimized SMA 30,84016.40928603569,10000.0,0.017424438607524618
2020-09-15,Adaptive Optimized SMA 30,85204.7731582002,10000.0,0.014144425859937616
2020-09-16,Adaptive Optimized SMA 30,81118.21329449756,10000.0,-0.04796163069544358
2020-09-17,Adaptive Optimized SMA 30,79850.32560173188,10000.0,-0.015630123510766276
2020-09-18,Adaptive Optimized SMA 30,78830.69563901823,10000.0,-0.012769264934488076
2020-09-21,Adaptive Optimized SMA 30,79019.84438572451,10000.0,0.002399430135342805
2020-09-22,Adaptive Optimized SMA 30,80488.70262186562,10000.0,0.018588472902718967
2020-09-23,Adaptive Optimized SMA 30,78029.76891468371,10000.0,-0.030550047734449564
2020-09-24,Adaptive Optimized SMA 30,78393.28916225988,10000.0,0.004658737974395948
2020-09-25,Adaptive Optimized SMA 30,80216.80129847533,10000.0,0.023261074458058497
2020-09-28,Adaptive Optimized SMA 30,81880.71917965732,10000.0,0.020742760297693594
2020-09-29,Adaptive Optimized SMA 30,81022.53654953762,10000.0,-0.010480887792848222
2020-09-30,Adaptive Optimized SMA 30,81574.80937761902,10000.0,0.006816286574090843
2020-10-01,Adaptive Optimized SMA 30,85414.21055248252,10000.0,0.047066014669926624
2020-10-02,Adaptive Optimized SMA 30,78383.61879071951,10000.0,-0.08231173380035017
2020-10-05,Adaptive Optimized SMA 30,80053.24104602754,10000.0,0.021300652879600156
2020-10-06,Adaptive Optimized SMA 30,75741.57635773162,10000.0,-0.05385996409335729
2020-10-07,Adaptive Optimized SMA 30,77049.74480984137,10000.0,0.017271471165733403
2020-10-08,Adaptive Optimized SMA 30,78207.34313931616,10000.0,0.01502403846153846
2020-10-09,Adaptive Optimized SMA 30,81680.1381277405,10000.0,0.04440497335701599
2020-10-12,Adaptive Optimized SMA 30,89273.98316909505,10000.0,0.09297052154195014
2020-10-13,Adaptive Optimized SMA 30,89273.98316909505,10000.0,0.0
2020-10-14,Adaptive Optimized SMA 30,87097.69830968246,10000.0,-0.024377593360995976
2020-10-15,Adaptive Optimized SMA 30,85291.84491570182,10000.0,-0.020733652312599524
2020-10-16,Adaptive Optimized SMA 30,83995.33478669006,10000.0,-0.015200868621064121
2020-10-19,Adaptive Optimized SMA 30,79827.98080058084,10000.0,-0.049614112458655026
2020-10-20,Adaptive Optimized SMA 30,80337.32406554976,10000.0,0.006380510440835441
2020-10-21,Adaptive Optimized SMA 30,80105.80439965481,10000.0,-0.002881844380403499
2020-10-22,Adaptive Optimized SMA 30,80152.10833283378,10000.0,0.0005780346820808099
2020-10-23,Adaptive Optimized SMA 30,80615.1476646237,10000.0,0.005777007510109846
2020-10-26,Adaptive Optimized SMA 30,76957.1369434834,10000.0,-0.04537622056289484
2020-10-27,Adaptive Optimized SMA 30,78762.99033746407,10000.0,0.023465703971119165
2020-10-28,Adaptive Optimized SMA 30,69548.5076348448,10000.0,-0.11699000587889487
2020-10-29,Adaptive Optimized SMA 30,70762.72467421558,10000.0,0.017458563535911634
2020-10-30,Adaptive Optimized SMA 30,68969.57714771866,10000.0,-0.025340283811178685
2020-11-02,Adaptive Optimized SMA 30,69123.27550713267,10000.0,0.0022284950230276553
2020-11-03,Adaptive Optimized SMA 30,70319.56107123847,10000.0,0.017306552030833148
2020-11-04,Adaptive Optimized SMA 30,73457.56924260808,10000.0,0.04462496812502277
2020-11-05,Adaptive Optimized SMA 30,79121.0597324722,10000.0,0.07709880068532254
2020-11-06,Adaptive Optimized SMA 30,79372.77042091063,10000.0,0.0031813361611878195
2020-11-09,Adaptive Optimized SMA 30,74548.31555917452,10000.0,-0.06078224101479926
2020-11-10,Adaptive Optimized SMA 30,70520.94454416003,10000.0,-0.0540236353404615
2020-11-11,Adaptive Optimized SMA 30,75261.49584308334,10000.0,0.06722189173111259
2020-11-12,Adaptive Optimized SMA 30,74170.74952651691,10000.0,-0.014492753623188493
2020-11-13,Adaptive Optimized SMA 30,76100.53147121136,10000.0,0.026018099547511362
2020-11-16,Adaptive Optimized SMA 30,77862.50629028019,10000.0,0.02315325248070552
2020-11-17,Adaptive Optimized SMA 30,77149.32600637138,10000.0,-0.00915948275862059
2020-11-18,Adaptive Optimized SMA 30,75345.39940589614,10000.0,-0.023382272974442616
2020-11-19,Adaptive Optimized SMA 30,77233.22956918419,10000.0,0.025055679287305083
2020-11-20,Adaptive Optimized SMA 30,75639.06187574095,10000.0,-0.020640956002172677
2020-11-23,Adaptive Optimized SMA 30,75681.01365714736,10000.0,0.0005546311702716588
2020-11-24,Adaptive Optimized SMA 30,78743.49369981463,10000.0,0.04046563192904659
2020-11-25,Adaptive Optimized SMA 30,80253.75783044506,10000.0,0.01917954182205644
2020-11-27,Adaptive Optimized SMA 30,82435.2504635779,10000.0,0.027182435964453716
2020-11-30,Adaptive Optimized SMA 30,82854.76827764192,10000.0,0.0050890585241731
2020-12-01,Adaptive Optimized SMA 30,86127.00722734121,10000.0,0.039493670886076006
2020-12-02,Adaptive Optimized SMA 30,86462.62147859241,10000.0,0.003896736483195241
2020-12-03,Adaptive Optimized SMA 30,86798.23572984363,10000.0,0.0038816108685105215
2020-12-04,Adaptive Optimized SMA 30,87888.98204641003,10000.0,0.012566457225712807
2020-12-07,Adaptive Optimized SMA 30,89357.29439563408,10000.0,0.016706443914081215
2020-12-08,Adaptive Optimized SMA 30,90196.33002376209,10000.0,0.009389671361502313
2020-12-09,Adaptive Optimized SMA 30,84155.27350124034,10000.0,-0.06697674418604657
2020-12-10,Adaptive Optimized SMA 30,85204.06803640036,10000.0,0.012462612163509473
2020-12-11,Adaptive Optimized SMA 30,84574.79131530435,10000.0,-0.007385524372230359
2020-12-14,Adaptive Optimized SMA 30,86378.71791577959,10000.0,0.021329365079365066
2020-12-15,Adaptive Optimized SMA 30,89063.63192578925,10000.0,0.03108305002428366
2020-12-16,Adaptive Optimized SMA 30,90573.89605641969,10000.0,0.016957136128120557
2020-12-17,Adaptive Optimized SMA 30,92419.77443830133,10000.0,0.020379805465493343
2020-12-18,Adaptive Optimized SMA 30,91412.9316845477,10000.0,-0.010894235133908397
2020-12-21,Adaptive Optimized SMA 30,91077.3174332965,10000.0,-0.003671408903166512
2020-12-22,Adaptive Optimized SMA 30,91790.4977172053,10000.0,0.007830492860432895
2020-12-23,Adaptive Optimized SMA 30,90406.08893079408,10000.0,-0.015082266910420397
2020-12-24,Adaptive Optimized SMA 30,91580.73881017331,10000.0,0.01299303944315534
2020-12-28,Adaptive Optimized SMA 30,94349.55638299577,10000.0,0.030233623453962445
2020-12-29,Adaptive Optimized SMA 30,94601.26707143418,10000.0,0.002667852378835139
2020-12-30,Adaptive Optimized SMA 30,94601.26707143418,10000.0,0.0
2020-12-31,Adaptive Optimized SMA 30,95356.3991367494,10000.0,0.007982261640798214
2021-01-04,Adaptive Optimized SMA 30,91161.2209961093,10000.0,-0.04399472063352398
2021-01-05,Adaptive Optimized SMA 30,93468.56897346136,10000.0,0.025310630464795245
2021-01-06,Adaptive Optimized SMA 30,89567.05330266606,10000.0,-0.04174147217235187
2021-01-07,Adaptive Optimized SMA 30,96069.57942065819,10000.0,0.07259953161592492
2021-01-08,Adaptive Optimized SMA 30,99761.3361844215,10000.0,0.03842794759825339
2021-01-11,Adaptive Optimized SMA 30,95356.39913674939,10000.0,-0.044154751892346536
2021-01-12,Adaptive Optimized SMA 30,94978.83310409178,10000.0,-0.0039595248570171515
2021-01-13,Adaptive Optimized SMA 30,96824.71148597341,10000.0,0.019434628975264916
2021-01-14,Adaptive Optimized SMA 30,95314.44735534299,10000.0,-0.015597920277296336
2021-01-15,Adaptive Optimized SMA 30,93007.09937799095,10000.0,-0.024207746478873117
2021-01-19,Adaptive Optimized SMA 30,97034.47039300542,10000.0,0.043301759133964696
2021-01-20,Adaptive Optimized SMA 30,103830.65898084237,10000.0,0.07003891050583662
2021-01-21,Adaptive Optimized SMA 30,106389.71764663282,10000.0,0.024646464646464625
2021-01-22,Adaptive Optimized SMA 30,105424.82667428559,10000.0,-0.009069400630914843
2021-01-25,Adaptive Optimized SMA 30,108361.45137273366,10000.0,0.02785515320334259
2021-01-26,Adaptive Optimized SMA 30,108445.35493554646,10000.0,0.0007742934572204076
2021-01-27,Adaptive Optimized SMA 30,99719.38440301505,10000.0,-0.08046421663442947
2021-01-28,Adaptive Optimized SMA 30,101187.69675223909,10000.0,0.01472444257467402
2021-01-29,Adaptive Optimized SMA 30,94894.92954127895,10000.0,-0.062189054726368154
2021-02-01,Adaptive Optimized SMA 30,101858.92525474152,10000.0,0.07338638373121133
2021-02-02,Adaptive Optimized SMA 30,106767.28367929044,10000.0,0.04818780889621079
2021-02-03,Adaptive Optimized SMA 30,105550.68201850483,10000.0,-0.011394891944990144
2021-02-04,Adaptive Optimized SMA 30,109284.39056367452,10000.0,0.03537360890302069
2021-02-05,Adaptive Optimized SMA 30,110459.04044305375,10000.0,0.010748560460652498
2021-02-08,Adaptive Optimized SMA 30,112598.58129478019,10000.0,0.019369540448158057
2021-02-09,Adaptive Optimized SMA 30,112556.62951337377,10000.0,-0.00037257824143075867
2021-02-10,Adaptive Optimized SMA 30,111759.54566665216,10000.0,-0.0070816250465895545
2021-02-11,Adaptive Optimized SMA 30,113563.4722671274,10000.0,0.01614114114114113
2021-02-12,Adaptive Optimized SMA 30,115493.25421182184,10000.0,0.016992981159955702
2021-02-16,Adaptive Optimized SMA 30,114528.36323947462,10000.0,-0.008354522339266271
2021-02-17,Adaptive Optimized SMA 30,112934.19554603139,10000.0,-0.013919413919413882
2021-02-18,Adaptive Optimized SMA 30,111423.93141540095,10000.0,-0.01337295690936118
2021-02-19,Adaptive Optimized SMA 30,109913.66728477052,10000.0,-0.013554216867469859
2021-02-22,Adaptive Optimized SMA 30,101397.45565927113,10000.0,-0.07748091603053427
2021-02-23,Adaptive Optimized SMA 30,100516.46824973672,10000.0,-0.00868845676458423
2021-02-24,Adaptive Optimized SMA 30,101345.47649990571,10000.0,0.008247486850704856
2021-02-25,Adaptive Optimized SMA 30,90773.16925297178,10000.0,-0.10431947840260794
2021-02-26,Adaptive Optimized SMA 30,91153.48348753665,10000.0,0.004189720791889219
2021-03-01,Adaptive Optimized SMA 30,93894.06850608032,10000.0,0.030065609274476074
2021-03-02,Adaptive Optimized SMA 30,89402.64089919152,10000.0,-0.04783505154639176
2021-03-03,Adaptive Optimized SMA 30,86809.59066665675,10000.0,-0.02900417936712446
2021-03-04,Adaptive Optimized SMA 30,85388.04850234192,10000.0,-0.016375404530744344
2021-03-05,Adaptive Optimized SMA 30,86674.74081707747,10000.0,0.01506876357175753
2021-03-08,Adaptive Optimized SMA 30,84219.34980598821,10000.0,-0.02832879553999744
2021-03-09,Adaptive Optimized SMA 30,87542.83672374405,10000.0,0.03946227233304437
2021-03-10,Adaptive Optimized SMA 30,87292.80262764916,10000.0,-0.002856134270402061
2021-03-11,Adaptive Optimized SMA 30,89301.50351200707,10000.0,0.023011071060762025
2021-03-12,Adaptive Optimized SMA 30,88576.68557051849,10000.0,-0.008116525623682588
2021-03-15,Adaptive Optimized SMA 30,89523.44388943963,10000.0,0.010688572425386166
2021-03-16,Adaptive Optimized SMA 30,90015.08396603072,10000.0,0.005491746689261281
2021-03-17,Adaptive Optimized SMA 30,91139.78772950117,10000.0,0.01249461439034895
2021-03-18,Adaptive Optimized SMA 30,82801.4667244617,10000.0,-0.0914893617021276
2021-03-19,Adaptive Optimized SMA 30,83093.50729582539,10000.0,0.003526997563165393
2021-03-22,Adaptive Optimized SMA 30,84543.09049550335,10000.0,0.017445204166400344
2021-03-23,Adaptive Optimized SMA 30,83466.34494242052,10000.0,-0.012736056214317046
2021-03-24,Adaptive Optimized SMA 30,79233.62104409492,10000.0,-0.05071174377224202
2021-03-25,Adaptive Optimized SMA 30,79096.35834683206,10000.0,-0.001732379455262788
2021-03-26,Adaptive Optimized SMA 30,80280.88458617465,10000.0,0.014975736735546382
2021-03-29,Adaptive Optimized SMA 30,80244.65675017005,10000.0,-0.00045126353790620773
2021-03-30,Adaptive Optimized SMA 30,79085.36599802313,10000.0,-0.014446952595936808
2021-03-31,Adaptive Optimized SMA 30,82671.9217624777,10000.0,0.04535043518094375
2021-04-01,Adaptive Optimized SMA 30,86874.3507390103,10000.0,0.05083260297984225
2021-04-05,Adaptive Optimized SMA 30,92091.15912367147,10000.0,0.0600500417014179
2021-04-06,Adaptive Optimized SMA 30,91837.56427163933,10000.0,-0.0027537372147915136
2021-04-07,Adaptive Optimized SMA 30,92525.89315572656,10000.0,0.007495069033530482
2021-04-08,Adaptive Optimized SMA 30,95424.12003609387,10000.0,0.031323414252153514
2021-04-09,Adaptive Optimized SMA 30,97163.05616431426,10000.0,0.018223234624145802
2021-04-12,Adaptive Optimized SMA 30,96764.54996826375,10000.0,-0.004101416853094684
2021-04-13,Adaptive Optimized SMA 30,100097.51088068615,10000.0,0.034444028453762564
2021-04-14,Adaptive Optimized SMA 30,96583.41078824078,10000.0,-0.03510676800579077
2021-04-15,Adaptive Optimized SMA 30,100822.06760077798,10000.0,0.04388597149287315
2021-04-16,Adaptive Optimized SMA 30,101256.80163283309,10000.0,0.004311893639956917
2021-04-19,Adaptive Optimized SMA 30,98503.48609648414,10000.0,-0.027191413237924796
2021-04-20,Adaptive Optimized SMA 30,96329.81593620864,10000.0,-0.02206693637366684
2021-04-21,Adaptive Optimized SMA 30,98793.30878452086,10000.0,0.02557352388115832
2021-04-22,Adaptive Optimized SMA 30,95170.52518406171,10000.0,-0.036670333700036674
2021-04-23,Adaptive Optimized SMA 30,98757.08094851628,10000.0,0.03768557289684058
2021-04-26,Adaptive Optimized SMA 30,100749.6119287688,10000.0,0.020176082171680012
2021-04-27,Adaptive Optimized SMA 30,99409.18199659894,10000.0,-0.013304566702624863
2021-04-28,Adaptive Optimized SMA 30,98394.80258847038,10000.0,-0.010204081632653102
2021-04-29,Adaptive Optimized SMA 30,99372.95416059435,10000.0,0.009941089837997038
2021-04-30,Adaptive Optimized SMA 30,97525.3345243602,10000.0,-0.01859278162595691
2021-05-03,Adaptive Optimized SMA 30,95931.30974015816,10000.0,-0.016344725111441354
2021-05-04,Adaptive Optimized SMA 30,90859.41269951535,10000.0,-0.05287009063444117
2021-05-05,Adaptive Optimized SMA 30,89808.8054553822,10000.0,-0.011562998405103634
2021-05-06,Adaptive Optimized SMA 30,91765.10859963014,10000.0,0.02178297700685757
2021-05-07,Adaptive Optimized SMA 30,94011.23443191481,10000.0,0.024476904855902135
2021-05-10,Adaptive Optimized SMA 30,86946.80641101948,10000.0,-0.07514450867052021
2021-05-11,Adaptive Optimized SMA 30,86826.63667950145,10000.0,-0.001382106330046957
2021-05-12,Adaptive Optimized SMA 30,84578.12748087502,10000.0,-0.02589653687642234
2021-05-13,Adaptive Optimized SMA 30,85232.38490802879,10000.0,0.007735539277595316
2021-05-14,Adaptive Optimized SMA 30,87115.04403514476,10000.0,0.022088542156217725
2021-05-17,Adaptive Optimized SMA 30,86586.29721646538,10000.0,-0.006069523634357237
2021-05-18,Adaptive Optimized SMA 30,86001.47118974425,10000.0,-0.006754256106587706
2021-05-19,Adaptive Optimized SMA 30,86100.27741343687,10000.0,0.0011488899239248704
2021-05-20,Adaptive Optimized SMA 30,87766.63102382036,10000.0,0.019353638111779693
2021-05-21,Adaptive Optimized SMA 30,87280.61122079183,10000.0,-0.005537637680277642
2021-05-24,Adaptive Optimized SMA 30,88749.3523837901,10000.0,0.0168278056541427
2021-05-25,Adaptive Optimized SMA 30,89169.96542826304,10000.0,0.004739336492891035
2021-05-26,Adaptive Optimized SMA 30,90081.29369128772,10000.0,0.010220125786163443
2021-05-27,Adaptive Optimized SMA 30,89029.76108010537,10000.0,-0.01167315175097279
2021-05-28,Adaptive Optimized SMA 30,89906.03825609066,10000.0,0.00984251968503937
2021-06-01,Adaptive Optimized SMA 30,89029.76108010537,10000.0,-0.009746588693957116
2021-06-02,Adaptive Optimized SMA 30,89485.42521161772,10000.0,0.005118110236220574
2021-06-03,Adaptive Optimized SMA 30,86681.33824846479,10000.0,-0.031335683509596576
2021-06-04,Adaptive Optimized SMA 30,91132.82630247006,10000.0,0.05135463000404365
2021-06-07,Adaptive Optimized SMA 30,91939.00130437654,10000.0,0.008846153846153863
2021-06-08,Adaptive Optimized SMA 30,92009.10347845535,10000.0,0.0007624857033930451
2021-06-09,Adaptive Optimized SMA 30,92114.25673957358,10000.0,0.001142857142857186
2021-06-10,Adaptive Optimized SMA 30,94953.39478976592,10000.0,0.030821917808219128
2021-06-11,Adaptive Optimized SMA 30,95724.51870463297,10000.0,0.008121077888519707
2021-06-14,Adaptive Optimized SMA 30,98388.40131962825,10000.0,0.027828634199926826
2021-06-15,Adaptive Optimized SMA 30,96565.74479357885,10000.0,-0.018525115781973623
2021-06-16,Adaptive Optimized SMA 30,95514.2121823965,10000.0,-0.010889292196007285
2021-06-17,Adaptive Optimized SMA 30,99089.42306041648,10000.0,0.03743119266055044
2021-06-18,Adaptive Optimized SMA 30,96741.0002287759,10000.0,-0.02370003537318706
2021-06-21,Adaptive Optimized SMA 30,98493.55458074648,10000.0,0.018115942028985508
2021-06-22,Adaptive Optimized SMA 30,101262.59045686,10000.0,0.028113879003558686
2021-06-23,Adaptive Optimized SMA 30,101437.84589205706,10000.0,0.001730702665282129
2021-06-24,Adaptive Optimized SMA 30,103295.55350514586,10000.0,0.01831375259156868
2021-06-25,Adaptive Optimized SMA 30,102980.09372179116,10000.0,-0.003053953172718014
2021-06-28,Adaptive Optimized SMA 30,106625.40677388996,10000.0,0.035398230088495665
2021-06-29,Adaptive Optimized SMA 30,107817.14373322994,10000.0,0.011176857330703479
2021-06-30,Adaptive Optimized SMA 30,107361.47960171758,10000.0,-0.004226267880364192
2021-07-01,Adaptive Optimized SMA 30,107396.530688757,10000.0,0.0003264773098270181
2021-07-02,Adaptive Optimized SMA 30,111041.84374085581,10000.0,0.03394255874673626
2021-07-06,Adaptive Optimized SMA 30,112513.98939651111,10000.0,0.013257575757575812
2021-07-07,Adaptive Optimized SMA 30,113250.06222433876,10000.0,0.0065420560747663815
2021-07-08,Adaptive Optimized SMA 30,111287.20135013171,10000.0,-0.017332095326524365
2021-07-09,Adaptive Optimized SMA 30,113179.96005025994,10000.0,0.017007874015748006
2021-07-12,Adaptive Optimized SMA 30,114582.0035318364,10000.0,0.012387736141220148
2021-07-13,Adaptive Optimized SMA 30,114511.90135775758,10000.0,-0.0006118078923216893
2021-07-14,Adaptive Optimized SMA 30,115142.820924467,10000.0,0.0055096418732782275
2021-07-15,Adaptive Optimized SMA 30,112759.34700578701,10000.0,-0.020700152207001513
2021-07-16,Adaptive Optimized SMA 30,109990.3111296735,10000.0,-0.024557040721168873
2021-07-19,Adaptive Optimized SMA 30,107361.47960171763,10000.0,-0.02390057361376673
2021-07-20,Adaptive Optimized SMA 30,110901.6393926982,10000.0,0.03297420829252372
2021-07-21,Adaptive Optimized SMA 30,113425.31765953584,10000.0,0.022756005056889975
2021-07-22,Adaptive Optimized SMA 30,115808.79157821582,10000.0,0.021013597033374527
2021-07-23,Adaptive Optimized SMA 30,119664.41115255111,10000.0,0.03329297820823249
2021-07-26,Adaptive Optimized SMA 30,120155.12637110289,10000.0,0.004100761570005875
2021-07-27,Adaptive Optimized SMA 30,116229.40462268877,10000.0,-0.03267211201866991
2021-07-28,Adaptive Optimized SMA 30,117526.29484314701,10000.0,0.011158021712907255
2021-07-29,Adaptive Optimized SMA 30,118087.11223577759,10000.0,0.004771846107962916
2021-07-30,Adaptive Optimized SMA 30,116334.55788380702,10000.0,-0.014841199168892847
2021-08-02,Adaptive Optimized SMA 30,116264.45570972821,10000.0,-0.0006025911419100941
2021-08-03,Adaptive Optimized SMA 30,118297.41875801407,10000.0,0.017485679831172694
2021-08-04,Adaptive Optimized SMA 30,118893.28723768408,10000.0,0.005037037037037087
2021-08-05,Adaptive Optimized SMA 30,121136.55680820643,10000.0,0.018867924528301903
2021-08-06,Adaptive Optimized SMA 30,119559.2578914329,10000.0,-0.013020833333333415
2021-08-09,Adaptive Optimized SMA 30,120190.17745814232,10000.0,0.0052770448548812585
2021-08-10,Adaptive Optimized SMA 30,118402.57201913233,10000.0,-0.014873140857392768
2021-08-11,Adaptive Optimized SMA 30,117771.65245242293,10000.0,-0.00532859680284191
2021-08-12,Adaptive Optimized SMA 30,118963.38941176292,10000.0,0.010119047619047509
2021-08-13,Adaptive Optimized SMA 30,120155.12637110293,10000.0,0.010017678255745534
2021-08-16,Adaptive Optimized SMA 30,120400.4839803788,10000.0,0.0020420070011668693
2021-08-17,Adaptive Optimized SMA 30,117210.83505979233,10000.0,-0.026491994177583803
2021-08-18,Adaptive Optimized SMA 30,113810.87961696941,10000.0,-0.02900717703349279
2021-08-19,Adaptive Optimized SMA 30,115423.22962078235,10000.0,0.014166923313828177
2021-08-20,Adaptive Optimized SMA 30,118998.44049880235,10000.0,0.030974795019738936
2021-08-23,Adaptive Optimized SMA 30,124291.15464175347,10000.0,0.0444771723122238
2021-08-24,Adaptive Optimized SMA 30,125517.94268813287,10000.0,0.009870276367738337
2021-08-25,Adaptive Optimized SMA 30,125658.14703629052,10000.0,0.001117006422786907
2021-08-26,Adaptive Optimized SMA 30,123520.03072688641,10000.0,-0.017015341701534153
2021-08-27,Adaptive Optimized SMA 30,127165.34377898522,10000.0,0.02951191827468783
2021-08-30,Adaptive Optimized SMA 30,131371.4742237146,10000.0,0.03307607497243648
2021-08-31,Adaptive Optimized SMA 30,130985.9122662811,10000.0,-0.0029348986125933684
2021-09-01,Adaptive Optimized SMA 30,131721.98509410874,10000.0,0.005619480867005643
2021-09-02,Adaptive Optimized SMA 30,131546.72965891167,10000.0,-0.0013304949441191368
2021-09-03,Adaptive Optimized SMA 30,132703.41553121223,10000.0,0.008792965627497956
2021-09-07,Adaptive Optimized SMA 30,133264.23292384282,10000.0,0.004226096143687366
2021-09-08,Adaptive Optimized SMA 30,131897.24052930577,10000.0,-0.010257759074171502
2021-09-09,Adaptive Optimized SMA 30,130460.14596068987,10000.0,-0.010895562051554708
2021-09-10,Adaptive Optimized SMA 30,127550.90573641872,10000.0,-0.022299838796346005
2021-09-13,Adaptive Optimized SMA 30,127270.49704010342,10000.0,-0.0021984061555371886
2021-09-14,Adaptive Optimized SMA 30,126148.86225484226,10000.0,-0.008812999173781335
2021-09-15,Adaptive Optimized SMA 30,128952.94921799518,10000.0,0.022228396776882386
2021-09-16,Adaptive Optimized SMA 30,129198.30682727105,10000.0,0.001902690948627352
2021-09-17,Adaptive Optimized SMA 30,124641.66551214755,10000.0,-0.03526858383071072
2021-09-20,Adaptive Optimized SMA 30,116965.47745051641,10000.0,-0.06158605174353219
2021-09-21,Adaptive Optimized SMA 30,117109.48025441433,10000.0,0.0012311564663073202
2021-09-22,Adaptive Optimized SMA 30,118203.9015640386,10000.0,0.009345283637556061
2021-09-23,Adaptive Optimized SMA 30,119291.92274904519,10000.0,0.00920461313552433
2021-09-24,Adaptive Optimized SMA 30,119629.38221933953,10000.0,0.002828854314002869
2021-09-27,Adaptive Optimized SMA 30,116727.2307748083,10000.0,-0.024259520451339896
2021-09-28,Adaptive Optimized SMA 30,107008.39803033162,10000.0,-0.08326105810928021
2021-09-29,Adaptive Optimized SMA 30,106832.86712831343,10000.0,-0.0016403469750890564
2021-09-30,Adaptive Optimized SMA 30,106440.1539237982,10000.0,-0.003675958673313078
2021-10-01,Adaptive Optimized SMA 30,107100.62613139201,10000.0,0.006205103837661144
2021-10-04,Adaptive Optimized SMA 30,104851.45050553206,10000.0,-0.021000583349537492
2021-10-05,Adaptive Optimized SMA 30,106267.59812181424,10000.0,0.013506228187157708
2021-10-06,Adaptive Optimized SMA 30,106948.8960296475,10000.0,0.006411153727708
2021-10-07,Adaptive Optimized SMA 30,107930.67904093556,10000.0,0.009179926560587389
2021-10-08,Adaptive Optimized SMA 30,107392.18593474424,10000.0,-0.0049892496830033235
2021-10-11,Adaptive Optimized SMA 30,106568.08322526907,10000.0,-0.007673767903149953
2021-10-12,Adaptive Optimized SMA 30,106196.19572099329,10000.0,-0.003489670575097711
2021-10-13,Adaptive Optimized SMA 30,107047.07433077629,10000.0,0.008012326656394491
2021-10-14,Adaptive Optimized SMA 30,109019.56565345504,10000.0,0.0184263917067341
2021-10-15,Adaptive Optimized SMA 30,111048.75000365442,10000.0,0.018613029120384192
2021-10-18,Adaptive Optimized SMA 30,114354.35676768892,10000.0,0.029767167698202122
2021-10-19,Adaptive Optimized SMA 30,116874.4728155172,10000.0,0.022037779049799748
2021-10-20,Adaptive Optimized SMA 30,116514.45623725602,10000.0,-0.003080369644357307
2021-10-21,Adaptive Optimized SMA 30,118609.09814713929,10000.0,0.017977528089887656
2021-10-22,Adaptive Optimized SMA 30,115598.0504016821,10000.0,-0.02538631346578371
2021-10-25,Adaptive Optimized SMA 30,119067.30106492626,10000.0,0.030011325028312635
2021-10-26,Adaptive Optimized SMA 30,120180.07957955172,10000.0,0.009345794392523261
2021-10-27,Adaptive Optimized SMA 30,121129.21419496756,10000.0,0.007897603485838758
2021-10-28,Adaptive Optimized SMA 30,125089.39655584059,10000.0,0.032693866522561496
2021-10-29,Adaptive Optimized SMA 30,126954.93700683037,10000.0,0.014913657770800635
2021-11-01,Adaptive Optimized SMA 30,128198.63064082357,10000.0,0.009796339262696638
2021-11-02,Adaptive Optimized SMA 30,129900.5271926037,10000.0,0.013275465917794127
2021-11-03,Adaptive Optimized SMA 30,134057.08223252828,10000.0,0.03199798437893684
2021-11-04,Adaptive Optimized SMA 30,139031.85676850102,10000.0,0.0371093749999999
2021-11-05,Adaptive Optimized SMA 30,139555.51724597183,10000.0,0.0037664783427496166
2021-11-08,Adaptive Optimized SMA 30,138999.12798865908,10000.0,-0.00398686679174488
2021-11-09,Adaptive Optimized SMA 30,136118.9953625696,10000.0,-0.020720508594301752
2021-11-10,Adaptive Optimized SMA 30,130162.3574313391,10000.0,-0.043760519355614334
2021-11-11,Adaptive Optimized SMA 30,131209.67838628072,10000.0,0.008046266029670613
2021-11-12,Adaptive Optimized SMA 30,135366.2334262053,10000.0,0.031678722873534446
2021-11-15,Adaptive Optimized SMA 30,135333.50464636338,10000.0,-0.00024177949709859792
2021-11-16,Adaptive Optimized SMA 30,138148.179712769,10000.0,0.020798065296251497
2021-11-17,Adaptive Optimized SMA 30,138311.82361197862,10000.0,0.0011845534233593262
2021-11-18,Adaptive Optimized SMA 30,142533.83621158707,10000.0,0.030525319451017493
2021-11-19,Adaptive Optimized SMA 30,144923.03714004767,10000.0,0.016762342135476557
2021-11-22,Adaptive Optimized SMA 30,139915.53382423302,10000.0,-0.034552845528455306
2021-11-23,Adaptive Optimized SMA 30,138017.26459340134,10000.0,-0.013567251461988264
2021-11-24,Adaptive Optimized SMA 30,139293.68700723644,10000.0,0.009248280768318722
2021-11-26,Adaptive Optimized SMA 30,131602.42374438385,10000.0,-0.055216165413533864
2021-11-29,Adaptive Optimized SMA 30,139784.6187048653,10000.0,0.062173588659537427
2021-11-30,Adaptive Optimized SMA 30,133762.52321395095,10000.0,-0.043081245609927495
2021-12-01,Adaptive Optimized SMA 30,126922.20822698846,10000.0,-0.05113775385368232
2021-12-02,Adaptive Optimized SMA 30,127837.4179885756,10000.0,0.007210792928770711
2021-12-03,Adaptive Optimized SMA 30,121398.63130679213,10000.0,-0.0503669956972917
2021-12-06,Adaptive Optimized SMA 30,122371.90004549595,10000.0,0.008017131068341454
2021-12-07,Adaptive Optimized SMA 30,126055.73807277229,10000.0,0.030103626943005193
2021-12-08,Adaptive Optimized SMA 30,127802.32976131045,10000.0,0.01385570950788338
2021-12-09,Adaptive Optimized SMA 30,122291.53184747449,10000.0,-0.043119698397737945
2021-12-10,Adaptive Optimized SMA 30,126085.85172257465,10000.0,0.031026840679635508
2021-12-13,Adaptive Optimized SMA 30,120665.39475814583,10000.0,-0.042990207786004236
2021-12-14,Adaptive Optimized SMA 30,117081.87043166235,10000.0,-0.02969802845021207
2021-12-15,Adaptive Optimized SMA 30,119749.4058301569,10000.0,0.02278350515463911
2021-12-16,Adaptive Optimized SMA 30,110591.24861709062,10000.0,-0.07647768395657423
2021-12-17,Adaptive Optimized SMA 30,110039.20767504897,10000.0,-0.004991723567142579
2021-12-20,Adaptive Optimized SMA 30,108832.1544235382,10000.0,-0.010969301551818177
2021-12-21,Adaptive Optimized SMA 30,111269.14345265471,10000.0,0.022392178506662412
2021-12-22,Adaptive Optimized SMA 30,112622.07280802104,10000.0,0.012159070460913649
2021-12-23,Adaptive Optimized SMA 30,115297.57862083224,10000.0,0.023756495916852288
2021-12-27,Adaptive Optimized SMA 30,120815.80935975534,10000.0,0.04786076867295151
2021-12-28,Adaptive Optimized SMA 30,119394.4468966994,10000.0,-0.011764705882352894
2021-12-29,Adaptive Optimized SMA 30,119199.35793118192,10000.0,-0.0016339869281045817
2021-12-30,Adaptive Optimized SMA 30,118084.56384251057,10000.0,-0.009352349777881824
2021-12-31,Adaptive Optimized SMA 30,115882.84551738469,10000.0,-0.018645267878215698
2022-01-03,Adaptive Optimized SMA 30,119227.22778339869,10000.0,0.02886002886002893
2022-01-04,Adaptive Optimized SMA 30,114600.83231541266,10000.0,-0.03880317905563356
2022-01-05,Adaptive Optimized SMA 30,104066.0281774686,10000.0,-0.09192607003891036
2022-01-06,Adaptive Optimized SMA 30,103992.87389694082,10000.0,-0.0007029602436928372
2022-01-07,Adaptive Optimized SMA 30,102865.75609325348,10000.0,-0.010838413839820666
2022-01-10,Adaptive Optimized SMA 30,102933.4915381866,10000.0,0.0006584839066533214
2022-01-11,Adaptive Optimized SMA 30,104480.56910045935,10000.0,0.015029875496828141
2022-01-12,Adaptive Optimized SMA 30,104895.11002345012,10000.0,0.003967636533374754
2022-01-13,Adaptive Optimized SMA 30,102269.68417784189,10000.0,-0.025029058504455633
2022-01-14,Adaptive Optimized SMA 30,102906.39736021335,10000.0,0.006225825253007002
2022-01-18,Adaptive Optimized SMA 30,100345.99754174092,10000.0,-0.024880861483373234
2022-01-19,Adaptive Optimized SMA 30,99243.26449822952,10000.0,-0.010989307700615599
2022-01-20,Adaptive Optimized SMA 30,97953.58162670265,10000.0,-0.01299516776324783
2022-01-21,Adaptive Optimized SMA 30,95238.74499378268,10000.0,-0.027715542278649027
2022-01-24,Adaptive Optimized SMA 30,95672.25184135472,10000.0,0.004551790845210728
2022-01-25,Adaptive Optimized SMA 30,93455.94808314259,10000.0,-0.02316558579479484
2022-01-26,Adaptive Optimized SMA 30,93309.63952208702,10000.0,-0.0015655350360943394
2022-01-27,Adaptive Optimized SMA 30,92369.47154641514,10000.0,-0.010075786172653011
2022-01-28,Adaptive Optimized SMA 30,95268.54858955323,10000.0,0.03138566232547221
2022-01-31,Adaptive Optimized SMA 30,98313.9341937469,10000.0,0.03196632728513739
2022-02-01,Adaptive Optimized SMA 30,98983.16038968624,10000.0,0.0068070330154879856
2022-02-02,Adaptive Optimized SMA 30,99787.85747549187,10000.0,0.008129636219308645
2022-02-03,Adaptive Optimized SMA 30,95739.98728628783,10000.0,-0.04056475699158294
2022-02-04,Adaptive Optimized SMA 30,96948.38762389492,10000.0,0.012621688929137365
2022-02-07,Adaptive Optimized SMA 30,96168.07529826522,10000.0,-0.008048739589737845
2022-02-08,Adaptive Optimized SMA 30,97249.13299939803,10000.0,0.011241336563926323
2022-02-09,Adaptive Optimized SMA 30,99310.9999431626,10000.0,0.021201905664057098
2022-02-10,Adaptive Optimized SMA 30,97062.18317138258,10000.0,-0.022644186173405387
2022-02-11,Adaptive Optimized SMA 30,93984.284553621,10000.0,-0.03171058508262621
2022-02-14,Adaptive Optimized SMA 30,94100.789518906,10000.0,0.0012396217712177318
2022-02-15,Adaptive Optimized SMA 30,96439.01707799775,10000.0,0.024848118395669562
2022-02-16,Adaptive Optimized SMA 30,96414.63231782183,10000.0,-0.00025285160420288527
2022-02-17,Adaptive Optimized SMA 30,93548.06828825163,10000.0,-0.029731628495152564
2022-02-18,Adaptive Optimized SMA 30,92480.55767610544,10000.0,-0.011411359226112892
2022-02-22,Adaptive Optimized SMA 30,91551.22737162285,10000.0,-0.010048926259045519
2022-02-23,Adaptive Optimized SMA 30,89207.58097693644,10000.0,-0.02559928973068949
2022-02-24,Adaptive Optimized SMA 30,92204.19706077826,10000.0,0.03359149582384207
2022-02-25,Adaptive Optimized SMA 30,93634.76965776602,10000.0,0.015515265493226684
2022-02-28,Adaptive Optimized SMA 30,93913.83969089053,10000.0,0.0029804103127984887
2022-03-01,Adaptive Optimized SMA 30,92475.13884051077,10000.0,-0.015319369915180896
2022-03-02,Adaptive Optimized SMA 30,94027.63523837819,10000.0,0.01678825700975658
2022-03-03,Adaptive Optimized SMA 30,92683.76401090482,10000.0,-0.014292300599354645
2022-03-04,Adaptive Optimized SMA 30,91339.89278343147,10000.0,-0.01449953227315242
2022-03-07,Adaptive Optimized SMA 30,87972.08646135608,10000.0,-0.03687114380635977
2022-03-08,Adaptive Optimized SMA 30,87562.96437395996,10000.0,-0.004650589793341313
2022-03-09,Adaptive Optimized SMA 30,90714.01727224932,10000.0,0.035986137756049245
2022-03-10,Adaptive Optimized SMA 30,89708.82326944162,10000.0,-0.011080911561781247
2022-03-11,Adaptive Optimized SMA 30,87847.45324267913,10000.0,-0.02074901842343704
2022-03-14,Adaptive Optimized SMA 30,86159.48595494544,10000.0,-0.01921475495790031
2022-03-15,Adaptive Optimized SMA 30,88863.48491667611,10000.0,0.0313836477987422
2022-03-16,Adaptive Optimized SMA 30,92158.13695822371,10000.0,0.03707543142874556
2022-03-17,Adaptive Optimized SMA 30,95240.22163766884,10000.0,0.03344343517753932
2022-03-18,Adaptive Optimized SMA 30,101138.03799957002,10000.0,0.06192568917299229
2022-03-21,Adaptive Optimized SMA 30,100453.13029302665,10000.0,-0.006772009029345362
2022-03-22,Adaptive Optimized SMA 30,106350.94665492786,10000.0,0.05871212121212124
2022-03-23,Adaptive Optimized SMA 30,101860.99613425469,10000.0,-0.04221824686940965
2022-03-24,Adaptive Optimized SMA 30,108481.77063084055,10000.0,0.06499813223757946
2022-03-25,Adaptive Optimized SMA 30,108329.56891827534,10000.0,-0.0014030164854437986
2022-03-28,Adaptive Optimized SMA 30,113238.0741485028,10000.0,0.04531085353003171
2022-03-29,Adaptive Optimized SMA 30,119021.73922598008,10000.0,0.05107526881720428
2022-03-30,Adaptive Optimized SMA 30,115444.99898069807,10000.0,-0.030051150895140703
2022-03-31,Adaptive Optimized SMA 30,110688.69546303584,10000.0,-0.04119973632168754
2022-04-01,Adaptive Optimized SMA 30,110232.09032534025,10000.0,-0.004125128910278481
2022-04-04,Adaptive Optimized SMA 30,117081.16739077387,10000.0,0.06213324128408702
2022-04-05,Adaptive Optimized SMA 30,109356.93047809038,10000.0,-0.06597335066623339
2022-04-06,Adaptive Optimized SMA 30,102165.39955938507,10000.0,-0.06576200417536525
2022-04-07,Adaptive Optimized SMA 30,102812.25683778714,10000.0,0.0063314711359403406
2022-04-08,Adaptive Optimized SMA 30,98626.70974224436,10000.0,-0.04071058475203545
2022-04-11,Adaptive Optimized SMA 30,91625.43096424552,10000.0,-0.07098765432098778
2022-04-12,Adaptive Optimized SMA 30,91238.17898869883,10000.0,-0.0042264682574623515
2022-04-13,Adaptive Optimized SMA 30,93093.76137152674,10000.0,0.02033778406578841
2022-04-14,Adaptive Optimized SMA 30,86848.0902036871,10000.0,-0.06709011512504967
2022-04-18,Adaptive Optimized SMA 30,86914.84705055467,10000.0,0.0007686622320768393
2022-04-19,Adaptive Optimized SMA 30,88858.49832281457,10000.0,0.022362707157838745
2022-04-20,Adaptive Optimized SMA 30,84854.90569503226,10000.0,-0.04505582137161081
2022-04-21,Adaptive Optimized SMA 30,83098.24019872131,10000.0,-0.0207019910271822
2022-04-22,Adaptive Optimized SMA 30,80923.55798374144,10000.0,-0.026170015270832736
2022-04-25,Adaptive Optimized SMA 30,81963.62339090572,10000.0,0.0128524428865726
2022-04-26,Adaptive Optimized SMA 30,78868.30911695269,10000.0,-0.037764488024042975
2022-04-27,Adaptive Optimized SMA 30,78773.75771630138,10000.0,-0.0011988516263370423
2022-04-28,Adaptive Optimized SMA 30,81572.9768145306,10000.0,0.03553491898038473
2022-04-29,Adaptive Optimized SMA 30,77902.88955240784,10000.0,-0.04499145924841386
2022-05-02,Adaptive Optimized SMA 30,79201.7272139862,10000.0,0.01667252227793934
2022-05-03,Adaptive Optimized SMA 30,79286.32583562158,10000.0,0.0010681411202914611
2022-05-04,Adaptive Optimized SMA 30,81968.59978041369,10000.0,0.033830221245881156
2022-05-05,Adaptive Optimized SMA 30,77840.68468355831,10000.0,-0.050359712230215924
2022-05-06,Adaptive Optimized SMA 30,76907.61165081523,10000.0,-0.011986958189489836
2022-05-09,Adaptive Optimized SMA 30,73896.89599849758,10000.0,-0.03914717396227625
2022-05-10,Adaptive Optimized SMA 30,74795.13430468492,10000.0,0.012155291423953715
2022-05-11,Adaptive Optimized SMA 30,72578.15277888736,10000.0,-0.029640718562874334
2022-05-12,Adaptive Optimized SMA 30,72406.46734086264,10000.0,-0.002365525043710781
2022-05-13,Adaptive Optimized SMA 30,75088.74128565473,10000.0,0.037044673539518805
2022-05-16,Adaptive Optimized SMA 30,74217.8731217612,10000.0,-0.01159785274040692
2022-05-17,Adaptive Optimized SMA 30,76141.24766658891,10000.0,0.025915247418532985
2022-05-18,Adaptive Optimized SMA 30,72403.97914610866,10000.0,-0.04908336328878136
2022-05-19,Adaptive Optimized SMA 30,72015.82076448754,10000.0,-0.0053610089693803984
2022-05-20,Adaptive Optimized SMA 30,71791.88323662919,10000.0,-0.003109560169989407
2022-05-23,Adaptive Optimized SMA 30,72986.21671854032,10000.0,0.016636051710394107
2022-05-24,Adaptive Optimized SMA 30,71433.58319205584,10000.0,-0.02127296901101152
2022-05-25,Adaptive Optimized SMA 30,72433.83748315641,10000.0,0.014002577588909538
2022-05-26,Adaptive Optimized SMA 30,74439.32245486553,10000.0,0.027687128576826637
2022-05-27,Adaptive Optimized SMA 30,76870.28872950548,10000.0,0.032657017749105795
2022-05-31,Adaptive Optimized SMA 30,76270.1002889748,10000.0,-0.007807807807807749
2022-06-01,Adaptive Optimized SMA 30,74515.70330896208,10000.0,-0.023002421307505995
2022-06-02,Adaptive Optimized SMA 30,80563.75605584809,10000.0,0.08116480793060711
2022-06-03,Adaptive Optimized SMA 30,74192.52491790711,10000.0,-0.07908309455587387
2022-06-06,Adaptive Optimized SMA 30,75115.89174949276,10000.0,0.012445550715619121
2022-06-07,Adaptive Optimized SMA 30,76962.62541266407,10000.0,0.024585125998770874
2022-06-08,Adaptive Optimized SMA 30,75392.90179896845,10000.0,-0.020395920815837035
2022-06-09,Adaptive Optimized SMA 30,69206.3440273446,10000.0,-0.08205756276791171
2022-06-10,Adaptive Optimized SMA 30,66766.4064204455,10000.0,-0.03525598182061226
2022-06-13,Adaptive Optimized SMA 30,63662.71327498712,10000.0,-0.04648584987356686
2022-06-14,Adaptive Optimized SMA 30,63778.35012839466,10000.0,0.0018163984451629311
2022-06-15,Adaptive Optimized SMA 30,65369.51323128241,10000.0,0.024948326503970684
2022-06-16,Adaptive Optimized SMA 30,62732.99297359051,10000.0,-0.0403325667787015
2022-06-17,Adaptive Optimized SMA 30,63496.196206080276,10000.0,0.012165898617511562
2022-06-21,Adaptive Optimized SMA 30,64971.722455560484,10000.0,0.02323802586049898
2022-06-22,Adaptive Optimized SMA 30,64876.9002357663,10000.0,-0.0014594382942370876
2022-06-23,Adaptive Optimized SMA 30,65843.62433025334,10000.0,0.014900898331669781
2022-06-24,Adaptive Optimized SMA 30,68100.85570876853,10000.0,0.034281700035124665
2022-06-27,Adaptive Optimized SMA 30,66494.47383715355,10000.0,-0.023588277340957833
2022-06-28,Adaptive Optimized SMA 30,60409.69402043013,10000.0,-0.09150805270863836
2022-06-29,Adaptive Optimized SMA 30,60465.117713733736,10000.0,0.0009174635661102753
2022-06-30,Adaptive Optimized SMA 30,59714.76617362324,10000.0,-0.012409659791997117
2022-07-01,Adaptive Optimized SMA 30,60109.1270682836,10000.0,0.0066040766786849775
2022-07-05,Adaptive Optimized SMA 30,61138.72875542386,10000.0,0.017128874388254427
2022-07-06,Adaptive Optimized SMA 30,61530.95796957252,10000.0,0.006415396952686361
2022-07-07,Adaptive Optimized SMA 30,65344.276711374645,10000.0,0.0619739862280031
2022-07-08,Adaptive Optimized SMA 30,65626.74476632295,10000.0,0.004322766570605095
2022-07-11,Adaptive Optimized SMA 30,61483.87996041448,10000.0,-0.06312769010043034
2022-07-12,Adaptive Optimized SMA 30,59694.91561240854,10000.0,-0.02909647779479332
2022-07-13,Adaptive Optimized SMA 30,59571.807498838265,10000.0,-0.002062288091160037
2022-07-14,Adaptive Optimized SMA 30,59784.63847484112,10000.0,0.0035726795096321603
2022-07-15,Adaptive Optimized SMA 30,60869.659136816466,10000.0,0.018148820326678927
2022-07-18,Adaptive Optimized SMA 30,59461.4804552931,10000.0,-0.023134328358208993
2022-07-19,Adaptive Optimized SMA 30,64639.94399379839,10000.0,0.0870893812070283
2022-07-20,Adaptive Optimized SMA 30,67865.12742567448,10000.0,0.049894588896697054
2022-07-21,Adaptive Optimized SMA 30,70772.33502623886,10000.0,0.04283801874163324
2022-07-22,Adaptive Optimized SMA 30,67092.90040677457,10000.0,-0.05198973042362006
2022-07-25,Adaptive Optimized SMA 30,66093.54779408057,10000.0,-0.014895057549085908
2022-07-26,Adaptive Optimized SMA 30,62050.71222454574,10000.0,-0.061168384879725125
2022-07-27,Adaptive Optimized SMA 30,69818.40753230367,10000.0,0.1251830161054172
2022-07-28,Adaptive Optimized SMA 30,71817.11275769166,10000.0,0.028627195836044325
2022-07-29,Adaptive Optimized SMA 30,75769.09808970884,10000.0,0.05502846299810241
2022-08-01,Adaptive Optimized SMA 30,75678.24785219121,10000.0,-0.0011990407673860657
2022-08-02,Adaptive Optimized SMA 30,74951.44595205013,10000.0,-0.009603841536614654
2022-08-03,Adaptive Optimized SMA 30,80947.56162821414,10000.0,0.08000000000000002
2022-08-04,Adaptive Optimized SMA 30,82128.6147159434,10000.0,0.014590347923681145
2022-08-05,Adaptive Optimized SMA 30,80175.33460931422,10000.0,-0.02378318584070795
2022-08-08,Adaptive Optimized SMA 30,79357.6824716555,10000.0,-0.010198300283286103
2022-08-09,Adaptive Optimized SMA 30,76586.7502273676,10000.0,-0.03491700057240982
2022-08-10,Adaptive Optimized SMA 30,82900.84173484333,10000.0,0.08244365361803088
2022-08-11,Adaptive Optimized SMA 30,81674.36352835524,10000.0,-0.014794520547945183
2022-08-12,Adaptive Optimized SMA 30,86262.30052299588,10000.0,0.05617352614015562
2022-08-15,Adaptive Optimized SMA 30,88306.43086714271,10000.0,0.023696682464455127
2022-08-16,Adaptive Optimized SMA 30,87761.32944203689,10000.0,-0.00617283950617289
2022-08-17,Adaptive Optimized SMA 30,84717.84648519606,10000.0,-0.0346790890269152
2022-08-18,Adaptive Optimized SMA 30,85262.94791030188,10000.0,0.006434316353887453
2022-08-19,Adaptive Optimized SMA 30,80266.1848468319,10000.0,-0.058604155567394664
2022-08-22,Adaptive Optimized SMA 30,73952.09333935616,10000.0,-0.078664402942841
2022-08-23,Adaptive Optimized SMA 30,73724.96774556207,10000.0,-0.003071253071253115
2022-08-24,Adaptive Optimized SMA 30,74270.06917066789,10000.0,0.007393715341959396
2022-08-25,Adaptive Optimized SMA 30,78222.05450268506,10000.0,0.05321100917431176
2022-08-26,Adaptive Optimized SMA 30,68682.77956333323,10000.0,-0.1219512195121951
2022-08-29,Adaptive Optimized SMA 30,68005.51836157295,10000.0,-0.009860713355896814
2022-08-30,Adaptive Optimized SMA 30,67247.7904823758,10000.0,-0.011142152834839726
2022-08-31,Adaptive Optimized SMA 30,66856.63302261326,10000.0,-0.0058166589111214514
2022-09-01,Adaptive Optimized SMA 30,66885.6904339099,10000.0,0.00043462271405167143
2022-09-02,Adaptive Optimized SMA 30,65942.44215951108,10000.0,-0.014102392728244978
2022-09-06,Adaptive Optimized SMA 30,65468.582836827314,10000.0,-0.007185953494678343
2022-09-07,Adaptive Optimized SMA 30,66789.57745808252,10000.0,0.020177534994878885
2022-09-08,Adaptive Optimized SMA 30,67136.03120815792,10000.0,0.005187242729493696
2022-09-09,Adaptive Optimized SMA 30,68604.5480713807,10000.0,0.021873751498202133
2022-09-12,Adaptive Optimized SMA 30,69420.39077317114,10000.0,0.011891962336689073
2022-09-13,Adaptive Optimized SMA 30,65613.86989331055,10000.0,-0.054832893296413075
2022-09-14,Adaptive Optimized SMA 30,66132.43292568145,10000.0,0.007903253278828114
2022-09-15,Adaptive Optimized SMA 30,65032.72166737763,10000.0,-0.01662892486565051
2022-09-16,Adaptive Optimized SMA 30,64634.858651162016,10000.0,-0.006117889671764814
2022-09-19,Adaptive Optimized SMA 30,65021.54573995583,10000.0,0.00598263996956794
2022-09-20,Adaptive Optimized SMA 30,64502.98270758492,10000.0,-0.007975249226538306
2022-09-21,Adaptive Optimized SMA 30,63347.391812172165,10000.0,-0.01791530944625393
2022-09-22,Adaptive Optimized SMA 30,62567.31207813144,10000.0,-0.012314314950072364
2022-09-23,Adaptive Optimized SMA 30,61550.302682748836,10000.0,-0.016254644184052626
2022-09-26,Adaptive Optimized SMA 30,61295.4915375321,10000.0,-0.004139884519010736
2022-09-27,Adaptive Optimized SMA 30,61320.078577860026,10000.0,0.0004011231448052977
2022-09-28,Adaptive Optimized SMA 30,62538.25466683481,10000.0,0.019865859881898543
2022-09-29,Adaptive Optimized SMA 30,60736.69516644277,10000.0,-0.028807319775545952
2022-09-30,Adaptive Optimized SMA 30,59706.27465815402,10000.0,-0.016965370036433274
2022-10-03,Adaptive Optimized SMA 30,61107.73595684608,10000.0,0.023472596585804063
2022-10-04,Adaptive Optimized SMA 30,63027.76028790907,10000.0,0.031420315300486605
2022-10-05,Adaptive Optimized SMA 30,62994.232505643704,10000.0,-0.0005319526207533658
2022-10-06,Adaptive Optimized SMA 30,62498.021328116374,10000.0,-0.007877089025298835
2022-10-07,Adaptive Optimized SMA 30,60117.54878727577,10000.0,-0.038088766496191244
2022-10-10,Adaptive Optimized SMA 30,59516.28389198364,10000.0,-0.010001487209994043
2022-10-11,Adaptive Optimized SMA 30,58698.20600470885,10000.0,-0.01374544635144766
2022-10-12,Adaptive Optimized SMA 30,58678.08933534963,10000.0,-0.00034271352956868293
2022-10-13,Adaptive Optimized SMA 30,60054.96359371378,10000.0,0.023464878866372184
2022-10-14,Adaptive Optimized SMA 30,58248.93372235303,10000.0,-0.030072949233288612
2022-10-17,Adaptive Optimized SMA 30,60173.428424384714,10000.0,0.033039140445126465
2022-10-18,Adaptive Optimized SMA 30,60649.52293255283,10000.0,0.007912038928717342
2022-10-19,Adaptive Optimized SMA 30,60428.239569601465,10000.0,-0.0036485590034641127
2022-10-20,Adaptive Optimized SMA 30,60119.78397276015,10000.0,-0.0051044941742185886
2022-10-21,Adaptive Optimized SMA 30,61530.18601338964,10000.0,0.02345986541249933
2022-10-24,Adaptive Optimized SMA 30,63684.939609189285,10000.0,0.035019455252918406
2022-10-25,Adaptive Optimized SMA 30,67455.75840183864,10000.0,0.05921052631578938
2022-10-26,Adaptive Optimized SMA 30,63026.54267713939,10000.0,-0.06566104702750668
2022-10-27,Adaptive Optimized SMA 30,59554.99521723997,10000.0,-0.05508072174738842
2022-10-28,Adaptive Optimized SMA 30,64941.87920673906,10000.0,0.09045226130653271
2022-10-31,Adaptive Optimized SMA 30,62727.27134438944,10000.0,-0.034101382488479194
2022-11-01,Adaptive Optimized SMA 30,60752.08054823977,10000.0,-0.031488549618320615
2022-11-02,Adaptive Optimized SMA 30,54467.38256049082,10000.0,-0.10344827586206903
2022-11-03,Adaptive Optimized SMA 30,53402.813322376234,10000.0,-0.01954507795435715
2022-11-04,Adaptive Optimized SMA 30,54262.26324678859,10000.0,0.016093719992318022
2022-11-07,Adaptive Optimized SMA 30,54859.160449662086,10000.0,0.01100022680880006
2022-11-08,Adaptive Optimized SMA 30,55259.14311138143,10000.0,0.00729108244531684
2022-11-09,Adaptive Optimized SMA 30,51403.85405709901,10000.0,-0.06976744186046513
2022-11-10,Adaptive Optimized SMA 30,55196.93425236029,10000.0,0.0737898016566609
2022-11-11,Adaptive Optimized SMA 30,58334.87739252243,10000.0,0.056849953401677485
2022-11-14,Adaptive Optimized SMA 30,56740.18497703019,10000.0,-0.027336860670194047
2022-11-15,Adaptive Optimized SMA 30,59055.06106403505,10000.0,0.040797824116047245
2022-11-16,Adaptive Optimized SMA 30,56688.74328620786,10000.0,-0.0400696864111499
2022-11-17,Adaptive Optimized SMA 30,56225.76806880689,10000.0,-0.008166969147005432
2022-11-18,Adaptive Optimized SMA 30,56174.32637798456,10000.0,-0.0009149130832570711
2022-11-21,Adaptive Optimized SMA 30,54476.75058084766,10000.0,-0.030219780219780227
2022-11-22,Adaptive Optimized SMA 30,56740.18497703019,10000.0,0.041548630783758214
2022-11-23,Adaptive Optimized SMA 30,58437.760774167094,10000.0,0.029918404351767913
2022-11-25,Adaptive Optimized SMA 30,57254.60188525351,10000.0,-0.02024647887323932
2022-11-28,Adaptive Optimized SMA 30,54733.959034959335,10000.0,-0.04402515723270442
2022-11-29,Adaptive Optimized SMA 30,53447.916764401074,10000.0,-0.023496240601503758
2022-11-30,Adaptive Optimized SMA 30,60598.31178870496,10000.0,0.1337824831568815
2022-12-01,Adaptive Optimized SMA 30,60958.40362446128,10000.0,0.005942275042444847
2022-12-02,Adaptive Optimized SMA 30,60186.778262126325,10000.0,-0.012658227848101297
2022-12-05,Adaptive Optimized SMA 30,57151.71850360884,10000.0,-0.05042735042735042
2022-12-06,Adaptive Optimized SMA 30,53550.80014604573,10000.0,-0.06300630063006295
2022-12-07,Adaptive Optimized SMA 30,52882.05816535544,10000.0,-0.012487992315081728
2022-12-08,Adaptive Optimized SMA 30,54785.40072578166,10000.0,0.035992217898832786
2022-12-09,Adaptive Optimized SMA 30,53705.12521851272,10000.0,-0.019718309859155007
2022-12-12,Adaptive Optimized SMA 30,55659.909469761275,10000.0,0.03639846743295027
2022-12-13,Adaptive Optimized SMA 30,57408.9269577205,10000.0,0.03142329020332716
2022-12-14,Adaptive Optimized SMA 30,56071.442996339916,10000.0,-0.023297491039426504
2022-12-15,Adaptive Optimized SMA 30,50515.740387528254,10000.0,-0.09908256880733946
2022-12-16,Adaptive Optimized SMA 30,50035.66379137591,10000.0,-0.009503505095035034
2022-12-19,Adaptive Optimized SMA 30,49214.23995765517,10000.0,-0.016416766991353835
2022-12-20,Adaptive Optimized SMA 30,49175.90684541486,10000.0,-0.0007789028596863483
2022-12-21,Adaptive Optimized SMA 30,49889.63288760333,10000.0,0.014513734224202024
2022-12-22,Adaptive Optimized SMA 30,48668.449454805166,10000.0,-0.024477699315795243
2022-12-23,Adaptive Optimized SMA 30,48777.972632634606,10000.0,0.002250393818918396
2022-12-27,Adaptive Optimized SMA 30,48087.97661230918,10000.0,-0.014145647780854836
2022-12-28,Adaptive Optimized SMA 30,47452.74218089848,10000.0,-0.013209839052535751
2022-12-29,Adaptive Optimized SMA 30,48610.03709329615,10000.0,0.024388367441144917
2022-12-30,Adaptive Optimized SMA 30,48580.830912541634,10000.0,-0.0006008261359370071
2023-01-03,Adaptive Optimized SMA 30,48252.261379053336,10000.0,-0.006763357631321904
2023-01-04,Adaptive Optimized SMA 30,48482.26005249515,10000.0,0.004766588484527683
2023-01-05,Adaptive Optimized SMA 30,47722.89935287775,10000.0,-0.01566265060240973
2023-01-06,Adaptive Optimized SMA 30,49040.82825942525,10000.0,0.027616279069767546
2023-01-09,Adaptive Optimized SMA 30,49358.4454751306,10000.0,0.00647658750837472
2023-01-10,Adaptive Optimized SMA 30,49776.4589371796,10000.0,0.00846893491124268
2023-01-11,Adaptive Optimized SMA 30,50636.21588314064,10000.0,0.01727236055594257
2023-01-12,Adaptive Optimized SMA 30,51419.25014937477,10000.0,0.015463917525773233
2023-01-13,Adaptive Optimized SMA 30,52463.29583768695,10000.0,0.02030456852791889
2023-01-17,Adaptive Optimized SMA 30,52724.30725976499,10000.0,0.004975124378109346
2023-01-18,Adaptive Optimized SMA 30,50792.82273638746,10000.0,-0.036633663366336555
2023-01-19,Adaptive Optimized SMA 30,49226.75420391919,10000.0,-0.030832476875642414
2023-01-20,Adaptive Optimized SMA 30,53194.12781950547,10000.0,0.08059384941675501
2023-01-23,Adaptive Optimized SMA 30,56691.68087535127,10000.0,0.06575073601570167
2023-01-24,Adaptive Optimized SMA 30,56378.46716885762,10000.0,-0.005524861878452921
2023-01-25,Adaptive Optimized SMA 30,55960.84889353275,10000.0,-0.007407407407407414
2023-01-26,Adaptive Optimized SMA 30,59197.39052730049,10000.0,0.05783582089552231
2023-01-27,Adaptive Optimized SMA 30,60867.863628599975,10000.0,0.028218694885361578
2023-01-30,Adaptive Optimized SMA 30,57265.90600392296,10000.0,-0.05917667238421951
2023-01-31,Adaptive Optimized SMA 30,59771.615655872185,10000.0,0.043755697356426496
2023-02-01,Adaptive Optimized SMA 30,63634.58470262724,10000.0,0.06462882096069872
2023-02-02,Adaptive Optimized SMA 30,70212.07253899396,10000.0,0.10336341263330598
2023-02-03,Adaptive Optimized SMA 30,66610.11491431696,10000.0,-0.05130111524163565
2023-02-06,Adaptive Optimized SMA 30,64939.64181301747,10000.0,-0.025078369905956136
2023-02-07,Adaptive Optimized SMA 30,68907.01542860376,10000.0,0.061093247588424424
2023-02-08,Adaptive Optimized SMA 30,65200.65323509553,10000.0,-0.05378787878787872
2023-02-09,Adaptive Optimized SMA 30,63477.97784938043,10000.0,-0.026421136909527628
2023-02-10,Adaptive Optimized SMA 30,62172.92073899021,10000.0,-0.02055921052631579
2023-02-13,Adaptive Optimized SMA 30,65148.450950679915,10000.0,0.047858942065491204
2023-02-14,Adaptive Optimized SMA 30,66505.71034548574,10000.0,0.020833333333333315
2023-02-15,Adaptive Optimized SMA 30,68019.5765935384,10000.0,0.02276295133437984
2023-02-16,Adaptive Optimized SMA 30,64104.405262367734,10000.0,-0.05755947812739831
2023-02-17,Adaptive Optimized SMA 30,62747.1458675619,10000.0,-0.02117263843648207
2023-02-21,Adaptive Optimized SMA 30,58362.153976650756,10000.0,-0.06988352745424292
2023-02-22,Adaptive Optimized SMA 30,58414.356261066365,10000.0,0.0008944543828264568
2023-02-23,Adaptive Optimized SMA 30,59876.020224703425,10000.0,0.025022341376228878
2023-02-24,Adaptive Optimized SMA 30,56848.28772859811,10000.0,-0.050566695727986055
2023-02-27,Adaptive Optimized SMA 30,57255.59976614618,10000.0,0.0071648954405211926
2023-02-28,Adaptive Optimized SMA 30,56946.66667388281,10000.0,-0.005395683453237296
2023-03-01,Adaptive Optimized SMA 30,55607.956607408174,10000.0,-0.023508137432188044
2023-03-02,Adaptive Optimized SMA 30,56068.410740456966,10000.0,0.008280364198591197
2023-03-03,Adaptive Optimized SMA 30,57226.23316629753,10000.0,0.0206501737885913
2023-03-06,Adaptive Optimized SMA 30,57470.164253962896,10000.0,0.004262574595055323
2023-03-07,Adaptive Optimized SMA 30,55323.57068250758,10000.0,-0.037351443123938836
2023-03-08,Adaptive Optimized SMA 30,56055.36394550372,10000.0,0.01322751322751326
2023-03-09,Adaptive Optimized SMA 30,53128.1908935192,10000.0,-0.052219321148825035
2023-03-10,Adaptive Optimized SMA 30,52381.69721955125,10000.0,-0.014050801681993826
2023-03-13,Adaptive Optimized SMA 30,52770.38249018177,10000.0,0.007420249653259513
2023-03-14,Adaptive Optimized SMA 30,53981.845459857235,10000.0,0.022957252013491976
2023-03-15,Adaptive Optimized SMA 30,54787.544645825255,10000.0,0.014925373134328351
2023-03-16,Adaptive Optimized SMA 30,59100.40499424229,10000.0,0.07871972318339102
2023-03-17,Adaptive Optimized SMA 30,58199.917668748625,10000.0,-0.015236567762630415
2023-03-20,Adaptive Optimized SMA 30,58816.04057566535,10000.0,0.010586319218241106
2023-03-21,Adaptive Optimized SMA 30,61327.92627309505,10000.0,0.04270749395648665
2023-03-22,Adaptive Optimized SMA 30,58484.28208732557,10000.0,-0.04636785162287478
2023-03-23,Adaptive Optimized SMA 30,60569.62115688985,10000.0,0.03565640194489461
2023-03-24,Adaptive Optimized SMA 30,61185.744063806575,10000.0,0.010172143974960938
2023-03-27,Adaptive Optimized SMA 30,59953.498249973134,10000.0,-0.020139426800929495
2023-03-28,Adaptive Optimized SMA 30,58958.22278495382,10000.0,-0.01660079051383406
2023-03-29,Adaptive Optimized SMA 30,62133.62545906306,10000.0,0.05385852090032154
2023-03-30,Adaptive Optimized SMA 30,63839.81197052476,10000.0,0.027459954233409703
2023-03-31,Adaptive Optimized SMA 30,66967.82057487119,10000.0,0.048997772828507806
2023-04-03,Adaptive Optimized SMA 30,66493.87987724294,10000.0,-0.007077140835102719
2023-04-04,Adaptive Optimized SMA 30,65830.3629005634,10000.0,-0.009978617248752587
2023-04-05,Adaptive Optimized SMA 30,63697.62976123628,10000.0,-0.032397408207343485
2023-04-06,Adaptive Optimized SMA 30,65024.66371459538,10000.0,0.02083333333333342
2023-04-10,Adaptive Optimized SMA 30,64882.4815053069,10000.0,-0.0021865889212828817
2023-04-11,Adaptive Optimized SMA 30,63602.84162171064,10000.0,-0.0197224251278305
2023-04-12,Adaptive Optimized SMA 30,61896.65511024896,10000.0,-0.02682563338301039
2023-04-13,Adaptive Optimized SMA 30,65451.2103424608,10000.0,0.05742725880551301
2023-04-14,Adaptive Optimized SMA 30,65072.0577843582,10000.0,-0.005792903692976109
2023-04-17,Adaptive Optimized SMA 30,65166.84592388385,10000.0,0.001456664238892904
2023-04-18,Adaptive Optimized SMA 30,65214.23999364667,10000.0,0.0007272727272727117
2023-04-19,Adaptive Optimized SMA 30,65072.0577843582,10000.0,-0.0021802325581394884
2023-04-20,Adaptive Optimized SMA 30,63555.44755194781,10000.0,-0.02330662782228698
2023-04-21,Adaptive Optimized SMA 30,63697.62976123628,10000.0,0.002237136465324337
2023-04-24,Adaptive Optimized SMA 30,63271.08313337086,10000.0,-0.0066964285714285615
2023-04-25,Adaptive Optimized SMA 30,59716.52790115902,10000.0,-0.056179775280898875
2023-04-26,Adaptive Optimized SMA 30,60711.80336617834,10000.0,0.016666666666666736
2023-04-27,Adaptive Optimized SMA 30,65640.78662151209,10000.0,0.0811865729898516
2023-04-28,Adaptive Optimized SMA 30,66967.82057487118,10000.0,0.02021660649819503
2023-05-01,Adaptive Optimized SMA 30,66778.24429581988,10000.0,-0.0028308563340411126
2023-05-02,Adaptive Optimized SMA 30,64977.269644832544,10000.0,-0.026969481902058126
2023-05-03,Adaptive Optimized SMA 30,63697.62976123627,10000.0,-0.019693654266958523
2023-05-04,Adaptive Optimized SMA 30,62986.7187147939,10000.0,-0.011160714285714312
2023-05-05,Adaptive Optimized SMA 30,66825.6383655827,10000.0,0.060948081264108396
2023-05-08,Adaptive Optimized SMA 30,67394.36720273658,10000.0,0.008510638297872412
2023-05-09,Adaptive Optimized SMA 30,66067.33324937748,10000.0,-0.019690576652602047
2023-05-10,Adaptive Optimized SMA 30,68247.46045846741,10000.0,0.032998565279770506
2023-05-11,Adaptive Optimized SMA 30,68816.1892956213,10000.0,0.00833333333333328
2023-05-12,Adaptive Optimized SMA 30,68057.8841794161,10000.0,-0.011019283746556485
2023-05-15,Adaptive Optimized SMA 30,69147.94778396106,10000.0,0.016016713091922034
2023-05-16,Adaptive Optimized SMA 30,69384.91813277519,10000.0,0.0034270047978067655
2023-05-17,Adaptive Optimized SMA 30,71849.40976044205,10000.0,0.03551912568306008
2023-05-18,Adaptive Optimized SMA 30,75735.72348099368,10000.0,0.054089709762533
2023-05-19,Adaptive Optimized SMA 30,75214.3887136026,10000.0,-0.006883604505632116
2023-05-22,Adaptive Optimized SMA 30,75972.6938298078,10000.0,0.010081915563957274
2023-05-23,Adaptive Optimized SMA 30,73034.26150451267,10000.0,-0.03867747972551472
2023-05-24,Adaptive Optimized SMA 30,71849.40976044205,10000.0,-0.016223231667748216
2023-05-25,Adaptive Optimized SMA 30,77062.75743435277,10000.0,0.07255936675461751
2023-05-26,Adaptive Optimized SMA 30,82892.22801518017,10000.0,0.07564575645756437
2023-05-30,Adaptive Optimized SMA 30,84077.07975925077,10000.0,0.014293882218410521
2023-05-31,Adaptive Optimized SMA 30,82370.89324778909,10000.0,-0.020293122886133004
2023-06-01,Adaptive Optimized SMA 30,85309.32557308422,10000.0,0.03567318757192181
2023-06-02,Adaptive Optimized SMA 30,87252.48243336003,10000.0,0.022777777777777786
2023-06-05,Adaptive Optimized SMA 30,87442.05871241132,10000.0,0.0021727322107549783
2023-06-06,Adaptive Optimized SMA 30,87347.27057288568,10000.0,-0.001084010840108378
2023-06-07,Adaptive Optimized SMA 30,82892.22801518017,10000.0,-0.051003798155181836
2023-06-08,Adaptive Optimized SMA 30,85735.87220094966,10000.0,0.03430531732418533
2023-06-09,Adaptive Optimized SMA 30,86778.5417357318,10000.0,0.012161415146489711
2023-06-12,Adaptive Optimized SMA 30,91233.5842934373,10000.0,0.051338066630256765
2023-06-13,Adaptive Optimized SMA 30,93224.13522347595,10000.0,0.021818181818181907
2023-06-14,Adaptive Optimized SMA 30,95214.68615351459,10000.0,0.02135231316725969
2023-06-15,Adaptive Optimized SMA 30,98579.66510667512,10000.0,0.035340965654554544
2023-06-16,Adaptive Optimized SMA 30,96683.90231616213,10000.0,-0.019230769230769332
2023-06-20,Adaptive Optimized SMA 30,96209.9616185339,10000.0,-0.004901960784313621
2023-06-21,Adaptive Optimized SMA 30,92039.28347940533,10000.0,-0.04334975369458123
2023-06-22,Adaptive Optimized SMA 30,95119.89801398893,10000.0,0.03347064881565389
2023-06-23,Adaptive Optimized SMA 30,92323.64789798229,10000.0,-0.029397110114598897
2023-06-26,Adaptive Optimized SMA 30,88626.91045648196,10000.0,-0.04004106776180704
2023-06-27,Adaptive Optimized SMA 30,93034.55894442464,10000.0,0.049732620320855604
2023-06-28,Adaptive Optimized SMA 30,93603.28778157855,10000.0,0.006113092205807489
2023-06-29,Adaptive Optimized SMA 30,92939.77080489899,10000.0,-0.007088607594936737
2023-06-30,Adaptive Optimized SMA 30,97157.84301379038,10000.0,0.04538500764915862
2023-07-03,Adaptive Optimized SMA 30,97821.35999046992,10000.0,0.006829268292682955
2023-07-05,Adaptive Optimized SMA 30,97773.96592070708,10000.0,-0.0004844961240310835
2023-07-06,Adaptive Optimized SMA 30,95451.65650232868,10000.0,-0.023751817741153584
2023-07-07,Adaptive Optimized SMA 30,94456.38103730936,10000.0,-0.010427010923535296
2023-07-10,Adaptive Optimized SMA 30,94551.16917683501,10000.0,0.0010035122930255682
2023-07-11,Adaptive Optimized SMA 30,95925.59719995692,10000.0,0.014536340852130283
2023-07-12,Adaptive Optimized SMA 30,99480.15243216875,10000.0,0.03705533596837945
2023-07-13,Adaptive Optimized SMA 30,104409.13568750251,10000.0,0.04954740352548846
2023-07-14,Adaptive Optimized SMA 30,104314.34754797685,10000.0,-0.0009078529278256729
2023-07-17,Adaptive Optimized SMA 30,107205.38580350914,10000.0,0.02771467514766013
2023-07-18,Adaptive Optimized SMA 30,109764.66557070165,10000.0,0.0238726790450928
2023-07-19,Adaptive Optimized SMA 30,109764.66557070165,10000.0,0.0
2023-07-20,Adaptive Optimized SMA 30,102039.43219936125,10000.0,-0.07037996545768563
2023-07-21,Adaptive Optimized SMA 30,101138.94487386759,10000.0,-0.008824895494658674
2023-07-24,Adaptive Optimized SMA 30,101565.49150173299,10000.0,0.004217432052483592
2023-07-25,Adaptive Optimized SMA 30,103603.43650153445,10000.0,0.020065328978068116
2023-07-26,Adaptive Optimized SMA 30,102560.76696675232,10000.0,-0.010064043915827945
2023-07-27,Adaptive Optimized SMA 30,101660.27964125865,10000.0,-0.008780036968576769
2023-07-28,Adaptive Optimized SMA 30,107157.9917337463,10000.0,0.05407925407925409
2023-07-31,Adaptive Optimized SMA 30,107394.96208256044,10000.0,0.0022114108801415617
2023-08-01,Adaptive Optimized SMA 30,106541.8688268296,10000.0,-0.007943512797881717
2023-08-02,Adaptive Optimized SMA 30,99574.94057169439,10000.0,-0.06539145907473304
2023-08-03,Adaptive Optimized SMA 30,98864.02952525202,10000.0,-0.007139457401237607
2023-08-04,Adaptive Optimized SMA 30,97489.6015021301,10000.0,-0.013902205177372923
2023-08-07,Adaptive Optimized SMA 30,99906.69906003414,10000.0,0.02479338842975197
2023-08-08,Adaptive Optimized SMA 30,97347.41929284162,10000.0,-0.025616698292220075
2023-08-09,Adaptive Optimized SMA 30,94077.22847920674,10000.0,-0.03359298928919171
2023-08-10,Adaptive Optimized SMA 30,94251.19920520984,10000.0,0.0018492331121504131
2023-08-11,Adaptive Optimized SMA 30,93649.97684328735,10000.0,-0.006378935939196433
2023-08-14,Adaptive Optimized SMA 30,94701.47637839433,10000.0,0.011227974320448064
2023-08-15,Adaptive Optimized SMA 30,93696.02791781758,10000.0,-0.010617030473308857
2023-08-16,Adaptive Optimized SMA 30,92703.37142238811,10000.0,-0.010594435191000178
2023-08-17,Adaptive Optimized SMA 30,91690.24778272299,10000.0,-0.01092866013522847
2023-08-18,Adaptive Optimized SMA 30,91575.12009639741,10000.0,-0.0012556153910544062
2023-08-21,Adaptive Optimized SMA 30,93051.31287439431,10000.0,0.01612002011510304
2023-08-22,Adaptive Optimized SMA 30,92918.27643686252,10000.0,-0.0014297104836270157
2023-08-23,Adaptive Optimized SMA 30,94384.23564274161,10000.0,0.015776866103141655
2023-08-24,Adaptive Optimized SMA 30,92365.66354249972,10000.0,-0.02138675051501692
2023-08-25,Adaptive Optimized SMA 30,93082.0135907478,10000.0,0.007755588178267766
2023-08-28,Adaptive Optimized SMA 30,93783.01328081911,10000.0,0.007530989747959237
2023-08-29,Adaptive Optimized SMA 30,95829.727704385,10000.0,0.021823935401151212
2023-08-30,Adaptive Optimized SMA 30,97451.60414038764,10000.0,0.01692456479690529
2023-08-31,Adaptive Optimized SMA 30,98332.05134850336,10000.0,0.009034712315739312
2023-09-01,Adaptive Optimized SMA 30,98007.67606130283,10000.0,-0.0032987747408105695
2023-09-05,Adaptive Optimized SMA 30,98239.3726950175,10000.0,0.0023640661938534617
2023-09-06,Adaptive Optimized SMA 30,95644.37039741327,10000.0,-0.026415094339622584
2023-09-07,Adaptive Optimized SMA 30,93559.1006939813,10000.0,-0.021802325581395315
2023-09-08,Adaptive Optimized SMA 30,93837.13665443889,10000.0,0.0029717682020801743
2023-09-11,Adaptive Optimized SMA 30,97034.55019970126,10000.0,0.03407407407407414
2023-09-12,Adaptive Optimized SMA 30,93929.81530792476,10000.0,-0.031996179560649554
2023-09-13,Adaptive Optimized SMA 30,94856.6018427834,10000.0,0.009866798223976285
2023-09-14,Adaptive Optimized SMA 30,97080.88952644418,10000.0,0.023448949682462163
2023-09-15,Adaptive Optimized SMA 30,92122.58156495038,10000.0,-0.05107398568019095
2023-09-18,Adaptive Optimized SMA 30,92307.93887192212,10000.0,0.002012072434607782
2023-09-19,Adaptive Optimized SMA 30,91751.86695100692,10000.0,-0.006024096385542218
2023-09-20,Adaptive Optimized SMA 30,87488.64889065709,10000.0,-0.04646464646464655
2023-09-21,Adaptive Optimized SMA 30,85884.63029702571,10000.0,-0.018334019486757256
2023-09-22,Adaptive Optimized SMA 30,85896.63642422354,10000.0,0.00013979366455115432
2023-09-25,Adaptive Optimized SMA 30,86304.84474895008,10000.0,0.0047523202504752
2023-09-26,Adaptive Optimized SMA 30,85008.1830115834,10000.0,-0.015024205664682082
2023-09-27,Adaptive Optimized SMA 30,85207.48472306755,10000.0,0.0023445003107170244
2023-09-28,Adaptive Optimized SMA 30,85920.64867861921,10000.0,0.008369733690291589
2023-09-29,Adaptive Optimized SMA 30,85983.08054004799,10000.0,0.0007266223240735311
2023-10-02,Adaptive Optimized SMA 30,86701.04694647879,10000.0,0.00835008936550494
2023-10-03,Adaptive Optimized SMA 30,85178.67001779274,10000.0,-0.017558922092668943
2023-10-04,Adaptive Optimized SMA 30,86338.46190510405,10000.0,0.01361598962591262
2023-10-05,Adaptive Optimized SMA 30,86083.93200850986,10000.0,-0.0029480476137501454
2023-10-06,Adaptive Optimized SMA 30,87527.06849769018,10000.0,0.016764295676429543
2023-10-09,Adaptive Optimized SMA 30,88839.74011950877,10000.0,0.014997321906802226
2023-10-10,Adaptive Optimized SMA 30,90293.05512937938,10000.0,0.016358839050132048
2023-10-11,Adaptive Optimized SMA 30,92215.18143275661,10000.0,0.021287642782969893
2023-10-12,Adaptive Optimized SMA 30,91136.91545769133,10000.0,-0.011692933401118474
2023-10-13,Adaptive Optimized SMA 30,87667.71188574216,10000.0,-0.038065843621399274
2023-10-16,Adaptive Optimized SMA 30,90621.22303483401,10000.0,0.03368983957219246
2023-10-17,Adaptive Optimized SMA 30,89777.36270652205,10000.0,-0.009311950336264859
2023-10-18,Adaptive Optimized SMA 30,85979.99122911826,10000.0,-0.04229765013054824
2023-10-19,Adaptive Optimized SMA 30,83682.81589093572,10000.0,-0.026717557251908313
2023-10-20,Adaptive Optimized SMA 30,82433.78392324902,10000.0,-0.014925787981544134
2023-10-23,Adaptive Optimized SMA 30,82682.6599391568,10000.0,0.0030191021698033156
2023-10-24,Adaptive Optimized SMA 30,83487.43658872775,10000.0,0.009733318330145098
2023-10-25,Adaptive Optimized SMA 30,81445.25769183961,10000.0,-0.02446091268735714
2023-10-26,Adaptive Optimized SMA 30,79891.5270504714,10000.0,-0.01907699337445741
2023-10-27,Adaptive Optimized SMA 30,80275.30782266564,10000.0,0.004803773145452362
2023-10-30,Adaptive Optimized SMA 30,81180.10006741447,10000.0,0.011271115231941548
2023-10-31,Adaptive Optimized SMA 30,81568.53272775654,10000.0,0.00478482608446512
2023-11-01,Adaptive Optimized SMA 30,82982.70672469048,10000.0,0.017337249422566894
2023-11-02,Adaptive Optimized SMA 30,87362.88439983365,10000.0,0.05278422273781904
2023-11-03,Adaptive Optimized SMA 30,90443.44891861567,10000.0,0.03526170798898075
2023-11-06,Adaptive Optimized SMA 30,91454.25915134103,10000.0,0.01117615753060143
2023-11-07,Adaptive Optimized SMA 30,94053.48546406336,10000.0,0.028421052631578902
2023-11-08,Adaptive Optimized SMA 30,94246.02074648724,10000.0,0.002047082906857684
2023-11-09,Adaptive Optimized SMA 30,91983.7311780067,10000.0,-0.024004085801838555
2023-11-10,Adaptive Optimized SMA 30,98144.86021557073,10000.0,0.0669806384092099
2023-11-13,Adaptive Optimized SMA 30,97230.31762405732,10000.0,-0.00931829328102017
2023-11-14,Adaptive Optimized SMA 30,103343.31284101539,10000.0,0.06287128712871286
2023-11-15,Adaptive Optimized SMA 30,103632.11576465121,10000.0,0.0027945971122497566
2023-11-16,Adaptive Optimized SMA 30,103824.65104707508,10000.0,0.0018578727357175637
2023-11-17,Adaptive Optimized SMA 30,103872.78486768104,10000.0,0.0004636068613814562
2023-11-20,Adaptive Optimized SMA 30,107579.08905434066,10000.0,0.03568118628359607
2023-11-21,Adaptive Optimized SMA 30,105605.60240949593,10000.0,-0.01834451901565996
2023-11-22,Adaptive Optimized SMA 30,106857.08174525113,10000.0,0.011850501367365452
2023-11-24,Adaptive Optimized SMA 30,106327.60971858547,10000.0,-0.0049549549549549295
2023-11-27,Adaptive Optimized SMA 30,105990.67297434369,10000.0,-0.003168854685378012
2023-11-28,Adaptive Optimized SMA 30,106857.08174525113,10000.0,0.008174386920980914
2023-11-29,Adaptive Optimized SMA 30,106472.01118040338,10000.0,-0.003603603603603527
2023-11-30,Adaptive Optimized SMA 30,105557.46858888997,10000.0,-0.008589511754068774
2023-12-01,Adaptive Optimized SMA 30,106472.01118040338,10000.0,0.00866393068855455
2023-12-04,Adaptive Optimized SMA 30,103439.58048222732,10000.0,-0.02848101265822796
2023-12-05,Adaptive Optimized SMA 30,104209.72161192283,10000.0,0.007445323406235466
2023-12-06,Adaptive Optimized SMA 30,102332.50260829004,10000.0,-0.01801385681293289
2023-12-07,Adaptive Optimized SMA 30,106616.41264222127,10000.0,0.04186265286923786
2023-12-08,Adaptive Optimized SMA 30,107916.02579858246,10000.0,0.012189616252821812
2023-12-11,Adaptive Optimized SMA 30,110659.65357312268,10000.0,0.025423728813559174
2023-12-12,Adaptive Optimized SMA 30,113307.01370645098,10000.0,0.023923444976076586
2023-12-13,Adaptive Optimized SMA 30,117302.1208167464,10000.0,0.03525913338997459
2023-12-14,Adaptive Optimized SMA 30,117109.58553432251,10000.0,-0.0016413623307346204
2023-12-15,Adaptive Optimized SMA 30,118505.46633189562,10000.0,0.011919441019317826
2023-12-18,Adaptive Optimized SMA 30,121008.425003406,10000.0,0.02112103980503654
2023-12-19,Adaptive Optimized SMA 30,122789.37636582686,10000.0,0.014717581543357238
2023-12-20,Adaptive Optimized SMA 30,116820.78261068669,10000.0,-0.04860838886711101
2023-12-21,Adaptive Optimized SMA 30,120671.48825916421,10000.0,0.03296250515039146
2023-12-22,Adaptive Optimized SMA 30,121152.8264652239,10000.0,0.0039888312724372325
2023-12-26,Adaptive Optimized SMA 30,123415.11603370444,10000.0,0.018673023440603845
2023-12-27,Adaptive Optimized SMA 30,124040.85570158203,10000.0,0.005070202808112286
2023-12-28,Adaptive Optimized SMA 30,123703.91895734024,10000.0,-0.002716336825766406
2023-12-29,Adaptive Optimized SMA 30,122019.23523613134,10000.0,-0.013618677042801473
2024-01-02,Adaptive Optimized SMA 30,115858.10619856732,10000.0,-0.05049309664694284
2024-01-03,Adaptive Optimized SMA 30,112151.80201190771,10000.0,-0.031990029081844604
2024-01-04,Adaptive Optimized SMA 30,110274.58300827493,10000.0,-0.01673819742489273
2024-01-05,Adaptive Optimized SMA 30,110659.65357312268,10000.0,0.003491924923614068
2024-01-08,Adaptive Optimized SMA 30,117350.25463735237,10000.0,0.06046107003044805
2024-01-09,Adaptive Optimized SMA 30,118072.2619464419,10000.0,0.00615258408531592
2024-01-10,Adaptive Optimized SMA 30,120430.81915613436,10000.0,0.019975540154912288
2024-01-11,Adaptive Optimized SMA 30,121152.82646522392,10000.0,0.005995203836930541
2024-01-12,Adaptive Optimized SMA 30,121152.82646522392,10000.0,0.0
2024-01-15,Adaptive Optimized SMA 30,121080.62573431496,10000.0,-0.0005959475566150404
2024-01-16,Adaptive Optimized SMA 30,118986.80453795531,10000.0,-0.01729278473464529
2024-01-17,Adaptive Optimized SMA 30,124088.98952218801,10000.0,0.04288025889967647
2024-01-18,Adaptive Optimized SMA 30,131260.92879247738,10000.0,0.05779674166020164
2024-01-19,Adaptive Optimized SMA 30,131260.92879247738,10000.0,0.0
2024-01-21,Adaptive Optimized SMA 30,131790.40081914305,10000.0,0.004033736707004013
2024-01-22,Adaptive Optimized SMA 30,133354.74998883702,10000.0,0.011869978086194277
2024-01-23,Adaptive Optimized SMA 30,135544.8388264086,10000.0,0.016423028334235767
2024-01-24,Adaptive Optimized SMA 30,135929.90939125634,10000.0,0.0028409090909090303
2024-01-25,Adaptive Optimized SMA 30,133426.95071974598,10000.0,-0.018413597733711033
2024-01-26,Adaptive Optimized SMA 30,133426.95071974598,10000.0,0.0
2024-01-28,Adaptive Optimized SMA 30,137349.85709913247,10000.0,0.02940115440115445
2024-01-29,Adaptive Optimized SMA 30,134606.22932459225,10000.0,-0.01997546872262135
2024-01-30,Adaptive Optimized SMA 30,126688.21583491036,10000.0,-0.05882352941176469
2024-01-31,Adaptive Optimized SMA 30,131164.66115126546,10000.0,0.03533434650455926
2024-02-01,Adaptive Optimized SMA 30,137758.99457428322,10000.0,0.0502752293577982
2024-02-02,Adaptive Optimized SMA 30,137758.99457428322,10000.0,0.0
2024-02-04,Adaptive Optimized SMA 30,137061.05417549668,10000.0,-0.0050663871418588245
2024-02-05,Adaptive Optimized SMA 30,136266.84613549817,10000.0,-0.005794556628621692
2024-02-06,Adaptive Optimized SMA 30,140334.15397670254,10000.0,0.02984811020840701
2024-02-07,Adaptive Optimized SMA 30,140911.75982397416,10000.0,0.004115932087120475
2024-02-08,Adaptive Optimized SMA 30,145051.26839608751,10000.0,0.029376601195559453
2024-02-09,Adaptive Optimized SMA 30,145075.33530639048,10000.0,0.00016592002654717124
2024-02-11,Adaptive Optimized SMA 30,143342.5177645756,10000.0,-0.011944260119442583
2024-02-12,Adaptive Optimized SMA 30,136555.64905913398,10000.0,-0.04734721289456011
2024-02-13,Adaptive Optimized SMA 30,140887.69291367117,10000.0,0.031723651744800796
2024-02-14,Adaptive Optimized SMA 30,142066.9715185174,10000.0,0.00837034506320468
2024-02-15,Adaptive Optimized SMA 30,138168.13204943392,10000.0,-0.027443672708792215
2024-02-16,Adaptive Optimized SMA 30,138144.06513913092,10000.0,-0.00017418568193691014
2024-02-19,Adaptive Optimized SMA 30,134967.23297913698,10000.0,-0.022996515679442515
2024-02-20,Adaptive Optimized SMA 30,133282.54925792807,10000.0,-0.012482168330955702
2024-02-21,Adaptive Optimized SMA 30,144810.59929305763,10000.0,0.08649331888768506
2024-02-22,Adaptive Optimized SMA 30,143486.91922639348,10000.0,-0.009140767824497329
2024-02-23,Adaptive Optimized SMA 30,143486.91922639348,10000.0,0.0
2024-02-25,Adaptive Optimized SMA 30,143294.38394396962,10000.0,-0.0013418316001341545
2024-02-26,Adaptive Optimized SMA 30,144184.85962518002,10000.0,0.006214309707759447
2024-02-27,Adaptive Optimized SMA 30,141850.36932579053,10000.0,-0.016190953096311116
2024-02-28,Adaptive Optimized SMA 30,145267.87058881432,10000.0,0.024092297251442175
2024-02-29,Adaptive Optimized SMA 30,151934.40474274103,10000.0,0.04589131875414187
2024-03-01,Adaptive Optimized SMA 30,151958.47165304402,10000.0,0.00015840329478850008
2024-03-03,Adaptive Optimized SMA 30,150129.3864700172,10000.0,-0.012036743744060786
2024-03-04,Adaptive Optimized SMA 30,142091.03842882038,10000.0,-0.05354280218018601
2024-03-05,Adaptive Optimized SMA 30,144714.33165184568,10000.0,0.018462059620596265
2024-03-06,Adaptive Optimized SMA 30,151164.26361304554,10000.0,0.044570098120738394
2024-03-07,Adaptive Optimized SMA 30,144545.86327972478,10000.0,-0.043782837127845885
2024-03-08,Adaptive Optimized SMA 30,144545.86327972478,10000.0,0.0
2024-03-10,Adaptive Optimized SMA 30,142861.17955851587,10000.0,-0.011655011655011703
2024-03-11,Adaptive Optimized SMA 30,148926.04095486796,10000.0,0.0424528301886793
2024-03-12,Adaptive Optimized SMA 30,145460.40587123818,10000.0,-0.023270846800258642
2024-03-13,Adaptive Optimized SMA 30,144281.12726639197,10000.0,-0.008107213765717982
2024-03-14,Adaptive Optimized SMA 30,139010.47391003836,10000.0,-0.03653044203502927
2024-03-15,Adaptive Optimized SMA 30,139010.47391003836,10000.0,0.0
2024-03-17,Adaptive Optimized SMA 30,142933.38028942485,10000.0,0.028220221606648246
2024-03-18,Adaptive Optimized SMA 30,143920.1236118472,10000.0,0.006903519110961384
2024-03-19,Adaptive Optimized SMA 30,148492.83656941427,10000.0,0.03177257525083622
2024-03-20,Adaptive Optimized SMA 30,150418.189393653,10000.0,0.012965964343598008
2024-03-21,Adaptive Optimized SMA 30,150731.05922759182,10000.0,0.002080000000000041
2024-03-22,Adaptive Optimized SMA 30,150755.1261378948,10000.0,0.00015966789078713094
2024-03-24,Adaptive Optimized SMA 30,149190.77696820084,10000.0,-0.010376756066411216
2024-03-25,Adaptive Optimized SMA 30,147794.8961706277,10000.0,-0.009356347798032027
2024-03-26,Adaptive Optimized SMA 30,149094.5093269889,10000.0,0.008793356130923404
2024-03-27,Adaptive Optimized SMA 30,148155.8998251725,10000.0,-0.006295399515738508
2024-03-28,Adaptive Optimized SMA 30,148155.8998251725,10000.0,0.0
2024-03-31,Adaptive Optimized SMA 30,149070.44241668592,10000.0,0.0061728395061727654
2024-04-01,Adaptive Optimized SMA 30,145075.3353063905,10000.0,-0.026800129157248897
2024-04-02,Adaptive Optimized SMA 30,146038.0117185099,10000.0,0.006635700066356977
2024-04-03,Adaptive Optimized SMA 30,139154.87537185632,10000.0,-0.04713249835201054
2024-04-04,Adaptive Optimized SMA 30,140794.66154050067,10000.0,0.01178389304911116
2024-04-05,Adaptive Optimized SMA 30,140794.66154050067,10000.0,0.0
2024-04-07,Adaptive Optimized SMA 30,140888.74417433995,10000.0,0.000668225860340781
2024-04-08,Adaptive Optimized SMA 30,142347.024998849,10000.0,0.010350584307178707
2024-04-09,Adaptive Optimized SMA 30,138607.24030373714,10000.0,-0.026272306675479234
2024-04-10,Adaptive Optimized SMA 30,145122.46269710813,10000.0,0.04700492109282205
2024-04-11,Adaptive Optimized SMA 30,138113.30647608085,10000.0,-0.04829821717990282
2024-04-12,Adaptive Optimized SMA 30,138113.30647608085,10000.0,0.0
2024-04-14,Adaptive Optimized SMA 30,131174.71223043307,10000.0,-0.05023841961852854
2024-04-15,Adaptive Optimized SMA 30,131186.88452312833,10000.0,9.279450656525881e-05
2024-04-16,Adaptive Optimized SMA 30,129586.22803370208,10000.0,-0.012201345395499994
2024-04-17,Adaptive Optimized SMA 30,128846.76125246526,10000.0,-0.005706368589141344
2024-04-18,Adaptive Optimized SMA 30,126181.02915220405,10000.0,-0.020689166528896453
2024-04-19,Adaptive Optimized SMA 30,126181.02915220405,10000.0,0.0
2024-04-21,Adaptive Optimized SMA 30,127449.99066568457,10000.0,0.010056674303629606
2024-04-22,Adaptive Optimized SMA 30,129351.91139931841,10000.0,0.014922878563583401
2024-04-23,Adaptive Optimized SMA 30,129790.11393634765,10000.0,0.003387677323734909
2024-04-24,Adaptive Optimized SMA 30,129163.24086254195,10000.0,-0.004829898478347524
2024-04-25,Adaptive Optimized SMA 30,131156.4537913902,10000.0,0.015431735186712243
2024-04-26,Adaptive Optimized SMA 30,131156.4537913902,10000.0,0.0
2024-04-28,Adaptive Optimized SMA 30,132722.35935402257,10000.0,0.011939218523878374
2024-04-29,Adaptive Optimized SMA 30,125118.22703851234,10000.0,-0.05729352878083658
2024-04-30,Adaptive Optimized SMA 30,124213.55910707677,10000.0,-0.0072305047222025794
2024-05-01,Adaptive Optimized SMA 30,125798.93808789873,10000.0,0.01276333270070221
2024-05-02,Adaptive Optimized SMA 30,128327.29341419102,10000.0,0.02009838369641612
2024-05-03,Adaptive Optimized SMA 30,128327.29341419102,10000.0,0.0
2024-05-05,Adaptive Optimized SMA 30,132536.97182248725,10000.0,0.032804232804232794
2024-05-06,Adaptive Optimized SMA 30,132536.97182248725,10000.0,0.0
2024-05-07,Adaptive Optimized SMA 30,132288.0123467278,10000.0,-0.0018784153005464382
2024-05-08,Adaptive Optimized SMA 30,133012.25809439167,10000.0,0.005474764756201887
2024-05-09,Adaptive Optimized SMA 30,133917.5652789715,10000.0,0.006806193636208925
2024-05-10,Adaptive Optimized SMA 30,133894.932599357,10000.0,-0.00016900456312329078
2024-05-12,Adaptive Optimized SMA 30,134800.23978393685,10000.0,0.006761325219743166
2024-05-13,Adaptive Optimized SMA 30,137312.46722114587,10000.0,0.018636668905305565
2024-05-14,Adaptive Optimized SMA 30,143649.61751320466,10000.0,0.046151310367562176
2024-05-15,Adaptive Optimized SMA 30,142766.94300823932,10000.0,-0.006144635260753121
2024-05-16,Adaptive Optimized SMA 30,142450.08549363638,10000.0,-0.002219403931515545
2024-05-17,Adaptive Optimized SMA 30,142450.08549363638,10000.0,0.0
2024-05-19,Adaptive Optimized SMA 30,145392.3338435208,10000.0,0.020654591674610697
2024-05-20,Adaptive Optimized SMA 30,146139.21227079918,10000.0,0.005136986301369837
2024-05-21,Adaptive Optimized SMA 30,146048.6815523412,10000.0,-0.0006194827319187246
2024-05-22,Adaptive Optimized SMA 30,143875.9443093496,10000.0,-0.014876801487680162
2024-05-23,Adaptive Optimized SMA 30,147904.56128072983,10000.0,0.028000629227623
2024-05-24,Adaptive Optimized SMA 30,147881.92860111536,10000.0,-0.00015302218821715234
2024-05-27,Adaptive Optimized SMA 30,149511.48153335904,10000.0,0.011019283746556455
2024-05-28,Adaptive Optimized SMA 30,146388.17174655863,10000.0,-0.02089009990917341
2024-05-29,Adaptive Optimized SMA 30,141680.57438674348,10000.0,-0.03215831787260367
2024-05-30,Adaptive Optimized SMA 30,141522.145629442,10000.0,-0.0011182108626198127
2024-05-31,Adaptive Optimized SMA 30,141499.5129498275,10000.0,-0.00015992323684628195
2024-06-02,Adaptive Optimized SMA 30,142902.73908592624,10000.0,0.009916826615483003
2024-06-03,Adaptive Optimized SMA 30,143966.47502780755,10000.0,0.0074437757364586455
2024-06-04,Adaptive Optimized SMA 30,152657.42399977392,10000.0,0.06036786668762779
2024-06-05,Adaptive Optimized SMA 30,152476.36256285798,10000.0,-0.001186063750926587
2024-06-06,Adaptive Optimized SMA 30,151910.54557249558,10000.0,-0.0037108505269407748
2024-06-07,Adaptive Optimized SMA 30,151910.54557249558,10000.0,0.0
2024-06-09,Adaptive Optimized SMA 30,153517.46582512476,10000.0,0.010578069129916474
2024-06-10,Adaptive Optimized SMA 30,156686.04097115417,10000.0,0.020639834881321033
2024-06-11,Adaptive Optimized SMA 30,162864.7625059115,10000.0,0.039433771486349696
2024-06-12,Adaptive Optimized SMA 30,165467.52066157854,10000.0,0.015981100611450888
2024-06-13,Adaptive Optimized SMA 30,167866.58470071512,10000.0,0.014498700588154867
2024-06-14,Adaptive Optimized SMA 30,167843.95202110062,10000.0,-0.00013482540110563727
2024-06-16,Adaptive Optimized SMA 30,173954.7755170145,10000.0,0.0364077669902913
2024-06-17,Adaptive Optimized SMA 30,174045.3062354725,10000.0,0.000520426749935028
2024-06-18,Adaptive Optimized SMA 30,174045.3062354725,10000.0,0.0
2024-06-19,Adaptive Optimized SMA 30,169948.79122524874,10000.0,-0.023537061118335527
2024-06-20,Adaptive Optimized SMA 30,168387.13633184854,10000.0,-0.009188973232121424
2024-06-21,Adaptive Optimized SMA 30,168387.13633184854,10000.0,0.0
2024-06-23,Adaptive Optimized SMA 30,162683.70106899558,10000.0,-0.03387096774193562
2024-06-24,Adaptive Optimized SMA 30,168115.54417647456,10000.0,0.03338898163606018
2024-06-25,Adaptive Optimized SMA 30,168522.93240953545,10000.0,0.0024232633279482043
2024-06-26,Adaptive Optimized SMA 30,169745.09710871824,10000.0,0.007252215954875185
2024-06-27,Adaptive Optimized SMA 30,167074.44091420772,10000.0,-0.015733333333333425
2024-06-28,Adaptive Optimized SMA 30,167074.44091420772,10000.0,0.0
2024-06-30,Adaptive Optimized SMA 30,169812.9951475617,10000.0,0.016391221891086535
2024-07-01,Adaptive Optimized SMA 30,175018.51145889575,10000.0,0.030654404904704745
2024-07-02,Adaptive Optimized SMA 30,179318.72058564995,10000.0,0.024570024570024645
2024-07-03,Adaptive Optimized SMA 30,179341.35326526445,10000.0,0.00012621481761947373
2024-07-04,Adaptive Optimized SMA 30,184750.56369312896,10000.0,0.030161534578495717
2024-07-05,Adaptive Optimized SMA 30,184727.9310135145,10000.0,-0.0001225039813792834
2024-07-07,Adaptive Optimized SMA 30,185972.72839231175,10000.0,0.006738544474393496
2024-07-08,Adaptive Optimized SMA 30,186380.11662537264,10000.0,0.002190580503833426
2024-07-09,Adaptive Optimized SMA 30,192219.3479659126,10000.0,0.03132969034608394
2024-07-10,Adaptive Optimized SMA 30,179590.31274102392,10000.0,-0.0657011656658426
2024-07-11,Adaptive Optimized SMA 30,182509.9284112939,10000.0,0.01625708884688099
2024-07-12,Adaptive Optimized SMA 30,182509.9284112939,10000.0,0.0
2024-07-14,Adaptive Optimized SMA 30,183867.88918816362,10000.0,0.00744047619047612
2024-07-15,Adaptive Optimized SMA 30,184003.6852658506,10000.0,0.0007385524372230709
2024-07-16,Adaptive Optimized SMA 30,167821.31934148615,10000.0,-0.08794587945879448
2024-07-17,Adaptive Optimized SMA 30,167027.09677034518,10000.0,-0.004732548726570714
2024-07-18,Adaptive Optimized SMA 30,165546.63803027975,10000.0,-0.00886358422490563
2024-07-19,Adaptive Optimized SMA 30,165546.63803027975,10000.0,0.0
2024-07-21,Adaptive Optimized SMA 30,168012.90811961223,10000.0,0.014897735880818079
2024-07-22,Adaptive Optimized SMA 30,166200.47113881816,10000.0,-0.010787486515641818
2024-07-23,Adaptive Optimized SMA 30,160238.80470289534,10000.0,-0.035870334151720716
2024-07-24,Adaptive Optimized SMA 30,158471.74463981148,10000.0,-0.011027666278216611
2024-07-25,Adaptive Optimized SMA 30,160097.02493266747,10000.0,0.010255962642110646
2024-07-26,Adaptive Optimized SMA 30,160097.02493266747,10000.0,0.0
2024-07-28,Adaptive Optimized SMA 30,160418.62294806234,10000.0,0.002008769466703998
2024-07-29,Adaptive Optimized SMA 30,158215.84944476603,10000.0,-0.013731407630954958
2024-07-30,Adaptive Optimized SMA 30,162898.0399054618,10000.0,0.029593687845605798
2024-07-31,Adaptive Optimized SMA 30,158952.4126413157,10000.0,-0.024221453287197166
2024-08-01,Adaptive Optimized SMA 30,155179.687535984,10000.0,-0.02373493451681683
2024-08-02,Adaptive Optimized SMA 30,155179.687535984,10000.0,0.0
2024-08-04,Adaptive Optimized SMA 30,150552.82576610887,10000.0,-0.02981615598885793
2024-08-05,Adaptive Optimized SMA 30,151991.37172744522,10000.0,0.009555091071961706
2024-08-06,Adaptive Optimized SMA 30,150345.3431755315,10000.0,-0.010829749960184723
2024-08-07,Adaptive Optimized SMA 30,154944.54059999634,10000.0,0.030590887135726965
2024-08-08,Adaptive Optimized SMA 30,155753.72270324806,10000.0,0.0052223982859821725
2024-08-09,Adaptive Optimized SMA 30,155753.72270324806,10000.0,0.0
2024-08-11,Adaptive Optimized SMA 30,156089.15289134812,10000.0,0.0021535933926865973
2024-08-12,Adaptive Optimized SMA 30,159962.16124879217,10000.0,0.02481279631352738
2024-08-13,Adaptive Optimized SMA 30,160014.03189643653,10000.0,0.00032426823468380413
2024-08-14,Adaptive Optimized SMA 30,172052.15366153672,10000.0,0.07523166326370334
2024-08-15,Adaptive Optimized SMA 30,172504.52566941106,10000.0,0.0026292725679229745
2024-08-16,Adaptive Optimized SMA 30,172504.52566941106,10000.0,0.0
2024-08-18,Adaptive Optimized SMA 30,179189.57867466504,10000.0,0.038752913752913704
2024-08-19,Adaptive Optimized SMA 30,178083.78043319445,10000.0,-0.00617110799438987
2024-08-20,Adaptive Optimized SMA 30,180521.56292007279,10000.0,0.013688964154671166
2024-08-21,Adaptive Optimized SMA 30,171851.0994358148,10000.0,-0.04803007100097456
2024-08-22,Adaptive Optimized SMA 30,177254.43175209154,10000.0,0.031441942088330004
2024-08-23,Adaptive Optimized SMA 30,177229.2999738763,10000.0,-0.00014178363816822793
2024-08-25,Adaptive Optimized SMA 30,172052.15366153675,10000.0,-0.029211571185479332
2024-08-26,Adaptive Optimized SMA 30,173509.79679802075,10000.0,0.008472100496640557
2024-08-27,Adaptive Optimized SMA 30,167628.96069565444,10000.0,-0.03389339513325613
2024-08-28,Adaptive Optimized SMA 30,166749.348458121,10000.0,-0.005247376311844206
2024-08-29,Adaptive Optimized SMA 30,172429.1303347654,10000.0,0.03406179351921636
2024-08-30,Adaptive Optimized SMA 30,172454.26211298062,10000.0,0.0001457513482000454
2024-09-02,Adaptive Optimized SMA 30,156696.63717202478,10000.0,-0.09137277761585548
2024-09-03,Adaptive Optimized SMA 30,155364.65292661704,10000.0,-0.00850040096230956
2024-09-04,Adaptive Optimized SMA 30,155867.28849092184,10000.0,0.003235198964736377
2024-09-05,Adaptive Optimized SMA 30,143226.00404865586,10000.0,-0.08110287004192197
2024-09-06,Adaptive Optimized SMA 30,143226.00404865586,10000.0,0.0
2024-09-08,Adaptive Optimized SMA 30,145067.84149402066,10000.0,0.012859658115848318
2024-09-09,Adaptive Optimized SMA 30,146408.52039705918,10000.0,0.009241737446640069
2024-09-10,Adaptive Optimized SMA 30,149587.84465283624,10000.0,0.02171543191034749
2024-09-11,Adaptive Optimized SMA 30,154012.6980412042,10000.0,0.02958030044912515
2024-09-12,Adaptive Optimized SMA 30,156028.20717621993,10000.0,0.013086642599277833
2024-09-13,Adaptive Optimized SMA 30,156005.04040455312,10000.0,-0.00014847809948019162
2024-09-15,Adaptive Optimized SMA 30,153943.19772620368,10000.0,-0.013216513216513225
2024-09-16,Adaptive Optimized SMA 30,154035.86481287103,10000.0,0.0006019563581639133
2024-09-17,Adaptive Optimized SMA 30,152020.3556778553,10000.0,-0.013084674387125739
2024-09-18,Adaptive Optimized SMA 30,163511.07442461178,10000.0,0.07558671136848512
2024-09-19,Adaptive Optimized SMA 30,162468.56969960363,10000.0,-0.006375743836780998
2024-09-20,Adaptive Optimized SMA 30,162445.40292793678,10000.0,-0.00014259232853259526
2024-09-22,Adaptive Optimized SMA 30,163673.2418262797,10000.0,0.007558471192241887
2024-09-23,Adaptive Optimized SMA 30,165989.91899296446,10000.0,0.014154281670205236
2024-09-24,Adaptive Optimized SMA 30,166036.25253629815,10000.0,0.0002791346824842431
2024-09-25,Adaptive Optimized SMA 30,169557.60182965902,10000.0,0.021208315892284023
2024-09-26,Adaptive Optimized SMA 30,166638.58859963622,10000.0,-0.017215466593796844
2024-09-27,Adaptive Optimized SMA 30,166661.75537130304,10000.0,0.00013902405116072438
2024-09-29,Adaptive Optimized SMA 30,167935.92781297967,10000.0,0.007645259938837881
2024-09-30,Adaptive Optimized SMA 30,160823.72891125744,10000.0,-0.04235066905780099
2024-10-01,Adaptive Optimized SMA 30,161426.06497459547,10000.0,0.003745318352059999
2024-10-02,Adaptive Optimized SMA 30,161055.3966279259,10000.0,-0.002296211251435287
2024-10-03,Adaptive Optimized SMA 30,166731.2556863036,10000.0,0.035241657077100155
2024-10-04,Adaptive Optimized SMA 30,166754.42245797048,10000.0,0.0001389467833820358
2024-10-06,Adaptive Optimized SMA 30,161240.73080126068,10000.0,-0.0330647402056128
2024-10-07,Adaptive Optimized SMA 30,168237.09584464875,10000.0,0.0433908045977013
2024-10-08,Adaptive Optimized SMA 30,172291.28088634711,10000.0,0.024098044615808317
2024-10-09,Adaptive Optimized SMA 30,171688.94482300905,10000.0,-0.003496033346779684
2024-10-10,Adaptive Optimized SMA 30,172129.11348467917,10000.0,0.0025637565780596105
2024-10-11,Adaptive Optimized SMA 30,172129.11348467917,10000.0,0.0
2024-10-13,Adaptive Optimized SMA 30,176530.80010138027,10000.0,0.02557200538358016
2024-10-14,Adaptive Optimized SMA 30,169488.10151465854,10000.0,-0.03989501312335966
2024-10-15,Adaptive Optimized SMA 30,169395.43442799116,10000.0,-0.000546746856205468
2024-10-16,Adaptive Optimized SMA 30,169905.10340466182,10000.0,0.0030087527352297434
2024-10-17,Adaptive Optimized SMA 30,172916.783721352,10000.0,0.017725661303517822
2024-10-18,Adaptive Optimized SMA 30,172916.783721352,10000.0,0.0
2024-10-20,Adaptive Optimized SMA 30,173866.62135969277,10000.0,0.005493033226152151
2024-10-21,Adaptive Optimized SMA 30,174376.29033636343,10000.0,0.0029313790806129096
2024-10-22,Adaptive Optimized SMA 30,166314.2537963004,10000.0,-0.046233559186926926
2024-10-23,Adaptive Optimized SMA 30,170275.77175133137,10000.0,0.0238194734642707
2024-10-24,Adaptive Optimized SMA 30,173148.45143802048,10000.0,0.016870748299319657
2024-10-25,Adaptive Optimized SMA 30,173148.45143802048,10000.0,0.0
2024-10-27,Adaptive Optimized SMA 30,173310.61883968842,10000.0,0.0009365801445010355
2024-10-28,Adaptive Optimized SMA 30,178106.1405747259,10000.0,0.02767009758053727
2024-10-29,Adaptive Optimized SMA 30,174144.62261969494,10000.0,-0.022242455775234052
2024-10-30,Adaptive Optimized SMA 30,160893.229226258,10000.0,-0.076094186510576
2024-10-31,Adaptive Optimized SMA 30,162083.6761842615,10000.0,0.0073989872894491765
2024-11-01,Adaptive Optimized SMA 30,162106.52740041603,10000.0,0.00014098406880009732
2024-11-03,Adaptive Optimized SMA 30,160575.4959180608,10000.0,-0.009444601071327908
2024-11-04,Adaptive Optimized SMA 30,166676.7706313271,10000.0,0.0379962999857692
2024-11-05,Adaptive Optimized SMA 30,180204.6905948239,10000.0,0.08116259939676448
2024-11-06,Adaptive Optimized SMA 30,188636.78935585482,10000.0,0.046791782906416404
2024-11-07,Adaptive Optimized SMA 30,189093.81367894594,10000.0,0.002422774076317418
2024-11-08,Adaptive Optimized SMA 30,189116.6648951005,10000.0,0.00012084592145021288
2024-11-10,Adaptive Optimized SMA 30,188751.04543662758,10000.0,-0.0019333011116482695
2024-11-11,Adaptive Optimized SMA 30,187722.7407096726,10000.0,-0.005447941888619717
2024-11-12,Adaptive Optimized SMA 30,186900.0969281086,10000.0,-0.0043822276323797855
2024-11-13,Adaptive Optimized SMA 30,182946.8365333705,10000.0,-0.021151730040347278
2024-11-14,Adaptive Optimized SMA 30,169715.9823798829,10000.0,-0.07232075943042726
2024-11-15,Adaptive Optimized SMA 30,169693.13116372837,10000.0,-0.000134643866971737
2024-11-17,Adaptive Optimized SMA 30,173143.6648030662,10000.0,0.020333961755992336
2024-11-18,Adaptive Optimized SMA 30,176617.04965855865,10000.0,0.020060710043552994
2024-11-19,Adaptive Optimized SMA 30,176411.38871316763,10000.0,-0.0011644455945142114
2024-11-20,Adaptive Optimized SMA 30,178148.08114091383,10000.0,0.00984455958549211
2024-11-21,Adaptive Optimized SMA 30,178810.76640939596,10000.0,0.0037198563365829435
2024-11-22,Adaptive Optimized SMA 30,178833.6176255505,10000.0,0.0001277955271566149
2024-11-24,Adaptive Optimized SMA 30,179633.41019095996,10000.0,0.004472271914132306
2024-11-25,Adaptive Optimized SMA 30,182421.25856181572,10000.0,0.015519653988042219
2024-11-26,Adaptive Optimized SMA 30,178010.97384398655,10000.0,-0.024176374796442347
2024-11-27,Adaptive Optimized SMA 30,178010.97384398655,10000.0,0.0
2024-11-28,Adaptive Optimized SMA 30,182558.36585874305,10000.0,0.02554557124518607
2024-11-29,Adaptive Optimized SMA 30,182535.51464258847,10000.0,-0.00012517211165358763
2024-12-01,Adaptive Optimized SMA 30,188476.83084277288,10000.0,0.032548823234852385
2024-12-02,Adaptive Optimized SMA 30,190144.9696220554,10000.0,0.008850630455867965
2024-12-03,Adaptive Optimized SMA 30,197091.73933304023,10000.0,0.03653407042422793
2024-12-04,Adaptive Optimized SMA 30,195469.30298606682,10000.0,-0.008231884057970942
2024-12-05,Adaptive Optimized SMA 30,200496.57054006896,10000.0,0.02571896188917452
2024-12-06,Adaptive Optimized SMA 30,200496.57054006896,10000.0,0.0
2024-12-08,Adaptive Optimized SMA 30,195812.07122838512,10000.0,-0.02336448598130838
2024-12-09,Adaptive Optimized SMA 30,193686.9081260115,10000.0,-0.010853075037927326
2024-12-10,Adaptive Optimized SMA 30,204038.5090440251,10000.0,0.05344502123643229
2024-12-11,Adaptive Optimized SMA 30,199993.84378466877,10000.0,-0.01982304849367242
2024-12-12,Adaptive Optimized SMA 30,204289.87242172522,10000.0,0.021480804387568667
2024-12-13,Adaptive Optimized SMA 30,204289.87242172522,10000.0,0.0
2024-12-15,Adaptive Optimized SMA 30,213178.99550584724,10000.0,0.04351230425055929
2024-12-16,Adaptive Optimized SMA 30,210322.5934865278,10000.0,-0.013399078143423731
2024-12-17,Adaptive Optimized SMA 30,187585.63341274517,10000.0,-0.10810517166449372
2024-12-18,Adaptive Optimized SMA 30,184934.89233881675,10000.0,-0.01413083201364352
2024-12-19,Adaptive Optimized SMA 30,189733.64773127338,10000.0,0.025948350426294255
2024-12-20,Adaptive Optimized SMA 30,189710.79651511883,10000.0,-0.00012043839576063008
2024-12-22,Adaptive Optimized SMA 30,194372.44461064812,10000.0,0.024572392194651967
2024-12-23,Adaptive Optimized SMA 30,202096.15567088782,10000.0,0.03973665647778034
2024-12-24,Adaptive Optimized SMA 30,202096.15567088782,10000.0,0.0
2024-12-25,Adaptive Optimized SMA 30,201661.98256395126,10000.0,-0.0021483491632745106
2024-12-26,Adaptive Optimized SMA 30,193458.39596446586,10000.0,-0.04067988668555245
2024-12-27,Adaptive Optimized SMA 30,193458.39596446586,10000.0,0.0
2024-12-29,Adaptive Optimized SMA 30,185688.98247191703,10000.0,-0.04016064257028103
2024-12-30,Adaptive Optimized SMA 30,184111.5930822097,10000.0,-0.008494792575784013
2024-12-31,Adaptive Optimized SMA 30,184111.5930822097,10000.0,0.0
2025-01-01,Adaptive Optimized SMA 30,183751.45851834957,10000.0,-0.0019560667409972026
2025-01-02,Adaptive Optimized SMA 30,186758.58212658158,10000.0,0.016365168649432653
2025-01-03,Adaptive Optimized SMA 30,186758.58212658158,10000.0,0.0
2025-01-05,Adaptive Optimized SMA 30,193127.41241512154,10000.0,0.03410194174757267
2025-01-06,Adaptive Optimized SMA 30,182724.23411462386,10000.0,-0.053866917028517654
2025-01-07,Adaptive Optimized SMA 30,182756.15534811566,10000.0,0.00017469622267951365
2025-01-08,Adaptive Optimized SMA 30,182756.15534811566,10000.0,0.0
2025-01-09,Adaptive Optimized SMA 30,179890.33794129445,10000.0,-0.015681099229530118
2025-01-10,Adaptive Optimized SMA 30,179890.33794129445,10000.0,0.0
2025-01-12,Adaptive Optimized SMA 30,179312.20893472037,10000.0,-0.0032137857607602584
2025-01-13,Adaptive Optimized SMA 30,179141.96235609733,10000.0,-0.0009494422027059462
2025-01-14,Adaptive Optimized SMA 30,183263.3482802635,10000.0,0.02300625643462434
2025-01-15,Adaptive Optimized SMA 30,179524.66721371512,10000.0,-0.020400593471809985
2025-01-16,Adaptive Optimized SMA 30,182554.76703844182,10000.0,0.016878459499493192
2025-01-17,Adaptive Optimized SMA 30,182554.76703844182,10000.0,0.0
2025-01-20,Adaptive Optimized SMA 30,185584.90389811285,10000.0,0.01659850853981231
2025-01-21,Adaptive Optimized SMA 30,192786.96831820052,10000.0,0.03880738286796026
2025-01-22,Adaptive Optimized SMA 30,193972.67404589787,10000.0,0.0061503416856492745
2025-01-23,Adaptive Optimized SMA 30,190481.42940323343,10000.0,-0.01799864161195385
2025-01-24,Adaptive Optimized SMA 30,190503.3869167093,10000.0,0.0001152737752161973
2025-01-26,Adaptive Optimized SMA 30,173771.761648091,10000.0,-0.0878284923928078
2025-01-27,Adaptive Optimized SMA 30,181478.84887812383,10000.0,0.04435178165276731
2025-01-28,Adaptive Optimized SMA 30,180359.01569085408,10000.0,-0.006170598911070842
2025-01-29,Adaptive Optimized SMA 30,182620.63957886945,10000.0,0.012539566593620662
2025-01-30,Adaptive Optimized SMA 30,181632.55147245497,10000.0,-0.005410604785379377
2025-01-31,Adaptive Optimized SMA 30,181632.55147245497,10000.0,0.0
2025-02-02,Adaptive Optimized SMA 30,177241.04877727956,10000.0,-0.024177949709864605
2025-02-03,Adaptive Optimized SMA 30,183674.60022571156,10000.0,0.03629831516352833
2025-02-04,Adaptive Optimized SMA 30,186067.96919458214,10000.0,0.013030484160191144
2025-02-05,Adaptive Optimized SMA 30,188856.57340601855,10000.0,0.014987019117300097
2025-02-06,Adaptive Optimized SMA 30,181654.50898593085,10000.0,-0.03813510056970121
2025-02-07,Adaptive Optimized SMA 30,181676.46649940673,10000.0,0.00012087513598441805
2025-02-09,Adaptive Optimized SMA 30,188044.1454074111,10000.0,0.03504955281605035
2025-02-10,Adaptive Optimized SMA 30,186704.7370853826,10000.0,-0.00712283979448855
2025-02-11,Adaptive Optimized SMA 30,187078.01481447252,10000.0,0.001999294366694128
2025-02-12,Adaptive Optimized SMA 30,194960.76215231238,10000.0,0.04213615023474182
2025-02-13,Adaptive Optimized SMA 30,197244.3435538036,10000.0,0.01171303074670562
2025-02-14,Adaptive Optimized SMA 30,197266.30106727948,10000.0,0.00011132138483808433
2025-02-17,Adaptive Optimized SMA 30,198473.9643084527,10000.0,0.006121994657168267
2025-02-18,Adaptive Optimized SMA 30,198495.9218219286,10000.0,0.00011063170704729634
2025-02-19,Adaptive Optimized SMA 30,196080.59533958213,10000.0,-0.012168141592920447
2025-02-20,Adaptive Optimized SMA 30,183806.34530656686,10000.0,-0.06259798432250843
2025-02-21,Adaptive Optimized SMA 30,183784.38779309098,10000.0,-0.00011946004061630517
2025-02-23,Adaptive Optimized SMA 30,177197.13375032786,10000.0,-0.035842293906810034
2025-02-24,Adaptive Optimized SMA 30,174964.57325238676,10000.0,-0.012599303672071776
2025-02-25,Adaptive Optimized SMA 30,175387.22592680613,10000.0,0.002415647159666281
2025-02-26,Adaptive Optimized SMA 30,170516.4947030537,10000.0,-0.027771299751243712
2025-02-27,Adaptive Optimized SMA 30,173209.20125782237,10000.0,0.01579147260479348
2025-02-28,Adaptive Optimized SMA 30,173209.20125782237,10000.0,0.0
2025-03-02,Adaptive Optimized SMA 30,169418.96114528723,10000.0,-0.02188244091544169
2025-03-03,Adaptive Optimized SMA 30,168907.68774881217,10000.0,-0.0030178050497937834
2025-03-04,Adaptive Optimized SMA 30,171109.57184296477,10000.0,0.013036020583190353
2025-03-05,Adaptive Optimized SMA 30,166402.44810608434,10000.0,-0.027509412163104326
2025-03-06,Adaptive Optimized SMA 30,167626.09576831467,10000.0,0.007353543629660041
2025-03-07,Adaptive Optimized SMA 30,167626.09576831467,10000.0,0.0
2025-03-09,Adaptive Optimized SMA 30,161129.5151437715,10000.0,-0.03875637975558674
2025-03-10,Adaptive Optimized SMA 30,160744.3558517603,10000.0,-0.0023903708247836933
2025-03-11,Adaptive Optimized SMA 30,162557.67216459187,10000.0,0.011280746395250197
2025-03-12,Adaptive Optimized SMA 30,159633.1883367545,10000.0,-0.017990438647991363
2025-03-13,Adaptive Optimized SMA 30,163491.59823548637,10000.0,0.02417047444164507
2025-03-14,Adaptive Optimized SMA 30,163491.59823548637,10000.0,0.0
2025-03-16,Adaptive Optimized SMA 30,164551.63841084467,10000.0,0.00648375932952499
2025-03-17,Adaptive Optimized SMA 30,161746.4517088515,10000.0,-0.0170474553099819
2025-03-18,Adaptive Optimized SMA 30,163910.84242059593,10000.0,0.013381379862603713
2025-03-19,Adaptive Optimized SMA 30,163355.25866309303,10000.0,-0.003389548545405385
2025-03-20,Adaptive Optimized SMA 30,163893.79997404676,10000.0,0.0032967491549471773
2025-03-21,Adaptive Optimized SMA 30,163893.79997404676,10000.0,0.0
2025-03-23,Adaptive Optimized SMA 30,167240.93647630353,10000.0,0.0204225937941936
2025-03-24,Adaptive Optimized SMA 30,168195.31348305696,10000.0,0.005706599274446571
2025-03-25,Adaptive Optimized SMA 30,158374.96610542492,10000.0,-0.05838656960332788
2025-03-26,Adaptive Optimized SMA 30,157472.54464613475,10000.0,-0.005698005698005679
2025-03-27,Adaptive Optimized SMA 30,153326.6373621495,10000.0,-0.026327810306880958
2025-03-28,Adaptive Optimized SMA 30,153326.6373621495,10000.0,0.0
2025-03-30,Adaptive Optimized SMA 30,153320.0980762126,10000.0,-4.264937945149019e-05
2025-03-31,Adaptive Optimized SMA 30,154556.02311828392,10000.0,0.008061076516250048
2025-04-01,Adaptive Optimized SMA 30,155684.0499423966,10000.0,0.007298497990268646
2025-04-02,Adaptive Optimized SMA 30,147349.73001583634,10000.0,-0.053533550351779806
2025-04-03,Adaptive Optimized SMA 30,138197.99934716537,10000.0,-0.06210890693649316
2025-04-04,Adaptive Optimized SMA 30,138197.99934716537,10000.0,0.0
2025-04-06,Adaptive Optimized SMA 30,138531.50292994652,10000.0,0.0024132301795726733
2025-04-07,Adaptive Optimized SMA 30,136036.7653450248,10000.0,-0.018008449573980966
2025-04-08,Adaptive Optimized SMA 30,152365.3623294274,10000.0,0.12003076479353939
2025-04-09,Adaptive Optimized SMA 30,133627.405776084,10000.0,-0.12298042197300892
2025-04-10,Adaptive Optimized SMA 30,136089.23121756368,10000.0,0.018423057958671323
2025-04-11,Adaptive Optimized SMA 30,136089.23121756368,10000.0,0.0
2025-04-13,Adaptive Optimized SMA 30,137011.66702775317,10000.0,0.006778169014084598
2025-04-14,Adaptive Optimized SMA 30,137164.40802229752,10000.0,0.0011148028329107083
2025-04-15,Adaptive Optimized SMA 30,133028.42148375316,10000.0,-0.030153496801240205
2025-04-16,Adaptive Optimized SMA 30,133004.46211205993,10000.0,-0.00018010716376240282
2025-04-17,Adaptive Optimized SMA 30,133004.46211205993,10000.0,0.0
2025-04-20,Adaptive Optimized SMA 30,129713.04342570204,10000.0,-0.0247466786759739
2025-04-21,Adaptive Optimized SMA 30,133118.2691276028,10000.0,0.026251991410957964
2025-04-22,Adaptive Optimized SMA 30,136137.14996095016,10000.0,0.022678185745140352
2025-04-23,Adaptive Optimized SMA 30,147725.09883379692,10000.0,0.08511966701352765
2025-04-24,Adaptive Optimized SMA 30,152598.2704869256,10000.0,0.032988108937476
2025-04-25,Adaptive Optimized SMA 30,152598.2704869256,10000.0,0.0
2025-04-27,Adaptive Optimized SMA 30,152484.94091359703,10000.0,-0.0007426661715558698
2025-04-28,Adaptive Optimized SMA 30,155459.84221347212,10000.0,0.019509476031215108
2025-04-29,Adaptive Optimized SMA 30,155488.17460680427,10000.0,0.00018224895206861886
2025-04-30,Adaptive Optimized SMA 30,160842.9969465794,10000.0,0.03443877551020409
2025-05-01,Adaptive Optimized SMA 30,168379.41357292957,10000.0,0.04685573366214544
2025-05-02,Adaptive Optimized SMA 30,168407.7459662617,10000.0,0.000168265185932997
2025-05-04,Adaptive Optimized SMA 30,165461.17705971876,10000.0,-0.017496635262449517
2025-05-05,Adaptive Optimized SMA 30,160757.9997665829,10000.0,-0.028424657534246518
2025-05-06,Adaptive Optimized SMA 30,162627.9377265044,10000.0,0.011632005639760249
2025-05-07,Adaptive Optimized SMA 30,167472.77698630097,10000.0,0.029790940766550537
2025-05-08,Adaptive Optimized SMA 30,167076.12347965097,10000.0,-0.00236846557266115
2025-05-09,Adaptive Optimized SMA 30,167104.45587298312,10000.0,0.00016957775139898271
2025-05-11,Adaptive Optimized SMA 30,187305.45231880154,10000.0,0.12088843675822318
2025-05-12,Adaptive Optimized SMA 30,195890.16749844106,10000.0,0.04583270307063986
2025-05-13,Adaptive Optimized SMA 30,199346.71948496258,10000.0,0.01764535724616718
2025-05-14,Adaptive Optimized SMA 30,199970.03213826974,10000.0,0.0031267765776008933
2025-05-15,Adaptive Optimized SMA 30,202434.95035816624,10000.0,0.01232643808444325
2025-05-16,Adaptive Optimized SMA 30,202406.6179648341,10000.0,-0.00013995801259629272
2025-05-18,Adaptive Optimized SMA 30,202973.26583147698,10000.0,0.002799552071668573
2025-05-19,Adaptive Optimized SMA 30,200848.3363315662,10000.0,-0.010469011725293131
2025-05-20,Adaptive Optimized SMA 30,192490.28029858382,10000.0,-0.041613767809282026
2025-05-21,Adaptive Optimized SMA 30,193481.9140652089,10000.0,0.0051516043567855245
2025-05-22,Adaptive Optimized SMA 30,187900.43257877658,10000.0,-0.028847561868502167
2025-05-23,Adaptive Optimized SMA 30,187900.43257877658,10000.0,0.0
2025-05-26,Adaptive Optimized SMA 30,200989.99829822697,10000.0,0.06966224366706883
2025-05-27,Adaptive Optimized SMA 30,198411.7505050019,10000.0,-0.01282774175359454
2025-05-28,Adaptive Optimized SMA 30,199375.0518782948,10000.0,0.004855062116235947
2025-05-29,Adaptive Optimized SMA 30,198326.75332500547,10000.0,-0.005257922410118012
2025-05-30,Adaptive Optimized SMA 30,198326.75332500547,10000.0,0.0
2025-06-01,Adaptive Optimized SMA 30,202888.26865148058,10000.0,0.022999999999999993
2025-06-02,Adaptive Optimized SMA 30,207619.77833794855,10000.0,0.02332076525624915
2025-06-03,Adaptive Optimized SMA 30,209291.38954454503,10000.0,0.008051310043668169
2025-06-04,Adaptive Optimized SMA 30,204418.21789141634,10000.0,-0.023284147827264096
2025-06-05,Adaptive Optimized SMA 30,210254.69091783787,10000.0,0.028551628551628384
2025-06-06,Adaptive Optimized SMA 30,210226.35852450575,10000.0,-0.0001347527287426345
2025-06-08,Adaptive Optimized SMA 30,211189.65989779864,10000.0,0.004582210242587647
2025-06-09,Adaptive Optimized SMA 30,215269.52453762732,10000.0,0.019318486718540348
2025-06-10,Adaptive Optimized SMA 30,213059.5978577201,10000.0,-0.010265859436693881
2025-06-11,Adaptive Optimized SMA 30,214447.88513099516,10000.0,0.006515957446808442
2025-06-12,Adaptive Optimized SMA 30,206344.8206380021,10000.0,-0.03778570484872506
2025-06-13,Adaptive Optimized SMA 30,206373.15303133425,10000.0,0.00013730605519710444
2025-06-15,Adaptive Optimized SMA 30,214759.54145764874,10000.0,0.040637012630422756
2025-06-16,Adaptive Optimized SMA 30,208413.08535124856,10000.0,-0.029551451187335025
2025-06-17,Adaptive Optimized SMA 30,208129.7614179271,10000.0,-0.0013594344752584084
2025-06-18,Adaptive Optimized SMA 30,208129.7614179271,10000.0,0.0
2025-06-19,Adaptive Optimized SMA 30,205268.18969138063,10000.0,-0.013748979036210059
2025-06-20,Adaptive Optimized SMA 30,205239.85729804848,10000.0,-0.00013802622498281734
2025-06-22,Adaptive Optimized SMA 30,211642.97819111295,10000.0,0.031198233020430774
2025-06-23,Adaptive Optimized SMA 30,221275.99192404177,10000.0,0.04551539491298516
2025-06-24,Adaptive Optimized SMA 30,222352.62287066327,10000.0,0.004865556978233159
2025-06-25,Adaptive Optimized SMA 30,228444.08743707414,10000.0,0.02739551478083577
2025-06-26,Adaptive Optimized SMA 30,230682.3465103135,10000.0,0.009797841994295006
2025-06-27,Adaptive Optimized SMA 30,230682.3465103135,10000.0,0.0
2025-06-29,Adaptive Optimized SMA 30,235158.86465679223,10000.0,0.019405551461557334
2025-06-30,Adaptive Optimized SMA 30,229180.7296637099,10000.0,-0.025421686746987946
2025-07-01,Adaptive Optimized SMA 30,233742.24499018505,10000.0,0.019903572753121514
2025-07-02,Adaptive Optimized SMA 30,240287.02784991023,10000.0,0.02800000000000003
2025-07-03,Adaptive Optimized SMA 30,240258.69545657808,10000.0,-0.00011791062374725994
2025-07-06,Adaptive Optimized SMA 30,234932.20551013507,10000.0,-0.022169811320754663
2025-07-07,Adaptive Optimized SMA 30,235243.86183678865,10000.0,0.001326579835986486
2025-07-08,Adaptive Optimized SMA 30,240117.03348991735,10000.0,0.02071540407081776
2025-07-09,Adaptive Optimized SMA 30,239012.07014996375,10000.0,-0.004601769911504431
2025-07-10,Adaptive Optimized SMA 30,237198.79697670657,10000.0,-0.007586533902323383
2025-07-11,Adaptive Optimized SMA 30,237198.79697670657,10000.0,0.0
2025-07-13,Adaptive Optimized SMA 30,239720.37998326734,10000.0,0.010630673674151943
2025-07-14,Adaptive Optimized SMA 30,240343.69263657453,10000.0,0.002600165465075037
2025-07-15,Adaptive Optimized SMA 30,241023.670076546,10000.0,0.0028291877873393243
2025-07-16,Adaptive Optimized SMA 30,246633.48395631046,10000.0,0.023274950041142637
2025-07-17,Adaptive Optimized SMA 30,245783.51215634617,10000.0,-0.0034462952326248957
2025-07-18,Adaptive Optimized SMA 30,245811.84454967832,10000.0,0.0001152737752161973
2025-07-20,Adaptive Optimized SMA 30,249523.38807618912,10000.0,0.015099124020285707
2025-07-21,Adaptive Optimized SMA 30,245641.85018968547,10000.0,-0.01555580788009527
2025-07-22,Adaptive Optimized SMA 30,248871.74302954983,10000.0,0.013148788927335646
2025-07-23,Adaptive Optimized SMA 30,250515.02184281417,10000.0,0.006602914389799616
2025-07-24,Adaptive Optimized SMA 30,251931.64150942134,10000.0,0.005654829224157431
2025-07-25,Adaptive Optimized SMA 30,251931.64150942134,10000.0,0.0
2025-07-27,Adaptive Optimized SMA 30,254382.39353265174,10000.0,0.009727845254160986
2025-07-28,Adaptive Optimized SMA 30,253234.93160269991,10000.0,-0.004510775742050467
2025-07-29,Adaptive Optimized SMA 30,254113.23579599636,10000.0,0.00346833743566796
2025-07-30,Adaptive Optimized SMA 30,249920.04158283907,10000.0,-0.016501282194224597
2025-07-31,Adaptive Optimized SMA 30,234932.2055101351,10000.0,-0.05997052488379993
2025-08-01,Adaptive Optimized SMA 30,234932.2055101351,10000.0,0.0
2025-08-03,Adaptive Optimized SMA 30,247795.11208292827,10000.0,0.054751567776169706
2025-08-04,Adaptive Optimized SMA 30,242638.61649647815,10000.0,-0.02080951292019201
2025-08-05,Adaptive Optimized SMA 30,251704.98236276413,10000.0,0.0373657169546941
2025-08-06,Adaptive Optimized SMA 30,254254.89776265706,10000.0,0.010130571814497877
2025-08-07,Adaptive Optimized SMA 30,261111.33694903585,10000.0,0.026966792957432605
2025-08-08,Adaptive Optimized SMA 30,261111.33694903585,10000.0,0.0
2025-08-10,Adaptive Optimized SMA 30,258816.4130891322,10000.0,-0.008789062500000024
2025-08-11,Adaptive Optimized SMA 30,268364.4296420646,10000.0,0.03689107827038867
2025-08-12,Adaptive Optimized SMA 30,268761.0831487146,10000.0,0.0014780405405405465
2025-08-13,Adaptive Optimized SMA 30,268024.44092207885,10000.0,-0.0027408812987561155
2025-08-14,Adaptive Optimized SMA 30,264227.90021557163,10000.0,-0.014164904862579169
2025-08-15,Adaptive Optimized SMA 30,264227.90021557163,10000.0,0.0
2025-08-17,Adaptive Optimized SMA 30,263887.9114955859,10000.0,-0.0012867252841518822
2025-08-18,Adaptive Optimized SMA 30,253121.60202937137,10000.0,-0.04079879750912602
2025-08-19,Adaptive Optimized SMA 30,248503.42191623192,10000.0,-0.018244907096485446
2025-08-20,Adaptive Optimized SMA 30,245046.8699297104,10000.0,-0.013909474404286842
2025-08-21,Adaptive Optimized SMA 30,256068.17093591427,10000.0,0.044976297837900345
2025-08-22,Adaptive Optimized SMA 30,256068.17093591427,10000.0,0.0
2025-08-24,Adaptive Optimized SMA 30,253829.91186267496,10000.0,-0.008740871874308387
2025-08-25,Adaptive Optimized SMA 30,256776.48076921786,10000.0,0.011608438441790289
2025-08-26,Adaptive Optimized SMA 30,257938.10889583582,10000.0,0.004523888337195308
2025-08-27,Adaptive Optimized SMA 30,262641.28618897166,10000.0,0.018233743409490296
2025-08-28,Adaptive Optimized SMA 30,253178.26681603567,10000.0,-0.03603020496224383
2025-08-29,Adaptive Optimized SMA 30,253178.26681603567,10000.0,0.0
2025-09-01,Adaptive Optimized SMA 30,246718.48113630692,10000.0,-0.025514771709937344
2025-09-02,Adaptive Optimized SMA 30,252469.95698273205,10000.0,0.023311897106109338
2025-09-03,Adaptive Optimized SMA 30,259298.06377577866,10000.0,0.027045225002805484
2025-09-04,Adaptive Optimized SMA 30,260148.03557574298,10000.0,0.003277972027971997
2025-09-05,Adaptive Optimized SMA 30,260148.03557574298,10000.0,0.0
2025-09-07,Adaptive Optimized SMA 30,263859.5791022538,10000.0,0.014267044216946224
2025-09-08,Adaptive Optimized SMA 30,266012.8409954967,10000.0,0.008160635670568078
2025-09-09,Adaptive Optimized SMA 30,266296.1649288182,10000.0,0.001065076152944875
2025-09-10,Adaptive Optimized SMA 30,270772.68307529687,10000.0,0.0168102989679753
2025-09-11,Adaptive Optimized SMA 30,274144.237881822,10000.0,0.01245160615255846
2025-09-12,Adaptive Optimized SMA 30,274144.237881822,10000.0,0.0
2025-09-14,Adaptive Optimized SMA 30,281142.3390348615,10000.0,0.02552707730467134
2025-09-15,Adaptive Optimized SMA 30,280377.36441489356,10000.0,-0.0027209513252041745
2025-09-16,Adaptive Optimized SMA 30,278592.4236349685,10000.0,-0.00636620856911879
2025-09-17,Adaptive Optimized SMA 30,286100.50786798657,10000.0,0.026950066103935785
2025-09-18,Adaptive Optimized SMA 30,291766.9865344153,10000.0,0.019805902158843335
2025-09-19,Adaptive Optimized SMA 30,291766.9865344153,10000.0,0.0
2025-09-21,Adaptive Optimized SMA 30,296696.8229742083,10000.0,0.016896484754321178
2025-09-22,Adaptive Optimized SMA 30,290718.68798112596,10000.0,-0.02014896867838044
2025-09-23,Adaptive Optimized SMA 30,287318.8007812687,10000.0,-0.01169476659195013
2025-09-24,Adaptive Optimized SMA 30,283465.59528809716,10000.0,-0.013410906222266044
2025-09-25,Adaptive Optimized SMA 30,286865.48248795443,10000.0,0.011994002998500779
2025-09-26,Adaptive Optimized SMA 30,286893.8148812866,10000.0,9.876543209881596e-05
2025-09-28,Adaptive Optimized SMA 30,290690.3555877938,10000.0,0.013233260912502362
2025-09-29,Adaptive Optimized SMA 30,292956.94705436536,10000.0,0.0077972709551658035
2025-09-30,Adaptive Optimized SMA 30,297093.4764808583,10000.0,0.014119922630560867
2025-10-01,Adaptive Optimized SMA 30,300720.02282737265,10000.0,0.012206751859622365
2025-10-02,Adaptive Optimized SMA 30,296640.158187544,10000.0,-0.013566986998304106
2025-10-03,Adaptive Optimized SMA 30,296640.158187544,10000.0,0.0
2025-10-05,Adaptive Optimized SMA 30,303269.9382272656,10000.0,0.0223495702005731
2025-10-06,Adaptive Optimized SMA 30,298368.43418080476,10000.0,-0.016162182361733966
2025-10-07,Adaptive Optimized SMA 30,308483.09860038,10000.0,0.03389991453803051
2025-10-08,Adaptive Optimized SMA 30,307264.80568709783,10000.0,-0.003949301983835347
2025-10-09,Adaptive Optimized SMA 30,275022.54207511834,10000.0,-0.10493314891655149
2025-10-10,Adaptive Optimized SMA 30,274994.20968178625,10000.0,-0.00010301844030072015
2025-10-12,Adaptive Optimized SMA 30,280829.96466587303,10000.0,0.02122137404580151
2025-10-13,Adaptive Optimized SMA 30,275117.06215886597,10000.0,-0.020342923568730104
2025-10-14,Adaptive Optimized SMA 30,280748.35177291575,10000.0,0.020468703648768984
2025-10-15,Adaptive Optimized SMA 30,277619.8575428881,10000.0,-0.011143410852713233
2025-10-16,Adaptive Optimized SMA 30,282897.4912874565,10000.0,0.01901028907398332
2025-10-17,Adaptive Optimized SMA 30,282870.28698980407,10000.0,-9.616309260497072e-05
2025-10-19,Adaptive Optimized SMA 30,293507.167371898,10000.0,0.03760338526639735
2025-10-20,Adaptive Optimized SMA 30,293180.71580006904,10000.0,-0.0011122439521735522
2025-10-21,Adaptive Optimized SMA 30,284556.9534442537,10000.0,-0.029414493829451625
2025-10-22,Adaptive Optimized SMA 30,291684.47942918626,10000.0,0.02504780114722758
2025-10-23,Adaptive Optimized SMA 30,300770.7148450926,10000.0,0.03115090468196235
2025-10-24,Adaptive Optimized SMA 30,300770.7148450926,10000.0,0.0
2025-10-26,Adaptive Optimized SMA 30,316739.6375670598,10000.0,0.053093342981186724
2025-10-27,Adaptive Optimized SMA 30,323975.98074260197,10000.0,0.02284634544361416
2025-10-28,Adaptive Optimized SMA 30,328111.0339857689,10000.0,0.012763456209589352
2025-10-29,Adaptive Optimized SMA 30,313094.2616816362,10000.0,-0.045767349307685896
2025-10-30,Adaptive Optimized SMA 30,317528.5621989797,10000.0,0.014162829090277135
2025-10-31,Adaptive Optimized SMA 30,317528.5621989797,10000.0,0.0
2025-11-02,Adaptive Optimized SMA 30,321881.249823366,10000.0,0.01370801919122682
2025-11-03,Adaptive Optimized SMA 30,302185.33832301805,10000.0,-0.06118999323867474
2025-11-04,Adaptive Optimized SMA 30,308061.4666159396,10000.0,0.019445444724522837
2025-11-05,Adaptive Optimized SMA 30,290786.7376066565,10000.0,-0.056075591663723015
2025-11-06,Adaptive Optimized SMA 30,287767.06056723854,10000.0,-0.010384507437552619
2025-11-07,Adaptive Optimized SMA 30,287767.06056723854,10000.0,0.0
2025-11-09,Adaptive Optimized SMA 30,306619.6388403617,10000.0,0.0655133295519001
2025-11-10,Adaptive Optimized SMA 30,304089.63915868715,10000.0,-0.008251264306627563
2025-11-11,Adaptive Optimized SMA 30,303463.9403126816,10000.0,-0.0020576131687243156
2025-11-12,Adaptive Optimized SMA 30,284720.1792301681,10000.0,-0.06176602420439266
2025-11-13,Adaptive Optimized SMA 30,284937.8136113874,10000.0,0.0007643798968086977
2025-11-14,Adaptive Optimized SMA 30,284937.8136113874,10000.0,0.0
2025-11-16,Adaptive Optimized SMA 30,282504.287627123,10000.0,-0.008540551194034829
2025-11-17,Adaptive Optimized SMA 30,279064.5922455185,10000.0,-0.012175728058841108
2025-11-18,Adaptive Optimized SMA 30,280730.6215732072,10000.0,0.0059700491355168615
2025-11-19,Adaptive Optimized SMA 30,274085.2236931006,10000.0,-0.023671795555703812
2025-11-20,Adaptive Optimized SMA 30,276144.3610644013,10000.0,0.007512763160141532
2025-11-21,Adaptive Optimized SMA 30,276144.3610644013,10000.0,0.0
2025-11-23,Adaptive Optimized SMA 30,283206.26627643005,10000.0,0.0255732370735674
2025-11-24,Adaptive Optimized SMA 30,284951.8531843735,10000.0,0.006163659197567616
2025-11-25,Adaptive Optimized SMA 30,292403.0071995773,10000.0,0.026148817535089398
2025-11-26,Adaptive Optimized SMA 30,292403.0071995773,10000.0,0.0
2025-11-27,Adaptive Optimized SMA 30,298813.19116853934,10000.0,0.021922428330522797
2025-11-28,Adaptive Optimized SMA 30,298813.19116853934,10000.0,0.0
2025-11-30,Adaptive Optimized SMA 30,296128.58420717914,10000.0,-0.00898423175650902
2025-12-01,Adaptive Optimized SMA 30,302977.0713535061,10000.0,0.023126734505087884
2025-12-02,Adaptive Optimized SMA 30,305113.7993431601,10000.0,0.007052441229656431
2025-12-03,Adaptive Optimized SMA 30,304127.61719408905,10000.0,-0.0032321781289279894
2025-12-04,Adaptive Optimized SMA 30,307634.04261300847,10000.0,0.011529454152404982
2025-12-05,Adaptive Optimized SMA 30,307634.04261300847,10000.0,0.0
2025-12-07,Adaptive Optimized SMA 30,305716.4662120369,10000.0,-0.006233303650935021
2025-12-08,Adaptive Optimized SMA 30,306867.01205261983,10000.0,0.003763440860215069
2025-12-09,Adaptive Optimized SMA 30,310373.43747153925,10000.0,0.01142653097661133
2025-12-10,Adaptive Optimized SMA 30,307414.891024326,10000.0,-0.009532215357458062
2025-12-11,Adaptive Optimized SMA 30,289389.6728551933,10000.0,-0.05863482445196933
2025-12-12,Adaptive Optimized SMA 30,289389.6728551933,10000.0,0.0
2025-12-14,Adaptive Optimized SMA 30,285006.64108154405,10000.0,-0.015145778114350571
2025-12-15,Adaptive Optimized SMA 30,286705.0658938331,10000.0,0.005959246443675416
2025-12-16,Adaptive Optimized SMA 30,270652.21202284266,10000.0,-0.05599082744123829
2025-12-17,Adaptive Optimized SMA 30,274573.9892160918,10000.0,0.014490098432737707
2025-12-18,Adaptive Optimized SMA 30,285288.2916491018,10000.0,0.039021549213745
2025-12-19,Adaptive Optimized SMA 30,285288.2916491018,10000.0,0.0
2025-12-21,Adaptive Optimized SMA 30,289179.5557168119,10000.0,0.013639760837070195
2025-12-22,Adaptive Optimized SMA 30,293230.7347462087,10000.0,0.014009216589861715
2025-12-23,Adaptive Optimized SMA 30,295096.40929922037,10000.0,0.006362479549172904
2025-12-24,Adaptive Optimized SMA 30,295096.40929922037,10000.0,0.0
2025-12-25,Adaptive Optimized SMA 30,294829.88436307583,10000.0,-0.0009031791907513938
2025-12-26,Adaptive Optimized SMA 30,294829.88436307583,10000.0,0.0
2025-12-28,Adaptive Optimized SMA 30,290458.87541030557,10000.0,-0.014825528837461585
2025-12-29,Adaptive Optimized SMA 30,288379.98090837826,10000.0,-0.007157276564507259
2025-12-30,Adaptive Optimized SMA 30,281023.8926707893,10000.0,-0.02550831792975975
2025-12-31,Adaptive Optimized SMA 30,280917.2826963315,10000.0,-0.0003793626707131264
2026-01-01,Adaptive Optimized SMA 30,279051.6081433198,10000.0,-0.006641366223908945
2026-01-04,Adaptive Optimized SMA 30,285714.731546933,10000.0,0.02387774594078319
2026-01-05,Adaptive Optimized SMA 30,293230.73474620865,10000.0,0.026305970149253666
2026-01-06,Adaptive Optimized SMA 30,294083.6145418711,10000.0,0.0029085620796219544
2026-01-07,Adaptive Optimized SMA 30,288859.7257934384,10000.0,-0.017763277143375094
2026-01-08,Adaptive Optimized SMA 30,297228.60878837656,10000.0,0.02897213508027312
