Date,Strategy_Name,Portfolio_Value,Total_Invested,Daily_Return
2016-01-11,Adaptive Cash Allocation SMA 30,10000.0,10000.0,0.0
2016-01-12,Adaptive Cash Allocation SMA 30,10145.833333333334,10000.0,0.01458333333333335
2016-01-13,Adaptive Cash Allocation SMA 30,9717.567001675043,10000.0,-0.04221105527638191
2016-01-14,Adaptive Cash Allocation SMA 30,9957.776523064762,10000.0,0.024719101123595478
2016-01-15,Adaptive Cash Allocation SMA 30,9599.507314827511,10000.0,-0.035978835978835964
2016-01-19,Adaptive Cash Allocation SMA 30,9621.831750443389,10000.0,0.0023255813953488393
2016-01-20,Adaptive Cash Allocation SMA 30,9577.33773078816,10000.0,-0.004624277456647403
2016-01-21,Adaptive Cash Allocation SMA 30,9599.740859982985,10000.0,0.00233918128654971
2016-01-22,Adaptive Cash Allocation SMA 30,9912.290562401036,10000.0,0.032558139534883755
2016-01-25,Adaptive Cash Allocation SMA 30,9741.756531219944,10000.0,-0.017204301075268835
2016-01-26,Adaptive Cash Allocation SMA 30,9851.214469772978,10000.0,0.011235955056179785
2016-01-27,Adaptive Cash Allocation SMA 30,9571.28924986686,10000.0,-0.028415300546448113
2016-01-28,Adaptive Cash Allocation SMA 30,9706.413333394394,10000.0,0.014117647058823544
2016-01-29,Adaptive Cash Allocation SMA 30,9971.133697032423,10000.0,0.02727272727272725
2016-02-01,Adaptive Cash Allocation SMA 30,9992.348875111216,10000.0,0.0021276595744680873
2016-02-02,Adaptive Cash Allocation SMA 30,9738.574935425851,10000.0,-0.025396825396825376
2016-02-03,Adaptive Cash Allocation SMA 30,9672.550698575507,10000.0,-0.006779661016949158
2016-02-04,Adaptive Cash Allocation SMA 30,9672.550698575507,10000.0,0.0
2016-02-05,Adaptive Cash Allocation SMA 30,9272.307221393074,10000.0,-0.04137931034482758
2016-02-08,Adaptive Cash Allocation SMA 30,9105.881194342428,10000.0,-0.017948717948717965
2016-02-09,Adaptive Cash Allocation SMA 30,9056.990557057368,10000.0,-0.005369127516778528
2016-02-10,Adaptive Cash Allocation SMA 30,9106.280301585572,10000.0,0.005442176870748304
2016-02-11,Adaptive Cash Allocation SMA 30,9106.280301585572,10000.0,0.0
2016-02-12,Adaptive Cash Allocation SMA 30,9252.958642013795,10000.0,0.016107382550335586
2016-02-16,Adaptive Cash Allocation SMA 30,9491.74467148512,10000.0,0.025806451612903195
2016-02-17,Adaptive Cash Allocation SMA 30,9767.868152837413,10000.0,0.02909090909090912
2016-02-18,Adaptive Cash Allocation SMA 30,9635.42248296843,10000.0,-0.013559322033898317
2016-02-19,Adaptive Cash Allocation SMA 30,9657.96148292859,10000.0,0.00233918128654971
2016-02-22,Adaptive Cash Allocation SMA 30,9860.104862803839,10000.0,0.020930232558139555
2016-02-23,Adaptive Cash Allocation SMA 30,9663.992279897244,10000.0,-0.019889502762430955
2016-02-24,Adaptive Cash Allocation SMA 30,9776.364283151863,10000.0,0.011627906976744198
2016-02-25,Adaptive Cash Allocation SMA 30,9886.831676181828,10000.0,0.011299435028248598
2016-02-26,Adaptive Cash Allocation SMA 30,9832.508425213797,10000.0,-0.005494505494505499
2016-02-29,Adaptive Cash Allocation SMA 30,9560.892170373636,10000.0,-0.027624309392265217
2016-03-01,Adaptive Cash Allocation SMA 30,9930.290276956253,10000.0,0.03863636363636362
2016-03-02,Adaptive Cash Allocation SMA 30,9930.290276956253,10000.0,0.0
2016-03-03,Adaptive Cash Allocation SMA 30,9878.837995728501,10000.0,-0.005181347150259072
2016-03-04,Adaptive Cash Allocation SMA 30,9930.290276956253,10000.0,0.005208333333333338
2016-03-07,Adaptive Cash Allocation SMA 30,9724.481152045242,10000.0,-0.020725388601036288
2016-03-08,Adaptive Cash Allocation SMA 30,9467.21974590648,10000.0,-0.026455026455026363
2016-03-09,Adaptive Cash Allocation SMA 30,9673.028870817488,10000.0,0.021739130434782507
2016-03-10,Adaptive Cash Allocation SMA 30,9621.576589589737,10000.0,-0.0053191489361701
2016-03-11,Adaptive Cash Allocation SMA 30,10136.099401867263,10000.0,0.05347593582887693
2016-03-14,Adaptive Cash Allocation SMA 30,10187.551683095015,10000.0,0.0050761421319797
2016-03-15,Adaptive Cash Allocation SMA 30,10187.551683095015,10000.0,0.0
2016-03-16,Adaptive Cash Allocation SMA 30,10444.813089233776,10000.0,0.025252525252525162
2016-03-17,Adaptive Cash Allocation SMA 30,10393.360808006024,10000.0,-0.0049261083743841316
2016-03-18,Adaptive Cash Allocation SMA 30,10444.813089233776,10000.0,0.004950495049504845
2016-03-21,Adaptive Cash Allocation SMA 30,10599.169932917035,10000.0,0.014778325123152834
2016-03-22,Adaptive Cash Allocation SMA 30,10650.622214144787,10000.0,0.004854368932038731
2016-03-23,Adaptive Cash Allocation SMA 30,10444.813089233778,10000.0,-0.01932367149758456
2016-03-24,Adaptive Cash Allocation SMA 30,10393.360808006026,10000.0,-0.0049261083743841316
2016-03-28,Adaptive Cash Allocation SMA 30,10393.360808006026,10000.0,0.0
2016-03-29,Adaptive Cash Allocation SMA 30,10856.4313390558,10000.0,0.04455445544554448
2016-03-30,Adaptive Cash Allocation SMA 30,11062.24046396681,10000.0,0.018957345971564
2016-03-31,Adaptive Cash Allocation SMA 30,10959.335901511304,10000.0,-0.009302325581395357
2016-04-01,Adaptive Cash Allocation SMA 30,11319.501870105572,10000.0,0.03286384976525835
2016-04-04,Adaptive Cash Allocation SMA 30,11216.597307650067,10000.0,-0.009090909090909097
2016-04-05,Adaptive Cash Allocation SMA 30,10907.88362028355,10000.0,-0.027522935779816536
2016-04-06,Adaptive Cash Allocation SMA 30,11422.406432561078,10000.0,0.047169811320754755
2016-04-07,Adaptive Cash Allocation SMA 30,10907.883620283552,10000.0,-0.045045045045045085
2016-04-08,Adaptive Cash Allocation SMA 30,10907.883620283552,10000.0,0.0
2016-04-11,Adaptive Cash Allocation SMA 30,10866.72179530135,10000.0,-0.003773584905660381
2016-04-12,Adaptive Cash Allocation SMA 30,10970.214383828028,10000.0,0.00952380952380949
2016-04-13,Adaptive Cash Allocation SMA 30,11133.491993261749,10000.0,0.014883720930232573
2016-04-14,Adaptive Cash Allocation SMA 30,11133.491993261749,10000.0,0.0
2016-04-15,Adaptive Cash Allocation SMA 30,11033.64004713384,10000.0,-0.00896860986547086
2016-04-18,Adaptive Cash Allocation SMA 30,11233.343939389655,10000.0,0.018099547511312233
2016-04-19,Adaptive Cash Allocation SMA 30,11033.640047133838,10000.0,-0.017777777777777795
2016-04-20,Adaptive Cash Allocation SMA 30,11033.640047133838,10000.0,0.0
2016-04-21,Adaptive Cash Allocation SMA 30,11033.640047133838,10000.0,0.0
2016-04-22,Adaptive Cash Allocation SMA 30,10833.936154878022,10000.0,-0.018099547511312233
2016-04-25,Adaptive Cash Allocation SMA 30,10833.936154878022,10000.0,0.0
2016-04-26,Adaptive Cash Allocation SMA 30,10772.321352101464,10000.0,-0.005687203791469158
2016-04-27,Adaptive Cash Allocation SMA 30,10668.741339100488,10000.0,-0.009615384615384666
2016-04-28,Adaptive Cash Allocation SMA 30,10521.58628614738,10000.0,-0.013793103448275832
2016-04-29,Adaptive Cash Allocation SMA 30,10457.16841092607,10000.0,-0.0061224489795918425
2016-05-02,Adaptive Cash Allocation SMA 30,10565.532850417532,10000.0,0.010362694300518144
2016-05-03,Adaptive Cash Allocation SMA 30,10458.81029637291,10000.0,-0.01010101010101011
2016-05-04,Adaptive Cash Allocation SMA 30,10372.105133294172,10000.0,-0.008290155440414516
2016-05-05,Adaptive Cash Allocation SMA 30,10372.105133294172,10000.0,0.0
2016-05-06,Adaptive Cash Allocation SMA 30,10437.959769061119,10000.0,0.006349206349206356
2016-05-09,Adaptive Cash Allocation SMA 30,10459.705518579998,10000.0,0.0020833333333333355
2016-05-10,Adaptive Cash Allocation SMA 30,10633.130687799976,10000.0,0.016580310880828987
2016-05-11,Adaptive Cash Allocation SMA 30,10527.328392398982,10000.0,-0.009950248756218872
2016-05-12,Adaptive Cash Allocation SMA 30,10462.87536142511,10000.0,-0.0061224489795918425
2016-05-13,Adaptive Cash Allocation SMA 30,10419.505929875162,10000.0,-0.004145077720207258
2016-05-16,Adaptive Cash Allocation SMA 30,10572.252613663908,10000.0,0.01465968586387436
2016-05-17,Adaptive Cash Allocation SMA 30,10422.746011046438,10000.0,-0.014141414141414156
2016-05-18,Adaptive Cash Allocation SMA 30,10466.401491720979,10000.0,0.004188481675392674
2016-05-19,Adaptive Cash Allocation SMA 30,10401.325420269864,10000.0,-0.006217616580310887
2016-05-20,Adaptive Cash Allocation SMA 30,10532.710583473272,10000.0,0.012631578947368433
2016-05-23,Adaptive Cash Allocation SMA 30,10511.215255751898,10000.0,-0.002040816326530614
2016-05-24,Adaptive Cash Allocation SMA 30,10769.95286204733,10000.0,0.024615384615384595
2016-05-25,Adaptive Cash Allocation SMA 30,10853.1988745076,10000.0,0.007729468599033825
2016-05-26,Adaptive Cash Allocation SMA 30,10894.348443700046,10000.0,0.0037914691943128002
2016-05-27,Adaptive Cash Allocation SMA 30,11047.789971076105,10000.0,0.01408450704225364
2016-05-31,Adaptive Cash Allocation SMA 30,11150.084322660143,10000.0,0.009259259259259267
2016-06-01,Adaptive Cash Allocation SMA 30,11150.084322660143,10000.0,0.0
2016-06-02,Adaptive Cash Allocation SMA 30,11201.23149845216,10000.0,0.0045871559633026545
2016-06-03,Adaptive Cash Allocation SMA 30,11047.789971076103,10000.0,-0.013698630136986212
2016-06-06,Adaptive Cash Allocation SMA 30,11150.084322660141,10000.0,0.009259259259259267
2016-06-07,Adaptive Cash Allocation SMA 30,11098.93714686812,10000.0,-0.0045871559633028575
2016-06-08,Adaptive Cash Allocation SMA 30,11150.084322660141,10000.0,0.004608294930875683
2016-06-09,Adaptive Cash Allocation SMA 30,11098.93714686812,10000.0,-0.0045871559633028575
2016-06-10,Adaptive Cash Allocation SMA 30,10689.759740531968,10000.0,-0.03686635944700464
2016-06-13,Adaptive Cash Allocation SMA 30,10587.46538894793,10000.0,-0.009569377990430589
2016-06-14,Adaptive Cash Allocation SMA 30,10587.46538894793,10000.0,0.0
2016-06-15,Adaptive Cash Allocation SMA 30,10545.94591683441,10000.0,-0.003921568627450984
2016-06-16,Adaptive Cash Allocation SMA 30,10587.712039277318,10000.0,0.003960396039603964
2016-06-17,Adaptive Cash Allocation SMA 30,10442.390501483314,10000.0,-0.013725490196078445
2016-06-20,Adaptive Cash Allocation SMA 30,10505.998971543111,10000.0,0.0060913705583756405
2016-06-21,Adaptive Cash Allocation SMA 30,10548.022967429284,10000.0,0.0040000000000000036
2016-06-22,Adaptive Cash Allocation SMA 30,10527.135793236355,10000.0,-0.001980198019802026
2016-06-23,Adaptive Cash Allocation SMA 30,10715.68150893611,10000.0,0.017910447761194093
2016-06-24,Adaptive Cash Allocation SMA 30,10185.00013896975,10000.0,-0.049523809523809526
2016-06-27,Adaptive Cash Allocation SMA 30,9941.445787820474,10000.0,-0.02391304347826089
2016-06-28,Adaptive Cash Allocation SMA 30,10194.291807857528,10000.0,0.025433526011560716
2016-06-29,Adaptive Cash Allocation SMA 30,10415.906847158776,10000.0,0.02173913043478258
2016-06-30,Adaptive Cash Allocation SMA 30,10566.239523303335,10000.0,0.014432989690721619
2016-07-01,Adaptive Cash Allocation SMA 30,10608.294207973198,10000.0,0.003980099502487566
2016-07-05,Adaptive Cash Allocation SMA 30,10545.585079650205,10000.0,-0.005911330049261046
2016-07-06,Adaptive Cash Allocation SMA 30,10651.040930446708,10000.0,0.009999999999999966
2016-07-07,Adaptive Cash Allocation SMA 30,10671.823449335385,10000.0,0.001951219512195167
2016-07-08,Adaptive Cash Allocation SMA 30,10879.043322138014,10000.0,0.01941747572815536
2016-07-11,Adaptive Cash Allocation SMA 30,10959.628828227924,10000.0,0.007407407407407415
2016-07-12,Adaptive Cash Allocation SMA 30,11109.078312249212,10000.0,0.013636363636363547
2016-07-13,Adaptive Cash Allocation SMA 30,11059.26181757545,10000.0,-0.0044843049327353305
2016-07-14,Adaptive Cash Allocation SMA 30,11258.527796270502,10000.0,0.018018018018017834
2016-07-15,Adaptive Cash Allocation SMA 30,11208.71130159674,10000.0,-0.004424778761061853
2016-07-18,Adaptive Cash Allocation SMA 30,11407.977280291796,10000.0,0.017777777777777795
2016-07-19,Adaptive Cash Allocation SMA 30,11308.34429094427,10000.0,-0.00873362445414848
2016-07-20,Adaptive Cash Allocation SMA 30,11706.876248334376,10000.0,0.03524229074889871
2016-07-21,Adaptive Cash Allocation SMA 30,11607.24325898685,10000.0,-0.008510638297872348
2016-07-22,Adaptive Cash Allocation SMA 30,11756.692743008138,10000.0,0.01287553648068661
2016-07-25,Adaptive Cash Allocation SMA 30,11756.692743008138,10000.0,0.0
2016-07-26,Adaptive Cash Allocation SMA 30,11806.509237681901,10000.0,0.004237288135593318
2016-07-27,Adaptive Cash Allocation SMA 30,12055.591711050718,10000.0,0.021097046413502032
2016-07-28,Adaptive Cash Allocation SMA 30,12155.224700398245,10000.0,0.008264462809917363
2016-07-29,Adaptive Cash Allocation SMA 30,12254.85768974577,10000.0,0.008196721311475417
2016-08-01,Adaptive Cash Allocation SMA 30,12454.123668440823,10000.0,0.016260162601626032
2016-08-02,Adaptive Cash Allocation SMA 30,12155.224700398243,10000.0,-0.02400000000000002
2016-08-03,Adaptive Cash Allocation SMA 30,12254.857689745768,10000.0,0.008196721311475417
2016-08-04,Adaptive Cash Allocation SMA 30,12404.307173767058,10000.0,0.012195121951219613
2016-08-05,Adaptive Cash Allocation SMA 30,12753.0226364834,10000.0,0.02811244979919672
2016-08-08,Adaptive Cash Allocation SMA 30,12703.206141809635,10000.0,-0.00390625000000009
2016-08-09,Adaptive Cash Allocation SMA 30,12802.839131157161,10000.0,0.007843137254901968
2016-08-10,Adaptive Cash Allocation SMA 30,12703.206141809635,10000.0,-0.007782101167315182
2016-08-11,Adaptive Cash Allocation SMA 30,12852.655625830927,10000.0,0.01176470588235304
2016-08-12,Adaptive Cash Allocation SMA 30,12852.655625830927,10000.0,0.0
2016-08-15,Adaptive Cash Allocation SMA 30,13051.92160452598,10000.0,0.015503875968992262
2016-08-16,Adaptive Cash Allocation SMA 30,12852.655625830927,10000.0,-0.015267175572519097
2016-08-17,Adaptive Cash Allocation SMA 30,12902.47212050469,10000.0,0.003875968992247979
2016-08-18,Adaptive Cash Allocation SMA 30,12902.47212050469,10000.0,0.0
2016-08-19,Adaptive Cash Allocation SMA 30,12902.47212050469,10000.0,0.0
2016-08-22,Adaptive Cash Allocation SMA 30,12902.47212050469,10000.0,0.0
2016-08-23,Adaptive Cash Allocation SMA 30,12952.288615178453,10000.0,0.0038610038610039504
2016-08-24,Adaptive Cash Allocation SMA 30,12703.206141809635,10000.0,-0.019230769230769332
2016-08-25,Adaptive Cash Allocation SMA 30,12683.279543940129,10000.0,-0.001568627450980359
2016-08-26,Adaptive Cash Allocation SMA 30,12703.253212513264,10000.0,0.0015748031496062656
2016-08-29,Adaptive Cash Allocation SMA 30,12723.17988421917,10000.0,0.0015686274509804287
2016-08-30,Adaptive Cash Allocation SMA 30,12683.419947080984,10000.0,-0.0031250000000000028
2016-08-31,Adaptive Cash Allocation SMA 30,12663.44605740054,10000.0,-0.0015748031496063356
2016-09-01,Adaptive Cash Allocation SMA 30,12683.467315989315,10000.0,0.0015810276679842266
2016-09-02,Adaptive Cash Allocation SMA 30,12743.38920882076,10000.0,0.004724409448818867
2016-09-06,Adaptive Cash Allocation SMA 30,12842.559552858274,10000.0,0.007782101167315217
2016-09-07,Adaptive Cash Allocation SMA 30,12862.166514007677,10000.0,0.0015267175572518759
2016-09-08,Adaptive Cash Allocation SMA 30,12764.3553618099,10000.0,-0.0076045627376425595
2016-09-09,Adaptive Cash Allocation SMA 30,12368.561397102616,10000.0,-0.031007751937984523
2016-09-12,Adaptive Cash Allocation SMA 30,12638.798873005697,10000.0,0.021848739495798304
2016-09-13,Adaptive Cash Allocation SMA 30,12517.949800116401,10000.0,-0.009561752988047748
2016-09-14,Adaptive Cash Allocation SMA 30,12579.262207300646,10000.0,0.004897959183673438
2016-09-15,Adaptive Cash Allocation SMA 30,12802.44266581727,10000.0,0.017741935483870947
2016-09-16,Adaptive Cash Allocation SMA 30,12802.44266581727,10000.0,0.0
2016-09-19,Adaptive Cash Allocation SMA 30,12743.126329141669,10000.0,-0.0046332046332046035
2016-09-20,Adaptive Cash Allocation SMA 30,12763.037464030951,10000.0,0.0015624999999999667
2016-09-21,Adaptive Cash Allocation SMA 30,12921.954662026666,10000.0,0.012451361867704291
2016-09-22,Adaptive Cash Allocation SMA 30,13038.98368538087,10000.0,0.009056603773584913
2016-09-23,Adaptive Cash Allocation SMA 30,12942.75502349614,10000.0,-0.007380073800737981
2016-09-26,Adaptive Cash Allocation SMA 30,12806.515496933021,10000.0,-0.010526315789473727
2016-09-27,Adaptive Cash Allocation SMA 30,12964.742715427948,10000.0,0.012355212355212367
2016-09-28,Adaptive Cash Allocation SMA 30,12984.16555095668,10000.0,0.0014981273408240048
2016-09-29,Adaptive Cash Allocation SMA 30,12867.889441545129,10000.0,-0.008955223880597022
2016-09-30,Adaptive Cash Allocation SMA 30,12985.76323795623,10000.0,0.00916030534351146
2016-10-03,Adaptive Cash Allocation SMA 30,12966.381501780173,10000.0,-0.0014925373134328703
2016-10-04,Adaptive Cash Allocation SMA 30,12946.956211140803,10000.0,-0.0014981273408239382
2016-10-05,Adaptive Cash Allocation SMA 30,13005.36353239407,10000.0,0.004511278195488693
2016-10-06,Adaptive Cash Allocation SMA 30,12986.02470186263,10000.0,-0.0014869888475836117
2016-10-07,Adaptive Cash Allocation SMA 30,12947.260449021249,10000.0,-0.0029850746268656743
2016-10-10,Adaptive Cash Allocation SMA 30,13044.608271946221,10000.0,0.007518796992481177
2016-10-11,Adaptive Cash Allocation SMA 30,12832.813894099123,10000.0,-0.0162361623616236
2016-10-12,Adaptive Cash Allocation SMA 30,12813.071103492815,10000.0,-0.001538461538461574
2016-10-13,Adaptive Cash Allocation SMA 30,12753.705523090532,10000.0,-0.0046332046332046035
2016-10-14,Adaptive Cash Allocation SMA 30,12773.63318797036,10000.0,0.0015624999999999667
2016-10-17,Adaptive Cash Allocation SMA 30,12733.870905673175,10000.0,-0.003112840466926073
2016-10-18,Adaptive Cash Allocation SMA 30,12873.693801892332,10000.0,0.010980392156862792
2016-10-19,Adaptive Cash Allocation SMA 30,12873.693801892332,10000.0,0.0
2016-10-20,Adaptive Cash Allocation SMA 30,12854.039307538296,10000.0,-0.0015267175572519437
2016-10-21,Adaptive Cash Allocation SMA 30,12913.138338837323,10000.0,0.0045977011494253255
2016-10-24,Adaptive Cash Allocation SMA 30,13089.226588912377,10000.0,0.013636363636363613
2016-10-25,Adaptive Cash Allocation SMA 30,13031.691526983092,10000.0,-0.004395604395604367
2016-10-26,Adaptive Cash Allocation SMA 30,12935.160478635069,10000.0,-0.007407407407407446
2016-10-27,Adaptive Cash Allocation SMA 30,12876.586167033704,10000.0,-0.0045283018867924235
2016-10-28,Adaptive Cash Allocation SMA 30,12778.291616140315,10000.0,-0.0076335877862595825
2016-10-31,Adaptive Cash Allocation SMA 30,12758.403224519863,10000.0,-0.001556420233463002
2016-11-01,Adaptive Cash Allocation SMA 30,12638.793194289989,10000.0,-0.009375000000000008
2016-11-02,Adaptive Cash Allocation SMA 30,12517.460779624804,10000.0,-0.00960000000000001
2016-11-03,Adaptive Cash Allocation SMA 30,12373.817787071732,10000.0,-0.011475409836065549
2016-11-04,Adaptive Cash Allocation SMA 30,12311.165545111875,10000.0,-0.005063291139240548
2016-11-07,Adaptive Cash Allocation SMA 30,12668.925911380082,10000.0,0.029059829059829054
2016-11-08,Adaptive Cash Allocation SMA 30,12769.873528203827,10000.0,0.007968127490039884
2016-11-09,Adaptive Cash Allocation SMA 30,12829.732310367282,10000.0,0.0046874999999999695
2016-11-10,Adaptive Cash Allocation SMA 30,12591.961209634606,10000.0,-0.018532818532818483
2016-11-11,Adaptive Cash Allocation SMA 30,12591.961209634606,10000.0,0.0
2016-11-14,Adaptive Cash Allocation SMA 30,12408.434649494182,10000.0,-0.014574898785425151
2016-11-15,Adaptive Cash Allocation SMA 30,12637.834281669706,10000.0,0.01848739495798325
2016-11-16,Adaptive Cash Allocation SMA 30,12739.34299075942,10000.0,0.008032128514056196
2016-11-17,Adaptive Cash Allocation SMA 30,12839.652778088233,10000.0,0.007874015748031468
2016-11-18,Adaptive Cash Allocation SMA 30,12799.993618928114,10000.0,-0.003088803088803092
2016-11-21,Adaptive Cash Allocation SMA 30,12939.448802324996,10000.0,0.01089494163424129
2016-11-22,Adaptive Cash Allocation SMA 30,12998.264478699199,10000.0,0.004545454545454516
2016-11-23,Adaptive Cash Allocation SMA 30,12920.372257103998,10000.0,-0.0059925093632958865
2016-11-25,Adaptive Cash Allocation SMA 30,12979.324525957705,10000.0,0.00456273764258559
2016-11-28,Adaptive Cash Allocation SMA 30,12940.288963473622,10000.0,-0.003007518796992484
2016-11-29,Adaptive Cash Allocation SMA 30,12999.108458762137,10000.0,0.004545454545454516
2016-11-30,Adaptive Cash Allocation SMA 30,12823.839580666468,10000.0,-0.013483146067415712
2016-12-01,Adaptive Cash Allocation SMA 30,12545.492675039599,10000.0,-0.021705426356589168
2016-12-02,Adaptive Cash Allocation SMA 30,12566.05905647409,10000.0,0.00163934426229512
2016-12-05,Adaptive Cash Allocation SMA 30,12689.15514519057,10000.0,0.009795918367346876
2016-12-06,Adaptive Cash Allocation SMA 30,12729.59866756568,10000.0,0.00318725099601594
2016-12-07,Adaptive Cash Allocation SMA 30,12910.731296827485,10000.0,0.014229249011857757
2016-12-08,Adaptive Cash Allocation SMA 30,12950.15337712314,10000.0,0.00305343511450382
2016-12-09,Adaptive Cash Allocation SMA 30,13067.882044187896,10000.0,0.0090909090909091
2016-12-12,Adaptive Cash Allocation SMA 30,12874.283791681408,10000.0,-0.014814814814814828
2016-12-13,Adaptive Cash Allocation SMA 30,13067.882044187894,10000.0,0.015037593984962353
2016-12-14,Adaptive Cash Allocation SMA 30,12973.187246766245,10000.0,-0.007246376811594049
2016-12-15,Adaptive Cash Allocation SMA 30,13067.882044187894,10000.0,0.007299270072992544
2016-12-16,Adaptive Cash Allocation SMA 30,12925.839848055419,10000.0,-0.010869565217391235
2016-12-19,Adaptive Cash Allocation SMA 30,12982.656726508409,10000.0,0.004395604395604367
2016-12-20,Adaptive Cash Allocation SMA 30,13039.103060101923,10000.0,0.004347826086956558
2016-12-21,Adaptive Cash Allocation SMA 30,12992.367923685786,10000.0,-0.0035842293906810864
2016-12-22,Adaptive Cash Allocation SMA 30,12954.979814552877,10000.0,-0.002877697841726622
2016-12-23,Adaptive Cash Allocation SMA 30,12973.755147617449,10000.0,0.0014492753623188742
2016-12-27,Adaptive Cash Allocation SMA 30,13048.693805509825,10000.0,0.005776173285198562
2016-12-28,Adaptive Cash Allocation SMA 30,12918.671233782326,10000.0,-0.00996441281138788
2016-12-29,Adaptive Cash Allocation SMA 30,12899.81185971841,10000.0,-0.0014598540145985739
2016-12-30,Adaptive Cash Allocation SMA 30,12748.60527381695,10000.0,-0.011721611721611734
2017-01-03,Adaptive Cash Allocation SMA 30,12864.064340447743,10000.0,0.009056603773584913
2017-01-04,Adaptive Cash Allocation SMA 30,12959.002084657688,10000.0,0.007380073800737981
2017-01-05,Adaptive Cash Allocation SMA 30,13052.907896865352,10000.0,0.007246376811594242
2017-01-06,Adaptive Cash Allocation SMA 30,13182.972459538743,10000.0,0.00996441281138788
2017-01-09,Adaptive Cash Allocation SMA 30,13320.295089325606,10000.0,0.010416666666666753
2017-01-10,Adaptive Cash Allocation SMA 30,13411.843509183513,10000.0,0.006872852233676982
2017-01-11,Adaptive Cash Allocation SMA 30,13503.391929041421,10000.0,0.006825938566552906
2017-01-12,Adaptive Cash Allocation SMA 30,13411.843509183513,10000.0,-0.006779661016949158
2017-01-13,Adaptive Cash Allocation SMA 30,13594.940348899328,10000.0,0.013651877133105813
2017-01-17,Adaptive Cash Allocation SMA 30,13457.617719112466,10000.0,-0.010101010101010183
2017-01-18,Adaptive Cash Allocation SMA 30,13549.166138970375,10000.0,0.00680272108843538
2017-01-19,Adaptive Cash Allocation SMA 30,13503.391929041421,10000.0,-0.0033783783783783066
2017-01-20,Adaptive Cash Allocation SMA 30,13540.011296984583,10000.0,0.0027118644067796634
2017-01-23,Adaptive Cash Allocation SMA 30,13585.600560610792,10000.0,0.003367003367003295
2017-01-24,Adaptive Cash Allocation SMA 30,13695.0147933137,10000.0,0.008053691275167793
2017-01-25,Adaptive Cash Allocation SMA 30,14100.459310221013,10000.0,0.02960526315789469
2017-01-26,Adaptive Cash Allocation SMA 30,14145.508700988494,10000.0,0.003194888178913812
2017-01-27,Adaptive Cash Allocation SMA 30,14235.607482523452,10000.0,0.006369426751592362
2017-01-30,Adaptive Cash Allocation SMA 30,13920.261747151095,10000.0,-0.022151898734177305
2017-01-31,Adaptive Cash Allocation SMA 30,13830.162965616135,10000.0,-0.00647249190938512
2017-02-01,Adaptive Cash Allocation SMA 30,14100.459310221011,10000.0,0.019543973941368097
2017-02-02,Adaptive Cash Allocation SMA 30,14055.409919453532,10000.0,-0.0031948881789136702
2017-02-03,Adaptive Cash Allocation SMA 30,14190.55809175597,10000.0,0.009615384615384552
2017-02-06,Adaptive Cash Allocation SMA 30,14235.607482523448,10000.0,0.003174603174603248
2017-02-07,Adaptive Cash Allocation SMA 30,14370.755654825884,10000.0,0.009493670886075887
2017-02-08,Adaptive Cash Allocation SMA 30,14460.854436360842,10000.0,0.006269592476489034
2017-02-09,Adaptive Cash Allocation SMA 30,14596.00260866328,10000.0,0.009345794392523442
2017-02-10,Adaptive Cash Allocation SMA 30,14731.15078096572,10000.0,0.009259259259259198
2017-02-13,Adaptive Cash Allocation SMA 30,15001.447125570598,10000.0,0.018348623853211024
2017-02-14,Adaptive Cash Allocation SMA 30,15136.595297873035,10000.0,0.00900900900900895
2017-02-15,Adaptive Cash Allocation SMA 30,15406.891642477909,10000.0,0.017857142857142873
2017-02-16,Adaptive Cash Allocation SMA 30,15406.891642477909,10000.0,0.0
2017-02-17,Adaptive Cash Allocation SMA 30,15587.089205547827,10000.0,0.01169590643274855
2017-02-21,Adaptive Cash Allocation SMA 30,15812.336159385224,10000.0,0.01445086705202307
2017-02-22,Adaptive Cash Allocation SMA 30,15857.385550152705,10000.0,0.002849002849002915
2017-02-23,Adaptive Cash Allocation SMA 30,15677.187987082789,10000.0,-0.011363636363636374
2017-02-24,Adaptive Cash Allocation SMA 30,15767.286768617749,10000.0,0.005747126436781614
2017-02-27,Adaptive Cash Allocation SMA 30,15812.336159385228,10000.0,0.0028571428571427964
2017-02-28,Adaptive Cash Allocation SMA 30,15677.18798708279,10000.0,-0.008547008547008492
2017-03-01,Adaptive Cash Allocation SMA 30,16172.731285525062,10000.0,0.03160919540229881
2017-03-02,Adaptive Cash Allocation SMA 30,15902.434940920188,10000.0,-0.016713091922005586
2017-03-03,Adaptive Cash Allocation SMA 30,15992.533722455148,10000.0,0.005665722379603405
2017-03-06,Adaptive Cash Allocation SMA 30,15902.43494092019,10000.0,-0.005633802816901414
2017-03-07,Adaptive Cash Allocation SMA 30,15812.336159385231,10000.0,-0.005665722379603405
2017-03-08,Adaptive Cash Allocation SMA 30,15848.375671999214,10000.0,0.0022792022792022817
2017-03-09,Adaptive Cash Allocation SMA 30,15866.334171344255,10000.0,0.0011331444759207063
2017-03-10,Adaptive Cash Allocation SMA 30,15938.04641618649,10000.0,0.0045197740112994395
2017-03-13,Adaptive Cash Allocation SMA 30,16027.085781640046,10000.0,0.005586592178770954
2017-03-14,Adaptive Cash Allocation SMA 30,15893.52673345971,10000.0,-0.008333333333333403
2017-03-15,Adaptive Cash Allocation SMA 30,16018.181845094688,10000.0,0.007843137254901994
2017-03-16,Adaptive Cash Allocation SMA 30,15974.175851014756,10000.0,-0.002747252747252811
2017-03-17,Adaptive Cash Allocation SMA 30,15956.573453382784,10000.0,-0.001101928374655624
2017-03-20,Adaptive Cash Allocation SMA 30,15991.836599136117,10000.0,0.0022099447513812174
2017-03-21,Adaptive Cash Allocation SMA 30,15693.08800332808,10000.0,-0.018681318681318674
2017-03-22,Adaptive Cash Allocation SMA 30,15819.718108254068,10000.0,0.008069164265129663
2017-03-23,Adaptive Cash Allocation SMA 30,15766.09194517524,10000.0,-0.0033898305084746044
2017-03-24,Adaptive Cash Allocation SMA 30,15802.026057870795,10000.0,0.0022792022792022817
2017-03-27,Adaptive Cash Allocation SMA 30,15837.838014942457,10000.0,0.0022662889518413622
2017-03-28,Adaptive Cash Allocation SMA 30,15962.756173933554,10000.0,0.007887323943662004
2017-03-29,Adaptive Cash Allocation SMA 30,16050.948196993959,10000.0,0.005524861878453019
2017-03-30,Adaptive Cash Allocation SMA 30,16068.442418462073,10000.0,0.0010899182561308154
2017-03-31,Adaptive Cash Allocation SMA 30,16068.442418462073,10000.0,0.0
2017-04-03,Adaptive Cash Allocation SMA 30,16050.976720181136,10000.0,-0.0010869565217391556
2017-04-04,Adaptive Cash Allocation SMA 30,16068.470972737192,10000.0,0.0010899182561308154
2017-04-05,Adaptive Cash Allocation SMA 30,15998.608055464421,10000.0,-0.004347826086956525
2017-04-06,Adaptive Cash Allocation SMA 30,15998.608055464421,10000.0,0.0
2017-04-07,Adaptive Cash Allocation SMA 30,15998.608055464421,10000.0,0.0
2017-04-10,Adaptive Cash Allocation SMA 30,15998.608055464421,10000.0,0.0
2017-04-11,Adaptive Cash Allocation SMA 30,15928.28450357227,10000.0,-0.0043956043956044
2017-04-12,Adaptive Cash Allocation SMA 30,15839.79403410798,10000.0,-0.005555555555555585
2017-04-13,Adaptive Cash Allocation SMA 30,15768.403413109183,10000.0,-0.004507042253521131
2017-04-17,Adaptive Cash Allocation SMA 30,15912.160937103343,10000.0,0.009116809116809127
2017-04-18,Adaptive Cash Allocation SMA 30,15894.431509875372,10000.0,-0.001114206128133681
2017-04-19,Adaptive Cash Allocation SMA 30,15912.190651227189,10000.0,0.001117318435754166
2017-04-20,Adaptive Cash Allocation SMA 30,16071.755794247852,10000.0,0.010027855153203378
2017-04-21,Adaptive Cash Allocation SMA 30,16071.755794247852,10000.0,0.0
2017-04-24,Adaptive Cash Allocation SMA 30,16298.856691340487,10000.0,0.014130434782608683
2017-04-25,Adaptive Cash Allocation SMA 30,16452.861636455516,10000.0,0.009448818897637781
2017-04-26,Adaptive Cash Allocation SMA 30,16368.487987037795,10000.0,-0.0051282051282051325
2017-04-27,Adaptive Cash Allocation SMA 30,16663.79575999982,10000.0,0.018041237113402137
2017-04-28,Adaptive Cash Allocation SMA 30,16748.16940941754,10000.0,0.005063291139240511
2017-05-01,Adaptive Cash Allocation SMA 30,17170.037656506145,10000.0,0.02518891687657433
2017-05-02,Adaptive Cash Allocation SMA 30,17296.598130632723,10000.0,0.007371007371007213
2017-05-03,Adaptive Cash Allocation SMA 30,17127.85083179728,10000.0,-0.009756097560975618
2017-05-04,Adaptive Cash Allocation SMA 30,17127.85083179728,10000.0,0.0
2017-05-05,Adaptive Cash Allocation SMA 30,17296.598130632723,10000.0,0.009852216748768483
2017-05-08,Adaptive Cash Allocation SMA 30,17423.158604759305,10000.0,0.0073170731707317685
2017-05-09,Adaptive Cash Allocation SMA 30,17591.905903594747,10000.0,0.009685230024213084
2017-05-10,Adaptive Cash Allocation SMA 30,17634.092728303607,10000.0,0.0023980815347721313
2017-05-11,Adaptive Cash Allocation SMA 30,17591.905903594747,10000.0,-0.0023923444976076047
2017-05-12,Adaptive Cash Allocation SMA 30,17718.466377721328,10000.0,0.007194244604316606
2017-05-15,Adaptive Cash Allocation SMA 30,17887.21367655677,10000.0,0.009523809523809532
2017-05-16,Adaptive Cash Allocation SMA 30,18098.147800101073,10000.0,0.011792452830188637
2017-05-17,Adaptive Cash Allocation SMA 30,16748.169409417544,10000.0,-0.07459207459207455
2017-05-18,Adaptive Cash Allocation SMA 30,16916.916708252986,10000.0,0.010075566750629733
2017-05-19,Adaptive Cash Allocation SMA 30,17000.04652008715,10000.0,0.0049140049140048965
2017-05-22,Adaptive Cash Allocation SMA 30,17165.0955154278,10000.0,0.009708737864077636
2017-05-23,Adaptive Cash Allocation SMA 30,17205.771097217916,10000.0,0.002369668246445658
2017-05-24,Adaptive Cash Allocation SMA 30,17449.824587958592,10000.0,0.014184397163120473
2017-05-25,Adaptive Cash Allocation SMA 30,17897.25598764984,10000.0,0.025641025641025716
2017-05-26,Adaptive Cash Allocation SMA 30,17978.607151230066,10000.0,0.004545454545454448
2017-05-30,Adaptive Cash Allocation SMA 30,18019.28273302018,10000.0,0.0022624434389139788
2017-05-31,Adaptive Cash Allocation SMA 30,18019.28273302018,10000.0,0.0
2017-06-01,Adaptive Cash Allocation SMA 30,18222.660641970746,10000.0,0.011286681715575782
2017-06-02,Adaptive Cash Allocation SMA 30,18832.794368822444,10000.0,0.03348214285714274
2017-06-05,Adaptive Cash Allocation SMA 30,18832.794368822444,10000.0,0.0
2017-06-06,Adaptive Cash Allocation SMA 30,18629.416459871878,10000.0,-0.010799136069114432
2017-06-07,Adaptive Cash Allocation SMA 30,18832.794368822444,10000.0,0.01091703056768555
2017-06-08,Adaptive Cash Allocation SMA 30,18873.469950612554,10000.0,0.0021598272138228483
2017-06-09,Adaptive Cash Allocation SMA 30,17490.500169748702,10000.0,-0.0732758620689655
2017-06-12,Adaptive Cash Allocation SMA 30,17360.33830802034,10000.0,-0.007441860465116286
2017-06-13,Adaptive Cash Allocation SMA 30,17524.891277764607,10000.0,0.009478672985782042
2017-06-14,Adaptive Cash Allocation SMA 30,17443.75752184903,10000.0,-0.004629629629629695
2017-06-15,Adaptive Cash Allocation SMA 30,17345.71298308454,10000.0,-0.005620608899297388
2017-06-16,Adaptive Cash Allocation SMA 30,17263.310546110268,10000.0,-0.004750593824228012
2017-06-19,Adaptive Cash Allocation SMA 30,17595.297287381618,10000.0,0.01923076923076925
2017-06-20,Adaptive Cash Allocation SMA 30,17433.872541625824,10000.0,-0.009174311926605552
2017-06-21,Adaptive Cash Allocation SMA 30,17630.31054209485,10000.0,0.011267605633802828
2017-06-22,Adaptive Cash Allocation SMA 30,17630.31054209485,10000.0,0.0
2017-06-23,Adaptive Cash Allocation SMA 30,17710.814243200304,10000.0,0.004566210045662085
2017-06-26,Adaptive Cash Allocation SMA 30,17614.864008022694,10000.0,-0.005417607223476263
2017-06-27,Adaptive Cash Allocation SMA 30,17227.901320432265,10000.0,-0.02196796338672771
2017-06-28,Adaptive Cash Allocation SMA 30,17511.556838541077,10000.0,0.016464891041162222
2017-06-29,Adaptive Cash Allocation SMA 30,17153.180791612795,10000.0,-0.020465116279069745
2017-06-30,Adaptive Cash Allocation SMA 30,17136.36394769945,10000.0,-0.0009803921568627243
2017-07-03,Adaptive Cash Allocation SMA 30,16951.105959075674,10000.0,-0.010810810810810843
2017-07-05,Adaptive Cash Allocation SMA 30,17139.451580843182,10000.0,0.011111111111111144
2017-07-06,Adaptive Cash Allocation SMA 30,16954.160212401635,10000.0,-0.010810810810810843
2017-07-07,Adaptive Cash Allocation SMA 30,17159.665184673173,10000.0,0.012121212121212133
2017-07-10,Adaptive Cash Allocation SMA 30,17311.07399512617,10000.0,0.008823529411764692
2017-07-11,Adaptive Cash Allocation SMA 30,17360.890035399916,10000.0,0.0028776978417266426
2017-07-12,Adaptive Cash Allocation SMA 30,17608.902750191344,10000.0,0.014285714285714235
2017-07-13,Adaptive Cash Allocation SMA 30,17657.47903364015,10000.0,0.0027586206896551956
2017-07-14,Adaptive Cash Allocation SMA 30,17818.734549929104,10000.0,0.00913242009132425
2017-07-17,Adaptive Cash Allocation SMA 30,17834.64413434868,10000.0,0.0008928571428571237
2017-07-18,Adaptive Cash Allocation SMA 30,17961.75072951553,10000.0,0.0071269487750556864
2017-07-19,Adaptive Cash Allocation SMA 30,18315.483238411896,10000.0,0.01969365426695839
2017-07-20,Adaptive Cash Allocation SMA 30,18394.090462611086,10000.0,0.00429184549356214
2017-07-21,Adaptive Cash Allocation SMA 30,18354.78685051149,10000.0,-0.0021367521367520914
2017-07-24,Adaptive Cash Allocation SMA 30,18590.60852310907,10000.0,0.012847965738758137
2017-07-25,Adaptive Cash Allocation SMA 30,18472.69768681028,10000.0,-0.00634249471458779
2017-07-26,Adaptive Cash Allocation SMA 30,18629.912135208666,10000.0,0.008510638297872348
2017-07-27,Adaptive Cash Allocation SMA 30,18315.483238411896,10000.0,-0.016877637130801704
2017-07-28,Adaptive Cash Allocation SMA 30,18236.876014212703,10000.0,-0.004291845493562331
2017-07-31,Adaptive Cash Allocation SMA 30,18001.054341615127,10000.0,-0.012931034482758537
2017-08-01,Adaptive Cash Allocation SMA 30,18048.218676134642,10000.0,0.0026200873362445636
2017-08-02,Adaptive Cash Allocation SMA 30,18095.19885490115,10000.0,0.002603036876355693
2017-08-03,Adaptive Cash Allocation SMA 30,18032.801617470457,10000.0,-0.003448275862068969
2017-08-04,Adaptive Cash Allocation SMA 30,18048.482314529127,10000.0,0.0008695652173913633
2017-08-07,Adaptive Cash Allocation SMA 30,18189.424909610047,10000.0,0.007809110629067233
2017-08-08,Adaptive Cash Allocation SMA 30,18112.023101484043,10000.0,-0.004255319148936268
2017-08-09,Adaptive Cash Allocation SMA 30,18081.062378233644,10000.0,-0.0017094017094016732
2017-08-10,Adaptive Cash Allocation SMA 30,17615.45562171261,10000.0,-0.025751072961373373
2017-08-11,Adaptive Cash Allocation SMA 30,17777.065306315475,10000.0,0.009174311926605472
2017-08-14,Adaptive Cash Allocation SMA 30,18048.105763900556,10000.0,0.015246636771300443
2017-08-15,Adaptive Cash Allocation SMA 30,18063.698079895286,10000.0,0.0008639308855291393
2017-08-16,Adaptive Cash Allocation SMA 30,18094.842386929588,10000.0,0.0017241379310345226
2017-08-17,Adaptive Cash Allocation SMA 30,17659.944887501235,10000.0,-0.02403433476394852
2017-08-18,Adaptive Cash Allocation SMA 30,17627.689280400777,10000.0,-0.0018264840182648013
2017-08-21,Adaptive Cash Allocation SMA 30,17611.517088400407,10000.0,-0.0009174311926606123
2017-08-22,Adaptive Cash Allocation SMA 30,17935.407057842254,10000.0,0.01839080459770117
2017-08-23,Adaptive Cash Allocation SMA 30,17856.570103741848,10000.0,-0.00439560439560438
2017-08-24,Adaptive Cash Allocation SMA 30,17793.080076706323,10000.0,-0.003555555555555559
2017-08-25,Adaptive Cash Allocation SMA 30,17745.206318652403,10000.0,-0.0026905829596412783
2017-08-28,Adaptive Cash Allocation SMA 30,17809.297357275074,10000.0,0.003611738148984202
2017-08-29,Adaptive Cash Allocation SMA 30,17888.981014354606,10000.0,0.004474272930648754
2017-08-30,Adaptive Cash Allocation SMA 30,18142.27632075255,10000.0,0.014159292035398244
2017-08-31,Adaptive Cash Allocation SMA 30,18343.85716876091,10000.0,0.011111111111111103
2017-09-01,Adaptive Cash Allocation SMA 30,18343.85716876091,10000.0,0.0
2017-09-05,Adaptive Cash Allocation SMA 30,18145.545199368902,10000.0,-0.010810810810810804
2017-09-06,Adaptive Cash Allocation SMA 30,18207.581251332555,10000.0,0.0034188034188034223
2017-09-07,Adaptive Cash Allocation SMA 30,18253.87171214103,10000.0,0.0025423728813559537
2017-09-08,Adaptive Cash Allocation SMA 30,18069.411534839393,10000.0,-0.010105263157894747
2017-09-11,Adaptive Cash Allocation SMA 30,18303.572375463664,10000.0,0.012958963282937398
2017-09-12,Adaptive Cash Allocation SMA 30,18364.839563331327,10000.0,0.0033472803347280363
2017-09-13,Adaptive Cash Allocation SMA 30,18395.32062484723,10000.0,0.001659751037344363
2017-09-14,Adaptive Cash Allocation SMA 30,18273.698670302787,10000.0,-0.00661157024793389
2017-09-15,Adaptive Cash Allocation SMA 30,18335.12286751389,10000.0,0.0033613445378151297
2017-09-18,Adaptive Cash Allocation SMA 30,18304.564329401368,10000.0,-0.0016666666666666314
2017-09-19,Adaptive Cash Allocation SMA 30,18335.199583509155,10000.0,0.0016736401673639809
2017-09-20,Adaptive Cash Allocation SMA 30,18274.082251564127,10000.0,-0.003333333333333337
2017-09-21,Adaptive Cash Allocation SMA 30,18135.874906804398,10000.0,-0.007563025210084022
2017-09-22,Adaptive Cash Allocation SMA 30,18120.340966841395,10000.0,-0.0008565310492505172
2017-09-25,Adaptive Cash Allocation SMA 30,17902.585796424417,10000.0,-0.012017167381974298
2017-09-26,Adaptive Cash Allocation SMA 30,17950.11478526448,10000.0,0.0026548672566371907
2017-09-27,Adaptive Cash Allocation SMA 30,18139.478633548588,10000.0,0.01054945054945056
2017-09-28,Adaptive Cash Allocation SMA 30,18123.941606881737,10000.0,-0.0008565310492505172
2017-09-29,Adaptive Cash Allocation SMA 30,18279.5119211039,10000.0,0.008583690987124434
2017-10-02,Adaptive Cash Allocation SMA 30,18294.87285549138,10000.0,0.0008403361344537637
2017-10-03,Adaptive Cash Allocation SMA 30,18340.897692863684,10000.0,0.0025157232704402727
2017-10-04,Adaptive Cash Allocation SMA 30,18371.465855685125,10000.0,0.0016666666666667052
2017-10-05,Adaptive Cash Allocation SMA 30,18569.66424250994,10000.0,0.01078838174273858
2017-10-06,Adaptive Cash Allocation SMA 30,18599.675821083696,10000.0,0.001616161616161582
2017-10-09,Adaptive Cash Allocation SMA 30,18584.7062630788,10000.0,-0.0008048289738430413
2017-10-10,Adaptive Cash Allocation SMA 30,18599.69392941999,10000.0,0.0008064516129032087
2017-10-11,Adaptive Cash Allocation SMA 30,18659.57221973603,10000.0,0.003219315895372237
2017-10-12,Adaptive Cash Allocation SMA 30,18629.77649563266,10000.0,-0.0015968063872255148
2017-10-13,Adaptive Cash Allocation SMA 30,18704.44493850093,10000.0,0.004008016032064114
2017-10-16,Adaptive Cash Allocation SMA 30,18778.668926352122,10000.0,0.003968253968253954
2017-10-17,Adaptive Cash Allocation SMA 30,18852.45544472679,10000.0,0.003929273084479462
2017-10-18,Adaptive Cash Allocation SMA 30,18778.668926352126,10000.0,-0.003913894324853319
2017-10-19,Adaptive Cash Allocation SMA 30,18704.88240797746,10000.0,-0.003929273084479357
2017-10-20,Adaptive Cash Allocation SMA 30,18749.417842282168,10000.0,0.0023809523809524007
2017-10-23,Adaptive Cash Allocation SMA 30,18616.28588127188,10000.0,-0.007100591715976321
2017-10-24,Adaptive Cash Allocation SMA 30,18646.191561402436,10000.0,0.0016064257028112106
2017-10-25,Adaptive Cash Allocation SMA 30,18556.689841907708,10000.0,-0.004799999999999969
2017-10-26,Adaptive Cash Allocation SMA 30,18496.587202743634,10000.0,-0.0032388663967611365
2017-10-27,Adaptive Cash Allocation SMA 30,19130.7559068377,10000.0,0.034285714285714274
2017-10-30,Adaptive Cash Allocation SMA 30,19274.596176813924,10000.0,0.0075187969924812095
2017-10-31,Adaptive Cash Allocation SMA 30,19454.396514284203,10000.0,0.00932835820895519
2017-11-01,Adaptive Cash Allocation SMA 30,19454.396514284203,10000.0,0.0
2017-11-02,Adaptive Cash Allocation SMA 30,19346.516311802035,10000.0,-0.005545286506469547
2017-11-03,Adaptive Cash Allocation SMA 30,19885.917324212875,10000.0,0.027881040892193374
2017-11-06,Adaptive Cash Allocation SMA 30,20101.67772917721,10000.0,0.010849909584086728
2017-11-07,Adaptive Cash Allocation SMA 30,20137.63779667126,10000.0,0.0017889087656529135
2017-11-08,Adaptive Cash Allocation SMA 30,20389.35826912965,10000.0,0.012500000000000051
2017-11-09,Adaptive Cash Allocation SMA 30,20029.757594189094,10000.0,-0.017636684303350907
2017-11-10,Adaptive Cash Allocation SMA 30,20029.757594189094,10000.0,0.0
2017-11-13,Adaptive Cash Allocation SMA 30,20101.677729177205,10000.0,0.003590664272890408
2017-11-14,Adaptive Cash Allocation SMA 30,19885.91732421287,10000.0,-0.01073345259391764
2017-11-15,Adaptive Cash Allocation SMA 30,19598.236784260425,10000.0,-0.014466546112115744
2017-11-16,Adaptive Cash Allocation SMA 30,19900.30135121049,10000.0,0.015412844036697246
2017-11-17,Adaptive Cash Allocation SMA 30,19654.18455004711,10000.0,-0.012367491166077788
2017-11-20,Adaptive Cash Allocation SMA 30,19619.02500702377,10000.0,-0.0017889087656529135
2017-11-21,Adaptive Cash Allocation SMA 30,19858.109899582487,10000.0,0.012186379928315408
2017-11-22,Adaptive Cash Allocation SMA 30,19961.717429493354,10000.0,0.005217391304347869
2017-11-24,Adaptive Cash Allocation SMA 30,20168.932489315084,10000.0,0.010380622837370174
2017-11-27,Adaptive Cash Allocation SMA 30,20134.396646011464,10000.0,-0.0017123287671232511
2017-11-28,Adaptive Cash Allocation SMA 30,20307.075862529575,10000.0,0.008576329331046281
2017-11-29,Adaptive Cash Allocation SMA 30,19236.464720117303,10000.0,-0.05272108843537408
2017-11-30,Adaptive Cash Allocation SMA 30,19429.865442617585,10000.0,0.010053859964093335
2017-12-01,Adaptive Cash Allocation SMA 30,19334.587643599494,10000.0,-0.00490367775831876
2017-12-04,Adaptive Cash Allocation SMA 30,19060.338173477518,10000.0,-0.014184397163120518
2017-12-05,Adaptive Cash Allocation SMA 30,19074.35312801684,10000.0,0.0007352941176470432
2017-12-06,Adaptive Cash Allocation SMA 30,19172.34980463784,10000.0,0.005137614678899038
2017-12-07,Adaptive Cash Allocation SMA 30,19255.7078472667,10000.0,0.004347826086956558
2017-12-08,Adaptive Cash Allocation SMA 30,19352.331470873058,10000.0,0.005017921146953426
2017-12-11,Adaptive Cash Allocation SMA 30,19530.441424233304,10000.0,0.009203539823008842
2017-12-12,Adaptive Cash Allocation SMA 30,19503.409671396996,10000.0,-0.001384083044982731
2017-12-13,Adaptive Cash Allocation SMA 30,19544.041774879075,10000.0,0.0020833333333333507
2017-12-14,Adaptive Cash Allocation SMA 30,19530.539846191765,10000.0,-0.0006908462867011943
2017-12-15,Adaptive Cash Allocation SMA 30,19787.34279226626,10000.0,0.013148788927335606
2017-12-18,Adaptive Cash Allocation SMA 30,19986.210559022704,10000.0,0.010050251256281431
2017-12-19,Adaptive Cash Allocation SMA 30,19659.638491064816,10000.0,-0.01633986928104584
2017-12-20,Adaptive Cash Allocation SMA 30,19620.44984290987,10000.0,-0.0019933554817275325
2017-12-21,Adaptive Cash Allocation SMA 30,19620.44984290987,10000.0,0.0
2017-12-22,Adaptive Cash Allocation SMA 30,19594.24556933002,10000.0,-0.0013355592654424348
2017-12-26,Adaptive Cash Allocation SMA 30,19476.089314640594,10000.0,-0.006030150753768835
2017-12-27,Adaptive Cash Allocation SMA 30,19476.089314640594,10000.0,0.0
2017-12-28,Adaptive Cash Allocation SMA 30,19489.33835499069,10000.0,0.000680272108843523
2017-12-29,Adaptive Cash Allocation SMA 30,19343.747372372763,10000.0,-0.007470288624787738
2018-01-02,Adaptive Cash Allocation SMA 30,19745.347663840712,10000.0,0.020761245674740473
2018-01-03,Adaptive Cash Allocation SMA 30,19966.183789028404,10000.0,0.011184210526315784
2018-01-04,Adaptive Cash Allocation SMA 30,20093.967365278186,10000.0,0.0064000000000000055
2018-01-05,Adaptive Cash Allocation SMA 30,20700.939352464648,10000.0,0.030206677265500855
2018-01-08,Adaptive Cash Allocation SMA 30,20924.560610901764,10000.0,0.010802469135802375
2018-01-09,Adaptive Cash Allocation SMA 30,20956.50650496421,10000.0,0.0015267175572518759
2018-01-10,Adaptive Cash Allocation SMA 30,20796.777034651983,10000.0,-0.007621951219512168
2018-01-11,Adaptive Cash Allocation SMA 30,21212.073657463774,10000.0,0.019969278033794148
2018-01-12,Adaptive Cash Allocation SMA 30,21659.31617433801,10000.0,0.021084337349397676
2018-01-16,Adaptive Cash Allocation SMA 30,21499.586704025787,10000.0,-0.007374631268436552
2018-01-17,Adaptive Cash Allocation SMA 30,22170.450479337138,10000.0,0.03120356612184249
2018-01-18,Adaptive Cash Allocation SMA 30,22202.39637339958,10000.0,0.0014409221902016982
2018-01-19,Adaptive Cash Allocation SMA 30,22426.017631836698,10000.0,0.010071942446043078
2018-01-22,Adaptive Cash Allocation SMA 30,23096.881407148056,10000.0,0.029914529914530037
2018-01-23,Adaptive Cash Allocation SMA 30,23703.853394334517,10000.0,0.02627939142461957
2018-01-24,Adaptive Cash Allocation SMA 30,23224.664983397834,10000.0,-0.02021563342318064
2018-01-25,Adaptive Cash Allocation SMA 30,23192.719089335387,10000.0,-0.0013755158184318827
2018-01-26,Adaptive Cash Allocation SMA 30,24214.98769933364,10000.0,0.04407713498622594
2018-01-29,Adaptive Cash Allocation SMA 30,23895.528758709188,10000.0,-0.01319261213720312
2018-01-30,Adaptive Cash Allocation SMA 30,23288.556771522723,10000.0,-0.025401069518716627
2018-01-31,Adaptive Cash Allocation SMA 30,23576.069818084732,10000.0,0.01234567901234566
2018-02-01,Adaptive Cash Allocation SMA 30,23001.043724960717,10000.0,-0.024390243902438987
2018-02-02,Adaptive Cash Allocation SMA 30,21595.42438621312,10000.0,-0.061111111111111165
2018-02-05,Adaptive Cash Allocation SMA 30,20598.712491464823,10000.0,-0.04615384615384612
2018-02-06,Adaptive Cash Allocation SMA 30,21232.519029663737,10000.0,0.030769230769230767
2018-02-07,Adaptive Cash Allocation SMA 30,20889.633629184693,10000.0,-0.016149068322981408
2018-02-08,Adaptive Cash Allocation SMA 30,19862.052945807325,10000.0,-0.04919093851132685
2018-02-09,Adaptive Cash Allocation SMA 30,20228.511487242886,10000.0,0.01845018450184502
2018-02-12,Adaptive Cash Allocation SMA 30,20685.169242157717,10000.0,0.022574955908289264
2018-02-13,Adaptive Cash Allocation SMA 30,20781.861185192847,10000.0,0.004674457429048374
2018-02-14,Adaptive Cash Allocation SMA 30,21275.687589593468,10000.0,0.023762376237623787
2018-02-15,Adaptive Cash Allocation SMA 30,21713.131633491652,10000.0,0.02056074766355141
2018-02-16,Adaptive Cash Allocation SMA 30,21623.062346715687,10000.0,-0.004148148148148165
2018-02-20,Adaptive Cash Allocation SMA 30,21661.906171290626,10000.0,0.0017964071856287575
2018-02-21,Adaptive Cash Allocation SMA 30,21584.4269241802,10000.0,-0.003576751117734701
2018-02-22,Adaptive Cash Allocation SMA 30,21584.4269241802,10000.0,0.0
2018-02-23,Adaptive Cash Allocation SMA 30,22103.75148175446,10000.0,0.024060150375939816
2018-02-26,Adaptive Cash Allocation SMA 30,22981.6309732284,10000.0,0.039716312056737625
2018-02-27,Adaptive Cash Allocation SMA 30,22166.457159716887,10000.0,-0.035470668485675275
2018-02-28,Adaptive Cash Allocation SMA 30,21990.8812614221,10000.0,-0.007920792079207954
2018-03-01,Adaptive Cash Allocation SMA 30,21559.314183275863,10000.0,-0.019624819624819618
2018-03-02,Adaptive Cash Allocation SMA 30,21794.863594686463,10000.0,0.010925644916540196
2018-03-05,Adaptive Cash Allocation SMA 30,22078.16462811813,10000.0,0.012998522895125592
2018-03-06,Adaptive Cash Allocation SMA 30,22179.2377709078,10000.0,0.004577968526466385
2018-03-07,Adaptive Cash Allocation SMA 30,22367.463268256375,10000.0,0.008486562942008431
2018-03-08,Adaptive Cash Allocation SMA 30,22681.17243050401,10000.0,0.014025245441795306
2018-03-09,Adaptive Cash Allocation SMA 30,24030.12182816884,10000.0,0.05947441217150756
2018-03-12,Adaptive Cash Allocation SMA 30,24375.20190664124,10000.0,0.014360313315926819
2018-03-13,Adaptive Cash Allocation SMA 30,23496.816252347864,10000.0,-0.03603603603603595
2018-03-14,Adaptive Cash Allocation SMA 30,23402.703503673572,10000.0,-0.004005340453938618
2018-03-15,Adaptive Cash Allocation SMA 30,23308.59075499928,10000.0,-0.004021447721179658
2018-03-16,Adaptive Cash Allocation SMA 30,23151.736173875463,10000.0,-0.006729475100942103
2018-03-19,Adaptive Cash Allocation SMA 30,21708.67402753634,10000.0,-0.06233062330623306
2018-03-20,Adaptive Cash Allocation SMA 30,21771.415859985867,10000.0,0.002890173410404614
2018-03-21,Adaptive Cash Allocation SMA 30,21646.472296944343,10000.0,-0.005738880918220927
2018-03-22,Adaptive Cash Allocation SMA 30,21003.694953628965,10000.0,-0.029694323144104792
2018-03-23,Adaptive Cash Allocation SMA 30,20329.991530588035,10000.0,-0.03207547169811325
2018-03-26,Adaptive Cash Allocation SMA 30,21247.447558635085,10000.0,0.045128205128205146
2018-03-27,Adaptive Cash Allocation SMA 30,20424.965717655665,10000.0,-0.038709677419354833
2018-03-28,Adaptive Cash Allocation SMA 30,20147.075027619532,10000.0,-0.013605442176870762
2018-03-29,Adaptive Cash Allocation SMA 30,20601.093619791238,10000.0,0.022535211267605656
2018-04-02,Adaptive Cash Allocation SMA 30,19859.454249478753,10000.0,-0.036000000000000004
2018-04-03,Adaptive Cash Allocation SMA 30,20135.88621339091,10000.0,0.013919413919413948
2018-04-04,Adaptive Cash Allocation SMA 30,20506.529074663944,10000.0,0.018407079646017684
2018-04-05,Adaptive Cash Allocation SMA 30,20645.321149619365,10000.0,0.006768189509306237
2018-04-06,Adaptive Cash Allocation SMA 30,20026.99206360747,10000.0,-0.029950083194675556
2018-04-09,Adaptive Cash Allocation SMA 30,20185.4790511612,10000.0,0.007913669064748224
2018-04-10,Adaptive Cash Allocation SMA 30,20712.366335036306,10000.0,0.026102292768959447
2018-04-11,Adaptive Cash Allocation SMA 30,20575.198346062556,10000.0,-0.006622516556291368
2018-04-12,Adaptive Cash Allocation SMA 30,20866.160746915968,10000.0,0.014141414141414139
2018-04-13,Adaptive Cash Allocation SMA 30,20744.017366934022,10000.0,-0.005853658536585414
2018-04-16,Adaptive Cash Allocation SMA 30,20922.01883608923,10000.0,0.008580858085808633
2018-04-17,Adaptive Cash Allocation SMA 30,21462.81415333871,10000.0,0.02584814216478187
2018-04-18,Adaptive Cash Allocation SMA 30,21527.951677324563,10000.0,0.0030349013657056043
2018-04-19,Adaptive Cash Allocation SMA 30,21294.51605672707,10000.0,-0.010843373493975888
2018-04-20,Adaptive Cash Allocation SMA 30,20885.76683210878,10000.0,-0.01919504643962846
2018-04-23,Adaptive Cash Allocation SMA 30,20817.845639158833,10000.0,-0.0032520325203252497
2018-04-24,Adaptive Cash Allocation SMA 30,20285.454832649197,10000.0,-0.02557377049180326
2018-04-25,Adaptive Cash Allocation SMA 30,20313.875785129265,10000.0,0.0014010507880911009
2018-04-26,Adaptive Cash Allocation SMA 30,20824.381564022562,10000.0,0.025130890052355984
2018-04-27,Adaptive Cash Allocation SMA 30,20838.059318744417,10000.0,0.0006568144499178842
2018-04-30,Adaptive Cash Allocation SMA 30,20660.42340324037,10000.0,-0.00852459016393442
2018-05-01,Adaptive Cash Allocation SMA 30,20937.279998258662,10000.0,0.013400335008375223
2018-05-02,Adaptive Cash Allocation SMA 30,20787.97038400852,10000.0,-0.007131280388978952
2018-05-03,Adaptive Cash Allocation SMA 30,20787.97038400852,10000.0,0.0
2018-05-04,Adaptive Cash Allocation SMA 30,21254.4990922965,10000.0,0.022442244224422495
2018-05-07,Adaptive Cash Allocation SMA 30,21752.6514147722,10000.0,0.023437499999999917
2018-05-08,Adaptive Cash Allocation SMA 30,21686.231105108774,10000.0,-0.0030534351145037517
2018-05-09,Adaptive Cash Allocation SMA 30,22416.854511406465,10000.0,0.03369065849923426
2018-05-10,Adaptive Cash Allocation SMA 30,23114.267762872445,10000.0,0.031111111111111107
2018-05-11,Adaptive Cash Allocation SMA 30,23047.847453209022,10000.0,-0.0028735632183907434
2018-05-14,Adaptive Cash Allocation SMA 30,23147.47791770416,10000.0,0.004322766570605095
2018-05-15,Adaptive Cash Allocation SMA 30,22383.644356574754,10000.0,-0.03299856527977038
2018-05-16,Adaptive Cash Allocation SMA 30,22815.376369387028,10000.0,0.019287833827893158
2018-05-17,Adaptive Cash Allocation SMA 30,22549.695130733322,10000.0,-0.011644832605531306
2018-05-18,Adaptive Cash Allocation SMA 30,22184.383427584475,10000.0,-0.01620029455081006
2018-05-21,Adaptive Cash Allocation SMA 30,22582.905285565033,10000.0,0.017964071856287442
2018-05-22,Adaptive Cash Allocation SMA 30,22450.06466623818,10000.0,-0.005882352941176476
2018-05-23,Adaptive Cash Allocation SMA 30,23014.637298377307,10000.0,0.02514792899408283
2018-05-24,Adaptive Cash Allocation SMA 30,23014.637298377307,10000.0,0.0
2018-05-25,Adaptive Cash Allocation SMA 30,23047.847453209022,10000.0,0.0014430014430015404
2018-05-29,Adaptive Cash Allocation SMA 30,22782.166214555316,10000.0,-0.011527377521613843
2018-05-30,Adaptive Cash Allocation SMA 30,22968.143081612907,10000.0,0.00816326530612243
2018-05-31,Adaptive Cash Allocation SMA 30,22935.331448639176,10000.0,-0.0014285714285713982
2018-06-01,Adaptive Cash Allocation SMA 30,23985.30370379862,10000.0,0.045779685264663715
2018-06-04,Adaptive Cash Allocation SMA 30,24608.724730299546,10000.0,0.02599179206566353
2018-06-05,Adaptive Cash Allocation SMA 30,24871.217794089407,10000.0,0.010666666666666677
2018-06-06,Adaptive Cash Allocation SMA 30,25264.9573897742,10000.0,0.015831134564643815
2018-06-07,Adaptive Cash Allocation SMA 30,24674.34799624701,10000.0,-0.023376623376623454
2018-06-08,Adaptive Cash Allocation SMA 30,24674.34799624701,10000.0,0.0
2018-06-11,Adaptive Cash Allocation SMA 30,24871.217794089407,10000.0,0.007978723404255386
2018-06-12,Adaptive Cash Allocation SMA 30,25264.9573897742,10000.0,0.015831134564643815
2018-06-13,Adaptive Cash Allocation SMA 30,25232.14575680047,10000.0,-0.001298701298701271
2018-06-14,Adaptive Cash Allocation SMA 30,25986.813315196323,10000.0,0.029908972691807482
2018-06-15,Adaptive Cash Allocation SMA 30,25724.320251406458,10000.0,-0.01010101010101011
2018-06-18,Adaptive Cash Allocation SMA 30,25658.69698545899,10000.0,-0.002551020408163211
2018-06-19,Adaptive Cash Allocation SMA 30,25461.827187616596,10000.0,-0.007672634271099808
2018-06-20,Adaptive Cash Allocation SMA 30,25986.81331519632,10000.0,0.020618556701030948
2018-06-21,Adaptive Cash Allocation SMA 30,25297.769022747932,10000.0,-0.026515151515151512
2018-06-22,Adaptive Cash Allocation SMA 30,25205.896450421482,10000.0,-0.0036316472114137632
2018-06-25,Adaptive Cash Allocation SMA 30,24559.253033630564,10000.0,-0.025654450261780072
2018-06-26,Adaptive Cash Allocation SMA 30,24669.168571683178,10000.0,0.004475524475524479
2018-06-27,Adaptive Cash Allocation SMA 30,24273.370016452853,10000.0,-0.01604426002766252
2018-06-28,Adaptive Cash Allocation SMA 30,24511.207071369103,10000.0,0.009798270893371755
2018-06-29,Adaptive Cash Allocation SMA 30,24552.57619722795,10000.0,0.0016877637130801326
2018-07-02,Adaptive Cash Allocation SMA 30,24772.65531160086,10000.0,0.008963585434173678
2018-07-03,Adaptive Cash Allocation SMA 30,24433.303868976192,10000.0,-0.0136986301369863
2018-07-05,Adaptive Cash Allocation SMA 30,24793.73842250435,10000.0,0.014751773049645379
2018-07-06,Adaptive Cash Allocation SMA 30,25241.45025174793,10000.0,0.018057455540355684
2018-07-09,Adaptive Cash Allocation SMA 30,25518.97405032736,10000.0,0.01099476439790576
2018-07-10,Adaptive Cash Allocation SMA 30,25544.980648085657,10000.0,0.0010191082802548006
2018-07-11,Adaptive Cash Allocation SMA 30,25389.178987207877,10000.0,-0.006099110546378659
2018-07-12,Adaptive Cash Allocation SMA 30,25887.134497666666,10000.0,0.019612903225806493
2018-07-13,Adaptive Cash Allocation SMA 30,25982.65897920787,10000.0,0.0036900369003689247
2018-07-16,Adaptive Cash Allocation SMA 30,25791.610016125458,10000.0,-0.007352941176470649
2018-07-17,Adaptive Cash Allocation SMA 30,26269.232423831487,10000.0,0.018518518518518563
2018-07-18,Adaptive Cash Allocation SMA 30,26110.024954596145,10000.0,-0.0060606060606061465
2018-07-19,Adaptive Cash Allocation SMA 30,25727.927028431324,10000.0,-0.01463414634146332
2018-07-20,Adaptive Cash Allocation SMA 30,25715.190430892497,10000.0,-0.0004950495049504845
2018-07-23,Adaptive Cash Allocation SMA 30,25804.41290078903,10000.0,0.003469640644361848
2018-07-24,Adaptive Cash Allocation SMA 30,26121.42043028275,10000.0,0.012285012285012241
2018-07-25,Adaptive Cash Allocation SMA 30,27230.94678351078,10000.0,0.04247572815533976
2018-07-26,Adaptive Cash Allocation SMA 30,26026.318171434636,10000.0,-0.04423748544819546
2018-07-27,Adaptive Cash Allocation SMA 30,24948.492571155974,10000.0,-0.041412911084043935
2018-07-30,Adaptive Cash Allocation SMA 30,24517.36233104451,10000.0,-0.01728081321473951
2018-07-31,Adaptive Cash Allocation SMA 30,24712.719799817773,10000.0,0.007968127490039813
2018-08-01,Adaptive Cash Allocation SMA 30,24841.43188210849,10000.0,0.005208333333333362
2018-08-02,Adaptive Cash Allocation SMA 30,25237.362158892738,10000.0,0.015938303341902296
2018-08-03,Adaptive Cash Allocation SMA 30,25337.188560510112,10000.0,0.003955500618046975
2018-08-06,Adaptive Cash Allocation SMA 30,25523.2633846999,10000.0,0.007343941248470031
2018-08-07,Adaptive Cash Allocation SMA 30,25768.679378783552,10000.0,0.009615384615384623
2018-08-08,Adaptive Cash Allocation SMA 30,25830.033377304466,10000.0,0.00238095238095233
2018-08-09,Adaptive Cash Allocation SMA 30,25799.35637804401,10000.0,-0.0011876484560569818
2018-08-10,Adaptive Cash Allocation SMA 30,25216.493392095337,10000.0,-0.022592152199762128
2018-08-13,Adaptive Cash Allocation SMA 30,25179.680992982787,10000.0,-0.0014598540145985956
2018-08-14,Adaptive Cash Allocation SMA 30,25364.147520403905,10000.0,0.007326007326007345
2018-08-15,Adaptive Cash Allocation SMA 30,24999.195757520396,10000.0,-0.014388489208633129
2018-08-16,Adaptive Cash Allocation SMA 30,25086.257633292855,10000.0,0.0034825870646766318
2018-08-17,Adaptive Cash Allocation SMA 30,25086.257633292855,10000.0,0.0
2018-08-20,Adaptive Cash Allocation SMA 30,25073.884633227113,10000.0,-0.0004932182490752054
2018-08-21,Adaptive Cash Allocation SMA 30,25172.94195523492,10000.0,0.003950617283950621
2018-08-22,Adaptive Cash Allocation SMA 30,25283.72751885209,10000.0,0.004400977995110018
2018-08-23,Adaptive Cash Allocation SMA 30,25234.810996445605,10000.0,-0.0019347037484884718
2018-08-24,Adaptive Cash Allocation SMA 30,25516.90122872665,10000.0,0.011178614823815332
2018-08-27,Adaptive Cash Allocation SMA 30,25830.584175273645,10000.0,0.012293144208037815
2018-08-28,Adaptive Cash Allocation SMA 30,25949.073093508843,10000.0,0.0045871559633026545
2018-08-29,Adaptive Cash Allocation SMA 30,26837.739980272847,10000.0,0.034246575342465835
2018-08-30,Adaptive Cash Allocation SMA 30,26689.628832478847,10000.0,-0.005518763796909571
2018-08-31,Adaptive Cash Allocation SMA 30,26778.495521155248,10000.0,0.0033296337402884974
2018-09-04,Adaptive Cash Allocation SMA 30,26452.650996008448,10000.0,-0.012168141592920293
2018-09-05,Adaptive Cash Allocation SMA 30,25386.250731891647,10000.0,-0.04031354983202681
2018-09-06,Adaptive Cash Allocation SMA 30,25113.726219950688,10000.0,-0.01073512252042009
2018-09-07,Adaptive Cash Allocation SMA 30,25017.366598962868,10000.0,-0.003836930455635495
2018-09-10,Adaptive Cash Allocation SMA 30,25102.171231501725,10000.0,0.0033898305084745905
2018-09-11,Adaptive Cash Allocation SMA 30,25331.19464249742,10000.0,0.009123649459783889
2018-09-12,Adaptive Cash Allocation SMA 30,25236.0540053425,10000.0,-0.0037558685446009428
2018-09-13,Adaptive Cash Allocation SMA 30,25535.05938455272,10000.0,0.011848341232227489
2018-09-14,Adaptive Cash Allocation SMA 30,25464.53678095902,10000.0,-0.0027617951668583995
2018-09-17,Adaptive Cash Allocation SMA 30,25027.833253313373,10000.0,-0.01714947856315184
2018-09-18,Adaptive Cash Allocation SMA 30,25270.233575379363,10000.0,0.009685230024213128
2018-09-19,Adaptive Cash Allocation SMA 30,25246.337373416827,10000.0,-0.000945626477541435
2018-09-20,Adaptive Cash Allocation SMA 30,25557.429682283575,10000.0,0.01232227488151658
2018-09-21,Adaptive Cash Allocation SMA 30,25404.672631309008,10000.0,-0.005977011494252829
2018-09-24,Adaptive Cash Allocation SMA 30,25487.675062309783,10000.0,0.003267211201866991
2018-09-25,Adaptive Cash Allocation SMA 30,25534.87446057332,10000.0,0.0018518518518518122
2018-09-26,Adaptive Cash Allocation SMA 30,25523.1072373196,10000.0,-0.00046082949308754785
2018-09-27,Adaptive Cash Allocation SMA 30,25805.716037179194,10000.0,0.011072664359861602
2018-09-28,Adaptive Cash Allocation SMA 30,25782.54592176983,10000.0,-0.000897867564534212
2018-10-01,Adaptive Cash Allocation SMA 30,25840.549399659074,10000.0,0.002249718785151808
2018-10-02,Adaptive Cash Allocation SMA 30,25782.740564313084,10000.0,-0.0022371364653243375
2018-10-03,Adaptive Cash Allocation SMA 30,25817.542913781224,10000.0,0.0013498312710910848
2018-10-04,Adaptive Cash Allocation SMA 30,25227.0968650804,10000.0,-0.022869955156950665
2018-10-05,Adaptive Cash Allocation SMA 30,24843.141050724837,10000.0,-0.015219976218787172
2018-10-08,Adaptive Cash Allocation SMA 30,24671.17369610919,10000.0,-0.006922126081582185
2018-10-09,Adaptive Cash Allocation SMA 30,24745.652711040835,10000.0,0.0030188679245282822
2018-10-10,Adaptive Cash Allocation SMA 30,23460.48522941874,10000.0,-0.0519350811485643
2018-10-11,Adaptive Cash Allocation SMA 30,23083.501822575858,10000.0,-0.016068866571018615
2018-10-12,Adaptive Cash Allocation SMA 30,23856.40233203131,10000.0,0.03348281016442449
2018-10-15,Adaptive Cash Allocation SMA 30,23501.02420074036,10000.0,-0.014896551724137909
2018-10-16,Adaptive Cash Allocation SMA 30,24309.082339447763,10000.0,0.034383954154727774
2018-10-17,Adaptive Cash Allocation SMA 30,24347.566374813643,10000.0,0.001583113456464393
2018-10-18,Adaptive Cash Allocation SMA 30,23669.2898871053,10000.0,-0.027858081471747717
2018-10-19,Adaptive Cash Allocation SMA 30,23629.172446618682,10000.0,-0.0016949152542373022
2018-10-22,Adaptive Cash Allocation SMA 30,23776.64529593091,10000.0,0.006241134751773068
2018-10-23,Adaptive Cash Allocation SMA 30,23670.38095941278,10000.0,-0.004469273743016764
2018-10-24,Adaptive Cash Allocation SMA 30,22373.190590450613,10000.0,-0.054802259887005635
2018-10-25,Adaptive Cash Allocation SMA 30,23295.94738730717,10000.0,0.04124386252045826
2018-10-26,Adaptive Cash Allocation SMA 30,22577.022007995613,10000.0,-0.030860534124629108
2018-10-29,Adaptive Cash Allocation SMA 30,22097.895495928824,10000.0,-0.021221864951768494
2018-10-30,Adaptive Cash Allocation SMA 30,22428.050810638797,10000.0,0.014940577249575596
2018-10-31,Adaptive Cash Allocation SMA 30,23044.730440129355,10000.0,0.027495908346972173
2018-11-01,Adaptive Cash Allocation SMA 30,23439.984622257147,10000.0,0.017151607963246517
2018-11-02,Adaptive Cash Allocation SMA 30,23026.945245653496,10000.0,-0.01762114537444933
2018-11-05,Adaptive Cash Allocation SMA 30,22927.904620941008,10000.0,-0.004301075268817167
2018-11-06,Adaptive Cash Allocation SMA 30,23127.277704601365,10000.0,0.008695652173913023
2018-11-07,Adaptive Cash Allocation SMA 30,23970.825827565546,10000.0,0.03647416413373858
2018-11-08,Adaptive Cash Allocation SMA 30,23810.57518136455,10000.0,-0.006685236768802234
2018-11-09,Adaptive Cash Allocation SMA 30,23324.92039012992,10000.0,-0.020396600566572207
2018-11-12,Adaptive Cash Allocation SMA 30,22503.326179373104,10000.0,-0.035223880597014916
2018-11-13,Adaptive Cash Allocation SMA 30,22503.326179373104,10000.0,0.0
2018-11-14,Adaptive Cash Allocation SMA 30,22282.34425289808,10000.0,-0.009819967266775802
2018-11-15,Adaptive Cash Allocation SMA 30,22760.89124356435,10000.0,0.021476510067114114
2018-11-16,Adaptive Cash Allocation SMA 30,22659.40956286056,10000.0,-0.004458598726114668
2018-11-19,Adaptive Cash Allocation SMA 30,21783.683589416676,10000.0,-0.03864734299516906
2018-11-20,Adaptive Cash Allocation SMA 30,21302.19040490907,10000.0,-0.022103386809269196
2018-11-21,Adaptive Cash Allocation SMA 30,21495.115902915793,10000.0,0.009056603773584913
2018-11-23,Adaptive Cash Allocation SMA 30,21304.753252853072,10000.0,-0.008856088560885617
2018-11-26,Adaptive Cash Allocation SMA 30,21883.599378968327,10000.0,0.027169811320754744
2018-11-27,Adaptive Cash Allocation SMA 30,21976.392026511654,10000.0,0.00424028268551234
2018-11-28,Adaptive Cash Allocation SMA 30,22806.269767372934,10000.0,0.03776223776223777
2018-11-29,Adaptive Cash Allocation SMA 30,22733.406285688037,10000.0,-0.003194888178913727
2018-11-30,Adaptive Cash Allocation SMA 30,22923.766531558533,10000.0,0.008373590982286627
2018-12-03,Adaptive Cash Allocation SMA 30,23386.580745444888,10000.0,0.020189274447949546
2018-12-04,Adaptive Cash Allocation SMA 30,20823.18675983306,10000.0,-0.10960960960960967
2018-12-06,Adaptive Cash Allocation SMA 30,20935.55471536673,10000.0,0.0053962900505902245
2018-12-07,Adaptive Cash Allocation SMA 30,20127.393535006482,10000.0,-0.03860232945091515
2018-12-10,Adaptive Cash Allocation SMA 30,20379.44929198262,10000.0,0.012523020257826884
2018-12-11,Adaptive Cash Allocation SMA 30,20466.78978894826,10000.0,0.004285714285714322
2018-12-12,Adaptive Cash Allocation SMA 30,20669.28806247849,10000.0,0.009893992932862168
2018-12-13,Adaptive Cash Allocation SMA 30,20669.28806247849,10000.0,0.0
2018-12-14,Adaptive Cash Allocation SMA 30,20042.082079892934,10000.0,-0.030344827586206866
2018-12-17,Adaptive Cash Allocation SMA 30,19533.551639059828,10000.0,-0.025373134328358266
2018-12-18,Adaptive Cash Allocation SMA 30,19658.06830289447,10000.0,0.00637450199203188
2018-12-19,Adaptive Cash Allocation SMA 30,19087.598869790865,10000.0,-0.0290196078431372
2018-12-20,Adaptive Cash Allocation SMA 30,18780.905949261458,10000.0,-0.016067653276955637
2018-12-21,Adaptive Cash Allocation SMA 30,18052.835586470705,10000.0,-0.038766519823788585
2018-12-24,Adaptive Cash Allocation SMA 30,17524.45991076912,10000.0,-0.029268292682926817
2018-12-26,Adaptive Cash Allocation SMA 30,18778.84230438207,10000.0,0.07157894736842112
2018-12-27,Adaptive Cash Allocation SMA 30,18896.210068784454,10000.0,0.006249999999999946
2018-12-28,Adaptive Cash Allocation SMA 30,18862.98596316901,10000.0,-0.001758241758241721
2018-12-31,Adaptive Cash Allocation SMA 30,19029.54654562525,10000.0,0.008830022075055156
2019-01-02,Adaptive Cash Allocation SMA 30,19144.628036613914,10000.0,0.006047516198704129
2019-01-03,Adaptive Cash Allocation SMA 30,18395.13621560605,10000.0,-0.03914893617021276
2019-01-04,Adaptive Cash Allocation SMA 30,19332.246928476547,10000.0,0.0509433962264151
2019-01-07,Adaptive Cash Allocation SMA 30,19591.08872835573,10000.0,0.013389121338912145
2019-01-08,Adaptive Cash Allocation SMA 30,19813.17394470956,10000.0,0.011336032388663942
2019-01-09,Adaptive Cash Allocation SMA 30,20000.385037100517,10000.0,0.009448818897637804
2019-01-10,Adaptive Cash Allocation SMA 30,20077.30959493552,10000.0,0.0038461538461538325
2019-01-11,Adaptive Cash Allocation SMA 30,19985.527608215813,10000.0,-0.004571428571428541
2019-01-14,Adaptive Cash Allocation SMA 30,19769.884150400765,10000.0,-0.010789980732177308
2019-01-15,Adaptive Cash Allocation SMA 30,20208.344947399753,10000.0,0.022178217821782198
2019-01-16,Adaptive Cash Allocation SMA 30,20246.259290640653,10000.0,0.0018761726078798848
2019-01-17,Adaptive Cash Allocation SMA 30,20701.231409531454,10000.0,0.02247191011235957
2019-01-18,Adaptive Cash Allocation SMA 30,21269.94655814496,10000.0,0.027472527472527538
2019-01-22,Adaptive Cash Allocation SMA 30,20094.601917677053,10000.0,-0.05525846702317299
2019-01-23,Adaptive Cash Allocation SMA 30,20132.51626091795,10000.0,0.0018867924528301486
2019-01-24,Adaptive Cash Allocation SMA 30,20473.745350086054,10000.0,0.016949152542373024
2019-01-25,Adaptive Cash Allocation SMA 30,21194.11787166315,10000.0,0.03518518518518509
2019-01-28,Adaptive Cash Allocation SMA 30,20435.83100684515,10000.0,-0.03577817531305907
2019-01-29,Adaptive Cash Allocation SMA 30,19867.11585823165,10000.0,-0.02782931354359916
2019-01-30,Adaptive Cash Allocation SMA 30,21345.775244626755,10000.0,0.07442748091603046
2019-01-31,Adaptive Cash Allocation SMA 30,22293.633825649256,10000.0,0.04440497335701599
2019-02-01,Adaptive Cash Allocation SMA 30,21990.319079722056,10000.0,-0.01360544217687076
2019-02-04,Adaptive Cash Allocation SMA 30,22786.520287780957,10000.0,0.036206896551724134
2019-02-05,Adaptive Cash Allocation SMA 30,23393.149779635358,10000.0,0.02662229617304495
2019-02-06,Adaptive Cash Allocation SMA 30,23203.578063430858,10000.0,-0.008103727714748757
2019-02-07,Adaptive Cash Allocation SMA 30,22255.719482408356,10000.0,-0.04084967320261438
2019-02-08,Adaptive Cash Allocation SMA 30,22369.46251213106,10000.0,0.005110732538330536
2019-02-11,Adaptive Cash Allocation SMA 30,22331.548168890156,10000.0,-0.0016949152542374024
2019-02-12,Adaptive Cash Allocation SMA 30,23279.40674991266,10000.0,0.04244482173174873
2019-02-13,Adaptive Cash Allocation SMA 30,23355.23543639446,10000.0,0.0032573289902280886
2019-02-14,Adaptive Cash Allocation SMA 30,23431.06412287626,10000.0,0.0032467532467531776
2019-02-15,Adaptive Cash Allocation SMA 30,23696.464525562566,10000.0,0.011326860841423994
2019-02-19,Adaptive Cash Allocation SMA 30,23848.121898526166,10000.0,0.0064000000000000055
2019-02-20,Adaptive Cash Allocation SMA 30,23848.121898526166,10000.0,0.0
2019-02-21,Adaptive Cash Allocation SMA 30,23582.721495839865,10000.0,-0.011128775834658232
2019-02-22,Adaptive Cash Allocation SMA 30,24075.607957971566,10000.0,0.020900321543408342
2019-02-25,Adaptive Cash Allocation SMA 30,24341.00836065787,10000.0,0.01102362204724414
2019-02-26,Adaptive Cash Allocation SMA 30,24416.837047139674,10000.0,0.00311526479750786
2019-02-27,Adaptive Cash Allocation SMA 30,24341.008360657874,10000.0,-0.0031055900621118726
2019-02-28,Adaptive Cash Allocation SMA 30,24189.350987694273,10000.0,-0.006230529595015582
2019-03-01,Adaptive Cash Allocation SMA 30,24682.237449825978,10000.0,0.020376175548589327
2019-03-04,Adaptive Cash Allocation SMA 30,24682.237449825978,10000.0,0.0
2019-03-05,Adaptive Cash Allocation SMA 30,24758.066136307778,10000.0,0.0030721966205837885
2019-03-06,Adaptive Cash Allocation SMA 30,24303.094017416977,10000.0,-0.01837672281776418
2019-03-07,Adaptive Cash Allocation SMA 30,23431.064122876272,10000.0,-0.03588143525741036
2019-03-08,Adaptive Cash Allocation SMA 30,23370.401173690832,10000.0,-0.002588996763754048
2019-03-11,Adaptive Cash Allocation SMA 30,23964.176838690142,10000.0,0.02540716612377854
2019-03-12,Adaptive Cash Allocation SMA 30,24331.162701457215,10000.0,0.015313935681470082
2019-03-13,Adaptive Cash Allocation SMA 30,24881.641495607833,10000.0,0.022624434389140326
2019-03-14,Adaptive Cash Allocation SMA 30,24771.54573677771,10000.0,-0.004424778761061983
2019-03-15,Adaptive Cash Allocation SMA 30,25358.723117205034,10000.0,0.023703703703703723
2019-03-18,Adaptive Cash Allocation SMA 30,25615.61322114199,10000.0,0.010130246020260534
2019-03-19,Adaptive Cash Allocation SMA 30,25872.503325078942,10000.0,0.010028653295128852
2019-03-20,Adaptive Cash Allocation SMA 30,26166.092015292605,10000.0,0.011347517730496465
2019-03-21,Adaptive Cash Allocation SMA 30,27377.14536242396,10000.0,0.046283309957924276
2019-03-22,Adaptive Cash Allocation SMA 30,25578.91463486528,10000.0,-0.06568364611260057
2019-03-25,Adaptive Cash Allocation SMA 30,25432.120289758448,10000.0,-0.005738880918220952
2019-03-26,Adaptive Cash Allocation SMA 30,25762.407566248814,10000.0,0.012987012987012967
2019-03-27,Adaptive Cash Allocation SMA 30,25248.627358374906,10000.0,-0.019943019943019898
2019-03-28,Adaptive Cash Allocation SMA 30,25322.02453092832,10000.0,0.002906976744186036
2019-03-29,Adaptive Cash Allocation SMA 30,25541.2628385554,10000.0,0.008658008658008679
2019-04-01,Adaptive Cash Allocation SMA 30,26551.36927849827,10000.0,0.039548022598870095
2019-04-02,Adaptive Cash Allocation SMA 30,26839.97111848195,10000.0,0.010869565217391313
2019-04-03,Adaptive Cash Allocation SMA 30,27308.94910845543,10000.0,0.017473118279569877
2019-04-04,Adaptive Cash Allocation SMA 30,27272.873878457467,10000.0,-0.0013210039630119782
2019-04-05,Adaptive Cash Allocation SMA 30,27669.701408435027,10000.0,0.014550264550264593
2019-04-08,Adaptive Cash Allocation SMA 30,27886.152788422787,10000.0,0.007822685788787549
2019-04-09,Adaptive Cash Allocation SMA 30,27597.550948439108,10000.0,-0.010349288486416567
2019-04-10,Adaptive Cash Allocation SMA 30,28030.45370841462,10000.0,0.015686274509803817
2019-04-11,Adaptive Cash Allocation SMA 30,27814.002328426865,10000.0,-0.007722007722007672
2019-04-12,Adaptive Cash Allocation SMA 30,28174.75462840646,10000.0,0.012970168612191912
2019-04-15,Adaptive Cash Allocation SMA 30,28210.829858404424,10000.0,0.001280409731114043
2019-04-16,Adaptive Cash Allocation SMA 30,28463.356468390142,10000.0,0.00895140664961629
2019-04-17,Adaptive Cash Allocation SMA 30,28751.958308373818,10000.0,0.010139416983523457
2019-04-18,Adaptive Cash Allocation SMA 30,28824.10876836974,10000.0,0.002509410288582241
2019-04-22,Adaptive Cash Allocation SMA 30,29076.635378355462,10000.0,0.008760951188986269
2019-04-23,Adaptive Cash Allocation SMA 30,30194.967508292208,10000.0,0.0384615384615383
2019-04-24,Adaptive Cash Allocation SMA 30,29906.36566830853,10000.0,-0.00955794504181602
2019-04-25,Adaptive Cash Allocation SMA 30,30231.042738290173,10000.0,0.01085645355850442
2019-04-26,Adaptive Cash Allocation SMA 30,30339.26842828405,10000.0,0.003579952267303026
2019-04-29,Adaptive Cash Allocation SMA 30,30483.569348275887,10000.0,0.004756242568370886
2019-04-30,Adaptive Cash Allocation SMA 30,29798.139978314655,10000.0,-0.02248520710059166
2019-05-01,Adaptive Cash Allocation SMA 30,29473.46290833302,10000.0,-0.010895883777239693
2019-05-02,Adaptive Cash Allocation SMA 30,29112.710608353424,10000.0,-0.012239902080783311
2019-05-03,Adaptive Cash Allocation SMA 30,29661.054104322408,10000.0,0.018835192069392763
2019-05-06,Adaptive Cash Allocation SMA 30,29134.526516671718,10000.0,-0.017751479289940662
2019-05-07,Adaptive Cash Allocation SMA 30,27414.53639701278,10000.0,-0.05903614457831338
2019-05-08,Adaptive Cash Allocation SMA 30,27316.251247317985,10000.0,-0.0035851472471190473
2019-05-09,Adaptive Cash Allocation SMA 30,27146.848138807483,10000.0,-0.006201550387596905
2019-05-10,Adaptive Cash Allocation SMA 30,27175.348766774736,10000.0,0.0010498687664041771
2019-05-13,Adaptive Cash Allocation SMA 30,26051.342194745834,10000.0,-0.04136125654450262
2019-05-14,Adaptive Cash Allocation SMA 30,26386.01637184622,10000.0,0.012846715328467193
2019-05-15,Adaptive Cash Allocation SMA 30,26818.941110054733,10000.0,0.01640735502121641
2019-05-16,Adaptive Cash Allocation SMA 30,27154.177873930417,10000.0,0.012499999999999976
2019-05-17,Adaptive Cash Allocation SMA 30,26825.036323943383,10000.0,-0.012121212121212097
2019-05-20,Adaptive Cash Allocation SMA 30,26285.619832646695,10000.0,-0.020108695652173922
2019-05-21,Adaptive Cash Allocation SMA 30,26601.49852591455,10000.0,0.012017167381974246
2019-05-22,Adaptive Cash Allocation SMA 30,26453.712422992805,10000.0,-0.005555555555555585
2019-05-23,Adaptive Cash Allocation SMA 30,25961.896924424487,10000.0,-0.018591549295774654
2019-05-24,Adaptive Cash Allocation SMA 30,25946.557546625714,10000.0,-0.0005908419497784218
2019-05-28,Adaptive Cash Allocation SMA 30,25823.7336055766,10000.0,-0.004733727810650892
2019-05-29,Adaptive Cash Allocation SMA 30,25576.320588996223,10000.0,-0.009580838323353304
2019-05-30,Adaptive Cash Allocation SMA 30,25686.157548580868,10000.0,0.00429447852760738
2019-05-31,Adaptive Cash Allocation SMA 30,25202.83682991258,10000.0,-0.018816388467374788
2019-06-03,Adaptive Cash Allocation SMA 30,24560.72633743073,10000.0,-0.02547770700636945
2019-06-04,Adaptive Cash Allocation SMA 30,25346.0012611445,10000.0,0.031972789115646244
2019-06-05,Adaptive Cash Allocation SMA 30,25569.525051793968,10000.0,0.008818897637795312
2019-06-06,Adaptive Cash Allocation SMA 30,25805.915113906085,10000.0,0.00924499229583972
2019-06-07,Adaptive Cash Allocation SMA 30,26396.652929766584,10000.0,0.02289156626506024
2019-06-10,Adaptive Cash Allocation SMA 30,26787.714454652014,10000.0,0.014814814814814854
2019-06-11,Adaptive Cash Allocation SMA 30,26817.15150350328,10000.0,0.0010989010989010755
2019-06-12,Adaptive Cash Allocation SMA 30,26640.81954841175,10000.0,-0.006575342465753431
2019-06-13,Adaptive Cash Allocation SMA 30,26818.919734807816,10000.0,0.006685236768802234
2019-06-14,Adaptive Cash Allocation SMA 30,26671.966749959556,10000.0,-0.0054794520547945015
2019-06-17,Adaptive Cash Allocation SMA 30,26879.415380237017,10000.0,0.00777777777777776
2019-06-18,Adaptive Cash Allocation SMA 30,27333.509046061186,10000.0,0.016893732970027275
2019-06-19,Adaptive Cash Allocation SMA 30,27655.07974072073,10000.0,0.011764705882352922
2019-06-20,Adaptive Cash Allocation SMA 30,28405.411361592996,10000.0,0.02713178294573643
2019-06-21,Adaptive Cash Allocation SMA 30,28298.221130039816,10000.0,-0.0037735849056604086
2019-06-24,Adaptive Cash Allocation SMA 30,28298.221130039816,10000.0,0.0
2019-06-25,Adaptive Cash Allocation SMA 30,26833.287965479674,10000.0,-0.05176767676767679
2019-06-26,Adaptive Cash Allocation SMA 30,27190.58873732361,10000.0,0.013315579227696476
2019-06-27,Adaptive Cash Allocation SMA 30,27476.42935479876,10000.0,0.010512483574244424
2019-06-28,Adaptive Cash Allocation SMA 30,27583.61958635194,10000.0,0.0039011703511052484
2019-07-01,Adaptive Cash Allocation SMA 30,28691.25197906814,10000.0,0.04015544041450772
2019-07-02,Adaptive Cash Allocation SMA 30,29048.552750912084,10000.0,0.01245330012453318
2019-07-03,Adaptive Cash Allocation SMA 30,29691.694140231168,10000.0,0.022140221402213986
2019-07-05,Adaptive Cash Allocation SMA 30,29477.313677124803,10000.0,-0.007220216606498254
2019-07-08,Adaptive Cash Allocation SMA 30,28869.90236499011,10000.0,-0.020606060606060597
2019-07-09,Adaptive Cash Allocation SMA 30,29298.663291202836,10000.0,0.014851485148514755
2019-07-10,Adaptive Cash Allocation SMA 30,30156.185143628285,10000.0,0.02926829268292686
2019-07-11,Adaptive Cash Allocation SMA 30,30084.7249892595,10000.0,-0.002369668246445447
2019-07-12,Adaptive Cash Allocation SMA 30,30584.94606984101,10000.0,0.01662707838479817
2019-07-15,Adaptive Cash Allocation SMA 30,30835.056610131764,10000.0,0.008177570093457976
2019-07-16,Adaptive Cash Allocation SMA 30,30406.295683919037,10000.0,-0.01390498261877184
2019-07-17,Adaptive Cash Allocation SMA 30,29977.534757706315,10000.0,-0.014101057579318357
2019-07-18,Adaptive Cash Allocation SMA 30,30084.724989259492,10000.0,0.0035756853396900308
2019-07-19,Adaptive Cash Allocation SMA 30,29370.12344557162,10000.0,-0.02375296912114006
2019-07-22,Adaptive Cash Allocation SMA 30,29641.67203217301,10000.0,0.009245742092457395
2019-07-23,Adaptive Cash Allocation SMA 30,30205.603961441462,10000.0,0.019024970273483963
2019-07-24,Adaptive Cash Allocation SMA 30,30875.27312744775,10000.0,0.022170361726954434
2019-07-25,Adaptive Cash Allocation SMA 30,29994.12948796579,10000.0,-0.02853881278538813
2019-07-26,Adaptive Cash Allocation SMA 30,30346.58694375857,10000.0,0.011750881316098707
2019-07-29,Adaptive Cash Allocation SMA 30,30069.449163450274,10000.0,-0.009132420091324209
2019-07-30,Adaptive Cash Allocation SMA 30,29653.74249298783,10000.0,-0.013824884792626639
2019-07-31,Adaptive Cash Allocation SMA 30,29154.894488432892,10000.0,-0.016822429906542112
2019-08-01,Adaptive Cash Allocation SMA 30,28998.453591177888,10000.0,-0.005365853658536559
2019-08-02,Adaptive Cash Allocation SMA 30,28467.9503610797,10000.0,-0.01829419035846725
2019-08-05,Adaptive Cash Allocation SMA 30,27273.181459915217,10000.0,-0.04196891191709843
2019-08-06,Adaptive Cash Allocation SMA 30,27715.235920625855,10000.0,0.0162083936324168
2019-08-07,Adaptive Cash Allocation SMA 30,27869.42360307718,10000.0,0.005563282336578562
2019-08-08,Adaptive Cash Allocation SMA 30,28618.724978413684,10000.0,0.026886145404663938
2019-08-09,Adaptive Cash Allocation SMA 30,28280.303037794907,10000.0,-0.011825192802056577
2019-08-12,Adaptive Cash Allocation SMA 30,27890.746545618662,10000.0,-0.013774834437086082
2019-08-13,Adaptive Cash Allocation SMA 30,28625.317648054708,10000.0,0.026337448559670757
2019-08-14,Adaptive Cash Allocation SMA 30,27608.510998007976,10000.0,-0.035521235521235504
2019-08-15,Adaptive Cash Allocation SMA 30,27561.716911570675,10000.0,-0.0016949152542373022
2019-08-16,Adaptive Cash Allocation SMA 30,28062.12822570983,10000.0,0.018156028368794343
2019-08-19,Adaptive Cash Allocation SMA 30,28595.19443352521,10000.0,0.01899592944369062
2019-08-20,Adaptive Cash Allocation SMA 30,28358.135826822407,10000.0,-0.008290155440414516
2019-08-21,Adaptive Cash Allocation SMA 30,28643.21761555766,10000.0,0.010052910052910076
2019-08-22,Adaptive Cash Allocation SMA 30,28539.732442236935,10000.0,-0.0036129032258064666
2019-08-23,Adaptive Cash Allocation SMA 30,27484.35691963338,10000.0,-0.03697916666666667
2019-08-26,Adaptive Cash Allocation SMA 30,27941.772328912786,10000.0,0.016642754662840747
2019-08-27,Adaptive Cash Allocation SMA 30,27864.797749494293,10000.0,-0.002754820936639109
2019-08-28,Adaptive Cash Allocation SMA 30,27973.010556288446,10000.0,0.003883495145631084
2019-08-29,Adaptive Cash Allocation SMA 30,28480.21349494642,10000.0,0.018131868131868133
2019-08-30,Adaptive Cash Allocation SMA 30,28405.36405080727,10000.0,-0.002628120893561141
2019-09-03,Adaptive Cash Allocation SMA 30,28074.719601538614,10000.0,-0.011640211640211628
2019-09-04,Adaptive Cash Allocation SMA 30,28549.0064176954,10000.0,0.016893732970027275
2019-09-05,Adaptive Cash Allocation SMA 30,29175.964990005574,10000.0,0.021960784313725487
2019-09-06,Adaptive Cash Allocation SMA 30,29103.65776574286,10000.0,-0.0024783147459726857
2019-09-09,Adaptive Cash Allocation SMA 30,28922.88970508607,10000.0,-0.0062111801242236905
2019-09-10,Adaptive Cash Allocation SMA 30,28669.814420166564,10000.0,-0.008750000000000036
2019-09-11,Adaptive Cash Allocation SMA 30,28987.966206922516,10000.0,0.011097099621689819
2019-09-12,Adaptive Cash Allocation SMA 30,29343.64677387862,10000.0,0.012269938650306704
2019-09-13,Adaptive Cash Allocation SMA 30,29023.534263618127,10000.0,-0.010909090909090893
2019-09-16,Adaptive Cash Allocation SMA 30,28632.285639966412,10000.0,-0.013480392156862675
2019-09-17,Adaptive Cash Allocation SMA 30,28987.966206922516,10000.0,0.012422360248447159
2019-09-18,Adaptive Cash Allocation SMA 30,28987.966206922516,10000.0,0.0
2019-09-19,Adaptive Cash Allocation SMA 30,29130.238433704955,10000.0,0.004907975460122595
2019-09-20,Adaptive Cash Allocation SMA 30,28205.468959619084,10000.0,-0.03174603174603172
2019-09-23,Adaptive Cash Allocation SMA 30,28205.468959619084,10000.0,0.0
2019-09-24,Adaptive Cash Allocation SMA 30,27764.425056593514,10000.0,-0.015636822194199224
2019-09-25,Adaptive Cash Allocation SMA 30,28114.21308880257,10000.0,0.012598425196850406
2019-09-26,Adaptive Cash Allocation SMA 30,28014.06067576358,10000.0,-0.003562340966921134
2019-09-27,Adaptive Cash Allocation SMA 30,27596.906498820244,10000.0,-0.014890885750962774
2019-09-30,Adaptive Cash Allocation SMA 30,27891.273501474327,10000.0,0.010666666666666677
2019-10-01,Adaptive Cash Allocation SMA 30,27630.471983018982,10000.0,-0.009350649350649382
2019-10-02,Adaptive Cash Allocation SMA 30,27057.286659966994,10000.0,-0.020744680851063818
2019-10-03,Adaptive Cash Allocation SMA 30,27421.592342906242,10000.0,0.013464235624123437
2019-10-04,Adaptive Cash Allocation SMA 30,27882.95970389951,10000.0,0.016824966078697403
2019-10-07,Adaptive Cash Allocation SMA 30,27781.303079979043,10000.0,-0.0036458333333333026
2019-10-08,Adaptive Cash Allocation SMA 30,27270.214718455118,10000.0,-0.018396846254927754
2019-10-09,Adaptive Cash Allocation SMA 30,27600.762775648516,10000.0,0.012121212121212158
2019-10-10,Adaptive Cash Allocation SMA 30,27836.9190346915,10000.0,0.008556149732620281
2019-10-11,Adaptive Cash Allocation SMA 30,28259.5738263177,10000.0,0.015183246073298432
2019-10-14,Adaptive Cash Allocation SMA 30,28273.82834022757,10000.0,0.0005044136191677517
2019-10-15,Adaptive Cash Allocation SMA 30,28701.140607334284,10000.0,0.015113350125944575
2019-10-16,Adaptive Cash Allocation SMA 30,28617.54505216729,10000.0,-0.0029126213592233254
2019-10-17,Adaptive Cash Allocation SMA 30,28687.514599972103,10000.0,0.00244498777506116
2019-10-18,Adaptive Cash Allocation SMA 30,28366.827924006437,10000.0,-0.011178614823815332
2019-10-21,Adaptive Cash Allocation SMA 30,28664.6796172085,10000.0,0.010500000000000044
2019-10-22,Adaptive Cash Allocation SMA 30,28399.330573248957,10000.0,-0.009257003654080451
2019-10-23,Adaptive Cash Allocation SMA 30,28455.987591848956,10000.0,0.0019950124688279764
2019-10-24,Adaptive Cash Allocation SMA 30,28780.795390664105,10000.0,0.011414392059553283
2019-10-25,Adaptive Cash Allocation SMA 30,29440.427613128064,10000.0,0.022919179734620182
2019-10-28,Adaptive Cash Allocation SMA 30,30343.0822333419,10000.0,0.03066037735849054
2019-10-29,Adaptive Cash Allocation SMA 30,29614.01504009226,10000.0,-0.024027459954233506
2019-10-30,Adaptive Cash Allocation SMA 30,30030.62486480634,10000.0,0.014067995310668347
2019-10-31,Adaptive Cash Allocation SMA 30,30065.342350199182,10000.0,0.001156069364161825
2019-11-01,Adaptive Cash Allocation SMA 30,30898.561999627338,10000.0,0.027713625866050834
2019-11-04,Adaptive Cash Allocation SMA 30,31454.041765912778,10000.0,0.017977528089887656
2019-11-05,Adaptive Cash Allocation SMA 30,31488.759251305615,10000.0,0.0011037527593818748
2019-11-06,Adaptive Cash Allocation SMA 30,31280.454338948577,10000.0,-0.006615214994487376
2019-11-07,Adaptive Cash Allocation SMA 30,31592.91170748413,10000.0,0.00998890122086569
2019-11-08,Adaptive Cash Allocation SMA 30,31974.804046805373,10000.0,0.012087912087912222
2019-11-11,Adaptive Cash Allocation SMA 30,31835.93410523401,10000.0,-0.004343105320304117
2019-11-12,Adaptive Cash Allocation SMA 30,32078.956502983892,10000.0,0.007633587786259573
2019-11-13,Adaptive Cash Allocation SMA 30,32044.239017591055,10000.0,-0.001082251082251059
2019-11-14,Adaptive Cash Allocation SMA 30,32044.239017591055,10000.0,0.0
2019-11-15,Adaptive Cash Allocation SMA 30,32634.436269269332,10000.0,0.01841820151679306
2019-11-18,Adaptive Cash Allocation SMA 30,32808.023696233526,10000.0,0.005319148936170099
2019-11-19,Adaptive Cash Allocation SMA 30,32946.89363780489,10000.0,0.004232804232804331
2019-11-20,Adaptive Cash Allocation SMA 30,32356.696386126616,10000.0,-0.017913593256059002
2019-11-21,Adaptive Cash Allocation SMA 30,32113.673988376737,10000.0,-0.007510729613733936
2019-11-22,Adaptive Cash Allocation SMA 30,32183.108959162415,10000.0,0.0021621621621621162
2019-11-25,Adaptive Cash Allocation SMA 30,32641.3797663479,10000.0,0.014239482200647254
2019-11-26,Adaptive Cash Allocation SMA 30,32811.38695263097,10000.0,0.005208333333333408
2019-11-27,Adaptive Cash Allocation SMA 30,33491.415697763216,10000.0,0.020725388601036194
2019-11-29,Adaptive Cash Allocation SMA 30,33049.39701342726,10000.0,-0.013197969543147108
2019-12-02,Adaptive Cash Allocation SMA 30,31961.35102121566,10000.0,-0.0329218106995885
2019-12-03,Adaptive Cash Allocation SMA 30,31675.738948260114,10000.0,-0.008936170212765994
2019-12-04,Adaptive Cash Allocation SMA 30,31868.757596911106,10000.0,0.0060935799782372395
2019-12-05,Adaptive Cash Allocation SMA 30,31937.072189830535,10000.0,0.002143622722400888
2019-12-06,Adaptive Cash Allocation SMA 30,32332.029585781525,10000.0,0.012366737739872031
2019-12-09,Adaptive Cash Allocation SMA 30,32171.539676772478,10000.0,-0.00496380558428125
2019-12-10,Adaptive Cash Allocation SMA 30,32144.58969589141,10000.0,-0.0008376963350785905
2019-12-11,Adaptive Cash Allocation SMA 30,32333.477106486367,10000.0,0.005876180482686278
2019-12-12,Adaptive Cash Allocation SMA 30,32627.721779223783,10000.0,0.009100310237849045
2019-12-13,Adaptive Cash Allocation SMA 30,32924.63734647657,10000.0,0.009100101112234565
2019-12-16,Adaptive Cash Allocation SMA 30,33881.36528540224,10000.0,0.029058116232464844
2019-12-17,Adaptive Cash Allocation SMA 30,33914.35590398588,10000.0,0.0009737098344693075
2019-12-18,Adaptive Cash Allocation SMA 30,34013.32775973682,10000.0,0.0029182879377433013
2019-12-19,Adaptive Cash Allocation SMA 30,34706.13074999334,10000.0,0.020368574199805922
2019-12-20,Adaptive Cash Allocation SMA 30,35102.018172997065,10000.0,0.011406844106463974
2019-12-23,Adaptive Cash Allocation SMA 30,35365.94312166622,10000.0,0.0075187969924812095
2019-12-24,Adaptive Cash Allocation SMA 30,35398.933740249864,10000.0,0.0009328358208955024
2019-12-26,Adaptive Cash Allocation SMA 30,36322.67106059189,10000.0,0.02609506057781914
2019-12-27,Adaptive Cash Allocation SMA 30,36223.69920484097,10000.0,-0.0027247956403269173
2019-12-30,Adaptive Cash Allocation SMA 30,35497.9055960008,10000.0,-0.020036429872495504
2019-12-31,Adaptive Cash Allocation SMA 30,35695.84930750266,10000.0,0.005576208178438708
2020-01-02,Adaptive Cash Allocation SMA 30,37444.35209243578,10000.0,0.04898336414048053
2020-01-03,Adaptive Cash Allocation SMA 30,36454.63353492647,10000.0,-0.026431718061673916
2020-01-06,Adaptive Cash Allocation SMA 30,37147.43652518299,10000.0,0.019004524886877743
2020-01-07,Adaptive Cash Allocation SMA 30,37081.4552880157,10000.0,-0.0017761989342806016
2020-01-08,Adaptive Cash Allocation SMA 30,37939.21137119044,10000.0,0.02313167259786475
2020-01-09,Adaptive Cash Allocation SMA 30,38895.93931011611,10000.0,0.02521739130434775
2020-01-10,Adaptive Cash Allocation SMA 30,38566.033124279675,10000.0,-0.008481764206955017
2020-01-13,Adaptive Cash Allocation SMA 30,39918.64848620907,10000.0,0.03507271171941832
2020-01-14,Adaptive Cash Allocation SMA 30,39456.779826038066,10000.0,-0.011570247933884198
2020-01-15,Adaptive Cash Allocation SMA 30,39489.77044462171,10000.0,0.0008361204013377747
2020-01-16,Adaptive Cash Allocation SMA 30,40578.46085788196,10000.0,0.027568922305764416
2020-01-17,Adaptive Cash Allocation SMA 30,41205.28261097119,10000.0,0.015447154471544674
2020-01-21,Adaptive Cash Allocation SMA 30,41172.291992387545,10000.0,-0.0008006405124099109
2020-01-22,Adaptive Cash Allocation SMA 30,41469.207559640345,10000.0,0.00721153846153845
2020-01-23,Adaptive Cash Allocation SMA 30,41832.10436406042,10000.0,0.008750994431185316
2020-01-24,Adaptive Cash Allocation SMA 30,40743.41395080017,10000.0,-0.02602523659305994
2020-01-27,Adaptive Cash Allocation SMA 30,38236.12693844324,10000.0,-0.06153846153846152
2020-01-28,Adaptive Cash Allocation SMA 30,38948.72429984994,10000.0,0.018636755823986228
2020-01-29,Adaptive Cash Allocation SMA 30,39077.16197272661,10000.0,0.0032976092333057826
2020-01-30,Adaptive Cash Allocation SMA 30,39526.69382779495,10000.0,0.011503697617091255
2020-01-31,Adaptive Cash Allocation SMA 30,37568.01931642574,10000.0,-0.04955320877335509
2020-02-03,Adaptive Cash Allocation SMA 30,38261.58274995976,10000.0,0.018461538461538494
2020-02-04,Adaptive Cash Allocation SMA 30,39311.90070780179,10000.0,0.027450980392156862
2020-02-05,Adaptive Cash Allocation SMA 30,39762.72525720319,10000.0,0.011467889908256907
2020-02-06,Adaptive Cash Allocation SMA 30,40724.48429592617,10000.0,0.024187452758881352
2020-02-07,Adaptive Cash Allocation SMA 30,40213.54980660459,10000.0,-0.012546125461254607
2020-02-10,Adaptive Cash Allocation SMA 30,41656.18836468906,10000.0,0.0358744394618833
2020-02-11,Adaptive Cash Allocation SMA 30,41686.243334649145,10000.0,0.0007215007215007061
2020-02-12,Adaptive Cash Allocation SMA 30,42918.49710301296,10000.0,0.0295602018745494
2020-02-13,Adaptive Cash Allocation SMA 30,42738.167283252405,10000.0,-0.004201680672268818
2020-02-14,Adaptive Cash Allocation SMA 30,43038.71698285334,10000.0,0.007032348804500678
2020-02-18,Adaptive Cash Allocation SMA 30,43098.82692277352,10000.0,0.0013966480446927076
2020-02-19,Adaptive Cash Allocation SMA 30,44361.135661097425,10000.0,0.02928870292887029
2020-02-20,Adaptive Cash Allocation SMA 30,43098.826922773515,10000.0,-0.028455284552845524
2020-02-21,Adaptive Cash Allocation SMA 30,40634.31938604588,10000.0,-0.05718270571827059
2020-02-24,Adaptive Cash Allocation SMA 30,38758.88926053607,10000.0,-0.04615384615384612
2020-02-25,Adaptive Cash Allocation SMA 30,37501.49385643172,10000.0,-0.032441471571906376
2020-02-26,Adaptive Cash Allocation SMA 30,37706.23358631215,10000.0,0.005459508644222033
2020-02-27,Adaptive Cash Allocation SMA 30,35458.75251797182,10000.0,-0.059605026929982055
2020-02-28,Adaptive Cash Allocation SMA 30,35683.17500226278,10000.0,0.0063291139240506476
2020-03-02,Adaptive Cash Allocation SMA 30,37624.814015885386,10000.0,0.05441329179646931
2020-03-03,Adaptive Cash Allocation SMA 30,36207.8648957259,10000.0,-0.03765996343692868
2020-03-04,Adaptive Cash Allocation SMA 30,37961.62626302644,10000.0,0.04843592330978807
2020-03-05,Adaptive Cash Allocation SMA 30,36635.87369866512,10000.0,-0.034923492349234884
2020-03-06,Adaptive Cash Allocation SMA 30,35855.464554788225,10000.0,-0.021301775147929032
2020-03-09,Adaptive Cash Allocation SMA 30,32942.20805971168,10000.0,-0.08124999999999999
2020-03-10,Adaptive Cash Allocation SMA 30,35009.17013404653,10000.0,0.06274509803921564
2020-03-11,Adaptive Cash Allocation SMA 30,33205.30780849566,10000.0,-0.05152542372881355
2020-03-12,Adaptive Cash Allocation SMA 30,29553.15462800223,10000.0,-0.10998702983138782
2020-03-13,Adaptive Cash Allocation SMA 30,32767.522787899437,10000.0,0.10876565295169952
2020-03-16,Adaptive Cash Allocation SMA 30,28251.04285370233,10000.0,-0.13783403656821377
2020-03-17,Adaptive Cash Allocation SMA 30,30069.779518103765,10000.0,0.06437768240343349
2020-03-18,Adaptive Cash Allocation SMA 30,28958.142567342074,10000.0,-0.036968576709796676
2020-03-19,Adaptive Cash Allocation SMA 30,29241.236425434214,10000.0,0.009775967413441965
2020-03-20,Adaptive Cash Allocation SMA 30,27869.281793942668,10000.0,-0.046918489065606354
2020-03-23,Adaptive Cash Allocation SMA 30,27894.38925501829,10000.0,0.0009009009009008817
2020-03-24,Adaptive Cash Allocation SMA 30,30401.750086930046,10000.0,0.0898876404494382
2020-03-25,Adaptive Cash Allocation SMA 30,30111.678342981355,10000.0,-0.009541284403669718
2020-03-26,Adaptive Cash Allocation SMA 30,32058.74927342977,10000.0,0.0646616541353383
2020-03-27,Adaptive Cash Allocation SMA 30,30730.74930352718,10000.0,-0.041423948220064705
2020-03-30,Adaptive Cash Allocation SMA 30,32039.85703559079,10000.0,0.042599277978339345
2020-03-31,Adaptive Cash Allocation SMA 30,31663.532450507177,10000.0,-0.01174551386623163
2020-04-01,Adaptive Cash Allocation SMA 30,30109.624639490692,10000.0,-0.04907563025210087
2020-04-02,Adaptive Cash Allocation SMA 30,30824.872427861737,10000.0,0.02375478927203069
2020-04-03,Adaptive Cash Allocation SMA 30,30312.053573727328,10000.0,-0.016636528028933124
2020-04-06,Adaptive Cash Allocation SMA 30,32851.4029674509,10000.0,0.0837735849056604
2020-04-07,Adaptive Cash Allocation SMA 30,32830.90287199539,10000.0,-0.0006240249609984266
2020-04-08,Adaptive Cash Allocation SMA 30,34934.1325872326,10000.0,0.06406249999999988
2020-04-09,Adaptive Cash Allocation SMA 30,35036.72915870758,10000.0,0.002936857562408291
2020-04-13,Adaptive Cash Allocation SMA 30,36267.88801640741,10000.0,0.03513909224011716
2020-04-14,Adaptive Cash Allocation SMA 30,40987.33030425675,10000.0,0.13012729844413012
2020-04-15,Adaptive Cash Allocation SMA 30,39602.276589344445,10000.0,-0.033792240300375524
2020-04-16,Adaptive Cash Allocation SMA 30,41756.80459031915,10000.0,0.05440414507772032
2020-04-17,Adaptive Cash Allocation SMA 30,42782.770305069,10000.0,0.024570024570024482
2020-04-20,Adaptive Cash Allocation SMA 30,41397.7165901567,10000.0,-0.03237410071942441
2020-04-21,Adaptive Cash Allocation SMA 30,36832.169159519835,10000.0,-0.11028500619578693
2020-04-22,Adaptive Cash Allocation SMA 30,40063.96116098188,10000.0,0.08774373259052924
2020-04-23,Adaptive Cash Allocation SMA 30,39807.46973229442,10000.0,-0.0064020486555697595
2020-04-24,Adaptive Cash Allocation SMA 30,41756.804590319145,10000.0,0.04896907216494856
2020-04-27,Adaptive Cash Allocation SMA 30,42577.57716211903,10000.0,0.019656019656019673
2020-04-28,Adaptive Cash Allocation SMA 30,40269.15430393185,10000.0,-0.054216867469879644
2020-04-29,Adaptive Cash Allocation SMA 30,44424.31544866876,10000.0,0.10318471337579625
2020-04-30,Adaptive Cash Allocation SMA 30,44732.10516309372,10000.0,0.00692840646651276
2020-05-01,Adaptive Cash Allocation SMA 30,40730.83887556929,10000.0,-0.08944954128440369
2020-05-04,Adaptive Cash Allocation SMA 30,42167.19087621909,10000.0,0.03526448362720406
2020-05-05,Adaptive Cash Allocation SMA 30,43500.9463053939,10000.0,0.03163017031630167
2020-05-06,Adaptive Cash Allocation SMA 30,44373.01716293128,10000.0,0.020047169811320747
2020-05-07,Adaptive Cash Allocation SMA 30,46117.15887800604,10000.0,0.03930635838150287
2020-05-08,Adaptive Cash Allocation SMA 30,47963.89716455578,10000.0,0.04004449388209115
2020-05-11,Adaptive Cash Allocation SMA 30,49143.75773651812,10000.0,0.02459893048128347
2020-05-12,Adaptive Cash Allocation SMA 30,46219.755449481025,10000.0,-0.059498956158663914
2020-05-13,Adaptive Cash Allocation SMA 30,44475.613734406266,10000.0,-0.03773584905660376
2020-05-14,Adaptive Cash Allocation SMA 30,45963.26402079356,10000.0,0.033448673587082
2020-05-15,Adaptive Cash Allocation SMA 30,46732.73830685594,10000.0,0.01674107142857127
2020-05-18,Adaptive Cash Allocation SMA 30,49451.547450943064,10000.0,0.058177826564215274
2020-05-19,Adaptive Cash Allocation SMA 30,49041.16116504312,10000.0,-0.008298755186721999
2020-05-20,Adaptive Cash Allocation SMA 30,51965.16345208021,10000.0,0.05962343096234312
2020-05-21,Adaptive Cash Allocation SMA 30,50323.61830848044,10000.0,-0.031589338598223125
2020-05-22,Adaptive Cash Allocation SMA 30,50785.30288011787,10000.0,0.00917431192660549
2020-05-26,Adaptive Cash Allocation SMA 30,50580.1097371679,10000.0,-0.004040404040404133
2020-05-27,Adaptive Cash Allocation SMA 30,51298.2857374928,10000.0,0.014198782961460505
2020-05-28,Adaptive Cash Allocation SMA 30,50990.49602306784,10000.0,-0.0060000000000000496
2020-05-29,Adaptive Cash Allocation SMA 30,53093.72573830505,10000.0,0.041247484909456754
2020-06-01,Adaptive Cash Allocation SMA 30,53709.30516715497,10000.0,0.011594202898550822
2020-06-02,Adaptive Cash Allocation SMA 30,54786.569167642316,10000.0,0.02005730659025779
2020-06-03,Adaptive Cash Allocation SMA 30,55556.04345370471,10000.0,0.014044943820224753
2020-06-04,Adaptive Cash Allocation SMA 30,54427.48116747987,10000.0,-0.02031394275161594
2020-06-05,Adaptive Cash Allocation SMA 30,57659.27316894192,10000.0,0.059377945334590086
2020-06-08,Adaptive Cash Allocation SMA 30,58941.730312379244,10000.0,0.02224199288256228
2020-06-09,Adaptive Cash Allocation SMA 30,60224.187455816565,10000.0,0.02175805047867711
2020-06-10,Adaptive Cash Allocation SMA 30,62430.01374252876,10000.0,0.03662691652470185
2020-06-11,Adaptive Cash Allocation SMA 30,53247.620595517554,10000.0,-0.14708299096138036
2020-06-12,Adaptive Cash Allocation SMA 30,54376.182881742396,10000.0,0.0211946050096338
2020-06-15,Adaptive Cash Allocation SMA 30,56274.21945402963,10000.0,0.03490566037735859
2020-06-16,Adaptive Cash Allocation SMA 30,59249.52002680421,10000.0,0.0528714676390155
2020-06-17,Adaptive Cash Allocation SMA 30,59865.099455654126,10000.0,0.010389610389610322
2020-06-18,Adaptive Cash Allocation SMA 30,60326.78402729156,10000.0,0.007712082262210785
2020-06-19,Adaptive Cash Allocation SMA 30,60224.18745581657,10000.0,-0.0017006802721088073
2020-06-22,Adaptive Cash Allocation SMA 30,62378.715456791266,10000.0,0.03577512776831345
2020-06-23,Adaptive Cash Allocation SMA 30,64020.26060039104,10000.0,0.026315789473684233
2020-06-24,Adaptive Cash Allocation SMA 30,60224.18745581657,10000.0,-0.05929487179487181
2020-06-25,Adaptive Cash Allocation SMA 30,61814.43431367885,10000.0,0.026405451448040927
2020-06-26,Adaptive Cash Allocation SMA 30,57402.78174025447,10000.0,-0.07136929460580922
2020-06-29,Adaptive Cash Allocation SMA 30,58120.957740579375,10000.0,0.012511170688114377
2020-06-30,Adaptive Cash Allocation SMA 30,61495.39809466848,10000.0,0.058058925476603275
2020-07-01,Adaptive Cash Allocation SMA 30,63661.08369505402,10000.0,0.03521703521703519
2020-07-02,Adaptive Cash Allocation SMA 30,65020.93279297052,10000.0,0.02136075949367085
2020-07-06,Adaptive Cash Allocation SMA 30,69805.58702638042,10000.0,0.07358636715724239
2020-07-07,Adaptive Cash Allocation SMA 30,68445.73792846393,10000.0,-0.01948051948051945
2020-07-08,Adaptive Cash Allocation SMA 30,71064.7065614883,10000.0,0.03826342899190578
2020-07-09,Adaptive Cash Allocation SMA 30,72827.47391063934,10000.0,0.024805102763997267
2020-07-10,Adaptive Cash Allocation SMA 30,74388.78213417309,10000.0,0.021438450899031722
2020-07-13,Adaptive Cash Allocation SMA 30,69805.58702638044,10000.0,-0.06161137440758295
2020-07-14,Adaptive Cash Allocation SMA 30,71266.16568710557,10000.0,0.02092352092352099
2020-07-15,Adaptive Cash Allocation SMA 30,71618.71915693578,10000.0,0.0049469964664311155
2020-07-16,Adaptive Cash Allocation SMA 30,70057.41093340202,10000.0,-0.021800281293952214
2020-07-17,Adaptive Cash Allocation SMA 30,70409.96440323222,10000.0,0.0050323508267433705
2020-07-20,Adaptive Cash Allocation SMA 30,76403.3733903457,10000.0,0.08512160228898423
2020-07-21,Adaptive Cash Allocation SMA 30,73985.86388293859,10000.0,-0.03164139749505606
2020-07-22,Adaptive Cash Allocation SMA 30,74791.70038540763,10000.0,0.010891763104152494
2020-07-23,Adaptive Cash Allocation SMA 30,68949.3857425071,10000.0,-0.07811447811447812
2020-07-24,Adaptive Cash Allocation SMA 30,66934.7944863345,10000.0,-0.029218407596786
2020-07-27,Adaptive Cash Allocation SMA 30,68365.15427821704,10000.0,0.021369450714823202
2020-07-28,Adaptive Cash Allocation SMA 30,65777.04486625598,10000.0,-0.03785714285714281
2020-07-29,Adaptive Cash Allocation SMA 30,66675.55832248398,10000.0,0.013659985152190024
2020-07-30,Adaptive Cash Allocation SMA 30,67776.44693800238,10000.0,0.016511127063890914
2020-07-31,Adaptive Cash Allocation SMA 30,71414.16584145448,10000.0,0.053672316384180775
2020-08-03,Adaptive Cash Allocation SMA 30,74094.59029662971,10000.0,0.037533512064343195
2020-08-04,Adaptive Cash Allocation SMA 30,75051.88474490658,10000.0,0.012919896640826828
2020-08-05,Adaptive Cash Allocation SMA 30,75674.12613628655,10000.0,0.008290816326530663
2020-08-06,Adaptive Cash Allocation SMA 30,78546.00948111714,10000.0,0.03795066413662237
2020-08-07,Adaptive Cash Allocation SMA 30,75961.31447076959,10000.0,-0.03290676416819018
2020-08-10,Adaptive Cash Allocation SMA 30,74956.15530007888,10000.0,-0.013232514177693704
2020-08-11,Adaptive Cash Allocation SMA 30,70696.19500524682,10000.0,-0.056832694763729284
2020-08-12,Adaptive Cash Allocation SMA 30,72821.38868042147,10000.0,0.030060934326337205
2020-08-13,Adaptive Cash Allocation SMA 30,73325.81895465613,10000.0,0.006926952141057898
2020-08-14,Adaptive Cash Allocation SMA 30,73096.53246636764,10000.0,-0.003126954346466586
2020-08-17,Adaptive Cash Allocation SMA 30,75526.96924222555,10000.0,0.03324968632371389
2020-08-18,Adaptive Cash Allocation SMA 30,77728.11952979496,10000.0,0.02914389799635704
2020-08-19,Adaptive Cash Allocation SMA 30,76214.828707091,10000.0,-0.019469026548672465
2020-08-20,Adaptive Cash Allocation SMA 30,79333.12494781434,10000.0,0.04091456077015642
2020-08-21,Adaptive Cash Allocation SMA 30,81029.84496114911,10000.0,0.021387283236994275
2020-08-24,Adaptive Cash Allocation SMA 30,82497.27848619537,10000.0,0.018109790605545937
2020-08-25,Adaptive Cash Allocation SMA 30,84423.28498781862,10000.0,0.023346303501945623
2020-08-26,Adaptive Cash Allocation SMA 30,89834.44611142678,10000.0,0.0640956002172732
2020-08-27,Adaptive Cash Allocation SMA 30,89009.01475358826,10000.0,-0.009188361408882068
2020-08-28,Adaptive Cash Allocation SMA 30,90384.73368331915,10000.0,0.015455950540958305
2020-08-31,Adaptive Cash Allocation SMA 30,92494.16937557318,10000.0,0.02333840690005078
2020-09-01,Adaptive Cash Allocation SMA 30,97309.18562963128,10000.0,0.05205751115518081
2020-09-02,Adaptive Cash Allocation SMA 30,100060.62348909305,10000.0,0.02827521206409055
2020-09-03,Adaptive Cash Allocation SMA 30,84698.42877376483,10000.0,-0.15352887259395057
2020-09-04,Adaptive Cash Allocation SMA 30,81167.41685412223,10000.0,-0.041689225771521364
2020-09-08,Adaptive Cash Allocation SMA 30,69703.09243969819,10000.0,-0.14124293785310735
2020-09-09,Adaptive Cash Allocation SMA 30,72106.01483696148,10000.0,0.03447368421052638
2020-09-10,Adaptive Cash Allocation SMA 30,70428.92763542342,10000.0,-0.0232586311326469
2020-09-11,Adaptive Cash Allocation SMA 30,69812.95759308145,10000.0,-0.008745980707395495
2020-09-14,Adaptive Cash Allocation SMA 30,71263.3780138187,10000.0,0.020775805391189985
2020-09-15,Adaptive Cash Allocation SMA 30,72474.85544005361,10000.0,0.016999999999999994
2020-09-16,Adaptive Cash Allocation SMA 30,71084.450539525,10000.0,-0.019184652278177436
2020-09-17,Adaptive Cash Allocation SMA 30,69777.35610894935,10000.0,-0.018387909319899254
2020-09-18,Adaptive Cash Allocation SMA 30,68690.39531411687,10000.0,-0.015577557755775573
2020-09-21,Adaptive Cash Allocation SMA 30,69011.20210541907,10000.0,0.0046703296703296685
2020-09-22,Adaptive Cash Allocation SMA 30,70529.16744704539,10000.0,0.021995926680244363
2020-09-23,Adaptive Cash Allocation SMA 30,67914.95892391166,10000.0,-0.03706563706563706
2020-09-24,Adaptive Cash Allocation SMA 30,68319.55867920305,10000.0,0.005957446808510663
2020-09-25,Adaptive Cash Allocation SMA 30,70229.25983026394,10000.0,0.02795248078266946
2020-09-28,Adaptive Cash Allocation SMA 30,71898.98227168889,10000.0,0.023775310254735425
2020-09-29,Adaptive Cash Allocation SMA 30,71597.55620544506,10000.0,-0.004192355117139289
2020-09-30,Adaptive Cash Allocation SMA 30,72150.7086646024,10000.0,0.007725856697819282
2020-10-01,Adaptive Cash Allocation SMA 30,73509.0471895839,10000.0,0.01882640586797065
2020-10-02,Adaptive Cash Allocation SMA 30,71088.78433990934,10000.0,-0.03292469352014007
2020-10-05,Adaptive Cash Allocation SMA 30,72879.57051030401,10000.0,0.02519083969465649
2020-10-06,Adaptive Cash Allocation SMA 30,71309.4540899743,10000.0,-0.021543985637342916
2020-10-07,Adaptive Cash Allocation SMA 30,72806.90752184473,10000.0,0.020999367488931057
2020-10-08,Adaptive Cash Allocation SMA 30,73244.44903339428,10000.0,0.006009615384615384
2020-10-09,Adaptive Cash Allocation SMA 30,74545.41615654516,10000.0,0.017761989342806397
2020-10-12,Adaptive Cash Allocation SMA 30,81475.94237518088,10000.0,0.09297052154195014
2020-10-13,Adaptive Cash Allocation SMA 30,81475.94237518088,10000.0,0.0
2020-10-14,Adaptive Cash Allocation SMA 30,79489.75498325478,10000.0,-0.024377593360995976
2020-10-15,Adaptive Cash Allocation SMA 30,77841.64204101825,10000.0,-0.020733652312599524
2020-10-16,Adaptive Cash Allocation SMA 30,76658.38146710483,10000.0,-0.015200868621064121
2020-10-19,Adaptive Cash Allocation SMA 30,72855.04390809742,10000.0,-0.049614112458655026
2020-10-20,Adaptive Cash Allocation SMA 30,73319.89627642055,10000.0,0.006380510440835441
2020-10-21,Adaptive Cash Allocation SMA 30,73108.59974536458,10000.0,-0.002881844380403499
2020-10-22,Adaptive Cash Allocation SMA 30,73150.85905157577,10000.0,0.0005780346820808099
2020-10-23,Adaptive Cash Allocation SMA 30,73319.89627642055,10000.0,0.0023108030040439385
2020-10-26,Adaptive Cash Allocation SMA 30,71989.10436238558,10000.0,-0.018150488225157937
2020-10-27,Adaptive Cash Allocation SMA 30,72664.81436723107,10000.0,0.009386281588447667
2020-10-28,Adaptive Cash Allocation SMA 30,69264.39154322661,10000.0,-0.04679600235155795
2020-10-29,Adaptive Cash Allocation SMA 30,70666.28069296967,10000.0,0.02023968042609853
2020-10-30,Adaptive Cash Allocation SMA 30,68695.86475476266,10000.0,-0.027883396704689475
2020-11-02,Adaptive Cash Allocation SMA 30,68714.58297404188,10000.0,0.00027247956403269176
2020-11-03,Adaptive Cash Allocation SMA 30,70099.16544921658,10000.0,0.020149761742682105
2020-11-04,Adaptive Cash Allocation SMA 30,73878.97787006872,10000.0,0.05392093324692163
2020-11-05,Adaptive Cash Allocation SMA 30,79574.9584597085,10000.0,0.07709880068532254
2020-11-06,Adaptive Cash Allocation SMA 30,79828.1131525814,10000.0,0.0031813361611878195
2020-11-09,Adaptive Cash Allocation SMA 30,74975.98153918453,10000.0,-0.06078224101479926
2020-11-10,Adaptive Cash Allocation SMA 30,70925.50645321845,10000.0,-0.0540236353404615
2020-11-11,Adaptive Cash Allocation SMA 30,72832.60513952747,10000.0,0.02688875669244504
2020-11-12,Adaptive Cash Allocation SMA 30,71777.06013750532,10000.0,-0.014492753623188493
2020-11-13,Adaptive Cash Allocation SMA 30,72524.06121585944,10000.0,0.010407239819004545
2020-11-16,Adaptive Cash Allocation SMA 30,74203.22911611637,10000.0,0.02315325248070552
2020-11-17,Adaptive Cash Allocation SMA 30,73523.56591839333,10000.0,-0.00915948275862059
2020-11-18,Adaptive Cash Allocation SMA 30,71804.41783003503,10000.0,-0.023382272974442616
2020-11-19,Adaptive Cash Allocation SMA 30,72524.06121585944,10000.0,0.010022271714922034
2020-11-20,Adaptive Cash Allocation SMA 30,71027.09525920401,10000.0,-0.020640956002172677
2020-11-23,Adaptive Cash Allocation SMA 30,71042.85279558985,10000.0,0.00022185246810866354
2020-11-24,Adaptive Cash Allocation SMA 30,72192.77036855616,10000.0,0.01618625277161864
2020-11-25,Adaptive Cash Allocation SMA 30,73577.39462708999,10000.0,0.01917954182205644
2020-11-27,Adaptive Cash Allocation SMA 30,75577.40744497221,10000.0,0.027182435964453716
2020-11-30,Adaptive Cash Allocation SMA 30,75962.02529456496,10000.0,0.0050890585241731
2020-12-01,Adaptive Cash Allocation SMA 30,78962.04452138829,10000.0,0.039493670886076006
2020-12-02,Adaptive Cash Allocation SMA 30,79269.73880106247,10000.0,0.003896736483195241
2020-12-03,Adaptive Cash Allocation SMA 30,79577.43308073666,10000.0,0.0038816108685105215
2020-12-04,Adaptive Cash Allocation SMA 30,80577.43948967775,10000.0,0.012566457225712807
2020-12-07,Adaptive Cash Allocation SMA 30,81923.60196325232,10000.0,0.016706443914081215
2020-12-08,Adaptive Cash Allocation SMA 30,82692.83766243779,10000.0,0.009389671361502313
2020-12-09,Adaptive Cash Allocation SMA 30,77154.34062830241,10000.0,-0.06697674418604657
2020-12-10,Adaptive Cash Allocation SMA 30,78115.88525228424,10000.0,0.012462612163509473
2020-12-11,Adaptive Cash Allocation SMA 30,77538.95847789514,10000.0,-0.007385524372230359
2020-12-14,Adaptive Cash Allocation SMA 30,79192.8152311439,10000.0,0.021329365079365066
2020-12-15,Adaptive Cash Allocation SMA 30,81654.36946853739,10000.0,0.03108305002428366
2020-12-16,Adaptive Cash Allocation SMA 30,83038.99372707124,10000.0,0.016957136128120557
2020-12-17,Adaptive Cash Allocation SMA 30,84731.31226527927,10000.0,0.020379805465493343
2020-12-18,Adaptive Cash Allocation SMA 30,83808.2294262567,10000.0,-0.010894235133908397
2020-12-21,Adaptive Cash Allocation SMA 30,83500.53514658252,10000.0,-0.003671408903166512
2020-12-22,Adaptive Cash Allocation SMA 30,84154.38549089017,10000.0,0.007830492860432895
2020-12-23,Adaptive Cash Allocation SMA 30,82885.14658723417,10000.0,-0.015082266910420397
2020-12-24,Adaptive Cash Allocation SMA 30,83962.07656609382,10000.0,0.01299303944315534
2020-12-28,Adaptive Cash Allocation SMA 30,86500.55437340586,10000.0,0.030233623453962445
2020-12-29,Adaptive Cash Allocation SMA 30,86731.3250831615,10000.0,0.002667852378835139
2020-12-30,Adaptive Cash Allocation SMA 30,86731.3250831615,10000.0,0.0
2020-12-31,Adaptive Cash Allocation SMA 30,87423.63721242842,10000.0,0.007982261640798214
2021-01-04,Adaptive Cash Allocation SMA 30,83577.45871650109,10000.0,-0.04399472063352398
2021-01-05,Adaptive Cash Allocation SMA 30,84423.61798560512,10000.0,0.010124252185918099
2021-01-06,Adaptive Cash Allocation SMA 30,80899.65188476972,10000.0,-0.04174147217235187
2021-01-07,Adaptive Cash Allocation SMA 30,83248.96261865998,10000.0,0.02903981264636997
2021-01-08,Adaptive Cash Allocation SMA 30,86448.0493917788,10000.0,0.03842794759825339
2021-01-11,Adaptive Cash Allocation SMA 30,82630.95721930749,10000.0,-0.044154751892346536
2021-01-12,Adaptive Cash Allocation SMA 30,82303.77789023852,10000.0,-0.0039595248570171515
2021-01-13,Adaptive Cash Allocation SMA 30,82943.59524486228,10000.0,0.007773851590105967
2021-01-14,Adaptive Cash Allocation SMA 30,81649.84765872058,10000.0,-0.015597920277296336
2021-01-15,Adaptive Cash Allocation SMA 30,80859.22413385622,10000.0,-0.009683098591549248
2021-01-19,Adaptive Cash Allocation SMA 30,82259.76279273762,10000.0,0.01732070365358588
2021-01-20,Adaptive Cash Allocation SMA 30,84564.31645852639,10000.0,0.02801556420233465
2021-01-21,Adaptive Cash Allocation SMA 30,86648.5278944739,10000.0,0.024646464646464625
2021-01-22,Adaptive Cash Allocation SMA 30,85862.67768091991,10000.0,-0.009069400630914843
2021-01-25,Adaptive Cash Allocation SMA 30,88254.39572217116,10000.0,0.02785515320334259
2021-01-26,Adaptive Cash Allocation SMA 30,88322.73052334978,10000.0,0.0007742934572204076
2021-01-27,Adaptive Cash Allocation SMA 30,81215.91120077462,10000.0,-0.08046421663442947
2021-01-28,Adaptive Cash Allocation SMA 30,81694.25480902486,10000.0,0.005889777029869608
2021-01-29,Adaptive Cash Allocation SMA 30,76613.76632587655,10000.0,-0.062189054726368154
2021-02-01,Adaptive Cash Allocation SMA 30,78862.72922775021,10000.0,0.02935455349248453
2021-02-02,Adaptive Cash Allocation SMA 30,82662.95135281066,10000.0,0.04818780889621079
2021-02-03,Adaptive Cash Allocation SMA 30,81721.0159542914,10000.0,-0.011394891944990144
2021-02-04,Adaptive Cash Allocation SMA 30,84611.78321181603,10000.0,0.03537360890302069
2021-02-05,Adaptive Cash Allocation SMA 30,85521.23807935185,10000.0,0.010748560460652498
2021-02-08,Adaptive Cash Allocation SMA 30,87177.7451595064,10000.0,0.019369540448158057
2021-02-09,Adaptive Cash Allocation SMA 30,87145.26462852297,10000.0,-0.00037257824143075867
2021-02-10,Adaptive Cash Allocation SMA 30,86528.13453983795,10000.0,-0.0070816250465895545
2021-02-11,Adaptive Cash Allocation SMA 30,87924.79737212513,10000.0,0.01614114114114113
2021-02-12,Adaptive Cash Allocation SMA 30,89418.90179736257,10000.0,0.016992981159955702
2021-02-16,Adaptive Cash Allocation SMA 30,88671.84958474385,10000.0,-0.008354522339266271
2021-02-17,Adaptive Cash Allocation SMA 30,87437.58940737379,10000.0,-0.013919413919413882
2021-02-18,Adaptive Cash Allocation SMA 30,86268.29029197057,10000.0,-0.01337295690936118
2021-02-19,Adaptive Cash Allocation SMA 30,85098.99117656736,10000.0,-0.013554216867469859
2021-02-22,Adaptive Cash Allocation SMA 30,82461.57206071344,10000.0,-0.030992366412213708
2021-02-23,Adaptive Cash Allocation SMA 30,82174.98653927779,10000.0,-0.0034753827058336922
2021-02-24,Adaptive Cash Allocation SMA 30,82970.67088306378,10000.0,0.009682804674457401
2021-02-25,Adaptive Cash Allocation SMA 30,79508.4880393695,10000.0,-0.04172779136104318
2021-02-26,Adaptive Cash Allocation SMA 30,79985.97304488347,10000.0,0.006005459508644191
2021-03-01,Adaptive Cash Allocation SMA 30,82768.09384644464,10000.0,0.0347826086956522
2021-03-02,Adaptive Cash Allocation SMA 30,81184.40743222812,10000.0,-0.019134020618556707
2021-03-03,Adaptive Cash Allocation SMA 30,78357.54456624668,10000.0,-0.03482026851450847
2021-03-04,Adaptive Cash Allocation SMA 30,76811.20972091657,10000.0,-0.01973434535104363
2021-03-05,Adaptive Cash Allocation SMA 30,78191.05181171147,10000.0,0.01796407185628747
2021-03-08,Adaptive Cash Allocation SMA 30,75517.47047946765,10000.0,-0.03419293218720158
2021-03-09,Adaptive Cash Allocation SMA 30,79082.36830262373,10000.0,0.047206266318537894
2021-03-10,Adaptive Cash Allocation SMA 30,78801.64621056397,10000.0,-0.0035497431106959604
2021-03-11,Adaptive Cash Allocation SMA 30,80985.21680301504,10000.0,0.027709707822808717
2021-03-12,Adaptive Cash Allocation SMA 30,80185.71532377857,10000.0,-0.009872190392243319
2021-03-15,Adaptive Cash Allocation SMA 30,81214.75929810994,10000.0,0.012833258020786279
2021-03-16,Adaptive Cash Allocation SMA 30,81741.01955976144,10000.0,0.0064798598949212085
2021-03-17,Adaptive Cash Allocation SMA 30,82149.5485674707,10000.0,0.0049978457561395805
2021-03-18,Adaptive Cash Allocation SMA 30,79143.22466244837,10000.0,-0.03659574468085104
2021-03-19,Adaptive Cash Allocation SMA 30,79543.57446401953,10000.0,0.005058548009367674
2021-03-22,Adaptive Cash Allocation SMA 30,81235.99094197739,10000.0,0.021276595744680826
2021-03-23,Adaptive Cash Allocation SMA 30,80822.14048307229,10000.0,-0.0050944224857268185
2021-03-24,Adaptive Cash Allocation SMA 30,79182.6878113516,10000.0,-0.020284697508896807
2021-03-25,Adaptive Cash Allocation SMA 30,79019.42453751377,10000.0,-0.002061855670103082
2021-03-26,Adaptive Cash Allocation SMA 30,80404.03244745043,10000.0,0.01752237399905793
2021-03-29,Adaptive Cash Allocation SMA 30,80389.51908419277,10000.0,-0.0001805054151624831
2021-03-30,Adaptive Cash Allocation SMA 30,79924.96565562497,10000.0,-0.005778781038374724
2021-03-31,Adaptive Cash Allocation SMA 30,81374.8184453468,10000.0,0.0181401740723775
2021-04-01,Adaptive Cash Allocation SMA 30,83029.41598078242,10000.0,0.0203330411919369
2021-04-05,Adaptive Cash Allocation SMA 30,88015.33587287276,10000.0,0.0600500417014179
2021-04-06,Adaptive Cash Allocation SMA 30,87772.96476700726,10000.0,-0.0027537372147915136
2021-04-07,Adaptive Cash Allocation SMA 30,88430.82919721362,10000.0,0.007495069033530482
2021-04-08,Adaptive Cash Allocation SMA 30,91200.78469281938,10000.0,0.031323414252153514
2021-04-09,Adaptive Cash Allocation SMA 30,92862.75799018283,10000.0,0.018223234624145802
2021-04-12,Adaptive Cash Allocation SMA 30,92481.88910953703,10000.0,-0.004101416853094684
2021-04-13,Adaptive Cash Allocation SMA 30,95667.33792948365,10000.0,0.034444028453762564
2021-04-14,Adaptive Cash Allocation SMA 30,92308.76689106168,10000.0,-0.03510676800579077
2021-04-15,Adaptive Cash Allocation SMA 30,96359.82680338509,10000.0,0.04388597149287315
2021-04-16,Adaptive Cash Allocation SMA 30,96775.32012772595,10000.0,0.004311893639956917
2021-04-19,Adaptive Cash Allocation SMA 30,94143.86240690049,10000.0,-0.027191413237924796
2021-04-20,Adaptive Cash Allocation SMA 30,92066.39578519616,10000.0,-0.02206693637366684
2021-04-21,Adaptive Cash Allocation SMA 30,94420.85795646104,10000.0,0.02557352388115832
2021-04-22,Adaptive Cash Allocation SMA 30,90958.41358695384,10000.0,-0.036670333700036674
2021-04-23,Adaptive Cash Allocation SMA 30,94386.23351276598,10000.0,0.03768557289684058
2021-04-26,Adaptive Cash Allocation SMA 30,96290.57791599493,10000.0,0.020176082171680012
2021-04-27,Adaptive Cash Allocation SMA 30,95009.47349927729,10000.0,-0.013304566702624863
2021-04-28,Adaptive Cash Allocation SMA 30,94039.98907581528,10000.0,-0.010204081632653102
2021-04-29,Adaptive Cash Allocation SMA 30,94974.84905558222,10000.0,0.009941089837997038
2021-04-30,Adaptive Cash Allocation SMA 30,93209.00242713356,10000.0,-0.01859278162595691
2021-05-03,Adaptive Cash Allocation SMA 30,91685.5269045504,10000.0,-0.016344725111441354
2021-05-04,Adaptive Cash Allocation SMA 30,89746.55805762636,10000.0,-0.021148036253776467
2021-05-05,Adaptive Cash Allocation SMA 30,89331.46233455281,10000.0,-0.004625199362041454
2021-05-06,Adaptive Cash Allocation SMA 30,90109.82441056184,10000.0,0.008713190802743027
2021-05-07,Adaptive Cash Allocation SMA 30,90992.0682500336,10000.0,0.009790761942360855
2021-05-10,Adaptive Cash Allocation SMA 30,88257.04654540832,10000.0,-0.030057803468208084
2021-05-11,Adaptive Cash Allocation SMA 30,88080.5324523175,10000.0,-0.002000000000000017
2021-05-12,Adaptive Cash Allocation SMA 30,85395.33029045454,10000.0,-0.03048576214405361
2021-05-13,Adaptive Cash Allocation SMA 30,86123.08741169686,10000.0,0.008522212148685447
2021-05-14,Adaptive Cash Allocation SMA 30,88355.48346355798,10000.0,0.025920994229915617
2021-05-17,Adaptive Cash Allocation SMA 30,87766.20137292983,10000.0,-0.006669445602334283
2021-05-18,Adaptive Cash Allocation SMA 30,87022.10471016655,10000.0,-0.00847816871555744
2021-05-19,Adaptive Cash Allocation SMA 30,87157.78230954144,10000.0,0.0015591165006496295
2021-05-20,Adaptive Cash Allocation SMA 30,89173.16502386043,10000.0,0.023123382226056945
2021-05-21,Adaptive Cash Allocation SMA 30,88576.73765583787,10000.0,-0.006688417618270802
2021-05-24,Adaptive Cash Allocation SMA 30,90354.88535494304,10000.0,0.020074657818332658
2021-05-25,Adaptive Cash Allocation SMA 30,90526.17423713251,10000.0,0.001895734597156414
2021-05-26,Adaptive Cash Allocation SMA 30,90896.24979218996,10000.0,0.0040880503144653775
2021-05-27,Adaptive Cash Allocation SMA 30,90471.83150522254,10000.0,-0.004669260700389116
2021-05-28,Adaptive Cash Allocation SMA 30,90828.01981823522,10000.0,0.003937007874015748
2021-06-01,Adaptive Cash Allocation SMA 30,90473.91447781325,10000.0,-0.0038986354775828467
2021-06-02,Adaptive Cash Allocation SMA 30,90659.13666493319,10000.0,0.0020472440944882295
2021-06-03,Adaptive Cash Allocation SMA 30,89522.79025941895,10000.0,-0.012534273403838631
2021-06-04,Adaptive Cash Allocation SMA 30,91361.75416769976,10000.0,0.020541852001617462
2021-06-07,Adaptive Cash Allocation SMA 30,91685.03422090855,10000.0,0.0035384615384615454
2021-06-08,Adaptive Cash Allocation SMA 30,91712.99763203195,10000.0,0.00030499428135721807
2021-06-09,Adaptive Cash Allocation SMA 30,91754.9235738066,10000.0,0.0004571428571428745
2021-06-10,Adaptive Cash Allocation SMA 30,92886.14865896312,10000.0,0.012328767123287652
2021-06-11,Adaptive Cash Allocation SMA 30,93640.48430698719,10000.0,0.008121077888519707
2021-06-14,Adaptive Cash Allocation SMA 30,96246.37109107031,10000.0,0.027828634199926826
2021-06-15,Adaptive Cash Allocation SMA 30,94463.39592301344,10000.0,-0.018525115781973623
2021-06-16,Adaptive Cash Allocation SMA 30,93434.75640298061,10000.0,-0.010889292196007285
2021-06-17,Adaptive Cash Allocation SMA 30,96932.13077109217,10000.0,0.03743119266055044
2021-06-18,Adaptive Cash Allocation SMA 30,94634.83584301888,10000.0,-0.02370003537318706
2021-06-21,Adaptive Cash Allocation SMA 30,96349.23504307358,10000.0,0.018115942028985508
2021-06-22,Adaptive Cash Allocation SMA 30,99057.98577916,10000.0,0.028113879003558686
2021-06-23,Adaptive Cash Allocation SMA 30,99229.42569916547,10000.0,0.001730702665282129
2021-06-24,Adaptive Cash Allocation SMA 30,101046.68885122343,10000.0,0.01831375259156868
2021-06-25,Adaptive Cash Allocation SMA 30,100738.09699521358,10000.0,-0.003053953172718014
2021-06-28,Adaptive Cash Allocation SMA 30,104304.04733132734,10000.0,0.035398230088495665
2021-06-29,Adaptive Cash Allocation SMA 30,105469.83878736453,10000.0,0.011176857330703479
2021-06-30,Adaptive Cash Allocation SMA 30,105024.0949953503,10000.0,-0.004226267880364192
2021-07-01,Adaptive Cash Allocation SMA 30,105058.3829793514,10000.0,0.0003264773098270181
2021-07-02,Adaptive Cash Allocation SMA 30,108624.33331546516,10000.0,0.03394255874673626
2021-07-06,Adaptive Cash Allocation SMA 30,110064.42864351111,10000.0,0.013257575757575812
2021-07-07,Adaptive Cash Allocation SMA 30,110784.47630753409,10000.0,0.0065420560747663815
2021-07-08,Adaptive Cash Allocation SMA 30,108864.34920347283,10000.0,-0.017332095326524365
2021-07-09,Adaptive Cash Allocation SMA 30,110715.90033953189,10000.0,0.017007874015748006
2021-07-12,Adaptive Cash Allocation SMA 30,112087.41969957564,10000.0,0.012387736141220148
2021-07-13,Adaptive Cash Allocation SMA 30,112018.84373157346,10000.0,-0.0006118078923216893
2021-07-14,Adaptive Cash Allocation SMA 30,112636.02744359316,10000.0,0.0055096418732782275
2021-07-15,Adaptive Cash Allocation SMA 30,110304.44453151879,10000.0,-0.020700152207001513
2021-07-16,Adaptive Cash Allocation SMA 30,107595.69379543238,10000.0,-0.024557040721168873
2021-07-19,Adaptive Cash Allocation SMA 30,105024.09499535034,10000.0,-0.02390057361376673
2021-07-20,Adaptive Cash Allocation SMA 30,106409.32954899454,10000.0,0.013189683317009489
2021-07-21,Adaptive Cash Allocation SMA 30,108830.78079031174,10000.0,0.022756005056889975
2021-07-22,Adaptive Cash Allocation SMA 30,111117.70696266685,10000.0,0.021013597033374527
2021-07-23,Adaptive Cash Allocation SMA 30,114817.14635912368,10000.0,0.03329297820823249
2021-07-26,Adaptive Cash Allocation SMA 30,115287.98410049092,10000.0,0.004100761570005875
2021-07-27,Adaptive Cash Allocation SMA 30,111521.28216955304,10000.0,-0.03267211201866991
2021-07-28,Adaptive Cash Allocation SMA 30,112765.63905745218,10000.0,0.011158021712907255
2021-07-29,Adaptive Cash Allocation SMA 30,113303.73933330043,10000.0,0.004771846107962916
2021-07-30,Adaptive Cash Allocation SMA 30,111622.1759712746,10000.0,-0.014841199168892847
2021-08-02,Adaptive Cash Allocation SMA 30,111595.2709574822,10000.0,-0.00024103645676403765
2021-08-03,Adaptive Cash Allocation SMA 30,112375.7986289364,10000.0,0.0069942719324690775
2021-08-04,Adaptive Cash Allocation SMA 30,112941.83968869699,10000.0,0.005037037037037087
2021-08-05,Adaptive Cash Allocation SMA 30,113794.23093163055,10000.0,0.007547169811320762
2021-08-06,Adaptive Cash Allocation SMA 30,112312.53521637493,10000.0,-0.013020833333333415
2021-08-09,Adaptive Cash Allocation SMA 30,112549.60653081583,10000.0,0.0021108179419525035
2021-08-10,Adaptive Cash Allocation SMA 30,111880.02007026505,10000.0,-0.005949256342957107
2021-08-11,Adaptive Cash Allocation SMA 30,111641.55466336572,10000.0,-0.002131438721136764
2021-08-12,Adaptive Cash Allocation SMA 30,112093.43714652697,10000.0,0.004047619047619004
2021-08-13,Adaptive Cash Allocation SMA 30,112542.60354169278,10000.0,0.004007071302298214
2021-08-16,Adaptive Cash Allocation SMA 30,112634.52865543745,10000.0,0.0008168028004667477
2021-08-17,Adaptive Cash Allocation SMA 30,111440.96334450356,10000.0,-0.010596797671033522
2021-08-18,Adaptive Cash Allocation SMA 30,110147.92824349676,10000.0,-0.011602870813397117
2021-08-19,Adaptive Cash Allocation SMA 30,110772.11114453782,10000.0,0.005666769325531271
2021-08-20,Adaptive Cash Allocation SMA 30,112144.56851918015,10000.0,0.012389918007895575
2021-08-23,Adaptive Cash Allocation SMA 30,114139.71783834317,10000.0,0.01779086892488952
2021-08-24,Adaptive Cash Allocation SMA 30,115266.30839794328,10000.0,0.009870276367738337
2021-08-25,Adaptive Cash Allocation SMA 30,115395.06160475474,10000.0,0.001117006422786907
2021-08-26,Adaptive Cash Allocation SMA 30,113431.57520088025,10000.0,-0.017015341701534153
2021-08-27,Adaptive Cash Allocation SMA 30,114770.60855171924,10000.0,0.011804767309875133
2021-08-30,Adaptive Cash Allocation SMA 30,118566.76980480808,10000.0,0.03307607497243648
2021-08-31,Adaptive Cash Allocation SMA 30,118218.78835660827,10000.0,-0.0029348986125933684
2021-09-01,Adaptive Cash Allocation SMA 30,118883.11657589882,10000.0,0.005619480867005643
2021-09-02,Adaptive Cash Allocation SMA 30,118724.94319035346,10000.0,-0.0013304949441191368
2021-09-03,Adaptive Cash Allocation SMA 30,119768.88753495287,10000.0,0.008792965627497956
2021-09-07,Adaptive Cash Allocation SMA 30,120275.04236869805,10000.0,0.004226096143687366
2021-09-08,Adaptive Cash Allocation SMA 30,119041.28996144418,10000.0,-0.010257759074171502
2021-09-09,Adaptive Cash Allocation SMA 30,117744.26819997215,10000.0,-0.010895562051554708
2021-09-10,Adaptive Cash Allocation SMA 30,115118.58999991904,10000.0,-0.022299838796346005
2021-09-13,Adaptive Cash Allocation SMA 30,115017.35903317001,10000.0,-0.0008793624622148755
2021-09-14,Adaptive Cash Allocation SMA 30,114611.89987711808,10000.0,-0.003525199669512534
2021-09-15,Adaptive Cash Allocation SMA 30,115630.95539144642,10000.0,0.008891358710752955
2021-09-16,Adaptive Cash Allocation SMA 30,115718.9593803282,10000.0,0.0007610763794509409
2021-09-17,Adaptive Cash Allocation SMA 30,114086.46185244512,10000.0,-0.014107433532284289
2021-09-20,Adaptive Cash Allocation SMA 30,111276.00795529265,10000.0,-0.024634420697412878
2021-09-21,Adaptive Cash Allocation SMA 30,111342.70019859819,10000.0,0.0005993407252023287
2021-09-22,Adaptive Cash Allocation SMA 30,112635.36829186739,10000.0,0.011609814482345888
2021-09-23,Adaptive Cash Allocation SMA 30,113893.05894101183,10000.0,0.011166036638557732
2021-09-24,Adaptive Cash Allocation SMA 30,114021.93368945993,10000.0,0.0011315417256011475
2021-09-27,Adaptive Cash Allocation SMA 30,112915.48671656361,10000.0,-0.009703808180535959
2021-09-28,Adaptive Cash Allocation SMA 30,109154.90155618543,10000.0,-0.033304423243712085
2021-09-29,Adaptive Cash Allocation SMA 30,108865.74949908296,10000.0,-0.002649006622516567
2021-09-30,Adaptive Cash Allocation SMA 30,108368.07750137287,10000.0,-0.004571428571428565
2021-10-01,Adaptive Cash Allocation SMA 30,109161.52392623841,10000.0,0.0073217726396917196
2021-10-04,Adaptive Cash Allocation SMA 30,106476.37764233851,10000.0,-0.02459791863765373
2021-10-05,Adaptive Cash Allocation SMA 30,108122.18186664884,10000.0,0.015456989247311809
2021-10-06,Adaptive Cash Allocation SMA 30,108961.69411666488,10000.0,0.007764477515367213
2021-10-07,Adaptive Cash Allocation SMA 30,110151.24736249581,10000.0,0.0109171691526499
2021-10-08,Adaptive Cash Allocation SMA 30,109470.67122803492,10000.0,-0.006178560395427822
2021-10-11,Adaptive Cash Allocation SMA 30,108495.15599023254,10000.0,-0.008911201757138386
2021-10-12,Adaptive Cash Allocation SMA 30,108049.47627371298,10000.0,-0.004107830551989734
2021-10-13,Adaptive Cash Allocation SMA 30,109072.51281949521,10000.0,0.009468223086900136
2021-10-14,Adaptive Cash Allocation SMA 30,111477.15231656106,10000.0,0.022046246436490363
2021-10-15,Adaptive Cash Allocation SMA 30,112307.1233094913,10000.0,0.007445211648153677
2021-10-18,Adaptive Cash Allocation SMA 30,113644.34929879381,10000.0,0.011906867079280849
2021-10-19,Adaptive Cash Allocation SMA 30,114646.13692283585,10000.0,0.008815111619919899
2021-10-20,Adaptive Cash Allocation SMA 30,114292.98444281591,10000.0,-0.003080369644357307
2021-10-21,Adaptive Cash Allocation SMA 30,116347.68978111373,10000.0,0.017977528089887656
2021-10-22,Adaptive Cash Allocation SMA 30,113394.05085731062,10000.0,-0.02538631346578371
2021-10-25,Adaptive Cash Allocation SMA 30,114755.29314393291,10000.0,0.012004530011325055
2021-10-26,Adaptive Cash Allocation SMA 30,115827.77251910984,10000.0,0.009345794392523261
2021-10-27,Adaptive Cash Allocation SMA 30,116742.5343391137,10000.0,0.007897603485838758
2021-10-28,Adaptive Cash Allocation SMA 30,120559.29917430224,10000.0,0.032693866522561496
2021-10-29,Adaptive Cash Allocation SMA 30,122357.27930327535,10000.0,0.014913657770800635
2021-11-01,Adaptive Cash Allocation SMA 30,123555.93272259078,10000.0,0.009796339262696638
2021-11-02,Adaptive Cash Allocation SMA 30,125196.19529639078,10000.0,0.013275465917794127
2021-11-03,Adaptive Cash Allocation SMA 30,129202.22119778702,10000.0,0.03199798437893684
2021-11-04,Adaptive Cash Allocation SMA 30,133996.83487504863,10000.0,0.0371093749999999
2021-11-05,Adaptive Cash Allocation SMA 30,134501.5310516025,10000.0,0.0037664783427496166
2021-11-08,Adaptive Cash Allocation SMA 30,133965.29136401403,10000.0,-0.00398686679174488
2021-11-09,Adaptive Cash Allocation SMA 30,131189.46239296783,10000.0,-0.020720508594301752
2021-11-10,Adaptive Cash Allocation SMA 30,125448.54338466773,10000.0,-0.043760519355614334
2021-11-11,Adaptive Cash Allocation SMA 30,126457.93573777543,10000.0,0.008046266029670613
2021-11-12,Adaptive Cash Allocation SMA 30,130463.96163917166,10000.0,0.031678722873534446
2021-11-15,Adaptive Cash Allocation SMA 30,130432.41812813705,10000.0,-0.00024177949709859792
2021-11-16,Adaptive Cash Allocation SMA 30,133145.160077114,10000.0,0.020798065296251497
2021-11-17,Adaptive Cash Allocation SMA 30,133302.8776322871,10000.0,0.0011845534233593262
2021-11-18,Adaptive Cash Allocation SMA 30,137371.99055575256,10000.0,0.030525319451017493
2021-11-19,Adaptive Cash Allocation SMA 30,139674.66686127955,10000.0,0.016762342135476557
2021-11-22,Adaptive Cash Allocation SMA 30,134848.50967298332,10000.0,-0.034552845528455306
2021-11-23,Adaptive Cash Allocation SMA 30,133018.9860329756,10000.0,-0.013567251461988264
2021-11-24,Adaptive Cash Allocation SMA 30,134249.18296332564,10000.0,0.009248280768318722
2021-11-26,Adaptive Cash Allocation SMA 30,126836.45787019088,10000.0,-0.055216165413533864
2021-11-29,Adaptive Cash Allocation SMA 30,129990.80897365249,10000.0,0.02486943546381497
2021-11-30,Adaptive Cash Allocation SMA 30,124390.64300522539,10000.0,-0.043081245609927495
2021-12-01,Adaptive Cash Allocation SMA 30,121846.21977174439,10000.0,-0.02045510154147293
2021-12-02,Adaptive Cash Allocation SMA 30,122763.67970401229,10000.0,0.007529654461062372
2021-12-03,Adaptive Cash Allocation SMA 30,120290.38461303803,10000.0,-0.020146798278916682
2021-12-06,Adaptive Cash Allocation SMA 30,121418.90847721152,10000.0,0.009381663113006347
2021-12-07,Adaptive Cash Allocation SMA 30,125795.04830357769,10000.0,0.03604166666666668
2021-12-08,Adaptive Cash Allocation SMA 30,126492.2401623075,10000.0,0.005542283803153352
2021-12-09,Adaptive Cash Allocation SMA 30,124310.51726412632,10000.0,-0.017247879359095178
2021-12-10,Adaptive Cash Allocation SMA 30,125853.30230970916,10000.0,0.012410736271854204
2021-12-13,Adaptive Cash Allocation SMA 30,123689.11846296949,10000.0,-0.017196083114401694
2021-12-14,Adaptive Cash Allocation SMA 30,122219.78927933153,10000.0,-0.011879211380084829
2021-12-15,Adaptive Cash Allocation SMA 30,125451.32074484472,10000.0,0.026440329218106996
2021-12-16,Adaptive Cash Allocation SMA 30,121613.6301609011,10000.0,-0.03059107358262969
2021-12-17,Adaptive Cash Allocation SMA 30,120876.57785689564,10000.0,-0.006060606060606043
2021-12-20,Adaptive Cash Allocation SMA 30,119427.34143272278,10000.0,-0.01198938992042443
2021-12-21,Adaptive Cash Allocation SMA 30,122627.74598848073,10000.0,0.026797921793820102
2021-12-22,Adaptive Cash Allocation SMA 30,124375.08137468254,10000.0,0.014249103024090144
2021-12-23,Adaptive Cash Allocation SMA 30,125556.96781981687,10000.0,0.009502598366740916
2021-12-27,Adaptive Cash Allocation SMA 30,127960.66901665746,10000.0,0.019144307469180607
2021-12-28,Adaptive Cash Allocation SMA 30,126455.24938116738,10000.0,-0.011764705882352894
2021-12-29,Adaptive Cash Allocation SMA 30,126372.59889137576,10000.0,-0.0006535947712418327
2021-12-30,Adaptive Cash Allocation SMA 30,125899.84659250692,10000.0,-0.00374093991115273
2021-12-31,Adaptive Cash Allocation SMA 30,124960.8720462895,10000.0,-0.00745810715128628
2022-01-03,Adaptive Cash Allocation SMA 30,126403.42179574161,10000.0,0.011544011544011572
2022-01-04,Adaptive Cash Allocation SMA 30,124441.47995206763,10000.0,-0.015521271622253426
2022-01-05,Adaptive Cash Allocation SMA 30,119865.71347133986,10000.0,-0.03677042801556415
2022-01-06,Adaptive Cash Allocation SMA 30,119737.30885058855,10000.0,-0.0010712372790573263
2022-01-07,Adaptive Cash Allocation SMA 30,118168.248519786,10000.0,-0.013104189044038657
2022-01-10,Adaptive Cash Allocation SMA 30,118338.84121614991,10000.0,0.00144364242087724
2022-01-11,Adaptive Cash Allocation SMA 30,120420.8191694963,10000.0,0.01759336099585066
2022-01-12,Adaptive Cash Allocation SMA 30,120969.63689332125,10000.0,0.00455749867514573
2022-01-13,Adaptive Cash Allocation SMA 30,117458.12634373257,10000.0,-0.029028032486245775
2022-01-14,Adaptive Cash Allocation SMA 30,118174.8199959994,10000.0,0.006101694915254228
2022-01-18,Adaptive Cash Allocation SMA 30,114768.33381024939,10000.0,-0.02882582081246518
2022-01-19,Adaptive Cash Allocation SMA 30,113171.55699201982,10000.0,-0.013913043478260915
2022-01-20,Adaptive Cash Allocation SMA 30,111413.68875666692,10000.0,-0.015532774153463767
2022-01-21,Adaptive Cash Allocation SMA 30,107654.28697703019,10000.0,-0.03374272786037496
2022-01-24,Adaptive Cash Allocation SMA 30,108292.68867883539,10000.0,0.005930109424638217
2022-01-25,Adaptive Cash Allocation SMA 30,105098.5252005866,10000.0,-0.029495652173913058
2022-01-26,Adaptive Cash Allocation SMA 30,105019.59277460043,10000.0,-0.0007510326699211523
2022-01-27,Adaptive Cash Allocation SMA 30,103755.24854255107,10000.0,-0.012039127163280622
2022-01-28,Adaptive Cash Allocation SMA 30,107618.90403521394,10000.0,0.037238169123351414
2022-01-31,Adaptive Cash Allocation SMA 30,111804.5079678823,10000.0,0.03889283179559975
2022-02-01,Adaptive Cash Allocation SMA 30,112643.40337048736,10000.0,0.007503234152651983
2022-02-02,Adaptive Cash Allocation SMA 30,113716.19768830152,10000.0,0.009523809523809525
2022-02-03,Adaptive Cash Allocation SMA 30,108243.71586466604,10000.0,-0.04812403100775193
2022-02-04,Adaptive Cash Allocation SMA 30,109739.36396543971,10000.0,0.013817412759957707
2022-02-07,Adaptive Cash Allocation SMA 30,108737.31457727146,10000.0,-0.009131175468483839
2022-02-08,Adaptive Cash Allocation SMA 30,110223.54286577531,10000.0,0.013668061366806143
2022-02-09,Adaptive Cash Allocation SMA 30,112958.69214255248,10000.0,0.024814565070802427
2022-02-10,Adaptive Cash Allocation SMA 30,109960.8043129914,10000.0,-0.026539682539682537
2022-02-11,Adaptive Cash Allocation SMA 30,105818.11233139348,10000.0,-0.037674260455627336
2022-02-14,Adaptive Cash Allocation SMA 30,105945.2211750348,10000.0,0.0012012012012011756
2022-02-15,Adaptive Cash Allocation SMA 30,109006.2133437147,10000.0,0.028892215568862276
2022-02-16,Adaptive Cash Allocation SMA 30,109006.2133437147,10000.0,0.0
2022-02-17,Adaptive Cash Allocation SMA 30,105125.36386341491,10000.0,-0.035602094240837656
2022-02-18,Adaptive Cash Allocation SMA 30,103707.58117836043,10000.0,-0.013486590038314214
2022-02-22,Adaptive Cash Allocation SMA 30,102424.60079264877,10000.0,-0.01237113402061852
2022-02-23,Adaptive Cash Allocation SMA 30,99289.8380515317,10000.0,-0.030605564648117856
2022-02-24,Adaptive Cash Allocation SMA 30,103178.72670184424,10000.0,0.039167035888347385
2022-02-25,Adaptive Cash Allocation SMA 30,105127.38062018415,10000.0,0.018886198547215467
2022-02-28,Adaptive Cash Allocation SMA 30,105581.10958471056,10000.0,0.004315992292870923
2022-03-01,Adaptive Cash Allocation SMA 30,103632.910688828,10000.0,-0.0184521540221121
2022-03-02,Adaptive Cash Allocation SMA 30,105621.07204496856,10000.0,0.01918465227817745
2022-03-03,Adaptive Cash Allocation SMA 30,103848.63605336727,10000.0,-0.016781083142639177
2022-03-04,Adaptive Cash Allocation SMA 30,102079.24050277646,10000.0,-0.01703821656050956
2022-03-07,Adaptive Cash Allocation SMA 30,97512.20254930505,10000.0,-0.04474012474012476
2022-03-08,Adaptive Cash Allocation SMA 30,96982.64189875638,10000.0,-0.005430711610486876
2022-03-09,Adaptive Cash Allocation SMA 30,101125.23220292728,10000.0,0.04271476032273375
2022-03-10,Adaptive Cash Allocation SMA 30,99824.30726035104,10000.0,-0.012864493996569469
2022-03-11,Adaptive Cash Allocation SMA 30,97347.49680107782,10000.0,-0.02481169694284446
2022-03-14,Adaptive Cash Allocation SMA 30,95066.70518967799,10000.0,-0.02342938119981109
2022-03-15,Adaptive Cash Allocation SMA 30,98577.44753888035,10000.0,0.036929252383341694
2022-03-16,Adaptive Cash Allocation SMA 30,103015.01752455342,10000.0,0.045016077170418
2022-03-17,Adaptive Cash Allocation SMA 30,104393.0879489116,10000.0,0.013377374071015727
2022-03-18,Adaptive Cash Allocation SMA 30,106978.93351536487,10000.0,0.024770275669196918
2022-03-21,Adaptive Cash Allocation SMA 30,106254.47121164908,10000.0,-0.006772009029345362
2022-03-22,Adaptive Cash Allocation SMA 30,112492.89660475728,10000.0,0.05871212121212124
2022-03-23,Adaptive Cash Allocation SMA 30,107743.64372484265,10000.0,-0.04221824686940965
2022-03-24,Adaptive Cash Allocation SMA 30,114746.77932742862,10000.0,0.06499813223757946
2022-03-25,Adaptive Cash Allocation SMA 30,114585.78770438065,10000.0,-0.0014030164854437986
2022-03-28,Adaptive Cash Allocation SMA 30,119777.76754767715,10000.0,0.04531085353003171
2022-03-29,Adaptive Cash Allocation SMA 30,125895.44922349937,10000.0,0.05107526881720428
2022-03-30,Adaptive Cash Allocation SMA 30,122112.14608187247,10000.0,-0.030051150895140703
2022-03-31,Adaptive Cash Allocation SMA 30,117081.15786162394,10000.0,-0.04119973632168754
2022-04-01,Adaptive Cash Allocation SMA 30,116598.18299248007,10000.0,-0.004125128910278481
2022-04-04,Adaptive Cash Allocation SMA 30,123842.80602963796,10000.0,0.06213324128408702
2022-04-05,Adaptive Cash Allocation SMA 30,115672.48115995432,10000.0,-0.06597335066623339
2022-04-06,Adaptive Cash Allocation SMA 30,108065.62697093854,10000.0,-0.06576200417536525
2022-04-07,Adaptive Cash Allocation SMA 30,108339.31273012004,10000.0,0.0025325884543761362
2022-04-08,Adaptive Cash Allocation SMA 30,106575.09002096932,10000.0,-0.01628423390081418
2022-04-11,Adaptive Cash Allocation SMA 30,103548.88376111463,10000.0,-0.02839506172839511
2022-04-12,Adaptive Cash Allocation SMA 30,103015.65861217865,10000.0,-0.005149501661129548
2022-04-13,Adaptive Cash Allocation SMA 30,105477.28646626858,10000.0,0.023895666806899484
2022-04-14,Adaptive Cash Allocation SMA 30,102646.69314942865,10000.0,-0.02683604605001987
2022-04-18,Adaptive Cash Allocation SMA 30,102768.99559233012,10000.0,0.0011914893617021327
2022-04-19,Adaptive Cash Allocation SMA 30,105402.53285740297,10000.0,0.02562579550275771
2022-04-20,Adaptive Cash Allocation SMA 30,103502.93378038758,10000.0,-0.018022328548644325
2022-04-21,Adaptive Cash Allocation SMA 30,101082.82342894637,10000.0,-0.02338204592901877
2022-04-22,Adaptive Cash Allocation SMA 30,97855.34525294453,10000.0,-0.03192904656319292
2022-04-25,Adaptive Cash Allocation SMA 30,99307.84869091595,10000.0,0.014843373493975895
2022-04-26,Adaptive Cash Allocation SMA 30,94840.84137061826,10000.0,-0.04498141263940517
2022-04-27,Adaptive Cash Allocation SMA 30,94681.94572015438,10000.0,-0.0016753926701571068
2022-04-28,Adaptive Cash Allocation SMA 30,98684.2740250442,10000.0,0.042271293375394356
2022-04-29,Adaptive Cash Allocation SMA 30,93484.9313897732,10000.0,-0.052686638135996194
2022-05-02,Adaptive Cash Allocation SMA 30,95266.57192228366,10000.0,0.01905805038335153
2022-05-03,Adaptive Cash Allocation SMA 30,95346.25122969384,10000.0,0.0008363826450601716
2022-05-04,Adaptive Cash Allocation SMA 30,99126.27996910788,10000.0,0.03964527908189877
2022-05-05,Adaptive Cash Allocation SMA 30,93217.28103027545,10000.0,-0.05961082107261511
2022-05-06,Adaptive Cash Allocation SMA 30,91927.93994296322,10000.0,-0.013831567205800359
2022-05-09,Adaptive Cash Allocation SMA 30,87573.17906755999,10000.0,-0.04737146158290004
2022-05-10,Adaptive Cash Allocation SMA 30,88766.83707844153,10000.0,0.01363040629095674
2022-05-11,Adaptive Cash Allocation SMA 30,85616.6831643777,10000.0,-0.03548795944233203
2022-05-12,Adaptive Cash Allocation SMA 30,85354.71278473704,10000.0,-0.0030598052851182533
2022-05-13,Adaptive Cash Allocation SMA 30,89039.26100305506,10000.0,0.043167484232655956
2022-05-16,Adaptive Cash Allocation SMA 30,87935.42196721706,10000.0,-0.012397216951296653
2022-05-17,Adaptive Cash Allocation SMA 30,90598.74023045393,10000.0,0.03028720626631854
2022-05-18,Adaptive Cash Allocation SMA 30,85299.15372668223,10000.0,-0.058495145631067974
2022-05-19,Adaptive Cash Allocation SMA 30,84620.15548806186,10000.0,-0.007960199004975157
2022-05-20,Adaptive Cash Allocation SMA 30,84325.61107447036,10000.0,-0.003480783176214626
2022-05-23,Adaptive Cash Allocation SMA 30,86003.48716900262,10000.0,0.019897585954645202
2022-05-24,Adaptive Cash Allocation SMA 30,83845.90839681857,10000.0,-0.025087108013937293
2022-05-25,Adaptive Cash Allocation SMA 30,85192.43004839573,10000.0,0.016059479553903376
2022-05-26,Adaptive Cash Allocation SMA 30,88042.32692206615,10000.0,0.033452466047176554
2022-05-27,Adaptive Cash Allocation SMA 30,91503.62156887032,10000.0,0.0393139841688654
2022-05-31,Adaptive Cash Allocation SMA 30,91217.84449249908,10000.0,-0.0031231231231230996
2022-06-01,Adaptive Cash Allocation SMA 30,90378.55197658746,10000.0,-0.009200968523002399
2022-06-02,Adaptive Cash Allocation SMA 30,93312.7751014779,10000.0,0.032465923172242846
2022-06-03,Adaptive Cash Allocation SMA 30,85933.31208485673,10000.0,-0.07908309455587387
2022-06-06,Adaptive Cash Allocation SMA 30,86361.10704234202,10000.0,0.004978220286247649
2022-06-07,Adaptive Cash Allocation SMA 30,87210.38652155374,10000.0,0.00983405039950835
2022-06-08,Adaptive Cash Allocation SMA 30,86498.89206642887,10000.0,-0.008158368326334814
2022-06-09,Adaptive Cash Allocation SMA 30,83659.73676039054,10000.0,-0.032823025107164686
2022-06-10,Adaptive Cash Allocation SMA 30,80110.19756228458,10000.0,-0.042428285523682455
2022-06-13,Adaptive Cash Allocation SMA 30,75662.28808569205,10000.0,-0.05552238805970153
2022-06-14,Adaptive Cash Allocation SMA 30,75845.87076042338,10000.0,0.0024263431542461108
2022-06-15,Adaptive Cash Allocation SMA 30,78040.8933767457,10000.0,0.028940568475452195
2022-06-16,Adaptive Cash Allocation SMA 30,74229.73970822671,10000.0,-0.04883534136546184
2022-06-17,Adaptive Cash Allocation SMA 30,75343.52537265026,10000.0,0.01500457456541629
2022-06-21,Adaptive Cash Allocation SMA 30,77602.50232385845,10000.0,0.029982363315696637
2022-06-22,Adaptive Cash Allocation SMA 30,77500.64506075905,10000.0,-0.0013125512715340165
2022-06-23,Adaptive Cash Allocation SMA 30,78801.89045931007,10000.0,0.016790123456790117
2022-06-24,Adaptive Cash Allocation SMA 30,82113.31271241851,10000.0,0.0420221169036335
2022-06-27,Adaptive Cash Allocation SMA 30,81338.54807496037,10000.0,-0.009435310936383133
2022-06-28,Adaptive Cash Allocation SMA 30,78361.29521716533,10000.0,-0.036603221083455345
2022-06-29,Adaptive Cash Allocation SMA 30,78437.06762188782,10000.0,0.0009669621273166595
2022-06-30,Adaptive Cash Allocation SMA 30,77327.34705103154,10000.0,-0.014147909967845644
2022-07-01,Adaptive Cash Allocation SMA 30,77817.08691568807,10000.0,0.0063333333333333176
2022-07-05,Adaptive Cash Allocation SMA 30,79425.77484864568,10000.0,0.020672682526661226
2022-07-06,Adaptive Cash Allocation SMA 30,80045.32067429816,10000.0,0.0078003120124804995
2022-07-07,Adaptive Cash Allocation SMA 30,82029.61171473218,10000.0,0.02478959449120124
2022-07-08,Adaptive Cash Allocation SMA 30,82171.44966006024,10000.0,0.001729106628242038
2022-07-11,Adaptive Cash Allocation SMA 30,80096.53213636288,10000.0,-0.02525107604017214
2022-07-12,Adaptive Cash Allocation SMA 30,79164.32134886463,10000.0,-0.011638591117917329
2022-07-13,Adaptive Cash Allocation SMA 30,78964.53757258989,10000.0,-0.002523659305993693
2022-07-14,Adaptive Cash Allocation SMA 30,79290.42296574662,10000.0,0.004126984126984152
2022-07-15,Adaptive Cash Allocation SMA 30,80959.6950281834,10000.0,0.021052631578947364
2022-07-18,Adaptive Cash Allocation SMA 30,80210.51576075843,10000.0,-0.009253731343283597
2022-07-19,Adaptive Cash Allocation SMA 30,83004.70943431885,10000.0,0.03483575248281132
2022-07-20,Adaptive Cash Allocation SMA 30,87146.19528803398,10000.0,0.049894588896697054
2022-07-21,Adaptive Cash Allocation SMA 30,90879.36563504481,10000.0,0.04283801874163324
2022-07-22,Adaptive Cash Allocation SMA 30,86154.57191460923,10000.0,-0.05198973042362006
2022-07-25,Adaptive Cash Allocation SMA 30,84871.29460782427,10000.0,-0.014895057549085908
2022-07-26,Adaptive Cash Allocation SMA 30,79679.85459401233,10000.0,-0.061168384879725125
2022-07-27,Adaptive Cash Allocation SMA 30,89654.41911493188,10000.0,0.1251830161054172
2022-07-28,Adaptive Cash Allocation SMA 30,92220.97372850182,10000.0,0.028627195836044325
2022-07-29,Adaptive Cash Allocation SMA 30,97295.75216896966,10000.0,0.05502846299810241
2022-08-01,Adaptive Cash Allocation SMA 30,97179.09059562557,10000.0,-0.0011990407673860657
2022-08-02,Adaptive Cash Allocation SMA 30,96245.79800887287,10000.0,-0.009603841536614654
2022-08-03,Adaptive Cash Allocation SMA 30,103945.4618495827,10000.0,0.08000000000000002
2022-08-04,Adaptive Cash Allocation SMA 30,105462.06230305583,10000.0,0.014590347923681145
2022-08-05,Adaptive Cash Allocation SMA 30,102953.83847615794,10000.0,-0.02378318584070795
2022-08-08,Adaptive Cash Allocation SMA 30,101903.88431606114,10000.0,-0.010198300283286103
2022-08-09,Adaptive Cash Allocation SMA 30,98345.70632906645,10000.0,-0.03491700057240982
2022-08-10,Adaptive Cash Allocation SMA 30,106453.68567648059,10000.0,0.08244365361803088
2022-08-11,Adaptive Cash Allocation SMA 30,104878.7544363354,10000.0,-0.014794520547945183
2022-08-12,Adaptive Cash Allocation SMA 30,110770.16389021186,10000.0,0.05617352614015562
2022-08-15,Adaptive Cash Allocation SMA 30,113395.04929045386,10000.0,0.023696682464455127
2022-08-16,Adaptive Cash Allocation SMA 30,112695.07985038932,10000.0,-0.00617283950617289
2022-08-17,Adaptive Cash Allocation SMA 30,108786.91714336236,10000.0,-0.0346790890269152
2022-08-18,Adaptive Cash Allocation SMA 30,109486.88658342688,10000.0,0.006434316353887453
2022-08-19,Adaptive Cash Allocation SMA 30,103070.50004950204,10000.0,-0.058604155567394664
2022-08-22,Adaptive Cash Allocation SMA 30,94962.5207020879,10000.0,-0.078664402942841
2022-08-23,Adaptive Cash Allocation SMA 30,94845.85912874382,10000.0,-0.001228501228501246
2022-08-24,Adaptive Cash Allocation SMA 30,95126.36444224842,10000.0,0.0029574861367837584
2022-08-25,Adaptive Cash Allocation SMA 30,97151.07238267058,10000.0,0.021284403669724707
2022-08-26,Adaptive Cash Allocation SMA 30,92411.99568107689,10000.0,-0.048780487804878044
2022-08-29,Adaptive Cash Allocation SMA 30,91262.9576395397,10000.0,-0.012433862433862405
2022-08-30,Adaptive Cash Allocation SMA 30,90041.96516873084,10000.0,-0.013378839590443692
2022-08-31,Adaptive Cash Allocation SMA 30,89380.6400008249,10000.0,-0.007344632768361576
2022-09-01,Adaptive Cash Allocation SMA 30,89432.0820957894,10000.0,0.0005755395683453115
2022-09-02,Adaptive Cash Allocation SMA 30,87941.54739419291,10000.0,-0.01666666666666667
2022-09-06,Adaptive Cash Allocation SMA 30,87124.09972726039,10000.0,-0.009295352323838097
2022-09-07,Adaptive Cash Allocation SMA 30,89210.26389571052,10000.0,0.023944742900997736
2022-09-08,Adaptive Cash Allocation SMA 30,89778.72900960063,10000.0,0.006372194062273681
2022-09-09,Adaptive Cash Allocation SMA 30,92056.79226886063,10000.0,0.025374198146828245
2022-09-12,Adaptive Cash Allocation SMA 30,93414.19805298594,10000.0,0.014745308310991976
2022-09-13,Adaptive Cash Allocation SMA 30,87255.02015938247,10000.0,-0.06593406593406596
2022-09-14,Adaptive Cash Allocation SMA 30,88038.42436514783,10000.0,0.008978328173374642
2022-09-15,Adaptive Cash Allocation SMA 30,86278.98878358847,10000.0,-0.019984859954579867
2022-09-16,Adaptive Cash Allocation SMA 30,85591.50680124912,10000.0,-0.00796812749003984
2022-09-19,Adaptive Cash Allocation SMA 30,86426.54589199302,10000.0,0.009756097560975575
2022-09-20,Adaptive Cash Allocation SMA 30,85603.43593111691,10000.0,-0.00952380952380949
2022-09-21,Adaptive Cash Allocation SMA 30,83710.41686011985,10000.0,-0.02211382113821143
2022-09-22,Adaptive Cash Allocation SMA 30,82471.32979472048,10000.0,-0.014802065404475035
2022-09-23,Adaptive Cash Allocation SMA 30,80879.38991664545,10000.0,-0.01930294906166217
2022-09-26,Adaptive Cash Allocation SMA 30,80454.10861755323,10000.0,-0.005258215962441336
2022-09-27,Adaptive Cash Allocation SMA 30,80484.72863986247,10000.0,0.0003805899143672612
2022-09-28,Adaptive Cash Allocation SMA 30,82382.0872617908,10000.0,0.023574144486692053
2022-09-29,Adaptive Cash Allocation SMA 30,79571.92629594874,10000.0,-0.03411131059245964
2022-09-30,Adaptive Cash Allocation SMA 30,77916.45540539514,10000.0,-0.020804710500490653
2022-10-03,Adaptive Cash Allocation SMA 30,80078.11276032744,10000.0,0.02774327122153209
2022-10-04,Adaptive Cash Allocation SMA 30,83054.87900427377,10000.0,0.037173281703775374
2022-10-05,Adaptive Cash Allocation SMA 30,83054.87900427377,10000.0,0.0
2022-10-06,Adaptive Cash Allocation SMA 30,82230.95106375308,10000.0,-0.009920283436669598
2022-10-07,Adaptive Cash Allocation SMA 30,78466.70044285103,10000.0,-0.045776566757493184
2022-10-10,Adaptive Cash Allocation SMA 30,77468.7649705522,10000.0,-0.012717948717948738
2022-10-11,Adaptive Cash Allocation SMA 30,76254.21229940372,10000.0,-0.015677966101694883
2022-10-12,Adaptive Cash Allocation SMA 30,76186.9538982576,10000.0,-0.000882028665931624
2022-10-13,Adaptive Cash Allocation SMA 30,78207.38140495172,10000.0,0.02651933701657457
2022-10-14,Adaptive Cash Allocation SMA 30,75387.05303926021,10000.0,-0.03606217616580315
2022-10-17,Adaptive Cash Allocation SMA 30,78375.05924172747,10000.0,0.039635535307517136
2022-10-18,Adaptive Cash Allocation SMA 30,79154.74895024621,10000.0,0.009948186528497417
2022-10-19,Adaptive Cash Allocation SMA 30,78770.58030013379,10000.0,-0.004853387259858483
2022-10-20,Adaptive Cash Allocation SMA 30,78222.33061124852,10000.0,-0.006960081883316272
2022-10-21,Adaptive Cash Allocation SMA 30,80438.62997856722,10000.0,0.02833333333333332
2022-10-24,Adaptive Cash Allocation SMA 30,81565.39677982341,10000.0,0.014007782101167363
2022-10-25,Adaptive Cash Allocation SMA 30,83497.20880881922,10000.0,0.023684210526315752
2022-10-26,Adaptive Cash Allocation SMA 30,78014.69465455781,10000.0,-0.06566104702750668
2022-10-27,Adaptive Cash Allocation SMA 30,76295.85237916774,10000.0,-0.02203228869895537
2022-10-28,Adaptive Cash Allocation SMA 30,79056.3053295698,10000.0,0.036180904522613085
2022-10-31,Adaptive Cash Allocation SMA 30,76360.37602340015,10000.0,-0.034101382488479194
2022-11-01,Adaptive Cash Allocation SMA 30,75398.58502768556,10000.0,-0.012595419847328246
2022-11-02,Adaptive Cash Allocation SMA 30,72278.64357826409,10000.0,-0.04137931034482761
2022-11-03,Adaptive Cash Allocation SMA 30,70594.78946413311,10000.0,-0.02329670329670327
2022-11-04,Adaptive Cash Allocation SMA 30,71945.72825901267,10000.0,0.019136522753792306
2022-11-07,Adaptive Cash Allocation SMA 30,72843.04691881327,10000.0,0.012472160356347411
2022-11-08,Adaptive Cash Allocation SMA 30,73472.3604991054,10000.0,0.008639308855291624
2022-11-09,Adaptive Cash Allocation SMA 30,71421.9690433164,10000.0,-0.027906976744186053
2022-11-10,Adaptive Cash Allocation SMA 30,77687.62360029825,10000.0,0.08772727272727271
2022-11-11,Adaptive Cash Allocation SMA 30,82104.16138186227,10000.0,0.056849953401677485
2022-11-14,Adaptive Cash Allocation SMA 30,79859.69136172318,10000.0,-0.027336860670194047
2022-11-15,Adaptive Cash Allocation SMA 30,83117.79300386057,10000.0,0.040797824116047245
2022-11-16,Adaptive Cash Allocation SMA 30,79787.28910300901,10000.0,-0.0400696864111499
2022-11-17,Adaptive Cash Allocation SMA 30,79135.66877458153,10000.0,-0.008166969147005432
2022-11-18,Adaptive Cash Allocation SMA 30,79063.26651586736,10000.0,-0.0009149130832570711
2022-11-21,Adaptive Cash Allocation SMA 30,76673.99197829993,10000.0,-0.030219780219780227
2022-11-22,Adaptive Cash Allocation SMA 30,79859.69136172316,10000.0,0.041548630783758214
2022-11-23,Adaptive Cash Allocation SMA 30,82248.96589929059,10000.0,0.029918404351767913
2022-11-25,Adaptive Cash Allocation SMA 30,80583.71394886482,10000.0,-0.02024647887323932
2022-11-28,Adaptive Cash Allocation SMA 30,77036.00327187078,10000.0,-0.04402515723270442
2022-11-29,Adaptive Cash Allocation SMA 30,76311.98068472913,10000.0,-0.009398496240601503
2022-11-30,Adaptive Cash Allocation SMA 30,80395.66319297835,10000.0,0.0535129932627526
2022-12-01,Adaptive Cash Allocation SMA 30,80873.3963358908,10000.0,0.005942275042444847
2022-12-02,Adaptive Cash Allocation SMA 30,79849.68245822129,10000.0,-0.012658227848101297
2022-12-05,Adaptive Cash Allocation SMA 30,75823.0745393879,10000.0,-0.05042735042735042
2022-12-06,Adaptive Cash Allocation SMA 30,71045.74311026356,10000.0,-0.06300630063006295
2022-12-07,Adaptive Cash Allocation SMA 30,70690.85563267146,10000.0,-0.004995196926032692
2022-12-08,Adaptive Cash Allocation SMA 30,71708.58390442588,10000.0,0.014396887159533115
2022-12-09,Adaptive Cash Allocation SMA 30,71142.9950736304,10000.0,-0.007887323943662003
2022-12-12,Adaptive Cash Allocation SMA 30,72178.79346933843,10000.0,0.014559386973180108
2022-12-13,Adaptive Cash Allocation SMA 30,73086.03153882365,10000.0,0.012569316081330864
2022-12-14,Adaptive Cash Allocation SMA 30,71383.31037394067,10000.0,-0.023297491039426504
2022-12-15,Adaptive Cash Allocation SMA 30,68554.17366921202,10000.0,-0.039633027522935786
2022-12-16,Adaptive Cash Allocation SMA 30,67744.3687663985,10000.0,-0.011812627291242401
2022-12-19,Adaptive Cash Allocation SMA 30,66635.4368117754,10000.0,-0.016369359916054517
2022-12-20,Adaptive Cash Allocation SMA 30,66518.78834470884,10000.0,-0.0017505470459519001
2022-12-21,Adaptive Cash Allocation SMA 30,67659.11043061814,10000.0,0.017142857142857168
2022-12-22,Adaptive Cash Allocation SMA 30,65605.809713651,10000.0,-0.030347734457323524
2022-12-23,Adaptive Cash Allocation SMA 30,65695.57821040857,10000.0,0.0013683010262258216
2022-12-27,Adaptive Cash Allocation SMA 30,64560.83640495605,10000.0,-0.017272727272727308
2022-12-28,Adaptive Cash Allocation SMA 30,63518.04854853395,10000.0,-0.01615201900237529
2022-12-29,Adaptive Cash Allocation SMA 30,65310.38952242823,10000.0,0.028217821782178232
2022-12-30,Adaptive Cash Allocation SMA 30,65310.38952242823,10000.0,0.0
2023-01-03,Adaptive Cash Allocation SMA 30,64706.36279852138,10000.0,-0.009248554913294847
2023-01-04,Adaptive Cash Allocation SMA 30,65135.18603126898,10000.0,0.006627218934911271
2023-01-05,Adaptive Cash Allocation SMA 30,63891.62718270924,10000.0,-0.0190919674039581
2023-01-06,Adaptive Cash Allocation SMA 30,65891.16954930748,10000.0,0.03129584352078243
2023-01-09,Adaptive Cash Allocation SMA 30,66458.93926424482,10000.0,0.008616780045351451
2023-01-10,Adaptive Cash Allocation SMA 30,67137.54330556674,10000.0,0.010210876803551629
2023-01-11,Adaptive Cash Allocation SMA 30,68474.4813973659,10000.0,0.019913419913419873
2023-01-12,Adaptive Cash Allocation SMA 30,68898.03489054549,10000.0,0.006185567010309294
2023-01-13,Adaptive Cash Allocation SMA 30,69457.6128388951,10000.0,0.008121827411167556
2023-01-17,Adaptive Cash Allocation SMA 30,69803.17310177517,10000.0,0.004975124378109346
2023-01-18,Adaptive Cash Allocation SMA 30,67246.02715646262,10000.0,-0.036633663366336555
2023-01-19,Adaptive Cash Allocation SMA 30,66416.68252555044,10000.0,-0.012332990750256966
2023-01-20,Adaptive Cash Allocation SMA 30,68557.7929696403,10000.0,0.03223753976670201
2023-01-23,Adaptive Cash Allocation SMA 30,73065.51831700625,10000.0,0.06575073601570167
2023-01-24,Adaptive Cash Allocation SMA 30,72661.84142022723,10000.0,-0.005524861878452921
2023-01-25,Adaptive Cash Allocation SMA 30,72123.60555785517,10000.0,-0.007407407407407414
2023-01-26,Adaptive Cash Allocation SMA 30,76294.93349123858,10000.0,0.05783582089552231
2023-01-27,Adaptive Cash Allocation SMA 30,78447.8769407268,10000.0,0.028218694885361578
2023-01-30,Adaptive Cash Allocation SMA 30,73805.59262776784,10000.0,-0.05917667238421951
2023-01-31,Adaptive Cash Allocation SMA 30,77035.00780200015,10000.0,0.043755697356426496
2023-02-01,Adaptive Cash Allocation SMA 30,82013.68952894164,10000.0,0.06462882096069872
2023-02-02,Adaptive Cash Allocation SMA 30,90490.9043613015,10000.0,0.10336341263330598
2023-02-03,Adaptive Cash Allocation SMA 30,85848.62004834253,10000.0,-0.05130111524163565
2023-02-06,Adaptive Cash Allocation SMA 30,83695.67659885432,10000.0,-0.025078369905956136
2023-02-07,Adaptive Cash Allocation SMA 30,88808.91729138883,10000.0,0.061093247588424424
2023-02-08,Adaptive Cash Allocation SMA 30,84032.07401283686,10000.0,-0.05378787878787872
2023-02-09,Adaptive Cash Allocation SMA 30,81811.85108055214,10000.0,-0.026421136909527628
2023-02-10,Adaptive Cash Allocation SMA 30,80129.86401063946,10000.0,-0.02055921052631579
2023-02-13,Adaptive Cash Allocation SMA 30,83964.79453004034,10000.0,0.047858942065491204
2023-02-14,Adaptive Cash Allocation SMA 30,85714.06108274951,10000.0,0.020833333333333315
2023-02-15,Adaptive Cash Allocation SMA 30,87665.1660838482,10000.0,0.02276295133437984
2023-02-16,Adaptive Cash Allocation SMA 30,82619.2048741102,10000.0,-0.05755947812739831
2023-02-17,Adaptive Cash Allocation SMA 30,80869.93832140103,10000.0,-0.02117263843648207
2023-02-21,Adaptive Cash Allocation SMA 30,75218.46176649447,10000.0,-0.06988352745424292
2023-02-22,Adaptive Cash Allocation SMA 30,75245.37355961307,10000.0,0.00035778175313058274
2023-02-23,Adaptive Cash Allocation SMA 30,75998.49972928928,10000.0,0.010008936550491551
2023-02-24,Adaptive Cash Allocation SMA 30,74461.30252465152,10000.0,-0.020226678291194424
2023-02-27,Adaptive Cash Allocation SMA 30,75090.36036048879,10000.0,0.00844811753902658
2023-02-28,Adaptive Cash Allocation SMA 30,74928.2948345309,10000.0,-0.0021582733812949184
2023-03-01,Adaptive Cash Allocation SMA 30,74223.72497351904,10000.0,-0.009403254972875218
2023-03-02,Adaptive Cash Allocation SMA 30,74938.47195474552,10000.0,0.009629629629629622
2023-03-03,Adaptive Cash Allocation SMA 30,76754.34089542109,10000.0,0.024231464737793848
2023-03-06,Adaptive Cash Allocation SMA 30,76885.20933684551,10000.0,0.0017050298380221292
2023-03-07,Adaptive Cash Allocation SMA 30,75736.49992739859,10000.0,-0.014940577249575536
2023-03-08,Adaptive Cash Allocation SMA 30,76137.22214923668,10000.0,0.005291005291005305
2023-03-09,Adaptive Cash Allocation SMA 30,74546.88852732051,10000.0,-0.020887728459530016
2023-03-10,Adaptive Cash Allocation SMA 30,73314.70855166232,10000.0,-0.01652892561983475
2023-03-13,Adaptive Cash Allocation SMA 30,73932.68693792155,10000.0,0.008429118773946385
2023-03-14,Adaptive Cash Allocation SMA 30,75957.85997599595,10000.0,0.027392120075046923
2023-03-15,Adaptive Cash Allocation SMA 30,76411.33973704667,10000.0,0.005970149253731341
2023-03-16,Adaptive Cash Allocation SMA 30,78817.3715419156,10000.0,0.031487889273356405
2023-03-17,Adaptive Cash Allocation SMA 30,77616.46531954479,10000.0,-0.015236567762630415
2023-03-20,Adaptive Cash Allocation SMA 30,78438.13799800904,10000.0,0.010586319218241106
2023-03-21,Adaptive Cash Allocation SMA 30,81788.03430251707,10000.0,0.04270749395648665
2023-03-22,Adaptive Cash Allocation SMA 30,77995.69886345137,10000.0,-0.04636785162287478
2023-03-23,Adaptive Cash Allocation SMA 30,80776.74485209955,10000.0,0.03565640194489461
2023-03-24,Adaptive Cash Allocation SMA 30,81598.41753056379,10000.0,0.010172143974960938
2023-03-27,Adaptive Cash Allocation SMA 30,79955.07217363532,10000.0,-0.020139426800929495
2023-03-28,Adaptive Cash Allocation SMA 30,78627.75476996231,10000.0,-0.01660079051383406
2023-03-29,Adaptive Cash Allocation SMA 30,82862.52934358567,10000.0,0.05385852090032154
2023-03-30,Adaptive Cash Allocation SMA 30,85137.9306070251,10000.0,0.027459954233409703
2023-03-31,Adaptive Cash Allocation SMA 30,89309.49958999739,10000.0,0.048997772828507806
2023-04-03,Adaptive Cash Allocation SMA 30,88677.44368348643,10000.0,-0.007077140835102719
2023-04-04,Adaptive Cash Allocation SMA 30,87792.5654143711,10000.0,-0.009978617248752587
2023-04-05,Adaptive Cash Allocation SMA 30,84948.3138350718,10000.0,-0.032397408207343485
2023-04-06,Adaptive Cash Allocation SMA 30,86718.07037330249,10000.0,0.02083333333333342
2023-04-10,Adaptive Cash Allocation SMA 30,86528.45360134919,10000.0,-0.0021865889212828817
2023-04-11,Adaptive Cash Allocation SMA 30,84821.90265376962,10000.0,-0.0197224251278305
2023-04-12,Adaptive Cash Allocation SMA 30,82546.5013903302,10000.0,-0.02682563338301039
2023-04-13,Adaptive Cash Allocation SMA 30,87286.92068916233,10000.0,0.05742725880551301
2023-04-14,Adaptive Cash Allocation SMA 30,86781.27596395357,10000.0,-0.005792903692976109
2023-04-17,Adaptive Cash Allocation SMA 30,86907.68714525575,10000.0,0.001456664238892904
2023-04-18,Adaptive Cash Allocation SMA 30,86970.89273590685,10000.0,0.0007272727272727117
2023-04-19,Adaptive Cash Allocation SMA 30,86781.27596395357,10000.0,-0.0021802325581394884
2023-04-20,Adaptive Cash Allocation SMA 30,84758.69706311852,10000.0,-0.02330662782228698
2023-04-21,Adaptive Cash Allocation SMA 30,84834.54377189984,10000.0,0.0008948545861297349
2023-04-24,Adaptive Cash Allocation SMA 30,84607.30838679655,10000.0,-0.0026785714285714247
2023-04-25,Adaptive Cash Allocation SMA 30,82706.02055787976,10000.0,-0.02247191011235955
2023-04-26,Adaptive Cash Allocation SMA 30,83257.39402826563,10000.0,0.006666666666666695
2023-04-27,Adaptive Cash Allocation SMA 30,85961.14702715387,10000.0,0.032474629195940644
2023-04-28,Adaptive Cash Allocation SMA 30,86656.28410058646,10000.0,0.008086642599278012
2023-05-01,Adaptive Cash Allocation SMA 30,86410.97260985585,10000.0,-0.0028308563340411126
2023-05-02,Adaptive Cash Allocation SMA 30,84080.51344791509,10000.0,-0.026969481902058126
2023-05-03,Adaptive Cash Allocation SMA 30,83418.17242294246,10000.0,-0.00787746170678341
2023-05-04,Adaptive Cash Allocation SMA 30,83045.7698674829,10000.0,-0.004464285714285725
2023-05-05,Adaptive Cash Allocation SMA 30,85070.36199969241,10000.0,0.02437923250564336
2023-05-08,Adaptive Cash Allocation SMA 30,85359.96323203179,10000.0,0.0034042553191489648
2023-05-09,Adaptive Cash Allocation SMA 30,83679.17633294818,10000.0,-0.019690576652602047
2023-05-10,Adaptive Cash Allocation SMA 30,84783.69343806026,10000.0,0.013199426111908203
2023-05-11,Adaptive Cash Allocation SMA 30,85490.22421671076,10000.0,0.00833333333333328
2023-05-12,Adaptive Cash Allocation SMA 30,84548.1831785101,10000.0,-0.011019283746556485
2023-05-15,Adaptive Cash Allocation SMA 30,85089.85677547548,10000.0,0.006406685236768814
2023-05-16,Adaptive Cash Allocation SMA 30,85381.46012288971,10000.0,0.0034270047978067655
2023-05-17,Adaptive Cash Allocation SMA 30,88414.1349359978,10000.0,0.03551912568306008
2023-05-18,Adaptive Cash Allocation SMA 30,93196.42983359136,10000.0,0.054089709762533
2023-05-19,Adaptive Cash Allocation SMA 30,92554.90246928003,10000.0,-0.006883604505632116
2023-05-22,Adaptive Cash Allocation SMA 30,93488.03318100562,10000.0,0.010081915563957274
2023-05-23,Adaptive Cash Allocation SMA 30,89872.15167306903,10000.0,-0.03867747972551472
2023-05-24,Adaptive Cash Allocation SMA 30,88414.13493599783,10000.0,-0.016223231667748216
2023-05-25,Adaptive Cash Allocation SMA 30,94829.40857911114,10000.0,0.07255936675461751
2023-05-26,Adaptive Cash Allocation SMA 30,102002.85092550145,10000.0,0.07564575645756437
2023-05-30,Adaptive Cash Allocation SMA 30,103460.86766257265,10000.0,0.014293882218410521
2023-05-31,Adaptive Cash Allocation SMA 30,101361.32356119012,10000.0,-0.020293122886133004
2023-06-01,Adaptive Cash Allocation SMA 30,104977.2050691267,10000.0,0.03567318757192181
2023-06-02,Adaptive Cash Allocation SMA 30,107368.35251792349,10000.0,0.022777777777777786
2023-06-05,Adaptive Cash Allocation SMA 30,107601.63519585488,10000.0,0.0021727322107549783
2023-06-06,Adaptive Cash Allocation SMA 30,107484.99385688918,10000.0,-0.001084010840108378
2023-06-07,Adaptive Cash Allocation SMA 30,102002.85092550145,10000.0,-0.051003798155181836
2023-06-08,Adaptive Cash Allocation SMA 30,105502.09109447236,10000.0,0.03430531732418533
2023-06-09,Adaptive Cash Allocation SMA 30,106785.14582309501,10000.0,0.012161415146489711
2023-06-12,Adaptive Cash Allocation SMA 30,112267.28875448274,10000.0,0.051338066630256765
2023-06-13,Adaptive Cash Allocation SMA 30,114716.75687276237,10000.0,0.021818181818181907
2023-06-14,Adaptive Cash Allocation SMA 30,117166.22499104199,10000.0,0.02135231316725969
2023-06-15,Adaptive Cash Allocation SMA 30,121306.9925243242,10000.0,0.035340965654554544
2023-06-16,Adaptive Cash Allocation SMA 30,118974.16574501026,10000.0,-0.019230769230769332
2023-06-20,Adaptive Cash Allocation SMA 30,118390.9590501818,10000.0,-0.004901960784313621
2023-06-21,Adaptive Cash Allocation SMA 30,113258.74013569116,10000.0,-0.04334975369458123
2023-06-22,Adaptive Cash Allocation SMA 30,117049.5836520763,10000.0,0.03347064881565389
2023-06-23,Adaptive Cash Allocation SMA 30,113608.66415258826,10000.0,-0.029397110114598897
2023-06-26,Adaptive Cash Allocation SMA 30,109059.65193292609,10000.0,-0.04004106776180704
2023-06-27,Adaptive Cash Allocation SMA 30,114483.47419483098,10000.0,0.049732620320855604
2023-06-28,Adaptive Cash Allocation SMA 30,115183.32222862517,10000.0,0.006113092205807489
2023-06-29,Adaptive Cash Allocation SMA 30,114366.83285586529,10000.0,-0.007088607594936737
2023-06-30,Adaptive Cash Allocation SMA 30,119557.37243983879,10000.0,0.04538500764915862
2023-07-03,Adaptive Cash Allocation SMA 30,120373.86181259865,10000.0,0.006829268292682955
2023-07-05,Adaptive Cash Allocation SMA 30,120315.5411431158,10000.0,-0.0004844961240310835
2023-07-06,Adaptive Cash Allocation SMA 30,117457.82833845625,10000.0,-0.023751817741153584
2023-07-07,Adaptive Cash Allocation SMA 30,116233.09427931644,10000.0,-0.010427010923535296
2023-07-10,Adaptive Cash Allocation SMA 30,116349.73561828214,10000.0,0.0010035122930255682
2023-07-11,Adaptive Cash Allocation SMA 30,117026.25538428318,10000.0,0.005814536340852113
2023-07-12,Adaptive Cash Allocation SMA 30,118760.83426843758,10000.0,0.01482213438735178
2023-07-13,Adaptive Cash Allocation SMA 30,124645.1252469595,10000.0,0.04954740352548846
2023-07-14,Adaptive Cash Allocation SMA 30,124531.96580506486,10000.0,-0.0009078529278256729
2023-07-17,Adaptive Cash Allocation SMA 30,127983.32878285174,10000.0,0.02771467514766013
2023-07-18,Adaptive Cash Allocation SMA 30,131038.63371400733,10000.0,0.0238726790450928
2023-07-19,Adaptive Cash Allocation SMA 30,131038.63371400733,10000.0,0.0
2023-07-20,Adaptive Cash Allocation SMA 30,121816.13919959318,10000.0,-0.07037996545768563
2023-07-21,Adaptive Cash Allocation SMA 30,120741.12450159396,10000.0,-0.008824895494658674
2023-07-24,Adaptive Cash Allocation SMA 30,120944.81149700434,10000.0,0.001686972820993437
2023-07-25,Adaptive Cash Allocation SMA 30,121915.53046935548,10000.0,0.008026131591227247
2023-07-26,Adaptive Cash Allocation SMA 30,120688.56721669043,10000.0,-0.010064043915827945
2023-07-27,Adaptive Cash Allocation SMA 30,120264.70718395158,10000.0,-0.003512014787430708
2023-07-28,Adaptive Cash Allocation SMA 30,122866.23744657879,10000.0,0.02163170163170164
2023-07-31,Adaptive Cash Allocation SMA 30,123137.94518087021,10000.0,0.0022114108801415617
2023-08-01,Adaptive Cash Allocation SMA 30,122159.79733742111,10000.0,-0.007943512797881717
2023-08-02,Adaptive Cash Allocation SMA 30,114171.58994925345,10000.0,-0.06539145907473304
2023-08-03,Adaptive Cash Allocation SMA 30,113845.54066810374,10000.0,-0.0028557829604950427
2023-08-04,Adaptive Cash Allocation SMA 30,113212.45904214497,10000.0,-0.00556088207094917
2023-08-07,Adaptive Cash Allocation SMA 30,114335.22723099268,10000.0,0.009917355371900789
2023-08-08,Adaptive Cash Allocation SMA 30,113163.67082293317,10000.0,-0.010246679316888031
2023-08-09,Adaptive Cash Allocation SMA 30,111643.06843018101,10000.0,-0.013437195715676684
2023-08-10,Adaptive Cash Allocation SMA 30,111845.54452405943,10000.0,0.0018136020151133473
2023-08-11,Adaptive Cash Allocation SMA 30,110970.52421584714,10000.0,-0.007823470411233711
2023-08-14,Adaptive Cash Allocation SMA 30,112423.64207770172,10000.0,0.013094629156010241
2023-08-15,Adaptive Cash Allocation SMA 30,111064.98092530156,10000.0,-0.012085190688459693
2023-08-16,Adaptive Cash Allocation SMA 30,109567.47556451098,10000.0,-0.013483146067415661
2023-08-17,Adaptive Cash Allocation SMA 30,108084.95581057256,10000.0,-0.01353065539112052
2023-08-18,Adaptive Cash Allocation SMA 30,107895.74801046652,10000.0,-0.0017505470459519001
2023-08-21,Adaptive Cash Allocation SMA 30,109982.52291704257,10000.0,0.01934065934065932
2023-08-22,Adaptive Cash Allocation SMA 30,109798.06585554649,10000.0,-0.001677148846960132
2023-08-23,Adaptive Cash Allocation SMA 30,111855.33487894516,10000.0,0.018736842105263173
2023-08-24,Adaptive Cash Allocation SMA 30,108908.51761013835,10000.0,-0.026344896933132272
2023-08-25,Adaptive Cash Allocation SMA 30,109940.15911171985,10000.0,0.009472551130247607
2023-08-28,Adaptive Cash Allocation SMA 30,110911.23938147638,10000.0,0.008832807570977956
2023-08-29,Adaptive Cash Allocation SMA 30,113741.073472691,10000.0,0.025514403292181038
2023-08-30,Adaptive Cash Allocation SMA 30,114511.08073991425,10000.0,0.006769825918762117
2023-08-31,Adaptive Cash Allocation SMA 30,114924.91060849406,10000.0,0.003613884926295725
2023-09-01,Adaptive Cash Allocation SMA 30,114773.26605161196,10000.0,-0.001319509896324228
2023-09-05,Adaptive Cash Allocation SMA 30,114881.79869090427,10000.0,0.0009456264775413847
2023-09-06,Adaptive Cash Allocation SMA 30,113667.95327077396,10000.0,-0.010566037735849035
2023-09-07,Adaptive Cash Allocation SMA 30,112676.66298062186,10000.0,-0.008720930232558126
2023-09-08,Adaptive Cash Allocation SMA 30,112810.60255028679,10000.0,0.0011887072808320698
2023-09-11,Adaptive Cash Allocation SMA 30,114348.16928134255,10000.0,0.013629629629629656
2023-09-12,Adaptive Cash Allocation SMA 30,112884.68745863959,10000.0,-0.012798471824259822
2023-09-13,Adaptive Cash Allocation SMA 30,113330.211632132,10000.0,0.003946719289590514
2023-09-14,Adaptive Cash Allocation SMA 30,114393.20140415785,10000.0,0.009379579872984866
2023-09-15,Adaptive Cash Allocation SMA 30,112056.19471198699,10000.0,-0.02042959427207638
2023-09-18,Adaptive Cash Allocation SMA 30,112146.38078418981,10000.0,0.0008048289738431128
2023-09-19,Adaptive Cash Allocation SMA 30,111876.14854133633,10000.0,-0.0024096385542168876
2023-09-20,Adaptive Cash Allocation SMA 30,109796.83426541653,10000.0,-0.01858585858585862
2023-09-21,Adaptive Cash Allocation SMA 30,107284.5338203604,10000.0,-0.022881355932203355
2023-09-22,Adaptive Cash Allocation SMA 30,107308.64270436497,10000.0,0.0002247191011235508
2023-09-25,Adaptive Cash Allocation SMA 30,107887.06099182252,10000.0,0.005390230207748502
2023-09-26,Adaptive Cash Allocation SMA 30,105974.38179418356,10000.0,-0.017728531855955694
2023-09-27,Adaptive Cash Allocation SMA 30,106220.1194910976,10000.0,0.002318840579710178
2023-09-28,Adaptive Cash Allocation SMA 30,107248.64860202004,10000.0,0.009682997118155576
2023-09-29,Adaptive Cash Allocation SMA 30,107345.2146334006,10000.0,0.000900393922341005
2023-10-02,Adaptive Cash Allocation SMA 30,108381.90059167937,10000.0,0.009657495788882645
2023-10-03,Adaptive Cash Allocation SMA 30,106076.40840804057,10000.0,-0.021271929824561383
2023-10-04,Adaptive Cash Allocation SMA 30,107796.23436949113,10000.0,0.016213086276780527
2023-10-05,Adaptive Cash Allocation SMA 30,107340.33488078321,10000.0,-0.004229271007234229
2023-10-06,Adaptive Cash Allocation SMA 30,109489.55643407673,10000.0,0.02002249718785153
2023-10-09,Adaptive Cash Allocation SMA 30,110146.37648338667,10000.0,0.0059989287627208905
2023-10-10,Adaptive Cash Allocation SMA 30,110867.12322132546,10000.0,0.0065435356200528195
2023-10-11,Adaptive Cash Allocation SMA 30,111811.1631075299,10000.0,0.008515057113187957
2023-10-12,Adaptive Cash Allocation SMA 30,111288.20291404272,10000.0,-0.0046771733604473896
2023-10-13,Adaptive Cash Allocation SMA 30,109593.69118242971,10000.0,-0.01522633744855971
2023-10-16,Adaptive Cash Allocation SMA 30,111070.5687320539,10000.0,0.013475935828876984
2023-10-17,Adaptive Cash Allocation SMA 30,110656.85528411246,10000.0,-0.0037247801345059437
2023-10-18,Adaptive Cash Allocation SMA 30,108784.64530437082,10000.0,-0.016919060052219295
2023-10-19,Adaptive Cash Allocation SMA 30,107622.0613087516,10000.0,-0.010687022900763326
2023-10-20,Adaptive Cash Allocation SMA 30,105692.70222646584,10000.0,-0.017927170868347355
2023-10-23,Adaptive Cash Allocation SMA 30,106039.84541266422,10000.0,0.0032844574780058785
2023-10-24,Adaptive Cash Allocation SMA 30,107248.9093859558,10000.0,0.011401977894124456
2023-10-25,Adaptive Cash Allocation SMA 30,104118.79415727066,10000.0,-0.02918552036199093
2023-10-26,Adaptive Cash Allocation SMA 30,101679.4032508404,10000.0,-0.023428920073215398
2023-10-27,Adaptive Cash Allocation SMA 30,102259.2987457253,10000.0,0.005703175631885954
2023-10-30,Adaptive Cash Allocation SMA 30,103592.26340669194,10000.0,0.013035143769968047
2023-10-31,Adaptive Cash Allocation SMA 30,104182.02134192808,10000.0,0.005693069306930704
2023-11-01,Adaptive Cash Allocation SMA 30,106343.21031424384,10000.0,0.02074435631482606
2023-11-02,Adaptive Cash Allocation SMA 30,108588.50779419654,10000.0,0.02111368909512762
2023-11-03,Adaptive Cash Allocation SMA 30,110120.11429531578,10000.0,0.014104683195592299
2023-11-06,Adaptive Cash Allocation SMA 30,111350.83403996807,10000.0,0.01117615753060143
2023-11-07,Adaptive Cash Allocation SMA 30,114515.54195478822,10000.0,0.028421052631578902
2023-11-08,Adaptive Cash Allocation SMA 30,114749.96476329342,10000.0,0.002047082906857684
2023-11-09,Adaptive Cash Allocation SMA 30,111995.49676335737,10000.0,-0.024004085801838555
2023-11-10,Adaptive Cash Allocation SMA 30,119497.02663552365,10000.0,0.0669806384092099
2023-11-13,Adaptive Cash Allocation SMA 30,118383.51829512397,10000.0,-0.00931829328102017
2023-11-14,Adaptive Cash Allocation SMA 30,125826.44246516394,10000.0,0.06287128712871286
2023-11-15,Adaptive Cash Allocation SMA 30,126178.07667792175,10000.0,0.0027945971122497566
2023-11-16,Adaptive Cash Allocation SMA 30,126412.49948642692,10000.0,0.0018578727357175637
2023-11-17,Adaptive Cash Allocation SMA 30,126471.1051885532,10000.0,0.0004636068613814562
2023-11-20,Adaptive Cash Allocation SMA 30,130983.74425227824,10000.0,0.03568118628359607
2023-11-21,Adaptive Cash Allocation SMA 30,128580.91046509998,10000.0,-0.01834451901565996
2023-11-22,Adaptive Cash Allocation SMA 30,130104.65872038376,10000.0,0.011850501367365452
2023-11-24,Adaptive Cash Allocation SMA 30,129459.99599699448,10000.0,-0.0049549549549549295
2023-11-27,Adaptive Cash Allocation SMA 30,129049.75608211038,10000.0,-0.003168854685378012
2023-11-28,Adaptive Cash Allocation SMA 30,130104.65872038377,10000.0,0.008174386920980914
2023-11-29,Adaptive Cash Allocation SMA 30,129635.81310337338,10000.0,-0.003603603603603527
2023-11-30,Adaptive Cash Allocation SMA 30,128522.3047629737,10000.0,-0.008589511754068774
2023-12-01,Adaptive Cash Allocation SMA 30,129635.81310337338,10000.0,0.00866393068855455
2023-12-04,Adaptive Cash Allocation SMA 30,125943.65386941652,10000.0,-0.02848101265822796
2023-12-05,Adaptive Cash Allocation SMA 30,126881.34510343731,10000.0,0.007445323406235466
2023-12-06,Adaptive Cash Allocation SMA 30,124595.72272051167,10000.0,-0.01801385681293289
2023-12-07,Adaptive Cash Allocation SMA 30,129811.63020975226,10000.0,0.04186265286923786
2023-12-08,Adaptive Cash Allocation SMA 30,131393.98416716236,10000.0,0.012189616252821812
2023-12-11,Adaptive Cash Allocation SMA 30,134734.50918836138,10000.0,0.025423728813559174
2023-12-12,Adaptive Cash Allocation SMA 30,137957.82280530783,10000.0,0.023923444976076586
2023-12-13,Adaptive Cash Allocation SMA 30,142822.09608179066,10000.0,0.03525913338997459
2023-12-14,Adaptive Cash Allocation SMA 30,142587.67327328544,10000.0,-0.0016413623307346204
2023-12-15,Adaptive Cash Allocation SMA 30,144287.23863494812,10000.0,0.011919441019317826
2023-12-18,Adaptive Cash Allocation SMA 30,147334.73514551567,10000.0,0.02112103980503654
2023-12-19,Adaptive Cash Allocation SMA 30,149503.14612418876,10000.0,0.014717581543357238
2023-12-20,Adaptive Cash Allocation SMA 30,142236.03906052766,10000.0,-0.04860838886711101
2023-12-21,Adaptive Cash Allocation SMA 30,146924.49523063158,10000.0,0.03296250515039146
2023-12-22,Adaptive Cash Allocation SMA 30,147510.55225189458,10000.0,0.0039888312724372325
2023-12-26,Adaptive Cash Allocation SMA 30,150265.02025183063,10000.0,0.018673023440603845
2023-12-27,Adaptive Cash Allocation SMA 30,151026.8943794725,10000.0,0.005070202808112286
2023-12-28,Adaptive Cash Allocation SMA 30,150616.6544645884,10000.0,-0.002716336825766406
2023-12-29,Adaptive Cash Allocation SMA 30,148565.45489016795,10000.0,-0.013618677042801473
2024-01-02,Adaptive Cash Allocation SMA 30,141063.92501800167,10000.0,-0.05049309664694284
2024-01-03,Adaptive Cash Allocation SMA 30,139258.86939251167,10000.0,-0.012796011632737843
2024-01-04,Adaptive Cash Allocation SMA 30,138326.49241288798,10000.0,-0.006695278969957092
2024-01-05,Adaptive Cash Allocation SMA 30,138519.70270346905,10000.0,0.0013967699694456273
2024-01-08,Adaptive Cash Allocation SMA 30,141869.72248176957,10000.0,0.024184428012179224
2024-01-09,Adaptive Cash Allocation SMA 30,142218.86864046138,10000.0,0.0024610336341263682
2024-01-10,Adaptive Cash Allocation SMA 30,143355.22812898687,10000.0,0.007990216061964915
2024-01-11,Adaptive Cash Allocation SMA 30,144214.67194270983,10000.0,0.005995203836930541
2024-01-12,Adaptive Cash Allocation SMA 30,144214.67194270983,10000.0,0.0
2024-01-15,Adaptive Cash Allocation SMA 30,144128.72756133752,10000.0,-0.0005959475566150404
2024-01-16,Adaptive Cash Allocation SMA 30,143131.7727374189,10000.0,-0.006917113893858117
2024-01-17,Adaptive Cash Allocation SMA 30,145586.78372611897,10000.0,0.01715210355987059
2024-01-18,Adaptive Cash Allocation SMA 30,154001.22545427713,10000.0,0.05779674166020164
2024-01-19,Adaptive Cash Allocation SMA 30,154001.22545427713,10000.0,0.0
2024-01-21,Adaptive Cash Allocation SMA 30,154622.42585031566,10000.0,0.004033736707004013
2024-01-22,Adaptive Cash Allocation SMA 30,156457.79065679308,10000.0,0.011869978086194277
2024-01-23,Adaptive Cash Allocation SMA 30,159027.3013858615,10000.0,0.016423028334235767
2024-01-24,Adaptive Cash Allocation SMA 30,159479.0834920713,10000.0,0.0028409090909090303
2024-01-25,Adaptive Cash Allocation SMA 30,156542.4998017074,10000.0,-0.018413597733711033
2024-01-26,Adaptive Cash Allocation SMA 30,156542.4998017074,10000.0,0.0
2024-01-28,Adaptive Cash Allocation SMA 30,161145.0300087201,10000.0,0.02940115440115445
2024-01-29,Adaptive Cash Allocation SMA 30,157926.08250197503,10000.0,-0.01997546872262135
2024-01-30,Adaptive Cash Allocation SMA 30,148636.31294303533,10000.0,-0.05882352941176469
2024-01-31,Adaptive Cash Allocation SMA 30,150737.09973691104,10000.0,0.014133738601823704
2024-02-01,Adaptive Cash Allocation SMA 30,158315.44199891353,10000.0,0.0502752293577982
2024-02-02,Adaptive Cash Allocation SMA 30,158315.44199891353,10000.0,0.0
2024-02-04,Adaptive Cash Allocation SMA 30,157513.35467921256,10000.0,-0.0050663871418588245
2024-02-05,Adaptive Cash Allocation SMA 30,156600.63462575967,10000.0,-0.005794556628621692
2024-02-06,Adaptive Cash Allocation SMA 30,161274.8676267758,10000.0,0.02984811020840701
2024-02-07,Adaptive Cash Allocation SMA 30,161938.66402928697,10000.0,0.004115932087120475
2024-02-08,Adaptive Cash Allocation SMA 30,166695.871580617,10000.0,0.029376601195559453
2024-02-09,Adaptive Cash Allocation SMA 30,166723.52976405495,10000.0,0.00016592002654717124
2024-02-11,Adaptive Cash Allocation SMA 30,164732.14055652145,10000.0,-0.011944260119442583
2024-02-12,Adaptive Cash Allocation SMA 30,156932.53282701524,10000.0,-0.04734721289456011
2024-02-13,Adaptive Cash Allocation SMA 30,158923.9220345487,10000.0,0.012689460697920318
2024-02-14,Adaptive Cash Allocation SMA 30,160254.17010077572,10000.0,0.00837034506320468
2024-02-15,Adaptive Cash Allocation SMA 30,155856.2071063109,10000.0,-0.027443672708792215
2024-02-16,Adaptive Cash Allocation SMA 30,155845.34793842334,10000.0,-6.967427277476406e-05
2024-02-19,Adaptive Cash Allocation SMA 30,154411.7879434497,10000.0,-0.009198606271777007
2024-02-20,Adaptive Cash Allocation SMA 30,153640.8303716921,10000.0,-0.004992867332382281
2024-02-21,Adaptive Cash Allocation SMA 30,158956.39250589508,10000.0,0.034597327555074026
2024-02-22,Adaptive Cash Allocation SMA 30,157503.40902777904,10000.0,-0.009140767824497329
2024-02-23,Adaptive Cash Allocation SMA 30,157503.40902777904,10000.0,0.0
2024-02-25,Adaptive Cash Allocation SMA 30,157418.8718072341,10000.0,-0.0005367326400536618
2024-02-26,Adaptive Cash Allocation SMA 30,157810.17165653658,10000.0,0.002485723883103779
2024-02-27,Adaptive Cash Allocation SMA 30,156788.13282157187,10000.0,-0.0064763812385244465
2024-02-28,Adaptive Cash Allocation SMA 30,158299.08734214623,10000.0,0.009636918900576871
2024-02-29,Adaptive Cash Allocation SMA 30,161204.90889242952,10000.0,0.01835652750165675
2024-03-01,Adaptive Cash Allocation SMA 30,161230.44428113417,10000.0,0.00015840329478850008
2024-03-03,Adaptive Cash Allocation SMA 30,159289.75473958108,10000.0,-0.012036743744060786
2024-03-04,Adaptive Cash Allocation SMA 30,150760.93491222934,10000.0,-0.05354280218018601
2024-03-05,Adaptive Cash Allocation SMA 30,151874.27785975192,10000.0,0.007384823848238506
2024-03-06,Adaptive Cash Allocation SMA 30,154581.89844624212,10000.0,0.017828039248295357
2024-03-07,Adaptive Cash Allocation SMA 30,147813.86436365708,10000.0,-0.043782837127845885
2024-03-08,Adaptive Cash Allocation SMA 30,147813.86436365708,10000.0,0.0
2024-03-10,Adaptive Cash Allocation SMA 30,147124.75543888478,10000.0,-0.004662004662004681
2024-03-11,Adaptive Cash Allocation SMA 30,149623.10034256396,10000.0,0.01698113207547172
2024-03-12,Adaptive Cash Allocation SMA 30,148230.35784422336,10000.0,-0.009308338720103457
2024-03-13,Adaptive Cash Allocation SMA 30,147749.66376517856,10000.0,-0.003242885506287193
2024-03-14,Adaptive Cash Allocation SMA 30,145590.71955403098,10000.0,-0.014612176814011708
2024-03-15,Adaptive Cash Allocation SMA 30,145590.71955403098,10000.0,0.0
2024-03-17,Adaptive Cash Allocation SMA 30,147234.16050190546,10000.0,0.011288088642659299
2024-03-18,Adaptive Cash Allocation SMA 30,147640.73403822994,10000.0,0.0027614076443845535
2024-03-19,Adaptive Cash Allocation SMA 30,149517.10457115728,10000.0,0.012709030100334487
2024-03-20,Adaptive Cash Allocation SMA 30,150292.55794980834,10000.0,0.005186385737439203
2024-03-21,Adaptive Cash Allocation SMA 30,150417.60135802257,10000.0,0.0008320000000000164
2024-03-22,Adaptive Cash Allocation SMA 30,150427.208102481,10000.0,6.386715631485238e-05
2024-03-24,Adaptive Cash Allocation SMA 30,149802.8295247887,10000.0,-0.004150702426564487
2024-03-25,Adaptive Cash Allocation SMA 30,149242.18657512343,10000.0,-0.003742539119212811
2024-03-26,Adaptive Cash Allocation SMA 30,149767.12245364854,10000.0,0.003517342452369362
2024-03-27,Adaptive Cash Allocation SMA 30,149389.98490558122,10000.0,-0.002518159806295403
2024-03-28,Adaptive Cash Allocation SMA 30,149389.98490558122,10000.0,0.0
2024-03-31,Adaptive Cash Allocation SMA 30,149758.8490658419,10000.0,0.0024691358024691063
2024-04-01,Adaptive Cash Allocation SMA 30,148153.4264668797,10000.0,-0.01072005166289956
2024-04-02,Adaptive Cash Allocation SMA 30,148546.66714761461,10000.0,0.0026542800265427907
2024-04-03,Adaptive Cash Allocation SMA 30,145746.11692980197,10000.0,-0.018852999340804217
2024-04-04,Adaptive Cash Allocation SMA 30,147802.99744544915,10000.0,0.014112763749567617
2024-04-05,Adaptive Cash Allocation SMA 30,147802.99744544915,10000.0,0.0
2024-04-07,Adaptive Cash Allocation SMA 30,147842.50375950072,10000.0,0.0002672903441363124
2024-04-08,Adaptive Cash Allocation SMA 30,148454.60627923955,10000.0,0.004140233722871483
2024-04-09,Adaptive Cash Allocation SMA 30,146894.5083018173,10000.0,-0.010508922670191694
2024-04-10,Adaptive Cash Allocation SMA 30,149656.4142104956,10000.0,0.01880196843712882
2024-04-11,Adaptive Cash Allocation SMA 30,146765.15901213398,10000.0,-0.01931928687196113
2024-04-12,Adaptive Cash Allocation SMA 30,146765.15901213398,10000.0,0.0
2024-04-14,Adaptive Cash Allocation SMA 30,143815.85915460132,10000.0,-0.020095367847411418
2024-04-15,Adaptive Cash Allocation SMA 30,143826.17408084514,10000.0,7.17231486462113e-05
2024-04-16,Adaptive Cash Allocation SMA 30,141691.21402098605,10000.0,-0.01484403011832198
2024-04-17,Adaptive Cash Allocation SMA 30,140678.19174982503,10000.0,-0.007149506609569919
2024-04-18,Adaptive Cash Allocation SMA 30,137189.9059714597,10000.0,-0.024796208530805712
2024-04-19,Adaptive Cash Allocation SMA 30,137189.9059714597,10000.0,0.0
2024-04-21,Adaptive Cash Allocation SMA 30,138786.94287201672,10000.0,0.01164106709781734
2024-04-22,Adaptive Cash Allocation SMA 30,141261.7768101116,10000.0,0.017831893165750165
2024-04-23,Adaptive Cash Allocation SMA 30,141814.1823295044,10000.0,0.003910509494265863
2024-04-24,Adaptive Cash Allocation SMA 30,140905.89562830632,10000.0,-0.00640476633773971
2024-04-25,Adaptive Cash Allocation SMA 30,143497.39100296504,10000.0,0.018391674550614946
2024-04-26,Adaptive Cash Allocation SMA 30,143497.39100296504,10000.0,0.0
2024-04-28,Adaptive Cash Allocation SMA 30,144182.68968648135,10000.0,0.00477568740955135
2024-04-29,Adaptive Cash Allocation SMA 30,140878.39565398102,10000.0,-0.02291741151233463
2024-04-30,Adaptive Cash Allocation SMA 30,139665.5618315309,10000.0,-0.008609083151607078
2024-05-01,Adaptive Cash Allocation SMA 30,141733.4782896567,10000.0,0.014806201550387572
2024-05-02,Adaptive Cash Allocation SMA 30,145113.25624326538,10000.0,0.02384601009157171
2024-05-03,Adaptive Cash Allocation SMA 30,145113.25624326538,10000.0,0.0
2024-05-05,Adaptive Cash Allocation SMA 30,147017.38785957912,10000.0,0.013121693121693118
2024-05-06,Adaptive Cash Allocation SMA 30,147017.38785957912,10000.0,0.0
2024-05-07,Adaptive Cash Allocation SMA 30,146906.9239752584,10000.0,-0.0007513661202185754
2024-05-08,Adaptive Cash Allocation SMA 30,147228.63631518712,10000.0,0.002189905902480755
2024-05-09,Adaptive Cash Allocation SMA 30,148230.70292274328,10000.0,0.006806193636208925
2024-05-10,Adaptive Cash Allocation SMA 30,148205.65125755436,10000.0,-0.00016900456312329078
2024-05-12,Adaptive Cash Allocation SMA 30,149207.71786511052,10000.0,0.006761325219743166
2024-05-13,Adaptive Cash Allocation SMA 30,151988.45270107882,10000.0,0.018636668905305565
2024-05-14,Adaptive Cash Allocation SMA 30,159002.91895397185,10000.0,0.046151310367562176
2024-05-15,Adaptive Cash Allocation SMA 30,158025.9040116046,10000.0,-0.006144635260753121
2024-05-16,Adaptive Cash Allocation SMA 30,157675.18069895994,10000.0,-0.002219403931515545
2024-05-17,Adaptive Cash Allocation SMA 30,157675.18069895994,10000.0,0.0
2024-05-19,Adaptive Cash Allocation SMA 30,160931.8971735174,10000.0,0.020654591674610697
2024-05-20,Adaptive Cash Allocation SMA 30,161758.60212475125,10000.0,0.005136986301369837
2024-05-21,Adaptive Cash Allocation SMA 30,161658.39546399566,10000.0,-0.0006194827319187246
2024-05-22,Adaptive Cash Allocation SMA 30,159253.43560586093,10000.0,-0.014876801487680162
2024-05-23,Adaptive Cash Allocation SMA 30,163712.63200948577,10000.0,0.028000629227623
2024-05-24,Adaptive Cash Allocation SMA 30,163687.5803442969,10000.0,-0.00015302218821715234
2024-05-27,Adaptive Cash Allocation SMA 30,165491.30023789796,10000.0,0.011019283746556455
2024-05-28,Adaptive Cash Allocation SMA 30,162034.17044182925,10000.0,-0.02089009990917341
2024-05-29,Adaptive Cash Allocation SMA 30,156823.42408253727,10000.0,-0.03215831787260367
2024-05-30,Adaptive Cash Allocation SMA 30,156753.27942000833,10000.0,-0.0004472843450479251
2024-05-31,Adaptive Cash Allocation SMA 30,156743.25202327588,10000.0,-6.396929473851278e-05
2024-06-02,Adaptive Cash Allocation SMA 30,157365.0102846606,10000.0,0.003966730646193201
2024-06-03,Adaptive Cash Allocation SMA 30,157833.5662227904,10000.0,0.0029775102945834584
2024-06-04,Adaptive Cash Allocation SMA 30,161644.7964966185,10000.0,0.024147146675051117
2024-06-05,Adaptive Cash Allocation SMA 30,161453.07546296797,10000.0,-0.001186063750926587
2024-06-06,Adaptive Cash Allocation SMA 30,160853.94723281002,10000.0,-0.0037108505269407748
2024-06-07,Adaptive Cash Allocation SMA 30,160853.94723281002,10000.0,0.0
2024-06-09,Adaptive Cash Allocation SMA 30,162555.47140645862,10000.0,0.010578069129916474
2024-06-10,Adaptive Cash Allocation SMA 30,165910.5894953432,10000.0,0.020639834881321033
2024-06-11,Adaptive Cash Allocation SMA 30,172453.06976866815,10000.0,0.039433771486349696
2024-06-12,Adaptive Cash Allocation SMA 30,175209.0596273948,10000.0,0.015981100611450888
2024-06-13,Adaptive Cash Allocation SMA 30,177749.36332326458,10000.0,0.014498700588154867
2024-06-14,Adaptive Cash Allocation SMA 30,177725.39819405825,10000.0,-0.00013482540110563727
2024-06-16,Adaptive Cash Allocation SMA 30,184195.98307976426,10000.0,0.0364077669902913
2024-06-17,Adaptive Cash Allocation SMA 30,184291.84359658955,10000.0,0.000520426749935028
2024-06-18,Adaptive Cash Allocation SMA 30,184291.84359658955,10000.0,0.0
2024-06-19,Adaptive Cash Allocation SMA 30,179954.1552102459,10000.0,-0.023537061118335527
2024-06-20,Adaptive Cash Allocation SMA 30,178300.56129500992,10000.0,-0.009188973232121424
2024-06-21,Adaptive Cash Allocation SMA 30,178300.56129500992,10000.0,0.0
2024-06-23,Adaptive Cash Allocation SMA 30,172261.34873501761,10000.0,-0.03387096774193562
2024-06-24,Adaptive Cash Allocation SMA 30,174562.00113882418,10000.0,0.013355592654424073
2024-06-25,Adaptive Cash Allocation SMA 30,174985.01083463716,10000.0,0.0024232633279482043
2024-06-26,Adaptive Cash Allocation SMA 30,176254.0399220761,10000.0,0.007252215954875185
2024-06-27,Adaptive Cash Allocation SMA 30,173480.97636063542,10000.0,-0.015733333333333425
2024-06-28,Adaptive Cash Allocation SMA 30,173480.97636063542,10000.0,0.0
2024-06-30,Adaptive Cash Allocation SMA 30,174618.40243159924,10000.0,0.006556488756434615
2024-07-01,Adaptive Cash Allocation SMA 30,179971.2256435502,10000.0,0.030654404904704745
2024-07-02,Adaptive Cash Allocation SMA 30,184393.12307950968,10000.0,0.024570024570024645
2024-07-03,Adaptive Cash Allocation SMA 30,184416.39622390945,10000.0,0.00012621481761947373
2024-07-04,Adaptive Cash Allocation SMA 30,189978.67773545848,10000.0,0.030161534578495717
2024-07-05,Adaptive Cash Allocation SMA 30,189955.40459105873,10000.0,-0.0001225039813792834
2024-07-07,Adaptive Cash Allocation SMA 30,191235.42753304698,10000.0,0.006738544474393496
2024-07-08,Adaptive Cash Allocation SMA 30,191654.3441322431,10000.0,0.002190580503833426
2024-07-09,Adaptive Cash Allocation SMA 30,197658.8153873881,10000.0,0.03132969034608394
2024-07-10,Adaptive Cash Allocation SMA 30,184672.4008123071,10000.0,-0.0657011656658426
2024-07-11,Adaptive Cash Allocation SMA 30,185873.29506333612,10000.0,0.006502835538752395
2024-07-12,Adaptive Cash Allocation SMA 30,185873.29506333612,10000.0,0.0
2024-07-14,Adaptive Cash Allocation SMA 30,187256.2808897002,10000.0,0.00744047619047612
2024-07-15,Adaptive Cash Allocation SMA 30,187394.5794723366,10000.0,0.0007385524372230709
2024-07-16,Adaptive Cash Allocation SMA 30,170913.998374831,10000.0,-0.08794587945879448
2024-07-17,Adaptive Cash Allocation SMA 30,169890.58886332155,10000.0,-0.005987862440997974
2024-07-18,Adaptive Cash Allocation SMA 30,168048.40175516505,10000.0,-0.010843373493975926
2024-07-19,Adaptive Cash Allocation SMA 30,168048.40175516505,10000.0,0.0
2024-07-21,Adaptive Cash Allocation SMA 30,170980.8534604339,10000.0,0.017450042217844044
2024-07-22,Adaptive Cash Allocation SMA 30,170243.07199997894,10000.0,-0.004314994606256727
2024-07-23,Adaptive Cash Allocation SMA 30,162900.52729158293,10000.0,-0.043129770992366395
2024-07-24,Adaptive Cash Allocation SMA 30,160730.179548294,10000.0,-0.013323147440794499
2024-07-25,Adaptive Cash Allocation SMA 30,162569.41852400074,10000.0,0.011443021969337728
2024-07-26,Adaptive Cash Allocation SMA 30,162569.41852400074,10000.0,0.0
2024-07-28,Adaptive Cash Allocation SMA 30,162949.11353960686,10000.0,0.002335586969883193
2024-07-29,Adaptive Cash Allocation SMA 30,160290.54871742078,10000.0,-0.016315307057745157
2024-07-30,Adaptive Cash Allocation SMA 30,165896.50579631006,10000.0,0.03497372193024369
2024-07-31,Adaptive Cash Allocation SMA 30,161114.95448689093,10000.0,-0.0288224956063269
2024-08-01,Adaptive Cash Allocation SMA 30,156415.7683143566,10000.0,-0.029166666666666653
2024-08-02,Adaptive Cash Allocation SMA 30,156415.7683143566,10000.0,0.0
2024-08-04,Adaptive Cash Allocation SMA 30,150962.25293288226,10000.0,-0.03486550902281243
2024-08-05,Adaptive Cash Allocation SMA 30,152471.31238032773,10000.0,0.009996270048489396
2024-08-06,Adaptive Cash Allocation SMA 30,150507.16228634532,10000.0,-0.012882096069869018
2024-08-07,Adaptive Cash Allocation SMA 30,156019.25012492025,10000.0,0.0366234254559128
2024-08-08,Adaptive Cash Allocation SMA 30,156868.40760062597,10000.0,0.00544264553909748
2024-08-09,Adaptive Cash Allocation SMA 30,156857.7453469233,10000.0,-6.796941376379277e-05
2024-08-11,Adaptive Cash Allocation SMA 30,157294.9423257964,10000.0,0.002787219578517992
2024-08-12,Adaptive Cash Allocation SMA 30,161871.76056325925,10000.0,0.029097046413502126
2024-08-13,Adaptive Cash Allocation SMA 30,161983.81779209472,10000.0,0.000692259282567649
2024-08-14,Adaptive Cash Allocation SMA 30,166858.34260581632,10000.0,0.03009266530548134
2024-08-15,Adaptive Cash Allocation SMA 30,167033.82903099334,10000.0,0.00105170902716919
2024-08-16,Adaptive Cash Allocation SMA 30,167033.82903099334,10000.0,0.0
2024-08-18,Adaptive Cash Allocation SMA 30,173506.87660125035,10000.0,0.038752913752913704
2024-08-19,Adaptive Cash Allocation SMA 30,172436.14692797474,10000.0,-0.00617110799438987
2024-08-20,Adaptive Cash Allocation SMA 30,174796.6191622414,10000.0,0.013688964154671166
2024-08-21,Adaptive Cash Allocation SMA 30,166401.12513314863,10000.0,-0.04803007100097456
2024-08-22,Adaptive Cash Allocation SMA 30,171633.09967301806,10000.0,0.031441942088330004
2024-08-23,Adaptive Cash Allocation SMA 30,171608.76490771634,10000.0,-0.00014178363816822793
2024-08-25,Adaptive Cash Allocation SMA 30,166595.80325556238,10000.0,-0.029211571185479332
2024-08-26,Adaptive Cash Allocation SMA 30,168007.21964306207,10000.0,0.008472100496640557
2024-08-27,Adaptive Cash Allocation SMA 30,162312.88456246,10000.0,-0.03389339513325613
2024-08-28,Adaptive Cash Allocation SMA 30,161972.19784823596,10000.0,-0.002098950524737682
2024-08-29,Adaptive Cash Allocation SMA 30,164179.02327182004,10000.0,0.013624717407686544
2024-08-30,Adaptive Cash Allocation SMA 30,164202.95258580806,10000.0,0.0001457513482000454
2024-09-02,Adaptive Cash Allocation SMA 30,149199.27271531816,10000.0,-0.09137277761585548
2024-09-03,Adaptive Cash Allocation SMA 30,148691.9712587721,10000.0,-0.0034001603849238243
2024-09-04,Adaptive Cash Allocation SMA 30,148884.39050336447,10000.0,0.0012940795858945508
2024-09-05,Adaptive Cash Allocation SMA 30,144054.4099536584,10000.0,-0.03244114801676879
2024-09-06,Adaptive Cash Allocation SMA 30,144064.52080889294,10000.0,7.018775223722063e-05
2024-09-08,Adaptive Cash Allocation SMA 30,146197.68669595796,10000.0,0.014807017543859647
2024-09-09,Adaptive Cash Allocation SMA 30,147770.71543455767,10000.0,0.010759600744374917
2024-09-10,Adaptive Cash Allocation SMA 30,151539.2338446515,10000.0,0.02550247116968692
2024-09-11,Adaptive Cash Allocation SMA 30,153332.2642714335,10000.0,0.01183212017965006
2024-09-12,Adaptive Cash Allocation SMA 30,154134.90608801678,10000.0,0.005234657039711134
2024-09-13,Adaptive Cash Allocation SMA 30,154125.751824849,10000.0,-5.939123979207665e-05
2024-09-15,Adaptive Cash Allocation SMA 30,153310.94981044973,10000.0,-0.0052866052866052905
2024-09-16,Adaptive Cash Allocation SMA 30,153347.86441085555,10000.0,0.00024078254326556533
2024-09-17,Adaptive Cash Allocation SMA 30,152545.26166134467,10000.0,-0.0052338697548502955
2024-09-18,Adaptive Cash Allocation SMA 30,157157.4195268751,10000.0,0.030234684547394048
2024-09-19,Adaptive Cash Allocation SMA 30,156155.42407792225,10000.0,-0.006375743836780998
2024-09-20,Adaptive Cash Allocation SMA 30,156133.15751238997,10000.0,-0.00014259232853259526
2024-09-22,Adaptive Cash Allocation SMA 30,157313.2854856011,10000.0,0.007558471192241887
2024-09-23,Adaptive Cash Allocation SMA 30,159539.9420388297,10000.0,0.014154281670205236
2024-09-24,Adaptive Cash Allocation SMA 30,159584.47516989426,10000.0,0.0002791346824842431
2024-09-25,Adaptive Cash Allocation SMA 30,162968.99313080174,10000.0,0.021208315892284023
2024-09-26,Adaptive Cash Allocation SMA 30,160163.40587373372,10000.0,-0.017215466593796844
2024-09-27,Adaptive Cash Allocation SMA 30,160185.672439266,10000.0,0.00013902405116072438
2024-09-29,Adaptive Cash Allocation SMA 30,161410.33354354172,10000.0,0.007645259938837881
2024-09-30,Adaptive Cash Allocation SMA 30,154574.49792512992,10000.0,-0.04235066905780099
2024-10-01,Adaptive Cash Allocation SMA 30,154806.07020666572,10000.0,0.0014981273408239996
2024-10-02,Adaptive Cash Allocation SMA 30,154663.88323058613,10000.0,-0.0009184845005741148
2024-10-03,Adaptive Cash Allocation SMA 30,156844.12784459614,10000.0,0.014096662830840063
2024-10-04,Adaptive Cash Allocation SMA 30,156865.9208316525,10000.0,0.0001389467833820358
2024-10-06,Adaptive Cash Allocation SMA 30,151679.1899122397,10000.0,-0.0330647402056128
2024-10-07,Adaptive Cash Allocation SMA 30,154311.78274864753,10000.0,0.01735632183908052
2024-10-08,Adaptive Cash Allocation SMA 30,158030.39497406935,10000.0,0.024098044615808317
2024-10-09,Adaptive Cash Allocation SMA 30,157477.91544343522,10000.0,-0.003496033346779684
2024-10-10,Adaptive Cash Allocation SMA 30,157881.65048505244,10000.0,0.0025637565780596105
2024-10-11,Adaptive Cash Allocation SMA 30,157881.65048505244,10000.0,0.0
2024-10-13,Adaptive Cash Allocation SMA 30,161919.00090122473,10000.0,0.02557200538358016
2024-10-14,Adaptive Cash Allocation SMA 30,155459.2402353491,10000.0,-0.03989501312335966
2024-10-15,Adaptive Cash Allocation SMA 30,155425.2414950024,10000.0,-0.00021869874248218722
2024-10-16,Adaptive Cash Allocation SMA 30,155612.29594319113,10000.0,0.0012035010940918975
2024-10-17,Adaptive Cash Allocation SMA 30,156715.62828421182,10000.0,0.007090264521407129
2024-10-18,Adaptive Cash Allocation SMA 30,156715.62828421182,10000.0,0.0
2024-10-20,Adaptive Cash Allocation SMA 30,157059.96594550082,10000.0,0.0021972132904608606
2024-10-21,Adaptive Cash Allocation SMA 30,157244.1268649306,10000.0,0.001172551632245164
2024-10-22,Adaptive Cash Allocation SMA 30,154336.144606448,10000.0,-0.018493423674770772
2024-10-23,Adaptive Cash Allocation SMA 30,155806.62688686044,10000.0,0.00952778938570828
2024-10-24,Adaptive Cash Allocation SMA 30,156858.05664109014,10000.0,0.006748299319727863
2024-10-25,Adaptive Cash Allocation SMA 30,156858.05664109014,10000.0,0.0
2024-10-27,Adaptive Cash Allocation SMA 30,156916.82069763215,10000.0,0.0003746320578004142
2024-10-28,Adaptive Cash Allocation SMA 30,158653.5821939246,10000.0,0.011068039032214908
2024-10-29,Adaptive Cash Allocation SMA 30,157242.04407971227,10000.0,-0.00889698231009362
2024-10-30,Adaptive Cash Allocation SMA 30,152455.96190790992,10000.0,-0.030437674604230403
2024-10-31,Adaptive Cash Allocation SMA 30,153755.5145277729,10000.0,0.008524118070554377
2024-11-01,Adaptive Cash Allocation SMA 30,153764.18535898832,10000.0,5.639362752003893e-05
2024-11-03,Adaptive Cash Allocation SMA 30,153183.288803079,10000.0,-0.003777840428531163
2024-11-04,Adaptive Cash Allocation SMA 30,155511.4480807464,10000.0,0.01519851999430768
2024-11-05,Adaptive Cash Allocation SMA 30,160560.13342562175,10000.0,0.032465039758705794
2024-11-06,Adaptive Cash Allocation SMA 30,168073.0283322987,10000.0,0.046791782906416404
2024-11-07,Adaptive Cash Allocation SMA 30,168480.23130827036,10000.0,0.002422774076317418
2024-11-08,Adaptive Cash Allocation SMA 30,168500.59145706895,10000.0,0.00012084592145021288
2024-11-10,Adaptive Cash Allocation SMA 30,168174.82907629161,10000.0,-0.0019333011116482695
2024-11-11,Adaptive Cash Allocation SMA 30,167258.62238035543,10000.0,-0.005447941888619717
2024-11-12,Adaptive Cash Allocation SMA 30,166525.65702360644,10000.0,-0.0043822276323797855
2024-11-13,Adaptive Cash Allocation SMA 30,163003.35128145164,10000.0,-0.021151730040347278
2024-11-14,Adaptive Cash Allocation SMA 30,151214.82512707234,10000.0,-0.07232075943042726
2024-11-15,Adaptive Cash Allocation SMA 30,151206.6810675529,10000.0,-5.3857546788694796e-05
2024-11-17,Adaptive Cash Allocation SMA 30,152436.53341558416,10000.0,0.008133584702396935
2024-11-18,Adaptive Cash Allocation SMA 30,153659.72745434192,10000.0,0.008024284017421198
2024-11-19,Adaptive Cash Allocation SMA 30,153588.15609726653,10000.0,-0.00046577823780568457
2024-11-20,Adaptive Cash Allocation SMA 30,154192.95919899672,10000.0,0.003937823834196844
2024-11-21,Adaptive Cash Allocation SMA 30,154422.38946152988,10000.0,0.0014879425346331775
2024-11-22,Adaptive Cash Allocation SMA 30,154430.28325779628,10000.0,5.111821086264596e-05
2024-11-24,Adaptive Cash Allocation SMA 30,154706.5449451984,10000.0,0.0017889087656529227
2024-11-25,Adaptive Cash Allocation SMA 30,155666.9417640924,10000.0,0.006207861595216888
2024-11-26,Adaptive Cash Allocation SMA 30,154161.55683309052,10000.0,-0.009670549918576939
2024-11-27,Adaptive Cash Allocation SMA 30,154161.55683309052,10000.0,0.0
2024-11-28,Adaptive Cash Allocation SMA 30,155736.81484642994,10000.0,0.010218228498074428
2024-11-29,Adaptive Cash Allocation SMA 30,155729.01728403935,10000.0,-5.0068844661435057e-05
2024-12-01,Adaptive Cash Allocation SMA 30,157756.53578648553,10000.0,0.013019529293940955
2024-12-02,Adaptive Cash Allocation SMA 30,159152.78058672964,10000.0,0.008850630455867965
2024-12-03,Adaptive Cash Allocation SMA 30,164967.2794808969,10000.0,0.03653407042422793
2024-12-04,Adaptive Cash Allocation SMA 30,163609.28796285126,10000.0,-0.008231884057970942
2024-12-05,Adaptive Cash Allocation SMA 30,167817.1490046828,10000.0,0.02571896188917452
2024-12-06,Adaptive Cash Allocation SMA 30,167817.1490046828,10000.0,0.0
2024-12-08,Adaptive Cash Allocation SMA 30,163896.18757933978,10000.0,-0.02336448598130838
2024-12-09,Adaptive Cash Allocation SMA 30,162117.409957111,10000.0,-0.010853075037927326
2024-12-10,Adaptive Cash Allocation SMA 30,165583.1573242923,10000.0,0.021378008494572918
2024-12-11,Adaptive Cash Allocation SMA 30,162300.79436691746,10000.0,-0.01982304849367242
2024-12-12,Adaptive Cash Allocation SMA 30,165787.14598266024,10000.0,0.021480804387568667
2024-12-13,Adaptive Cash Allocation SMA 30,165787.14598266024,10000.0,0.0
2024-12-15,Adaptive Cash Allocation SMA 30,173000.92671948962,10000.0,0.04351230425055929
2024-12-16,Adaptive Cash Allocation SMA 30,170682.87378349045,10000.0,-0.013399078143423731
2024-12-17,Adaptive Cash Allocation SMA 30,152231.1724129371,10000.0,-0.10810517166449372
2024-12-18,Adaptive Cash Allocation SMA 30,151370.7111630942,10000.0,-0.005652332805457409
2024-12-19,Adaptive Cash Allocation SMA 30,152941.83926610913,10000.0,0.010379340170517703
2024-12-20,Adaptive Cash Allocation SMA 30,152934.47123820276,10000.0,-4.817535830425204e-05
2024-12-22,Adaptive Cash Allocation SMA 30,154437.6575611415,10000.0,0.009828956877860787
2024-12-23,Adaptive Cash Allocation SMA 30,156892.39201943754,10000.0,0.015894662591112135
2024-12-24,Adaptive Cash Allocation SMA 30,156892.39201943754,10000.0,0.0
2024-12-25,Adaptive Cash Allocation SMA 30,156555.33238031843,10000.0,-0.0021483491632745106
2024-12-26,Adaptive Cash Allocation SMA 30,154007.8711078183,10000.0,-0.01627195467422098
2024-12-27,Adaptive Cash Allocation SMA 30,154007.8711078183,10000.0,0.0
2024-12-29,Adaptive Cash Allocation SMA 30,151533.8490819899,10000.0,-0.01606425702811241
2024-12-30,Adaptive Cash Allocation SMA 30,149945.0373736727,10000.0,-0.010484863401427564
2024-12-31,Adaptive Cash Allocation SMA 30,149937.45769277425,10000.0,-5.054972829516444e-05
2025-01-01,Adaptive Cash Allocation SMA 30,149566.0251636061,10000.0,-0.0024772497472194594
2025-01-02,Adaptive Cash Allocation SMA 30,152434.4668009801,10000.0,0.01917843062444365
2025-01-03,Adaptive Cash Allocation SMA 30,152434.4668009801,10000.0,0.0
2025-01-05,Adaptive Cash Allocation SMA 30,154513.7913238478,10000.0,0.013640776699029068
2025-01-06,Adaptive Cash Allocation SMA 30,151184.51869304644,10000.0,-0.02154676681140706
2025-01-07,Adaptive Cash Allocation SMA 30,151229.5252478546,10000.0,0.00029769288017862704
2025-01-08,Adaptive Cash Allocation SMA 30,151229.5252478546,10000.0,0.0
2025-01-09,Adaptive Cash Allocation SMA 30,148342.89325874083,10000.0,-0.019087754090233063
2025-01-10,Adaptive Cash Allocation SMA 30,148350.61643423265,10000.0,5.206299622545942e-05
2025-01-12,Adaptive Cash Allocation SMA 30,147725.08806717524,10000.0,-0.004216553878188456
2025-01-13,Adaptive Cash Allocation SMA 30,147515.2457745111,10000.0,-0.0014204919110877077
2025-01-14,Adaptive Cash Allocation SMA 30,151502.98631498363,10000.0,0.02703273495248147
2025-01-15,Adaptive Cash Allocation SMA 30,150266.68598155276,10000.0,-0.008160237388723995
2025-01-16,Adaptive Cash Allocation SMA 30,153232.94998351095,10000.0,0.01973999747570363
2025-01-17,Adaptive Cash Allocation SMA 30,153232.94998351095,10000.0,0.0
2025-01-20,Adaptive Cash Allocation SMA 30,154250.32535506372,10000.0,0.006639403415924925
2025-01-21,Adaptive Cash Allocation SMA 30,156644.74592848826,10000.0,0.015522953147184104
2025-01-22,Adaptive Cash Allocation SMA 30,157608.16463921018,10000.0,0.0061503416856492745
2025-01-23,Adaptive Cash Allocation SMA 30,154771.4317687512,10000.0,-0.01799864161195385
2025-01-24,Adaptive Cash Allocation SMA 30,154789.2728559868,10000.0,0.0001152737752161973
2025-01-26,Adaptive Cash Allocation SMA 30,149351.3094665787,10000.0,-0.03513139695712312
2025-01-27,Adaptive Cash Allocation SMA 30,152000.90813338532,10000.0,0.017740712661106925
2025-01-28,Adaptive Cash Allocation SMA 30,151625.73347810147,10000.0,-0.002468239564428337
2025-01-29,Adaptive Cash Allocation SMA 30,152386.26187100355,10000.0,0.005015826637448265
2025-01-30,Adaptive Cash Allocation SMA 30,152056.46113592142,10000.0,-0.002164241914151751
2025-01-31,Adaptive Cash Allocation SMA 30,152056.46113592142,10000.0,0.0
2025-02-02,Adaptive Cash Allocation SMA 30,150585.8957477597,10000.0,-0.009671179883945842
2025-02-03,Adaptive Cash Allocation SMA 30,152772.30146897346,10000.0,0.014519326065411332
2025-02-04,Adaptive Cash Allocation SMA 30,153568.58029073643,10000.0,0.005212193664076457
2025-02-05,Adaptive Cash Allocation SMA 30,154489.19439018998,10000.0,0.00599480764692004
2025-02-06,Adaptive Cash Allocation SMA 30,152132.6100041892,10000.0,-0.015254040227880484
2025-02-07,Adaptive Cash Allocation SMA 30,152139.96562415795,10000.0,4.8350054393767224e-05
2025-02-09,Adaptive Cash Allocation SMA 30,154272.94072838835,10000.0,0.01401982112642014
2025-02-10,Adaptive Cash Allocation SMA 30,153833.39615181516,10000.0,-0.0028491359177954204
2025-02-11,Adaptive Cash Allocation SMA 30,153956.41944874945,10000.0,0.0007997177466776513
2025-02-12,Adaptive Cash Allocation SMA 30,156551.27177654763,10000.0,0.01685446009389673
2025-02-13,Adaptive Cash Allocation SMA 30,158384.9616363022,10000.0,0.01171303074670562
2025-02-14,Adaptive Cash Allocation SMA 30,158402.59326956907,10000.0,0.00011132138483808433
2025-02-17,Adaptive Cash Allocation SMA 30,159372.33309924696,10000.0,0.006121994657168267
2025-02-18,Adaptive Cash Allocation SMA 30,159389.96473251385,10000.0,0.00011063170704729634
2025-02-19,Adaptive Cash Allocation SMA 30,157450.48507315802,10000.0,-0.012168141592920447
2025-02-20,Adaptive Cash Allocation SMA 30,153508.05187468568,10000.0,-0.025039193729003373
2025-02-21,Adaptive Cash Allocation SMA 30,153500.71664344094,10000.0,-4.7784016246522074e-05
2025-02-23,Adaptive Cash Allocation SMA 30,151299.98952310486,10000.0,-0.014336917562724014
2025-02-24,Adaptive Cash Allocation SMA 30,148990.18051328495,10000.0,-0.015266418835192062
2025-02-25,Adaptive Cash Allocation SMA 30,149374.07688152324,10000.0,0.0025766555011594947
2025-02-26,Adaptive Cash Allocation SMA 30,144417.88631218238,10000.0,-0.033179723502304165
2025-02-27,Adaptive Cash Allocation SMA 30,147062.72532448813,10000.0,0.018313791178112795
2025-02-28,Adaptive Cash Allocation SMA 30,147062.72532448813,10000.0,0.0
2025-03-02,Adaptive Cash Allocation SMA 30,143262.49259319864,10000.0,-0.02584089695675389
2025-03-03,Adaptive Cash Allocation SMA 30,142632.8572090847,10000.0,-0.00439497716894975
2025-03-04,Adaptive Cash Allocation SMA 30,144855.3862205666,10000.0,0.015582167075458104
2025-03-05,Adaptive Cash Allocation SMA 30,140051.6830919079,10000.0,-0.033162060824885424
2025-03-06,Adaptive Cash Allocation SMA 30,141213.83212786133,10000.0,0.00829800121138698
2025-03-07,Adaptive Cash Allocation SMA 30,141222.21152748322,10000.0,5.93383770954168e-05
2025-03-09,Adaptive Cash Allocation SMA 30,134846.05590764253,10000.0,-0.04514980717887867
2025-03-10,Adaptive Cash Allocation SMA 30,134214.77525801637,10000.0,-0.004681491389399785
2025-03-11,Adaptive Cash Allocation SMA 30,136049.41471679622,10000.0,0.01366942987650146
2025-03-12,Adaptive Cash Allocation SMA 30,133076.04618969595,10000.0,-0.021855062980533312
2025-03-13,Adaptive Cash Allocation SMA 30,136852.55969983788,10000.0,0.02837861221664649
2025-03-14,Adaptive Cash Allocation SMA 30,136843.71480989121,10000.0,-6.463079657455493e-05
2025-03-16,Adaptive Cash Allocation SMA 30,137914.05026509461,10000.0,0.007821590174531356
2025-03-17,Adaptive Cash Allocation SMA 30,135133.47217130478,10000.0,-0.020161673799334326
2025-03-18,Adaptive Cash Allocation SMA 30,137235.69877894383,10000.0,0.015556668335837126
2025-03-19,Adaptive Cash Allocation SMA 30,136671.23317985306,10000.0,-0.004113110539845762
2025-03-20,Adaptive Cash Allocation SMA 30,137185.96899312784,10000.0,0.003766233766233755
2025-03-21,Adaptive Cash Allocation SMA 30,137185.96899312784,10000.0,0.0
2025-03-23,Adaptive Cash Allocation SMA 30,140671.87814412723,10000.0,0.025410099710517827
2025-03-24,Adaptive Cash Allocation SMA 30,141675.91755867476,10000.0,0.007137456525026505
2025-03-25,Adaptive Cash Allocation SMA 30,138367.1292300128,10000.0,-0.023354627841331153
2025-03-26,Adaptive Cash Allocation SMA 30,137424.01468556083,10000.0,-0.006816030293468005
2025-03-27,Adaptive Cash Allocation SMA 30,133047.62230777348,10000.0,-0.03184590690208664
2025-03-28,Adaptive Cash Allocation SMA 30,133047.62230777348,10000.0,0.0
2025-03-30,Adaptive Cash Allocation SMA 30,133010.49705564714,10000.0,-0.0002790373212417597
2025-03-31,Adaptive Cash Allocation SMA 30,134236.1435206625,10000.0,0.009214659685863878
2025-04-01,Adaptive Cash Allocation SMA 30,135436.07083565445,10000.0,0.008938928693278761
2025-04-02,Adaptive Cash Allocation SMA 30,126730.91907762106,10000.0,-0.06427498748539966
2025-04-03,Adaptive Cash Allocation SMA 30,117449.07601833766,10000.0,-0.07324055666003972
2025-04-04,Adaptive Cash Allocation SMA 30,117460.50936718343,10000.0,9.734728644437099e-05
2025-04-06,Adaptive Cash Allocation SMA 30,117631.9845633399,10000.0,0.0014598540145985264
2025-04-07,Adaptive Cash Allocation SMA 30,114951.40115753288,10000.0,-0.0227878787878788
2025-04-08,Adaptive Cash Allocation SMA 30,131156.88917675937,10000.0,0.1409768637532134
2025-04-09,Adaptive Cash Allocation SMA 30,124704.99734650935,10000.0,-0.04919216878920357
2025-04-10,Adaptive Cash Allocation SMA 30,127342.88372297648,10000.0,0.02115301257043778
2025-04-11,Adaptive Cash Allocation SMA 30,127342.88372297648,10000.0,0.0
2025-04-13,Adaptive Cash Allocation SMA 30,128412.37521245722,10000.0,0.00839851790860439
2025-04-14,Adaptive Cash Allocation SMA 30,128609.13610996018,10000.0,0.0015322580645161107
2025-04-15,Adaptive Cash Allocation SMA 30,123959.67949220705,10000.0,-0.03615183771841735
2025-04-16,Adaptive Cash Allocation SMA 30,123817.35440204156,10000.0,-0.0011481563258997798
2025-04-17,Adaptive Cash Allocation SMA 30,123817.35440204156,10000.0,0.0
2025-04-20,Adaptive Cash Allocation SMA 30,120198.24661172503,10000.0,-0.029229406554472967
2025-04-21,Adaptive Cash Allocation SMA 30,123873.68272407593,10000.0,0.0305781175346393
2025-04-22,Adaptive Cash Allocation SMA 30,127161.58606491027,10000.0,0.026542387927208123
2025-04-23,Adaptive Cash Allocation SMA 30,131491.16681001315,10000.0,0.03404786680541106
2025-04-24,Adaptive Cash Allocation SMA 30,133226.224784031,10000.0,0.013195243574990401
2025-04-25,Adaptive Cash Allocation SMA 30,133226.224784031,10000.0,0.0
2025-04-27,Adaptive Cash Allocation SMA 30,133127.28217371978,10000.0,-0.0007426661715558698
2025-04-28,Adaptive Cash Allocation SMA 30,135724.52569438878,10000.0,0.019509476031215108
2025-04-29,Adaptive Cash Allocation SMA 30,135749.26134696658,10000.0,0.00018224895206861886
2025-04-30,Adaptive Cash Allocation SMA 30,140424.29968417078,10000.0,0.03443877551020409
2025-05-01,Adaptive Cash Allocation SMA 30,147003.98326986557,10000.0,0.04685573366214544
2025-05-02,Adaptive Cash Allocation SMA 30,147028.71892244334,10000.0,0.000168265185932997
2025-05-04,Adaptive Cash Allocation SMA 30,144456.21105435214,10000.0,-0.017496635262449517
2025-05-05,Adaptive Cash Allocation SMA 30,140350.09272643735,10000.0,-0.028424657534246518
2025-05-06,Adaptive Cash Allocation SMA 30,141982.64579657215,10000.0,0.011632005639760249
2025-05-07,Adaptive Cash Allocation SMA 30,146212.44238737598,10000.0,0.029790940766550537
2025-05-08,Adaptive Cash Allocation SMA 30,145866.1432512868,10000.0,-0.00236846557266115
2025-05-09,Adaptive Cash Allocation SMA 30,145890.8789038646,10000.0,0.00016957775139898271
2025-05-11,Adaptive Cash Allocation SMA 30,163527.39919183604,10000.0,0.12088843675822318
2025-05-12,Adaptive Cash Allocation SMA 30,171022.30192290945,10000.0,0.04583270307063986
2025-05-13,Adaptive Cash Allocation SMA 30,174040.05153740107,10000.0,0.01764535724616718
2025-05-14,Adaptive Cash Allocation SMA 30,174584.23589411267,10000.0,0.0031267765776008933
2025-05-15,Adaptive Cash Allocation SMA 30,176736.23766838128,10000.0,0.01232643808444325
2025-05-16,Adaptive Cash Allocation SMA 30,176711.50201580347,10000.0,-0.00013995801259629272
2025-05-18,Adaptive Cash Allocation SMA 30,177206.21506735947,10000.0,0.002799552071668573
2025-05-19,Adaptive Cash Allocation SMA 30,175351.04112402446,10000.0,-0.010469011725293131
2025-05-20,Adaptive Cash Allocation SMA 30,168054.02361357343,10000.0,-0.041613767809282026
2025-05-21,Adaptive Cash Allocation SMA 30,168919.77145379648,10000.0,0.0051516043567855245
2025-05-22,Adaptive Cash Allocation SMA 30,164046.84789596984,10000.0,-0.028847561868502167
2025-05-23,Adaptive Cash Allocation SMA 30,164046.84789596984,10000.0,0.0
2025-05-26,Adaptive Cash Allocation SMA 30,175474.71938691346,10000.0,0.06966224366706883
2025-05-27,Adaptive Cash Allocation SMA 30,173223.77500233366,10000.0,-0.01282774175359454
2025-05-28,Adaptive Cash Allocation SMA 30,174064.78718997887,10000.0,0.004855062116235947
2025-05-29,Adaptive Cash Allocation SMA 30,173149.56804460025,10000.0,-0.005257922410118012
2025-05-30,Adaptive Cash Allocation SMA 30,173149.56804460025,10000.0,0.0
2025-06-01,Adaptive Cash Allocation SMA 30,177132.00810962604,10000.0,0.022999999999999993
2025-06-02,Adaptive Cash Allocation SMA 30,181262.86209011864,10000.0,0.02332076525624915
2025-06-03,Adaptive Cash Allocation SMA 30,182722.26559220883,10000.0,0.008051310043668169
2025-06-04,Adaptive Cash Allocation SMA 30,178467.73334882723,10000.0,-0.023284147827264096
2025-06-05,Adaptive Cash Allocation SMA 30,183563.277779854,10000.0,0.028551628551628384
2025-06-06,Adaptive Cash Allocation SMA 30,183538.54212727622,10000.0,-0.0001347527287426345
2025-06-08,Adaptive Cash Allocation SMA 30,184379.55431492144,10000.0,0.004582210242587647
2025-06-09,Adaptive Cash Allocation SMA 30,187941.48828612463,10000.0,0.019318486718540348
2025-06-10,Adaptive Cash Allocation SMA 30,186012.1073850562,10000.0,-0.010265859436693881
2025-06-11,Adaptive Cash Allocation SMA 30,187224.15436136842,10000.0,0.006515957446808442
2025-06-12,Adaptive Cash Allocation SMA 30,180149.75772411763,10000.0,-0.03778570484872506
2025-06-13,Adaptive Cash Allocation SMA 30,180159.65198514878,10000.0,5.492242207884178e-05
2025-06-15,Adaptive Cash Allocation SMA 30,183088.112006434,10000.0,0.016254805052169103
2025-06-16,Adaptive Cash Allocation SMA 30,177677.59260149454,10000.0,-0.029551451187335025
2025-06-17,Adaptive Cash Allocation SMA 30,177580.97618354918,10000.0,-0.0005437737901033634
2025-06-18,Adaptive Cash Allocation SMA 30,177580.97618354918,10000.0,0.0
2025-06-19,Adaptive Cash Allocation SMA 30,176604.35333603824,10000.0,-0.005499591614484024
2025-06-20,Adaptive Cash Allocation SMA 30,176594.60292315565,10000.0,-5.521048999312694e-05
2025-06-22,Adaptive Cash Allocation SMA 30,178798.37875201448,10000.0,0.01247929320817231
2025-06-23,Adaptive Cash Allocation SMA 30,182053.61027949426,10000.0,0.018206157965194064
2025-06-24,Adaptive Cash Allocation SMA 30,182939.4024934022,10000.0,0.004865556978233159
2025-06-25,Adaptive Cash Allocation SMA 30,187951.12159840745,10000.0,0.02739551478083577
2025-06-26,Adaptive Cash Allocation SMA 30,189792.63699047916,10000.0,0.009797841994295006
2025-06-27,Adaptive Cash Allocation SMA 30,189792.63699047916,10000.0,0.0
2025-06-29,Adaptive Cash Allocation SMA 30,193475.6677746226,10000.0,0.019405551461557334
2025-06-30,Adaptive Cash Allocation SMA 30,188557.18995529183,10000.0,-0.025421686746987946
2025-07-01,Adaptive Cash Allocation SMA 30,192310.15170369114,10000.0,0.019903572753121514
2025-07-02,Adaptive Cash Allocation SMA 30,197694.8359513945,10000.0,0.02800000000000003
2025-07-03,Adaptive Cash Allocation SMA 30,197671.52562997586,10000.0,-0.00011791062374725994
2025-07-06,Adaptive Cash Allocation SMA 30,193289.18520327358,10000.0,-0.022169811320754663
2025-07-07,Adaptive Cash Allocation SMA 30,193545.5987388785,10000.0,0.001326579835986486
2025-07-08,Adaptive Cash Allocation SMA 30,197554.97402288273,10000.0,0.02071540407081776
2025-07-09,Adaptive Cash Allocation SMA 30,196645.8714875562,10000.0,-0.004601769911504431
2025-07-10,Adaptive Cash Allocation SMA 30,195154.01091676395,10000.0,-0.007586533902323383
2025-07-11,Adaptive Cash Allocation SMA 30,195154.01091676395,10000.0,0.0
2025-07-13,Adaptive Cash Allocation SMA 30,197228.62952302195,10000.0,0.010630673674151943
2025-07-14,Adaptive Cash Allocation SMA 30,197741.4565942318,10000.0,0.002600165465075037
2025-07-15,Adaptive Cash Allocation SMA 30,198300.9043082789,10000.0,0.0028291877873393243
2025-07-16,Adaptive Cash Allocation SMA 30,202916.3479491675,10000.0,0.023274950041142637
2025-07-17,Adaptive Cash Allocation SMA 30,202217.03830660865,10000.0,-0.0034462952326248957
2025-07-18,Adaptive Cash Allocation SMA 30,202240.34862802728,10000.0,0.0001152737752161973
2025-07-20,Adaptive Cash Allocation SMA 30,205294.0007338677,10000.0,0.015099124020285707
2025-07-21,Adaptive Cash Allocation SMA 30,202100.48669951552,10000.0,-0.01555580788009527
2025-07-22,Adaptive Cash Allocation SMA 30,204757.86334123925,10000.0,0.013148788927335646
2025-07-23,Adaptive Cash Allocation SMA 30,206109.86198351975,10000.0,0.006602914389799616
2025-07-24,Adaptive Cash Allocation SMA 30,207275.3780544512,10000.0,0.005654829224157431
2025-07-25,Adaptive Cash Allocation SMA 30,207275.3780544512,10000.0,0.0
2025-07-27,Adaptive Cash Allocation SMA 30,209291.7208571626,10000.0,0.009727845254160986
2025-07-28,Adaptive Cash Allocation SMA 30,208347.6528397081,10000.0,-0.004510775742050467
2025-07-29,Adaptive Cash Allocation SMA 30,208636.70082529914,10000.0,0.0013873349742671841
2025-07-30,Adaptive Cash Allocation SMA 30,207259.59159474302,10000.0,-0.006600512877689839
2025-07-31,Adaptive Cash Allocation SMA 30,202287.8049966875,10000.0,-0.023988209953519975
2025-08-01,Adaptive Cash Allocation SMA 30,202287.8049966875,10000.0,0.0
2025-08-03,Adaptive Cash Allocation SMA 30,206718.034782915,10000.0,0.021900627110467884
2025-08-04,Adaptive Cash Allocation SMA 30,204997.3541366543,10000.0,-0.008323805168076804
2025-08-05,Adaptive Cash Allocation SMA 30,208061.30338110687,10000.0,0.014946286781877642
2025-08-06,Adaptive Cash Allocation SMA 30,208904.415371395,10000.0,0.0040522287257991505
2025-08-07,Adaptive Cash Allocation SMA 30,211157.80821828055,10000.0,0.010786717182973042
2025-08-08,Adaptive Cash Allocation SMA 30,211157.80821828055,10000.0,0.0
2025-08-10,Adaptive Cash Allocation SMA 30,209301.92904448707,10000.0,-0.008789062500000024
2025-08-11,Adaptive Cash Allocation SMA 30,212390.47858309647,10000.0,0.014756431308155469
2025-08-12,Adaptive Cash Allocation SMA 30,212704.4003208671,10000.0,0.0014780405405405465
2025-08-13,Adaptive Cash Allocation SMA 30,212121.4028078645,10000.0,-0.0027408812987561155
2025-08-14,Adaptive Cash Allocation SMA 30,209116.72331777427,10000.0,-0.014164904862579169
2025-08-15,Adaptive Cash Allocation SMA 30,209116.72331777427,10000.0,0.0
2025-08-17,Adaptive Cash Allocation SMA 30,209009.09300768148,10000.0,-0.000514690113660753
2025-08-18,Adaptive Cash Allocation SMA 30,205598.1651424069,10000.0,-0.016319519003650407
2025-08-19,Adaptive Cash Allocation SMA 30,204097.7173735145,10000.0,-0.007297962838594178
2025-08-20,Adaptive Cash Allocation SMA 30,202962.16058320238,10000.0,-0.005563789761714737
2025-08-21,Adaptive Cash Allocation SMA 30,206613.55521688794,10000.0,0.01799051913516014
2025-08-22,Adaptive Cash Allocation SMA 30,206613.55521688794,10000.0,0.0
2025-08-24,Adaptive Cash Allocation SMA 30,205891.16217142946,10000.0,-0.003496348749723355
2025-08-25,Adaptive Cash Allocation SMA 30,206847.19212413975,10000.0,0.004643375376716116
2025-08-26,Adaptive Cash Allocation SMA 30,207221.49356415254,10000.0,0.0018095553348781235
2025-08-27,Adaptive Cash Allocation SMA 30,208732.8629811846,10000.0,0.007293497363796119
2025-08-28,Adaptive Cash Allocation SMA 30,205724.58784695738,10000.0,-0.014412081984897532
2025-08-29,Adaptive Cash Allocation SMA 30,205724.58784695738,10000.0,0.0
2025-09-01,Adaptive Cash Allocation SMA 30,203624.98148934296,10000.0,-0.010205908683974939
2025-09-02,Adaptive Cash Allocation SMA 30,205523.73533602813,10000.0,0.009324758842443735
2025-09-03,Adaptive Cash Allocation SMA 30,207747.10960226008,10000.0,0.010818090001122195
2025-09-04,Adaptive Cash Allocation SMA 30,208019.50528792737,10000.0,0.0013111888111887989
2025-09-05,Adaptive Cash Allocation SMA 30,208019.50528792737,10000.0,0.0
2025-09-07,Adaptive Cash Allocation SMA 30,209206.63467989943,10000.0,0.00570681768677849
2025-09-08,Adaptive Cash Allocation SMA 30,209889.53833009477,10000.0,0.0032642542682272315
2025-09-09,Adaptive Cash Allocation SMA 30,209978.95766690595,10000.0,0.00042603046117795
2025-09-10,Adaptive Cash Allocation SMA 30,211390.88128905176,10000.0,0.00672411958719012
2025-09-11,Adaptive Cash Allocation SMA 30,212443.74368827319,10000.0,0.004980642461023384
2025-09-12,Adaptive Cash Allocation SMA 30,212443.74368827319,10000.0,0.0
2025-09-14,Adaptive Cash Allocation SMA 30,214612.9708354829,10000.0,0.010210830921868537
2025-09-15,Adaptive Cash Allocation SMA 30,214029.0193880821,10000.0,-0.0027209513252041745
2025-09-16,Adaptive Cash Allocation SMA 30,212666.4660108136,10000.0,-0.00636620856911879
2025-09-17,Adaptive Cash Allocation SMA 30,218397.8413278954,10000.0,0.026950066103935785
2025-09-18,Adaptive Cash Allocation SMA 30,222723.4076049383,10000.0,0.019805902158843335
2025-09-19,Adaptive Cash Allocation SMA 30,222723.4076049383,10000.0,0.0
2025-09-21,Adaptive Cash Allocation SMA 30,226486.65026596558,10000.0,0.016896484754321178
2025-09-22,Adaptive Cash Allocation SMA 30,221923.17784368532,10000.0,-0.02014896867838044
2025-09-23,Adaptive Cash Allocation SMA 30,219327.83807745957,10000.0,-0.01169476659195013
2025-09-24,Adaptive Cash Allocation SMA 30,216386.45300907042,10000.0,-0.013410906222266044
2025-09-25,Adaptive Cash Allocation SMA 30,217424.5889155607,10000.0,0.004797601199400312
2025-09-26,Adaptive Cash Allocation SMA 30,217446.06294903383,10000.0,9.876543209881596e-05
2025-09-28,Adaptive Cash Allocation SMA 30,220323.5834344348,10000.0,0.013233260912502362
2025-09-29,Adaptive Cash Allocation SMA 30,222041.5061122862,10000.0,0.0077972709551658035
2025-09-30,Adaptive Cash Allocation SMA 30,225176.7149993649,10000.0,0.014119922630560867
2025-10-01,Adaptive Cash Allocation SMA 30,227925.39128392702,10000.0,0.012206751859622365
2025-10-02,Adaptive Cash Allocation SMA 30,224833.13046379463,10000.0,-0.013566986998304106
2025-10-03,Adaptive Cash Allocation SMA 30,224833.13046379463,10000.0,0.0
2025-10-05,Adaptive Cash Allocation SMA 30,229858.05429650983,10000.0,0.0223495702005731
2025-10-06,Adaptive Cash Allocation SMA 30,226143.0465056563,10000.0,-0.016162182361733966
2025-10-07,Adaptive Cash Allocation SMA 30,233809.27645556792,10000.0,0.03389991453803051
2025-10-08,Adaptive Cash Allocation SMA 30,232885.89301622284,10000.0,-0.003949301983835347
2025-10-09,Adaptive Cash Allocation SMA 30,208448.44292378746,10000.0,-0.10493314891655149
2025-10-10,Adaptive Cash Allocation SMA 30,208439.85331039823,10000.0,-4.1207376120288066e-05
2025-10-12,Adaptive Cash Allocation SMA 30,213739.97239107062,10000.0,0.025427570574902133
2025-10-13,Adaptive Cash Allocation SMA 30,212000.734022297,10000.0,-0.008137169427492041
2025-10-14,Adaptive Cash Allocation SMA 30,213736.48610150654,10000.0,0.008187481459507593
2025-10-15,Adaptive Cash Allocation SMA 30,212783.7847099688,10000.0,-0.004457364341085293
2025-10-16,Adaptive Cash Allocation SMA 30,214401.8172130059,10000.0,0.007604115629593328
2025-10-17,Adaptive Cash Allocation SMA 30,214393.5701962846,10000.0,-3.846523704198829e-05
2025-10-19,Adaptive Cash Allocation SMA 30,217618.33980377633,10000.0,0.015041354106558942
2025-10-20,Adaptive Cash Allocation SMA 30,217521.5219308448,10000.0,-0.0004448975808694209
2025-10-21,Adaptive Cash Allocation SMA 30,214962.2077450017,10000.0,-0.01176579753178065
2025-10-22,Adaptive Cash Allocation SMA 30,217115.93999850805,10000.0,0.010019120458891032
2025-10-23,Adaptive Cash Allocation SMA 30,219821.28317923934,10000.0,0.012460361872784941
2025-10-24,Adaptive Cash Allocation SMA 30,219821.28317923934,10000.0,0.0
2025-10-26,Adaptive Cash Allocation SMA 30,231492.32996163925,10000.0,0.053093342981186724
2025-10-27,Adaptive Cash Allocation SMA 30,236781.08369948994,10000.0,0.02284634544361416
2025-10-28,Adaptive Cash Allocation SMA 30,239803.22869254748,10000.0,0.012763456209589352
2025-10-29,Adaptive Cash Allocation SMA 30,228828.07055986478,10000.0,-0.045767349307685896
2025-10-30,Adaptive Cash Allocation SMA 30,232068.923414262,10000.0,0.014162829090277135
2025-10-31,Adaptive Cash Allocation SMA 30,232068.923414262,10000.0,0.0
2025-11-02,Adaptive Cash Allocation SMA 30,235250.12867011208,10000.0,0.01370801919122682
2025-11-03,Adaptive Cash Allocation SMA 30,220855.17488739057,10000.0,-0.06118999323867474
2025-11-04,Adaptive Cash Allocation SMA 30,222573.0257255496,10000.0,0.007778177889809135
2025-11-05,Adaptive Cash Allocation SMA 30,217580.66008317153,10000.0,-0.022430236665489208
2025-11-06,Adaptive Cash Allocation SMA 30,216676.87289001103,10000.0,-0.004153802975021047
2025-11-07,Adaptive Cash Allocation SMA 30,216676.87289001103,10000.0,0.0
2025-11-09,Adaptive Cash Allocation SMA 30,222354.9622419784,10000.0,0.02620533182076004
2025-11-10,Adaptive Cash Allocation SMA 30,221621.0784166389,10000.0,-0.0033005057226510254
2025-11-11,Adaptive Cash Allocation SMA 30,221438.6742368721,10000.0,-0.0008230452674897262
2025-11-12,Adaptive Cash Allocation SMA 30,215967.71963179077,10000.0,-0.024706409681757066
2025-11-13,Adaptive Cash Allocation SMA 30,216033.75218508922,10000.0,0.00030575195872347907
2025-11-14,Adaptive Cash Allocation SMA 30,216033.75218508922,10000.0,0.0
2025-11-16,Adaptive Cash Allocation SMA 30,213814.4251147135,10000.0,-0.01027305709375596
2025-11-17,Adaptive Cash Allocation SMA 30,210721.92054372557,10000.0,-0.014463498285154329
2025-11-18,Adaptive Cash Allocation SMA 30,212170.1517178569,10000.0,0.006872712484749889
2025-11-19,Adaptive Cash Allocation SMA 30,206105.11789563732,10000.0,-0.028585707146426755
2025-11-20,Adaptive Cash Allocation SMA 30,207933.2192642703,10000.0,0.008869752421959044
2025-11-21,Adaptive Cash Allocation SMA 30,207933.2192642703,10000.0,0.0
2025-11-23,Adaptive Cash Allocation SMA 30,214239.53425459357,10000.0,0.03032855939342883
2025-11-24,Adaptive Cash Allocation SMA 30,215799.77518534355,10000.0,0.007282693813625684
2025-11-25,Adaptive Cash Allocation SMA 30,218056.93876351748,10000.0,0.01045952701403576
2025-11-26,Adaptive Cash Allocation SMA 30,218056.93876351748,10000.0,0.0
2025-11-27,Adaptive Cash Allocation SMA 30,219969.07380832406,10000.0,0.00876897133220912
2025-11-28,Adaptive Cash Allocation SMA 30,219969.07380832406,10000.0,0.0
2025-11-30,Adaptive Cash Allocation SMA 30,219178.57255298062,10000.0,-0.0035936927026036084
2025-12-01,Adaptive Cash Allocation SMA 30,221206.1264156354,10000.0,0.009250693802035154
2025-12-02,Adaptive Cash Allocation SMA 30,221830.14369810987,10000.0,0.0028209764918625726
2025-12-03,Adaptive Cash Allocation SMA 30,221543.3458825907,10000.0,-0.0012928712515711959
2025-12-04,Adaptive Cash Allocation SMA 30,222565.0554222402,10000.0,0.004611781660961993
2025-12-05,Adaptive Cash Allocation SMA 30,222565.0554222402,10000.0,0.0
2025-12-07,Adaptive Cash Allocation SMA 30,221177.7398497062,10000.0,-0.006233303650935021
2025-12-08,Adaptive Cash Allocation SMA 30,221510.69558711437,10000.0,0.0015053763440860278
2025-12-09,Adaptive Cash Allocation SMA 30,224041.79441189126,10000.0,0.01142653097661133
2025-12-10,Adaptive Cash Allocation SMA 30,221906.17977848576,10000.0,-0.009532215357458062
2025-12-11,Adaptive Cash Allocation SMA 30,208894.7498823671,10000.0,-0.05863482445196933
2025-12-12,Adaptive Cash Allocation SMA 30,208894.7498823671,10000.0,0.0
2025-12-14,Adaptive Cash Allocation SMA 30,207629.20046997865,10000.0,-0.006058311245740229
2025-12-15,Adaptive Cash Allocation SMA 30,208124.1258997802,10000.0,0.002383698577470167
2025-12-16,Adaptive Cash Allocation SMA 30,203462.90909193494,10000.0,-0.022396330976495318
2025-12-17,Adaptive Cash Allocation SMA 30,206939.077012453,10000.0,0.017085020242914976
2025-12-18,Adaptive Cash Allocation SMA 30,210169.11036360837,10000.0,0.015608619685498003
2025-12-19,Adaptive Cash Allocation SMA 30,210169.11036360837,10000.0,0.0
2025-12-21,Adaptive Cash Allocation SMA 30,211315.77292388814,10000.0,0.005455904334828079
2025-12-22,Adaptive Cash Allocation SMA 30,212499.9202965861,10000.0,0.005603686635944686
2025-12-23,Adaptive Cash Allocation SMA 30,213040.73085542125,10000.0,0.002544991819669162
2025-12-24,Adaptive Cash Allocation SMA 30,213040.73085542125,10000.0,0.0
2025-12-25,Adaptive Cash Allocation SMA 30,212963.7652734648,10000.0,-0.0003612716763005575
2025-12-26,Adaptive Cash Allocation SMA 30,212963.7652734648,10000.0,0.0
2025-12-28,Adaptive Cash Allocation SMA 30,211700.84509610635,10000.0,-0.005930211534984634
2025-12-29,Adaptive Cash Allocation SMA 30,211094.76449718926,10000.0,-0.002862910625802904
2025-12-30,Adaptive Cash Allocation SMA 30,208940.89555074845,10000.0,-0.0102033271719039
2025-12-31,Adaptive Cash Allocation SMA 30,208909.1898002855,10000.0,-0.00015174506828525056
2026-01-01,Adaptive Cash Allocation SMA 30,208354.212825484,10000.0,-0.002656546489563578
2026-01-04,Adaptive Cash Allocation SMA 30,210344.2244092995,10000.0,0.009551098376313277
2026-01-05,Adaptive Cash Allocation SMA 30,212557.54796465105,10000.0,0.010522388059701467
2026-01-06,Adaptive Cash Allocation SMA 30,212804.84269415002,10000.0,0.0011634248318487818
2026-01-07,Adaptive Cash Allocation SMA 30,211292.79813485863,10000.0,-0.007105310857350038
2026-01-08,Adaptive Cash Allocation SMA 30,213741.43953047943,10000.0,0.011588854032109248
