Date,Strategy_Name,Portfolio_Value,Total_Invested,Daily_Return
2016-01-11,Adaptive QQQ TQQQ Switch SMA 30,10000.0,10000.0,0.0
2016-01-12,Adaptive QQQ TQQQ Switch SMA 30,10115.074798619104,10000.0,0.011507479861910268
2016-01-13,Adaptive QQQ TQQQ Switch SMA 30,9766.973532796319,10000.0,-0.0344141069397043
2016-01-14,Adaptive QQQ TQQQ Switch SMA 30,9975.067126965861,10000.0,0.021305841924398643
2016-01-15,Adaptive QQQ TQQQ Switch SMA 30,9665.324127349444,10000.0,-0.03105172082291857
2016-01-19,Adaptive QQQ TQQQ Switch SMA 30,9686.421173762947,10000.0,0.0021827562258160418
2016-01-20,Adaptive QQQ TQQQ Switch SMA 30,9656.693517453012,10000.0,-0.0030690030690030913
2016-01-21,Adaptive QQQ TQQQ Switch SMA 30,9666.283084004604,10000.0,0.0009930486593842534
2016-01-22,Adaptive QQQ TQQQ Switch SMA 30,9946.298427311089,10000.0,0.028968253968253987
2016-01-25,Adaptive QQQ TQQQ Switch SMA 30,9798.619102416575,10000.0,-0.014847666795217818
2016-01-26,Adaptive QQQ TQQQ Switch SMA 30,9886.843114691217,10000.0,0.009003718927382926
2016-01-27,Adaptive QQQ TQQQ Switch SMA 30,9640.391254315307,10000.0,-0.024927255092143486
2016-01-28,Adaptive QQQ TQQQ Switch SMA 30,9776.563099347914,10000.0,0.014125136775092029
2016-01-29,Adaptive QQQ TQQQ Switch SMA 30,9980.82086689682,10000.0,0.020892594409023985
2016-02-01,Adaptive QQQ TQQQ Switch SMA 30,10007.671653241277,10000.0,0.002690238278247513
2016-02-02,Adaptive QQQ TQQQ Switch SMA 30,9790.9474491753,10000.0,-0.02165580682253742
2016-02-03,Adaptive QQQ TQQQ Switch SMA 30,9743.958573072501,10000.0,-0.004799216454456365
2016-02-04,Adaptive QQQ TQQQ Switch SMA 30,9742.999616417343,10000.0,-9.841551028447117e-05
2016-02-05,Adaptive QQQ TQQQ Switch SMA 30,9404.48791714615,10000.0,-0.03474409448818899
2016-02-08,Adaptive QQQ TQQQ Switch SMA 30,9260.644418872273,10000.0,-0.015295197308045275
2016-02-09,Adaptive QQQ TQQQ Switch SMA 30,9231.875719217496,10000.0,-0.0031065548306927326
2016-02-10,Adaptive QQQ TQQQ Switch SMA 30,9267.357115458388,10000.0,0.0038433572244728842
2016-02-11,Adaptive QQQ TQQQ Switch SMA 30,9253.93172228616,10000.0,-0.0014486754966887476
2016-02-12,Adaptive QQQ TQQQ Switch SMA 30,9394.89835059456,10000.0,0.015233160621761646
2016-02-16,Adaptive QQQ TQQQ Switch SMA 30,9606.827771384742,10000.0,0.022557925895682434
2016-02-17,Adaptive QQQ TQQQ Switch SMA 30,9824.510932105877,10000.0,0.022659213415851427
2016-02-18,Adaptive QQQ TQQQ Switch SMA 30,9491.476663220932,10000.0,-0.03389830508474579
2016-02-19,Adaptive QQQ TQQQ Switch SMA 30,9519.591226796822,10000.0,0.002962085308056844
2016-02-22,Adaptive QQQ TQQQ Switch SMA 30,10017.709372385028,10000.0,0.05232558139534888
2016-02-23,Adaptive QQQ TQQQ Switch SMA 30,9519.591226796823,10000.0,-0.04972375690607739
2016-02-24,Adaptive QQQ TQQQ Switch SMA 30,9796.323529901383,10000.0,0.029069767441860492
2016-02-25,Adaptive QQQ TQQQ Switch SMA 30,10073.055833005943,10000.0,0.028248587570621493
2016-02-26,Adaptive QQQ TQQQ Switch SMA 30,10017.709372385032,10000.0,-0.005494505494505499
2016-02-29,Adaptive QQQ TQQQ Switch SMA 30,9740.977069280472,10000.0,-0.027624309392265217
2016-03-01,Adaptive QQQ TQQQ Switch SMA 30,10681.866899835972,10000.0,0.09659090909090905
2016-03-02,Adaptive QQQ TQQQ Switch SMA 30,10681.866899835972,10000.0,0.0
2016-03-03,Adaptive QQQ TQQQ Switch SMA 30,10626.520439215059,10000.0,-0.005181347150259072
2016-03-04,Adaptive QQQ TQQQ Switch SMA 30,10681.86689983597,10000.0,0.005208333333333338
2016-03-07,Adaptive QQQ TQQQ Switch SMA 30,10460.481057352323,10000.0,-0.020725388601036288
2016-03-08,Adaptive QQQ TQQQ Switch SMA 30,10183.748754247765,10000.0,-0.026455026455026363
2016-03-09,Adaptive QQQ TQQQ Switch SMA 30,10405.13459673141,10000.0,0.021739130434782507
2016-03-10,Adaptive QQQ TQQQ Switch SMA 30,10349.7881361105,10000.0,-0.0053191489361701
2016-03-11,Adaptive QQQ TQQQ Switch SMA 30,10903.252742319617,10000.0,0.05347593582887693
2016-03-14,Adaptive QQQ TQQQ Switch SMA 30,10958.599202940528,10000.0,0.0050761421319797
2016-03-15,Adaptive QQQ TQQQ Switch SMA 30,10958.599202940528,10000.0,0.0
2016-03-16,Adaptive QQQ TQQQ Switch SMA 30,11235.331506045084,10000.0,0.025252525252525162
2016-03-17,Adaptive QQQ TQQQ Switch SMA 30,11179.985045424173,10000.0,-0.0049261083743841316
2016-03-18,Adaptive QQQ TQQQ Switch SMA 30,11235.331506045086,10000.0,0.004950495049504845
2016-03-21,Adaptive QQQ TQQQ Switch SMA 30,11401.370887907822,10000.0,0.014778325123152834
2016-03-22,Adaptive QQQ TQQQ Switch SMA 30,11456.717348528733,10000.0,0.004854368932038731
2016-03-23,Adaptive QQQ TQQQ Switch SMA 30,11235.331506045086,10000.0,-0.01932367149758456
2016-03-24,Adaptive QQQ TQQQ Switch SMA 30,11179.985045424175,10000.0,-0.0049261083743841316
2016-03-28,Adaptive QQQ TQQQ Switch SMA 30,11179.985045424175,10000.0,0.0
2016-03-29,Adaptive QQQ TQQQ Switch SMA 30,11678.103191012382,10000.0,0.04455445544554448
2016-03-30,Adaptive QQQ TQQQ Switch SMA 30,11899.48903349603,10000.0,0.018957345971564
2016-03-31,Adaptive QQQ TQQQ Switch SMA 30,11788.796112254206,10000.0,-0.009302325581395357
2016-04-01,Adaptive QQQ TQQQ Switch SMA 30,12176.221336600589,10000.0,0.03286384976525835
2016-04-04,Adaptive QQQ TQQQ Switch SMA 30,12065.528415358765,10000.0,-0.009090909090909097
2016-04-05,Adaptive QQQ TQQQ Switch SMA 30,11733.449651633295,10000.0,-0.027522935779816536
2016-04-06,Adaptive QQQ TQQQ Switch SMA 30,12286.914257842414,10000.0,0.047169811320754755
2016-04-07,Adaptive QQQ TQQQ Switch SMA 30,11733.449651633297,10000.0,-0.045045045045045085
2016-04-08,Adaptive QQQ TQQQ Switch SMA 30,11733.449651633297,10000.0,0.0
2016-04-11,Adaptive QQQ TQQQ Switch SMA 30,11622.756730391473,10000.0,-0.009433962264150952
2016-04-12,Adaptive QQQ TQQQ Switch SMA 30,11899.489033496031,10000.0,0.023809523809523725
2016-04-13,Adaptive QQQ TQQQ Switch SMA 30,12342.260718463327,10000.0,0.03720930232558143
2016-04-14,Adaptive QQQ TQQQ Switch SMA 30,12342.260718463327,10000.0,0.0
2016-04-15,Adaptive QQQ TQQQ Switch SMA 30,12231.567797221503,10000.0,-0.00896860986547086
2016-04-18,Adaptive QQQ TQQQ Switch SMA 30,12452.95363970515,10000.0,0.018099547511312233
2016-04-19,Adaptive QQQ TQQQ Switch SMA 30,12231.567797221503,10000.0,-0.017777777777777795
2016-04-20,Adaptive QQQ TQQQ Switch SMA 30,12231.567797221503,10000.0,0.0
2016-04-21,Adaptive QQQ TQQQ Switch SMA 30,12231.567797221503,10000.0,0.0
2016-04-22,Adaptive QQQ TQQQ Switch SMA 30,11678.103191012386,10000.0,-0.04524886877828058
2016-04-25,Adaptive QQQ TQQQ Switch SMA 30,11678.103191012386,10000.0,0.0
2016-04-26,Adaptive QQQ TQQQ Switch SMA 30,11621.278046950352,10000.0,-0.004865956665442537
2016-04-27,Adaptive QQQ TQQQ Switch SMA 30,11527.99903688626,10000.0,-0.00802657071685584
2016-04-28,Adaptive QQQ TQQQ Switch SMA 30,11388.61660805486,10000.0,-0.012090773809523784
2016-04-29,Adaptive QQQ TQQQ Switch SMA 30,11328.57494640441,10000.0,-0.005272076821690852
2016-05-02,Adaptive QQQ TQQQ Switch SMA 30,11435.792199351641,10000.0,0.00946431951542684
2016-05-03,Adaptive QQQ TQQQ Switch SMA 30,11329.647118933883,10000.0,-0.0092818301143821
2016-05-04,Adaptive QQQ TQQQ Switch SMA 30,11256.739386929765,10000.0,-0.006435128229393459
2016-05-05,Adaptive QQQ TQQQ Switch SMA 30,11253.522869341348,10000.0,-0.00028574149919040993
2016-05-06,Adaptive QQQ TQQQ Switch SMA 30,11313.564530991798,10000.0,0.005335365853658559
2016-05-09,Adaptive QQQ TQQQ Switch SMA 30,11345.729706875965,10000.0,0.002843062926459412
2016-05-10,Adaptive QQQ TQQQ Switch SMA 30,11501.19472364945,10000.0,0.01370251370251373
2016-05-11,Adaptive QQQ TQQQ Switch SMA 30,11397.193988290637,10000.0,-0.009042602778036719
2016-05-12,Adaptive QQQ TQQQ Switch SMA 30,11346.801879405439,10000.0,-0.004421448730009396
2016-05-13,Adaptive QQQ TQQQ Switch SMA 30,11304.987150756018,10000.0,-0.0036851554379665557
2016-05-16,Adaptive QQQ TQQQ Switch SMA 30,11446.513924646364,10000.0,0.012518968133535731
2016-05-17,Adaptive QQQ TQQQ Switch SMA 30,11302.842805697073,10000.0,-0.012551517422255559
2016-05-18,Adaptive QQQ TQQQ Switch SMA 30,11343.58536181702,10000.0,0.0036046291026370276
2016-05-19,Adaptive QQQ TQQQ Switch SMA 30,11284.615872696044,10000.0,-0.00519848771266538
2016-05-20,Adaptive QQQ TQQQ Switch SMA 30,11408.987886114832,10000.0,0.011021377672208994
2016-05-23,Adaptive QQQ TQQQ Switch SMA 30,11393.977470702219,10000.0,-0.0013156658208815014
2016-05-24,Adaptive QQQ TQQQ Switch SMA 30,11622.350219479822,10000.0,0.02004328596969991
2016-05-25,Adaptive QQQ TQQQ Switch SMA 30,11846.93669715093,10000.0,0.01932367149758456
2016-05-26,Adaptive QQQ TQQQ Switch SMA 30,11959.229935986485,10000.0,0.009478672985782
2016-05-27,Adaptive QQQ TQQQ Switch SMA 30,12127.669794239819,10000.0,0.01408450704225364
2016-05-31,Adaptive QQQ TQQQ Switch SMA 30,12239.963033075373,10000.0,0.009259259259259267
2016-06-01,Adaptive QQQ TQQQ Switch SMA 30,12239.963033075373,10000.0,0.0
2016-06-02,Adaptive QQQ TQQQ Switch SMA 30,12296.109652493149,10000.0,0.0045871559633026545
2016-06-03,Adaptive QQQ TQQQ Switch SMA 30,12127.669794239819,10000.0,-0.013698630136986212
2016-06-06,Adaptive QQQ TQQQ Switch SMA 30,12239.963033075373,10000.0,0.009259259259259267
2016-06-07,Adaptive QQQ TQQQ Switch SMA 30,12183.816413657596,10000.0,-0.0045871559633028575
2016-06-08,Adaptive QQQ TQQQ Switch SMA 30,12239.963033075373,10000.0,0.004608294930875683
2016-06-09,Adaptive QQQ TQQQ Switch SMA 30,12183.816413657596,10000.0,-0.0045871559633028575
2016-06-10,Adaptive QQQ TQQQ Switch SMA 30,11734.64345831538,10000.0,-0.03686635944700464
2016-06-13,Adaptive QQQ TQQQ Switch SMA 30,11453.910361226497,10000.0,-0.02392344497607647
2016-06-14,Adaptive QQQ TQQQ Switch SMA 30,11453.910361226497,10000.0,0.0
2016-06-15,Adaptive QQQ TQQQ Switch SMA 30,11341.617122390944,10000.0,-0.00980392156862746
2016-06-16,Adaptive QQQ TQQQ Switch SMA 30,11375.328040830153,10000.0,0.0029723202675088927
2016-06-17,Adaptive QQQ TQQQ Switch SMA 30,10984.998157076177,10000.0,-0.03431372549019611
2016-06-20,Adaptive QQQ TQQQ Switch SMA 30,11054.151109864311,10000.0,0.006295217513858756
2016-06-21,Adaptive QQQ TQQQ Switch SMA 30,11089.243653070229,10000.0,0.0031746031746032067
2016-06-22,Adaptive QQQ TQQQ Switch SMA 30,11062.408178853939,10000.0,-0.002419955323901628
2016-06-23,Adaptive QQQ TQQQ Switch SMA 30,11220.32462328057,10000.0,0.014275051315543822
2016-06-24,Adaptive QQQ TQQQ Switch SMA 30,9831.141574683928,10000.0,-0.12380952380952381
2016-06-27,Adaptive QQQ TQQQ Switch SMA 30,9635.914569123725,10000.0,-0.019858019953952352
2016-06-28,Adaptive QQQ TQQQ Switch SMA 30,9847.174710406263,10000.0,0.02192424390721342
2016-06-29,Adaptive QQQ TQQQ Switch SMA 30,10020.709826459779,10000.0,0.01762283306196728
2016-06-30,Adaptive QQQ TQQQ Switch SMA 30,10136.714279039032,10000.0,0.011576470588235332
2016-07-01,Adaptive QQQ TQQQ Switch SMA 30,10187.643063098216,10000.0,0.005024190547078452
2016-07-05,Adaptive QQQ TQQQ Switch SMA 30,10125.396771470325,10000.0,-0.006109979633401191
2016-07-06,Adaptive QQQ TQQQ Switch SMA 30,10208.391826974179,10000.0,0.008196721311475367
2016-07-07,Adaptive QQQ TQQQ Switch SMA 30,10258.188860276492,10000.0,0.004878048780487918
2016-07-08,Adaptive QQQ TQQQ Switch SMA 30,10756.159193299622,10000.0,0.04854368932038839
2016-07-11,Adaptive QQQ TQQQ Switch SMA 30,10955.347326508874,10000.0,0.018518518518518535
2016-07-12,Adaptive QQQ TQQQ Switch SMA 30,11104.738426415812,10000.0,0.013636363636363547
2016-07-13,Adaptive QQQ TQQQ Switch SMA 30,11054.9413931135,10000.0,-0.0044843049327353305
2016-07-14,Adaptive QQQ TQQQ Switch SMA 30,11254.129526322751,10000.0,0.018018018018017834
2016-07-15,Adaptive QQQ TQQQ Switch SMA 30,11204.33249302044,10000.0,-0.004424778761061853
2016-07-18,Adaptive QQQ TQQQ Switch SMA 30,11403.520626229694,10000.0,0.017777777777777795
2016-07-19,Adaptive QQQ TQQQ Switch SMA 30,11303.926559625068,10000.0,-0.00873362445414848
2016-07-20,Adaptive QQQ TQQQ Switch SMA 30,11702.302826043573,10000.0,0.03524229074889871
2016-07-21,Adaptive QQQ TQQQ Switch SMA 30,11602.708759438947,10000.0,-0.008510638297872348
2016-07-22,Adaptive QQQ TQQQ Switch SMA 30,11752.099859345884,10000.0,0.01287553648068661
2016-07-25,Adaptive QQQ TQQQ Switch SMA 30,11752.099859345884,10000.0,0.0
2016-07-26,Adaptive QQQ TQQQ Switch SMA 30,11801.896892648198,10000.0,0.004237288135593318
2016-07-27,Adaptive QQQ TQQQ Switch SMA 30,12050.882059159763,10000.0,0.021097046413502032
2016-07-28,Adaptive QQQ TQQQ Switch SMA 30,12150.47612576439,10000.0,0.008264462809917363
2016-07-29,Adaptive QQQ TQQQ Switch SMA 30,12250.070192369014,10000.0,0.008196721311475417
2016-08-01,Adaptive QQQ TQQQ Switch SMA 30,12449.258325578267,10000.0,0.016260162601626032
2016-08-02,Adaptive QQQ TQQQ Switch SMA 30,12150.476125764388,10000.0,-0.02400000000000002
2016-08-03,Adaptive QQQ TQQQ Switch SMA 30,12250.070192369012,10000.0,0.008196721311475417
2016-08-04,Adaptive QQQ TQQQ Switch SMA 30,12399.461292275952,10000.0,0.012195121951219613
2016-08-05,Adaptive QQQ TQQQ Switch SMA 30,12748.040525392142,10000.0,0.02811244979919672
2016-08-08,Adaptive QQQ TQQQ Switch SMA 30,12698.243492089827,10000.0,-0.00390625000000009
2016-08-09,Adaptive QQQ TQQQ Switch SMA 30,12797.837558694453,10000.0,0.007843137254901968
2016-08-10,Adaptive QQQ TQQQ Switch SMA 30,12698.243492089827,10000.0,-0.007782101167315182
2016-08-11,Adaptive QQQ TQQQ Switch SMA 30,12847.634591996768,10000.0,0.01176470588235304
2016-08-12,Adaptive QQQ TQQQ Switch SMA 30,12847.634591996768,10000.0,0.0
2016-08-15,Adaptive QQQ TQQQ Switch SMA 30,13046.82272520602,10000.0,0.015503875968992262
2016-08-16,Adaptive QQQ TQQQ Switch SMA 30,12847.634591996768,10000.0,-0.015267175572519097
2016-08-17,Adaptive QQQ TQQQ Switch SMA 30,12897.431625299081,10000.0,0.003875968992247979
2016-08-18,Adaptive QQQ TQQQ Switch SMA 30,12897.431625299081,10000.0,0.0
2016-08-19,Adaptive QQQ TQQQ Switch SMA 30,12897.431625299081,10000.0,0.0
2016-08-22,Adaptive QQQ TQQQ Switch SMA 30,12897.431625299081,10000.0,0.0
2016-08-23,Adaptive QQQ TQQQ Switch SMA 30,12947.228658601394,10000.0,0.0038610038610039504
2016-08-24,Adaptive QQQ TQQQ Switch SMA 30,12698.243492089827,10000.0,-0.019230769230769332
2016-08-25,Adaptive QQQ TQQQ Switch SMA 30,12648.446458787515,10000.0,-0.003921568627450897
2016-08-26,Adaptive QQQ TQQQ Switch SMA 30,12698.243492089829,10000.0,0.003937007874015664
2016-08-29,Adaptive QQQ TQQQ Switch SMA 30,12748.040525392142,10000.0,0.003921568627451071
2016-08-30,Adaptive QQQ TQQQ Switch SMA 30,12648.446458787515,10000.0,-0.007812500000000007
2016-08-31,Adaptive QQQ TQQQ Switch SMA 30,12598.6494254852,10000.0,-0.003937007874015839
2016-09-01,Adaptive QQQ TQQQ Switch SMA 30,12648.446458787515,10000.0,0.003952569169960566
2016-09-02,Adaptive QQQ TQQQ Switch SMA 30,12797.837558694455,10000.0,0.011811023622047168
2016-09-06,Adaptive QQQ TQQQ Switch SMA 30,13046.822725206022,10000.0,0.019455252918288042
2016-09-07,Adaptive QQQ TQQQ Switch SMA 30,13096.619758508336,10000.0,0.0038167938931296893
2016-09-08,Adaptive QQQ TQQQ Switch SMA 30,12847.634591996772,10000.0,-0.019011406844106397
2016-09-09,Adaptive QQQ TQQQ Switch SMA 30,11851.69392595051,10000.0,-0.07751937984496131
2016-09-12,Adaptive QQQ TQQQ Switch SMA 30,12064.405995187059,10000.0,0.01794781999649796
2016-09-13,Adaptive QQQ TQQQ Switch SMA 30,11956.493530793883,10000.0,-0.008944697686419473
2016-09-14,Adaptive QQQ TQQQ Switch SMA 30,12013.562622540274,10000.0,0.004773062570511127
2016-09-15,Adaptive QQQ TQQQ Switch SMA 30,12200.334195528463,10000.0,0.015546726550354096
2016-09-16,Adaptive QQQ TQQQ Switch SMA 30,12200.334195528463,10000.0,0.0
2016-09-19,Adaptive QQQ TQQQ Switch SMA 30,12059.017583225044,10000.0,-0.011583011583011508
2016-09-20,Adaptive QQQ TQQQ Switch SMA 30,12081.747054338046,10000.0,0.0018848526387936846
2016-09-21,Adaptive QQQ TQQQ Switch SMA 30,12457.832565757131,10000.0,0.03112840466926073
2016-09-22,Adaptive QQQ TQQQ Switch SMA 30,12739.896699321444,10000.0,0.022641509433962283
2016-09-23,Adaptive QQQ TQQQ Switch SMA 30,12504.843254684516,10000.0,-0.018450184501844952
2016-09-26,Adaptive QQQ TQQQ Switch SMA 30,12175.768432192817,10000.0,-0.026315789473684317
2016-09-27,Adaptive QQQ TQQQ Switch SMA 30,12551.853943611899,10000.0,0.030888030888030917
2016-09-28,Adaptive QQQ TQQQ Switch SMA 30,12598.864632539284,10000.0,0.003745318352060012
2016-09-29,Adaptive QQQ TQQQ Switch SMA 30,12316.80049897497,10000.0,-0.022388059701492557
2016-09-30,Adaptive QQQ TQQQ Switch SMA 30,12598.864632539282,10000.0,0.022900763358778647
2016-10-03,Adaptive QQQ TQQQ Switch SMA 30,12551.853943611895,10000.0,-0.0037313432835821753
2016-10-04,Adaptive QQQ TQQQ Switch SMA 30,12504.84325468451,10000.0,-0.0037453183520598453
2016-10-05,Adaptive QQQ TQQQ Switch SMA 30,12645.875321466667,10000.0,0.011278195488721731
2016-10-06,Adaptive QQQ TQQQ Switch SMA 30,12598.864632539282,10000.0,-0.0037174721189590287
2016-10-07,Adaptive QQQ TQQQ Switch SMA 30,12504.84325468451,10000.0,-0.007462686567164185
2016-10-10,Adaptive QQQ TQQQ Switch SMA 30,12739.896699321438,10000.0,0.01879699248120294
2016-10-11,Adaptive QQQ TQQQ Switch SMA 30,12222.779121120198,10000.0,-0.040590405904059
2016-10-12,Adaptive QQQ TQQQ Switch SMA 30,12212.37321347409,10000.0,-0.00085135365230712
2016-10-13,Adaptive QQQ TQQQ Switch SMA 30,12168.668401360428,10000.0,-0.003578732106339483
2016-10-14,Adaptive QQQ TQQQ Switch SMA 30,12183.23667206498,10000.0,0.0011971951428082826
2016-10-17,Adaptive QQQ TQQQ Switch SMA 30,12149.937767597432,10000.0,-0.002733173898189214
2016-10-18,Adaptive QQQ TQQQ Switch SMA 30,12258.15920711697,10000.0,0.008907159986296608
2016-10-19,Adaptive QQQ TQQQ Switch SMA 30,12258.15920711697,10000.0,0.0
2016-10-20,Adaptive QQQ TQQQ Switch SMA 30,12211.372339914233,10000.0,-0.003816793893129859
2016-10-21,Adaptive QQQ TQQQ Switch SMA 30,12351.732941522443,10000.0,0.011494252873563314
2016-10-24,Adaptive QQQ TQQQ Switch SMA 30,12772.81474634707,10000.0,0.03409090909090903
2016-10-25,Adaptive QQQ TQQQ Switch SMA 30,12632.454144738862,10000.0,-0.010989010989010917
2016-10-26,Adaptive QQQ TQQQ Switch SMA 30,12398.519808725177,10000.0,-0.018518518518518615
2016-10-27,Adaptive QQQ TQQQ Switch SMA 30,12258.159207116969,10000.0,-0.011320754716981058
2016-10-28,Adaptive QQQ TQQQ Switch SMA 30,12181.142414679658,10000.0,-0.006282900322635379
2016-10-31,Adaptive QQQ TQQQ Switch SMA 30,12169.693972560599,10000.0,-0.0009398496240601454
2016-11-01,Adaptive QQQ TQQQ Switch SMA 30,12078.106435608119,10000.0,-0.007525870178739499
2016-11-02,Adaptive QQQ TQQQ Switch SMA 30,11981.315061328794,10000.0,-0.00801378716070653
2016-11-03,Adaptive QQQ TQQQ Switch SMA 30,11863.708337742088,10000.0,-0.009815844336344767
2016-11-04,Adaptive QQQ TQQQ Switch SMA 30,11822.077639127327,10000.0,-0.003509079743837104
2016-11-07,Adaptive QQQ TQQQ Switch SMA 30,12103.084854776976,10000.0,0.02376969803679904
2016-11-08,Adaptive QQQ TQQQ Switch SMA 30,12182.183182145027,10000.0,0.006535385673746589
2016-11-09,Adaptive QQQ TQQQ Switch SMA 30,12238.384625274957,10000.0,0.004613413071337089
2016-11-10,Adaptive QQQ TQQQ Switch SMA 30,11671.355221787315,10000.0,-0.046332046332046205
2016-11-11,Adaptive QQQ TQQQ Switch SMA 30,11676.39945863656,10000.0,0.00043218947186444084
2016-11-14,Adaptive QQQ TQQQ Switch SMA 30,11558.364316364185,10000.0,-0.010108864696734074
2016-11-15,Adaptive QQQ TQQQ Switch SMA 30,11718.771048170234,10000.0,0.01387797852841061
2016-11-16,Adaptive QQQ TQQQ Switch SMA 30,11788.38151668984,10000.0,0.005940082644628079
2016-11-17,Adaptive QQQ TQQQ Switch SMA 30,11874.133543127038,10000.0,0.0072742832691485544
2016-11-18,Adaptive QQQ TQQQ Switch SMA 30,11782.44139221486,10000.0,-0.007722007722007729
2016-11-21,Adaptive QQQ TQQQ Switch SMA 30,12103.363920407484,10000.0,0.027237354085603224
2016-11-22,Adaptive QQQ TQQQ Switch SMA 30,12240.90214677575,10000.0,0.01136363636363629
2016-11-23,Adaptive QQQ TQQQ Switch SMA 30,12057.517844951393,10000.0,-0.014981273408239714
2016-11-25,Adaptive QQQ TQQQ Switch SMA 30,12195.05607131966,10000.0,0.011406844106463974
2016-11-28,Adaptive QQQ TQQQ Switch SMA 30,12103.36392040748,10000.0,-0.0075187969924812095
2016-11-29,Adaptive QQQ TQQQ Switch SMA 30,12240.902146775747,10000.0,0.01136363636363629
2016-11-30,Adaptive QQQ TQQQ Switch SMA 30,11828.287467670947,10000.0,-0.033707865168539276
2016-12-01,Adaptive QQQ TQQQ Switch SMA 30,11186.442411285701,10000.0,-0.054263565891472916
2016-12-02,Adaptive QQQ TQQQ Switch SMA 30,11208.735815276652,10000.0,0.0019928948964561474
2016-12-05,Adaptive QQQ TQQQ Switch SMA 30,11295.97087437168,10000.0,0.007782774126599842
2016-12-06,Adaptive QQQ TQQQ Switch SMA 30,11323.110670534576,10000.0,0.002402608546421717
2016-12-07,Adaptive QQQ TQQQ Switch SMA 30,11466.563878824178,10000.0,0.012669063516521178
2016-12-08,Adaptive QQQ TQQQ Switch SMA 30,11554.094900799933,10000.0,0.007633587786259549
2016-12-09,Adaptive QQQ TQQQ Switch SMA 30,11816.687966727204,10000.0,0.022727272727272745
2016-12-12,Adaptive QQQ TQQQ Switch SMA 30,11641.62592277569,10000.0,-0.014814814814814828
2016-12-13,Adaptive QQQ TQQQ Switch SMA 30,12079.281032654473,10000.0,0.03759398496240588
2016-12-14,Adaptive QQQ TQQQ Switch SMA 30,11991.75001067872,10000.0,-0.007246376811594049
2016-12-15,Adaptive QQQ TQQQ Switch SMA 30,12079.281032654475,10000.0,0.007299270072992544
2016-12-16,Adaptive QQQ TQQQ Switch SMA 30,11947.98449969084,10000.0,-0.010869565217391235
2016-12-19,Adaptive QQQ TQQQ Switch SMA 30,12079.281032654475,10000.0,0.010989010989010917
2016-12-20,Adaptive QQQ TQQQ Switch SMA 30,12210.57756561811,10000.0,0.010869565217391396
2016-12-21,Adaptive QQQ TQQQ Switch SMA 30,12166.81205463023,10000.0,-0.0035842293906810864
2016-12-22,Adaptive QQQ TQQQ Switch SMA 30,12079.281032654475,10000.0,-0.007194244604316554
2016-12-23,Adaptive QQQ TQQQ Switch SMA 30,12123.046543642353,10000.0,0.003623188405797185
2016-12-27,Adaptive QQQ TQQQ Switch SMA 30,12298.108587593866,10000.0,0.014440433212996403
2016-12-28,Adaptive QQQ TQQQ Switch SMA 30,11991.750010678717,10000.0,-0.024911032028469695
2016-12-29,Adaptive QQQ TQQQ Switch SMA 30,11947.984499690838,10000.0,-0.0036496350364964344
2016-12-30,Adaptive QQQ TQQQ Switch SMA 30,11597.86041178781,10000.0,-0.029304029304029332
2017-01-03,Adaptive QQQ TQQQ Switch SMA 30,11701.675071781858,10000.0,0.008951190677250484
2017-01-04,Adaptive QQQ TQQQ Switch SMA 30,11917.573135836874,10000.0,0.018450184501844952
2017-01-05,Adaptive QQQ TQQQ Switch SMA 30,12133.47119989189,10000.0,0.018115942028985605
2017-01-06,Adaptive QQQ TQQQ Switch SMA 30,12435.728489568914,10000.0,0.024911032028469695
2017-01-09,Adaptive QQQ TQQQ Switch SMA 30,12565.267328001924,10000.0,0.010416666666666753
2017-01-10,Adaptive QQQ TQQQ Switch SMA 30,12651.62655362393,10000.0,0.006872852233676982
2017-01-11,Adaptive QQQ TQQQ Switch SMA 30,12737.985779245937,10000.0,0.006825938566552906
2017-01-12,Adaptive QQQ TQQQ Switch SMA 30,12651.62655362393,10000.0,-0.006779661016949158
2017-01-13,Adaptive QQQ TQQQ Switch SMA 30,12824.345004867942,10000.0,0.013651877133105813
2017-01-17,Adaptive QQQ TQQQ Switch SMA 30,12694.806166434932,10000.0,-0.010101010101010183
2017-01-18,Adaptive QQQ TQQQ Switch SMA 30,12781.165392056939,10000.0,0.00680272108843538
2017-01-19,Adaptive QQQ TQQQ Switch SMA 30,12737.985779245937,10000.0,-0.0033783783783783066
2017-01-20,Adaptive QQQ TQQQ Switch SMA 30,12824.345004867944,10000.0,0.006779661016949158
2017-01-23,Adaptive QQQ TQQQ Switch SMA 30,12867.524617678946,10000.0,0.003367003367003295
2017-01-24,Adaptive QQQ TQQQ Switch SMA 30,13126.602294544966,10000.0,0.020134228187919483
2017-01-25,Adaptive QQQ TQQQ Switch SMA 30,13515.218809843995,10000.0,0.02960526315789469
2017-01-26,Adaptive QQQ TQQQ Switch SMA 30,13558.398422655,10000.0,0.003194888178913812
2017-01-27,Adaptive QQQ TQQQ Switch SMA 30,13644.757648277007,10000.0,0.006369426751592362
2017-01-30,Adaptive QQQ TQQQ Switch SMA 30,13342.500358599984,10000.0,-0.022151898734177305
2017-01-31,Adaptive QQQ TQQQ Switch SMA 30,13256.141132977977,10000.0,-0.00647249190938512
2017-02-01,Adaptive QQQ TQQQ Switch SMA 30,13515.218809843996,10000.0,0.019543973941368097
2017-02-02,Adaptive QQQ TQQQ Switch SMA 30,13472.039197032995,10000.0,-0.0031948881789136702
2017-02-03,Adaptive QQQ TQQQ Switch SMA 30,13601.578035466004,10000.0,0.009615384615384552
2017-02-06,Adaptive QQQ TQQQ Switch SMA 30,13644.757648277007,10000.0,0.003174603174603248
2017-02-07,Adaptive QQQ TQQQ Switch SMA 30,13774.296486710015,10000.0,0.009493670886075887
2017-02-08,Adaptive QQQ TQQQ Switch SMA 30,13860.655712332022,10000.0,0.006269592476489034
2017-02-09,Adaptive QQQ TQQQ Switch SMA 30,13990.194550765033,10000.0,0.009345794392523442
2017-02-10,Adaptive QQQ TQQQ Switch SMA 30,14119.733389198043,10000.0,0.009259259259259198
2017-02-13,Adaptive QQQ TQQQ Switch SMA 30,14378.811066064063,10000.0,0.018348623853211024
2017-02-14,Adaptive QQQ TQQQ Switch SMA 30,14508.349904497072,10000.0,0.00900900900900895
2017-02-15,Adaptive QQQ TQQQ Switch SMA 30,14767.42758136309,10000.0,0.017857142857142873
2017-02-16,Adaptive QQQ TQQQ Switch SMA 30,14767.42758136309,10000.0,0.0
2017-02-17,Adaptive QQQ TQQQ Switch SMA 30,14940.146032607105,10000.0,0.01169590643274855
2017-02-21,Adaptive QQQ TQQQ Switch SMA 30,15156.04409666212,10000.0,0.01445086705202307
2017-02-22,Adaptive QQQ TQQQ Switch SMA 30,15199.223709473124,10000.0,0.002849002849002915
2017-02-23,Adaptive QQQ TQQQ Switch SMA 30,15026.505258229112,10000.0,-0.011363636363636374
2017-02-24,Adaptive QQQ TQQQ Switch SMA 30,15112.864483851119,10000.0,0.005747126436781614
2017-02-27,Adaptive QQQ TQQQ Switch SMA 30,15156.044096662123,10000.0,0.0028571428571427964
2017-02-28,Adaptive QQQ TQQQ Switch SMA 30,15026.505258229114,10000.0,-0.008547008547008492
2017-03-01,Adaptive QQQ TQQQ Switch SMA 30,15501.480999150148,10000.0,0.03160919540229881
2017-03-02,Adaptive QQQ TQQQ Switch SMA 30,15242.40332228413,10000.0,-0.016713091922005586
2017-03-03,Adaptive QQQ TQQQ Switch SMA 30,15328.762547906137,10000.0,0.005665722379603405
2017-03-06,Adaptive QQQ TQQQ Switch SMA 30,15242.403322284132,10000.0,-0.005633802816901414
2017-03-07,Adaptive QQQ TQQQ Switch SMA 30,15156.044096662126,10000.0,-0.005665722379603405
2017-03-08,Adaptive QQQ TQQQ Switch SMA 30,15242.403322284132,10000.0,0.0056980056980057035
2017-03-09,Adaptive QQQ TQQQ Switch SMA 30,15285.582935095137,10000.0,0.0028328611898017653
2017-03-10,Adaptive QQQ TQQQ Switch SMA 30,15458.301386339152,10000.0,0.011299435028248598
2017-03-13,Adaptive QQQ TQQQ Switch SMA 30,15544.660611961159,10000.0,0.005586592178770954
2017-03-14,Adaptive QQQ TQQQ Switch SMA 30,15415.121773528148,10000.0,-0.008333333333333403
2017-03-15,Adaptive QQQ TQQQ Switch SMA 30,15717.379063205173,10000.0,0.01960784313725498
2017-03-16,Adaptive QQQ TQQQ Switch SMA 30,15674.199450394168,10000.0,-0.002747252747252811
2017-03-17,Adaptive QQQ TQQQ Switch SMA 30,15631.019837583166,10000.0,-0.00275482093663906
2017-03-20,Adaptive QQQ TQQQ Switch SMA 30,15717.379063205173,10000.0,0.005524861878453044
2017-03-21,Adaptive QQQ TQQQ Switch SMA 30,14983.32564541812,10000.0,-0.04670329670329668
2017-03-22,Adaptive QQQ TQQQ Switch SMA 30,15084.954492095843,10000.0,0.006782796361954643
2017-03-23,Adaptive QQQ TQQQ Switch SMA 30,14957.115894705199,10000.0,-0.00847457627118651
2017-03-24,Adaptive QQQ TQQQ Switch SMA 30,15042.34162629896,10000.0,0.0056980056980057035
2017-03-27,Adaptive QQQ TQQQ Switch SMA 30,15127.567357892724,10000.0,0.005665722379603405
2017-03-28,Adaptive QQQ TQQQ Switch SMA 30,15425.857418470889,10000.0,0.01971830985915501
2017-03-29,Adaptive QQQ TQQQ Switch SMA 30,15638.921747455292,10000.0,0.013812154696132548
2017-03-30,Adaptive QQQ TQQQ Switch SMA 30,15681.534613252175,10000.0,0.0027247956403270383
2017-03-31,Adaptive QQQ TQQQ Switch SMA 30,15681.534613252175,10000.0,0.0
2017-04-03,Adaptive QQQ TQQQ Switch SMA 30,15638.921747455293,10000.0,-0.002717391304347889
2017-04-04,Adaptive QQQ TQQQ Switch SMA 30,15681.534613252177,10000.0,0.0027247956403270383
2017-04-05,Adaptive QQQ TQQQ Switch SMA 30,15511.083150064653,10000.0,-0.010869565217391313
2017-04-06,Adaptive QQQ TQQQ Switch SMA 30,15511.083150064653,10000.0,0.0
2017-04-07,Adaptive QQQ TQQQ Switch SMA 30,15511.083150064653,10000.0,0.0
2017-04-10,Adaptive QQQ TQQQ Switch SMA 30,15511.083150064653,10000.0,0.0
2017-04-11,Adaptive QQQ TQQQ Switch SMA 30,15340.63168687713,10000.0,-0.010989010989010999
2017-04-12,Adaptive QQQ TQQQ Switch SMA 30,15127.567357892725,10000.0,-0.013888888888888963
2017-04-13,Adaptive QQQ TQQQ Switch SMA 30,15067.45016243148,10000.0,-0.003974016048910828
2017-04-17,Adaptive QQQ TQQQ Switch SMA 30,15192.30895300484,10000.0,0.008286656947747901
2017-04-18,Adaptive QQQ TQQQ Switch SMA 30,15149.990543664995,10000.0,-0.0027855153203342024
2017-04-19,Adaptive QQQ TQQQ Switch SMA 30,15174.237918210909,10000.0,0.0016004877677004766
2017-04-20,Adaptive QQQ TQQQ Switch SMA 30,15554.650567971072,10000.0,0.025069637883008443
2017-04-21,Adaptive QQQ TQQQ Switch SMA 30,15554.650567971072,10000.0,0.0
2017-04-24,Adaptive QQQ TQQQ Switch SMA 30,16104.135506513529,10000.0,0.03532608695652171
2017-04-25,Adaptive QQQ TQQQ Switch SMA 30,16484.54815627369,10000.0,0.02362204724409445
2017-04-26,Adaptive QQQ TQQQ Switch SMA 30,16400.012011882543,10000.0,-0.0051282051282051325
2017-04-27,Adaptive QQQ TQQQ Switch SMA 30,16695.888517251562,10000.0,0.018041237113402137
2017-04-28,Adaptive QQQ TQQQ Switch SMA 30,16780.424661642708,10000.0,0.005063291139240511
2017-05-01,Adaptive QQQ TQQQ Switch SMA 30,17203.105383598446,10000.0,0.02518891687657433
2017-05-02,Adaptive QQQ TQQQ Switch SMA 30,17329.90960018516,10000.0,0.007371007371007213
2017-05-03,Adaptive QQQ TQQQ Switch SMA 30,17160.837311402865,10000.0,-0.009756097560975618
2017-05-04,Adaptive QQQ TQQQ Switch SMA 30,17160.837311402865,10000.0,0.0
2017-05-05,Adaptive QQQ TQQQ Switch SMA 30,17329.90960018516,10000.0,0.009852216748768483
2017-05-08,Adaptive QQQ TQQQ Switch SMA 30,17456.71381677188,10000.0,0.0073170731707317685
2017-05-09,Adaptive QQQ TQQQ Switch SMA 30,17625.786105554176,10000.0,0.009685230024213084
2017-05-10,Adaptive QQQ TQQQ Switch SMA 30,17668.05417774975,10000.0,0.0023980815347721313
2017-05-11,Adaptive QQQ TQQQ Switch SMA 30,17625.786105554176,10000.0,-0.0023923444976076047
2017-05-12,Adaptive QQQ TQQQ Switch SMA 30,17752.590322140895,10000.0,0.007194244604316606
2017-05-15,Adaptive QQQ TQQQ Switch SMA 30,17921.662610923187,10000.0,0.009523809523809532
2017-05-16,Adaptive QQQ TQQQ Switch SMA 30,18133.002971901056,10000.0,0.011792452830188637
2017-05-17,Adaptive QQQ TQQQ Switch SMA 30,16780.424661642704,10000.0,-0.07459207459207455
2017-05-18,Adaptive QQQ TQQQ Switch SMA 30,17203.105383598442,10000.0,0.02518891687657433
2017-05-19,Adaptive QQQ TQQQ Switch SMA 30,17414.445744576307,10000.0,0.012285012285012241
2017-05-22,Adaptive QQQ TQQQ Switch SMA 30,17837.12646653204,10000.0,0.024271844660194088
2017-05-23,Adaptive QQQ TQQQ Switch SMA 30,17879.394538727618,10000.0,0.002369668246445658
2017-05-24,Adaptive QQQ TQQQ Switch SMA 30,18133.002971901056,10000.0,0.014184397163120473
2017-05-25,Adaptive QQQ TQQQ Switch SMA 30,18597.951766052367,10000.0,0.025641025641025716
2017-05-26,Adaptive QQQ TQQQ Switch SMA 30,18682.487910443513,10000.0,0.004545454545454448
2017-05-30,Adaptive QQQ TQQQ Switch SMA 30,18724.755982639086,10000.0,0.0022624434389139788
2017-05-31,Adaptive QQQ TQQQ Switch SMA 30,18724.755982639086,10000.0,0.0
2017-06-01,Adaptive QQQ TQQQ Switch SMA 30,18936.096343616955,10000.0,0.011286681715575782
2017-06-02,Adaptive QQQ TQQQ Switch SMA 30,19570.117426550558,10000.0,0.03348214285714274
2017-06-05,Adaptive QQQ TQQQ Switch SMA 30,19570.117426550558,10000.0,0.0
2017-06-06,Adaptive QQQ TQQQ Switch SMA 30,19358.777065572693,10000.0,-0.010799136069114432
2017-06-07,Adaptive QQQ TQQQ Switch SMA 30,19570.11742655056,10000.0,0.01091703056768555
2017-06-08,Adaptive QQQ TQQQ Switch SMA 30,19612.385498746135,10000.0,0.0021598272138228483
2017-06-09,Adaptive QQQ TQQQ Switch SMA 30,18175.271044096633,10000.0,-0.0732758620689655
2017-06-12,Adaptive QQQ TQQQ Switch SMA 30,17837.126466532045,10000.0,-0.018604651162790715
2017-06-13,Adaptive QQQ TQQQ Switch SMA 30,17981.96659952415,10000.0,0.008120149468237968
2017-06-14,Adaptive QQQ TQQQ Switch SMA 30,17773.841986103726,10000.0,-0.011574074074074238
2017-06-15,Adaptive QQQ TQQQ Switch SMA 30,17694.948930323484,10000.0,-0.004438717067583079
2017-06-16,Adaptive QQQ TQQQ Switch SMA 30,17570.247003445038,10000.0,-0.007047317704587874
2017-06-19,Adaptive QQQ TQQQ Switch SMA 30,17864.187259658516,10000.0,0.016729432213209543
2017-06-20,Adaptive QQQ TQQQ Switch SMA 30,17454.458194070015,10000.0,-0.02293577981651388
2017-06-21,Adaptive QQQ TQQQ Switch SMA 30,17627.38627439033,10000.0,0.009907387465001045
2017-06-22,Adaptive QQQ TQQQ Switch SMA 30,17627.38627439033,10000.0,0.0
2017-06-23,Adaptive QQQ TQQQ Switch SMA 30,17828.612145102546,10000.0,0.01141552511415521
2017-06-26,Adaptive QQQ TQQQ Switch SMA 30,17587.141100247885,10000.0,-0.013544018058690658
2017-06-27,Adaptive QQQ TQQQ Switch SMA 30,16621.256920829237,10000.0,-0.05491990846681927
2017-06-28,Adaptive QQQ TQQQ Switch SMA 30,16861.00975695891,10000.0,0.014424470861119023
2017-06-29,Adaptive QQQ TQQQ Switch SMA 30,16568.24624349403,10000.0,-0.017363344051446794
2017-06-30,Adaptive QQQ TQQQ Switch SMA 30,16574.2701841003,10000.0,0.0003635834787666008
2017-07-03,Adaptive QQQ TQQQ Switch SMA 30,16399.575906518377,10000.0,-0.010540088682125382
2017-07-05,Adaptive QQQ TQQQ Switch SMA 30,16561.017514766503,10000.0,0.00984425506905674
2017-07-06,Adaptive QQQ TQQQ Switch SMA 30,16411.623787730925,10000.0,-0.009020806052669934
2017-07-07,Adaptive QQQ TQQQ Switch SMA 30,16588.727641555357,10000.0,0.010791366906474812
2017-07-10,Adaptive QQQ TQQQ Switch SMA 30,16697.158572468277,10000.0,0.006536422398140792
2017-07-11,Adaptive QQQ TQQQ Switch SMA 30,16744.145309197207,10000.0,0.0028140558481851963
2017-07-12,Adaptive QQQ TQQQ Switch SMA 30,16942.935349204225,10000.0,0.011872211829040191
2017-07-13,Adaptive QQQ TQQQ Switch SMA 30,17059.783179198737,10000.0,0.006896551724137989
2017-07-14,Adaptive QQQ TQQQ Switch SMA 30,17449.275945847112,10000.0,0.022831050228310626
2017-07-17,Adaptive QQQ TQQQ Switch SMA 30,17488.22522251195,10000.0,0.0022321428571428093
2017-07-18,Adaptive QQQ TQQQ Switch SMA 30,17799.81943583065,10000.0,0.017817371937639215
2017-07-19,Adaptive QQQ TQQQ Switch SMA 30,18150.362925814185,10000.0,0.01969365426695839
2017-07-20,Adaptive QQQ TQQQ Switch SMA 30,18228.261479143857,10000.0,0.00429184549356214
2017-07-21,Adaptive QQQ TQQQ Switch SMA 30,18189.31220247902,10000.0,-0.0021367521367520914
2017-07-24,Adaptive QQQ TQQQ Switch SMA 30,18423.007862468046,10000.0,0.012847965738758137
2017-07-25,Adaptive QQQ TQQQ Switch SMA 30,18306.160032473534,10000.0,-0.00634249471458779
2017-07-26,Adaptive QQQ TQQQ Switch SMA 30,18461.957139132883,10000.0,0.008510638297872348
2017-07-27,Adaptive QQQ TQQQ Switch SMA 30,18150.362925814185,10000.0,-0.016877637130801704
2017-07-28,Adaptive QQQ TQQQ Switch SMA 30,18072.46437248451,10000.0,-0.004291845493562331
2017-07-31,Adaptive QQQ TQQQ Switch SMA 30,17838.768712495486,10000.0,-0.012931034482758537
2017-08-01,Adaptive QQQ TQQQ Switch SMA 30,17955.61654249,10000.0,0.006550218340611408
2017-08-02,Adaptive QQQ TQQQ Switch SMA 30,18072.46437248451,10000.0,0.006507592190889232
2017-08-03,Adaptive QQQ TQQQ Switch SMA 30,17916.66726582516,10000.0,-0.008620689655172422
2017-08-04,Adaptive QQQ TQQQ Switch SMA 30,17955.61654249,10000.0,0.002173913043478408
2017-08-07,Adaptive QQQ TQQQ Switch SMA 30,18306.160032473534,10000.0,0.01952277657266808
2017-08-08,Adaptive QQQ TQQQ Switch SMA 30,18228.261479143857,10000.0,-0.004255319148936268
2017-08-09,Adaptive QQQ TQQQ Switch SMA 30,18150.362925814185,10000.0,-0.004273504273504183
2017-08-10,Adaptive QQQ TQQQ Switch SMA 30,16981.884625869065,10000.0,-0.06437768240343343
2017-08-11,Adaptive QQQ TQQQ Switch SMA 30,17110.79081592071,10000.0,0.007590805902383606
2017-08-14,Adaptive QQQ TQQQ Switch SMA 30,17762.99584702083,10000.0,0.038116591928251106
2017-08-15,Adaptive QQQ TQQQ Switch SMA 30,17801.360848850247,10000.0,0.0021598272138228483
2017-08-16,Adaptive QQQ TQQQ Switch SMA 30,17878.090852509085,10000.0,0.004310344827586307
2017-08-17,Adaptive QQQ TQQQ Switch SMA 30,16803.87080128536,10000.0,-0.06008583690987129
2017-08-18,Adaptive QQQ TQQQ Switch SMA 30,16791.975097759037,10000.0,-0.000707914483930301
2017-08-21,Adaptive QQQ TQQQ Switch SMA 30,16770.562831411655,10000.0,-0.00127514876735624
2017-08-22,Adaptive QQQ TQQQ Switch SMA 30,17025.13088687499,10000.0,0.01517945807916027
2017-08-23,Adaptive QQQ TQQQ Switch SMA 30,16965.65236924337,10000.0,-0.00349357182783678
2017-08-24,Adaptive QQQ TQQQ Switch SMA 30,16915.690414432807,10000.0,-0.0029448885149349034
2017-08-25,Adaptive QQQ TQQQ Switch SMA 30,16880.00330385384,10000.0,-0.002109704641350091
2017-08-28,Adaptive QQQ TQQQ Switch SMA 30,16932.344399369664,10000.0,0.0031007751937984335
2017-08-29,Adaptive QQQ TQQQ Switch SMA 30,16997.770768764447,10000.0,0.003863987635239447
2017-08-30,Adaptive QQQ TQQQ Switch SMA 30,17197.61858800669,10000.0,0.011757295821960998
2017-08-31,Adaptive QQQ TQQQ Switch SMA 30,17675.33021545132,10000.0,0.027777777777777755
2017-09-01,Adaptive QQQ TQQQ Switch SMA 30,17675.33021545132,10000.0,0.0
2017-09-05,Adaptive QQQ TQQQ Switch SMA 30,17197.618588006688,10000.0,-0.027027027027027008
2017-09-06,Adaptive QQQ TQQQ Switch SMA 30,17344.606781066574,10000.0,0.008547008547008555
2017-09-07,Adaptive QQQ TQQQ Switch SMA 30,17454.84792586149,10000.0,0.006355932203389884
2017-09-08,Adaptive QQQ TQQQ Switch SMA 30,17013.88334668183,10000.0,-0.025263157894736866
2017-09-11,Adaptive QQQ TQQQ Switch SMA 30,17565.089070656402,10000.0,0.03239740820734349
2017-09-12,Adaptive QQQ TQQQ Switch SMA 30,17712.077263716288,10000.0,0.00836820083682009
2017-09-13,Adaptive QQQ TQQQ Switch SMA 30,17785.57136024623,10000.0,0.004149377593360907
2017-09-14,Adaptive QQQ TQQQ Switch SMA 30,17491.59497412646,10000.0,-0.016528925619834725
2017-09-15,Adaptive QQQ TQQQ Switch SMA 30,17638.583167186345,10000.0,0.008403361344537823
2017-09-18,Adaptive QQQ TQQQ Switch SMA 30,17565.089070656406,10000.0,-0.004166666666666578
2017-09-19,Adaptive QQQ TQQQ Switch SMA 30,17638.58316718635,10000.0,0.004184100418409952
2017-09-20,Adaptive QQQ TQQQ Switch SMA 30,17491.594974126463,10000.0,-0.008333333333333342
2017-09-21,Adaptive QQQ TQQQ Switch SMA 30,17160.87153974172,10000.0,-0.018907563025210055
2017-09-22,Adaptive QQQ TQQQ Switch SMA 30,17124.124491476752,10000.0,-0.002141327623126293
2017-09-25,Adaptive QQQ TQQQ Switch SMA 30,16609.665815767148,10000.0,-0.030042918454935744
2017-09-26,Adaptive QQQ TQQQ Switch SMA 30,16651.559458965326,10000.0,0.0025222447978702003
2017-09-27,Adaptive QQQ TQQQ Switch SMA 30,16801.678347092136,10000.0,0.009015305052763939
2017-09-28,Adaptive QQQ TQQQ Switch SMA 30,16765.700449132626,10000.0,-0.002141327623126293
2017-09-29,Adaptive QQQ TQQQ Switch SMA 30,17125.479428727747,10000.0,0.021459227467811082
2017-10-02,Adaptive QQQ TQQQ Switch SMA 30,17161.457326687258,10000.0,0.002100840336134409
2017-10-03,Adaptive QQQ TQQQ Switch SMA 30,17269.391020565792,10000.0,0.006289308176100681
2017-10-04,Adaptive QQQ TQQQ Switch SMA 30,17341.34681648482,10000.0,0.004166666666666763
2017-10-05,Adaptive QQQ TQQQ Switch SMA 30,17809.059489958476,10000.0,0.02697095435684645
2017-10-06,Adaptive QQQ TQQQ Switch SMA 30,17881.015285877496,10000.0,0.0040404040404039545
2017-10-09,Adaptive QQQ TQQQ Switch SMA 30,17845.037387917986,10000.0,-0.002012072434607603
2017-10-10,Adaptive QQQ TQQQ Switch SMA 30,17881.015285877496,10000.0,0.0020161290322580215
2017-10-11,Adaptive QQQ TQQQ Switch SMA 30,18024.926877715545,10000.0,0.008048289738430591
2017-10-12,Adaptive QQQ TQQQ Switch SMA 30,17952.971081796524,10000.0,-0.003992015968063787
2017-10-13,Adaptive QQQ TQQQ Switch SMA 30,18132.860571594083,10000.0,0.010020040080160284
2017-10-16,Adaptive QQQ TQQQ Switch SMA 30,18312.75006139164,10000.0,0.009920634920634885
2017-10-17,Adaptive QQQ TQQQ Switch SMA 30,18384.70585731067,10000.0,0.003929273084479462
2017-10-18,Adaptive QQQ TQQQ Switch SMA 30,18312.75006139164,10000.0,-0.003913894324853319
2017-10-19,Adaptive QQQ TQQQ Switch SMA 30,18132.860571594083,10000.0,-0.009823182711198393
2017-10-20,Adaptive QQQ TQQQ Switch SMA 30,18240.794265472618,10000.0,0.0059523809523810015
2017-10-23,Adaptive QQQ TQQQ Switch SMA 30,17916.99318383701,10000.0,-0.0177514792899408
2017-10-24,Adaptive QQQ TQQQ Switch SMA 30,17988.94897975603,10000.0,0.004016064257028026
2017-10-25,Adaptive QQQ TQQQ Switch SMA 30,17773.08159199896,10000.0,-0.011999999999999922
2017-10-26,Adaptive QQQ TQQQ Switch SMA 30,17629.170000160913,10000.0,-0.008097165991902841
2017-10-27,Adaptive QQQ TQQQ Switch SMA 30,19140.24171446042,10000.0,0.08571428571428569
2017-10-30,Adaptive QQQ TQQQ Switch SMA 30,19284.153306298467,10000.0,0.0075187969924812095
2017-10-31,Adaptive QQQ TQQQ Switch SMA 30,19464.042796096026,10000.0,0.00932835820895519
2017-11-01,Adaptive QQQ TQQQ Switch SMA 30,19464.042796096026,10000.0,0.0
2017-11-02,Adaptive QQQ TQQQ Switch SMA 30,19356.109102217488,10000.0,-0.005545286506469547
2017-11-03,Adaptive QQQ TQQQ Switch SMA 30,19895.77757161017,10000.0,0.027881040892193374
2017-11-06,Adaptive QQQ TQQQ Switch SMA 30,20111.644959367244,10000.0,0.010849909584086728
2017-11-07,Adaptive QQQ TQQQ Switch SMA 30,20147.622857326754,10000.0,0.0017889087656529135
2017-11-08,Adaptive QQQ TQQQ Switch SMA 30,20399.468143043337,10000.0,0.012500000000000051
2017-11-09,Adaptive QQQ TQQQ Switch SMA 30,20039.68916344822,10000.0,-0.017636684303350907
2017-11-10,Adaptive QQQ TQQQ Switch SMA 30,20039.68916344822,10000.0,0.0
2017-11-13,Adaptive QQQ TQQQ Switch SMA 30,20111.644959367244,10000.0,0.003590664272890408
2017-11-14,Adaptive QQQ TQQQ Switch SMA 30,19895.77757161017,10000.0,-0.01073345259391764
2017-11-15,Adaptive QQQ TQQQ Switch SMA 30,19607.954387934074,10000.0,-0.014466546112115744
2017-11-16,Adaptive QQQ TQQQ Switch SMA 30,20363.490245083827,10000.0,0.038532110091743114
2017-11-17,Adaptive QQQ TQQQ Switch SMA 30,20111.64495936724,10000.0,-0.012367491166077788
2017-11-20,Adaptive QQQ TQQQ Switch SMA 30,20075.667061407727,10000.0,-0.0017889087656529135
2017-11-21,Adaptive QQQ TQQQ Switch SMA 30,20687.29132671943,10000.0,0.030465949820788516
2017-11-22,Adaptive QQQ TQQQ Switch SMA 30,20795.22502059797,10000.0,0.005217391304347869
2017-11-24,Adaptive QQQ TQQQ Switch SMA 30,21011.09240835504,10000.0,0.010380622837370174
2017-11-27,Adaptive QQQ TQQQ Switch SMA 30,20975.11451039553,10000.0,-0.0017123287671232511
2017-11-28,Adaptive QQQ TQQQ Switch SMA 30,21155.004000193094,10000.0,0.008576329331046281
2017-11-29,Adaptive QQQ TQQQ Switch SMA 30,20039.689163448224,10000.0,-0.05272108843537408
2017-11-30,Adaptive QQQ TQQQ Switch SMA 30,20543.379734881393,10000.0,0.025134649910233335
2017-12-01,Adaptive QQQ TQQQ Switch SMA 30,20291.534449164807,10000.0,-0.012259194395796898
2017-12-04,Adaptive QQQ TQQQ Switch SMA 30,19571.976489974568,10000.0,-0.035460992907801296
2017-12-05,Adaptive QQQ TQQQ Switch SMA 30,19584.799641707497,10000.0,0.0006551791915088405
2017-12-06,Adaptive QQQ TQQQ Switch SMA 30,19673.27938866473,10000.0,0.004517776468277337
2017-12-07,Adaptive QQQ TQQQ Switch SMA 30,19887.119382019784,10000.0,0.010869565217391396
2017-12-08,Adaptive QQQ TQQQ Switch SMA 30,20136.599374267345,10000.0,0.012544802867383563
2017-12-11,Adaptive QQQ TQQQ Switch SMA 30,20599.919359869957,10000.0,0.023008849557522103
2017-12-12,Adaptive QQQ TQQQ Switch SMA 30,20528.639362084938,10000.0,-0.0034602076124568273
2017-12-13,Adaptive QQQ TQQQ Switch SMA 30,20635.559358762468,10000.0,0.005208333333333376
2017-12-14,Adaptive QQQ TQQQ Switch SMA 30,20599.91935986996,10000.0,-0.0017271157167529857
2017-12-15,Adaptive QQQ TQQQ Switch SMA 30,21277.07933882762,10000.0,0.032871972318339014
2017-12-18,Adaptive QQQ TQQQ Switch SMA 30,21811.679322215252,10000.0,0.025125628140703578
2017-12-19,Adaptive QQQ TQQQ Switch SMA 30,21455.279333290164,10000.0,-0.01633986928104584
2017-12-20,Adaptive QQQ TQQQ Switch SMA 30,21348.35933661264,10000.0,-0.004983388704318831
2017-12-21,Adaptive QQQ TQQQ Switch SMA 30,21348.35933661264,10000.0,0.0
2017-12-22,Adaptive QQQ TQQQ Switch SMA 30,21277.07933882762,10000.0,-0.003338898163606087
2017-12-26,Adaptive QQQ TQQQ Switch SMA 30,20956.319348795045,10000.0,-0.015075376884422087
2017-12-27,Adaptive QQQ TQQQ Switch SMA 30,20956.319348795045,10000.0,0.0
2017-12-28,Adaptive QQQ TQQQ Switch SMA 30,20991.959347687556,10000.0,0.0017006802721088073
2017-12-29,Adaptive QQQ TQQQ Switch SMA 30,20599.919359869964,10000.0,-0.018675721561969345
2018-01-02,Adaptive QQQ TQQQ Switch SMA 30,21669.11932664522,10000.0,0.05190311418685118
2018-01-03,Adaptive QQQ TQQQ Switch SMA 30,22274.999307817863,10000.0,0.02796052631578946
2018-01-04,Adaptive QQQ TQQQ Switch SMA 30,22417.559303387898,10000.0,0.0064000000000000055
2018-01-05,Adaptive QQQ TQQQ Switch SMA 30,23094.71928234556,10000.0,0.030206677265500855
2018-01-08,Adaptive QQQ TQQQ Switch SMA 30,23344.199274593117,10000.0,0.010802469135802375
2018-01-09,Adaptive QQQ TQQQ Switch SMA 30,23379.839273485628,10000.0,0.0015267175572518759
2018-01-10,Adaptive QQQ TQQQ Switch SMA 30,23201.639279023086,10000.0,-0.007621951219512168
2018-01-11,Adaptive QQQ TQQQ Switch SMA 30,23664.959264625697,10000.0,0.019969278033794148
2018-01-12,Adaptive QQQ TQQQ Switch SMA 30,24163.91924912082,10000.0,0.021084337349397676
2018-01-16,Adaptive QQQ TQQQ Switch SMA 30,23985.719254658277,10000.0,-0.007374631268436552
2018-01-17,Adaptive QQQ TQQQ Switch SMA 30,24734.159231400954,10000.0,0.03120356612184249
2018-01-18,Adaptive QQQ TQQQ Switch SMA 30,24769.79923029346,10000.0,0.0014409221902016982
2018-01-19,Adaptive QQQ TQQQ Switch SMA 30,25019.279222541023,10000.0,0.010071942446043078
2018-01-22,Adaptive QQQ TQQQ Switch SMA 30,25767.719199283707,10000.0,0.029914529914530037
2018-01-23,Adaptive QQQ TQQQ Switch SMA 30,26444.87917824137,10000.0,0.02627939142461957
2018-01-24,Adaptive QQQ TQQQ Switch SMA 30,25910.279194853738,10000.0,-0.02021563342318064
2018-01-25,Adaptive QQQ TQQQ Switch SMA 30,25874.63919596123,10000.0,-0.0013755158184318827
2018-01-26,Adaptive QQQ TQQQ Switch SMA 30,27015.119160521506,10000.0,0.04407713498622594
2018-01-29,Adaptive QQQ TQQQ Switch SMA 30,26658.71917159642,10000.0,-0.01319261213720312
2018-01-30,Adaptive QQQ TQQQ Switch SMA 30,25981.559192638757,10000.0,-0.025401069518716627
2018-01-31,Adaptive QQQ TQQQ Switch SMA 30,26302.319182671337,10000.0,0.01234567901234566
2018-02-01,Adaptive QQQ TQQQ Switch SMA 30,25660.799202606184,10000.0,-0.024390243902438987
2018-02-02,Adaptive QQQ TQQQ Switch SMA 30,24092.639251335804,10000.0,-0.061111111111111165
2018-02-05,Adaptive QQQ TQQQ Switch SMA 30,21312.719337720137,10000.0,-0.1153846153846153
2018-02-06,Adaptive QQQ TQQQ Switch SMA 30,21876.419456877757,10000.0,0.026449000253100527
2018-02-07,Adaptive QQQ TQQQ Switch SMA 30,21594.569397298947,10000.0,-0.012883738133399108
2018-02-08,Adaptive QQQ TQQQ Switch SMA 30,20682.93953952251,10000.0,-0.04221569974395798
2018-02-09,Adaptive QQQ TQQQ Switch SMA 30,21040.309232289903,10000.0,0.01727847688596209
2018-02-12,Adaptive QQQ TQQQ Switch SMA 30,21413.8617035977,10000.0,0.017754134085373553
2018-02-13,Adaptive QQQ TQQQ Switch SMA 30,21524.44402362384,10000.0,0.005164053151961847
2018-02-14,Adaptive QQQ TQQQ Switch SMA 30,21926.316357377356,10000.0,0.018670509366580976
2018-02-15,Adaptive QQQ TQQQ Switch SMA 30,22333.582950644344,10000.0,0.01857432806445667
2018-02-16,Adaptive QQQ TQQQ Switch SMA 30,22101.975423748772,10000.0,-0.010370370370370412
2018-02-20,Adaptive QQQ TQQQ Switch SMA 30,22201.2357924183,10000.0,0.004491017964071893
2018-02-21,Adaptive QQQ TQQQ Switch SMA 30,22002.715055079243,10000.0,-0.008941877794336752
2018-02-22,Adaptive QQQ TQQQ Switch SMA 30,22002.715055079243,10000.0,0.0
2018-02-23,Adaptive QQQ TQQQ Switch SMA 30,23326.186637339648,10000.0,0.06015037593984954
2018-02-26,Adaptive QQQ TQQQ Switch SMA 30,24252.616744921932,10000.0,0.039716312056737625
2018-02-27,Adaptive QQQ TQQQ Switch SMA 30,23392.36021645267,10000.0,-0.035470668485675275
2018-02-28,Adaptive QQQ TQQQ Switch SMA 30,22929.145162661527,10000.0,-0.019801980198019882
2018-03-01,Adaptive QQQ TQQQ Switch SMA 30,21804.194317740184,10000.0,-0.04906204906204904
2018-03-02,Adaptive QQQ TQQQ Switch SMA 30,22004.476168338082,10000.0,0.009185473568952001
2018-03-05,Adaptive QQQ TQQQ Switch SMA 30,22719.54038651155,10000.0,0.03249630723781398
2018-03-06,Adaptive QQQ TQQQ Switch SMA 30,22979.563738574634,10000.0,0.011444921316165962
2018-03-07,Adaptive QQQ TQQQ Switch SMA 30,23174.58125262194,10000.0,0.008486562942008431
2018-03-08,Adaptive QQQ TQQQ Switch SMA 30,23499.610442700792,10000.0,0.014025245441795306
2018-03-09,Adaptive QQQ TQQQ Switch SMA 30,24897.235960039845,10000.0,0.05947441217150756
2018-03-12,Adaptive QQQ TQQQ Switch SMA 30,25254.768069126578,10000.0,0.014360313315926819
2018-03-13,Adaptive QQQ TQQQ Switch SMA 30,24344.6863369058,10000.0,-0.03603603603603595
2018-03-14,Adaptive QQQ TQQQ Switch SMA 30,24247.177579882144,10000.0,-0.004005340453938618
2018-03-15,Adaptive QQQ TQQQ Switch SMA 30,24149.66882285849,10000.0,-0.004021447721179658
2018-03-16,Adaptive QQQ TQQQ Switch SMA 30,23987.154227819065,10000.0,-0.006729475100942103
2018-03-19,Adaptive QQQ TQQQ Switch SMA 30,22492.019953456358,10000.0,-0.06233062330623306
2018-03-20,Adaptive QQQ TQQQ Switch SMA 30,22654.534548495783,10000.0,0.007225433526011535
2018-03-21,Adaptive QQQ TQQQ Switch SMA 30,22329.505358416936,10000.0,-0.014347202295552317
2018-03-22,Adaptive QQQ TQQQ Switch SMA 30,20671.856489014808,10000.0,-0.07423580786026197
2018-03-23,Adaptive QQQ TQQQ Switch SMA 30,20128.094300009932,10000.0,-0.026304468072029998
2018-03-26,Adaptive QQQ TQQQ Switch SMA 30,20875.13207368953,10000.0,0.037114182919901505
2018-03-27,Adaptive QQQ TQQQ Switch SMA 30,20200.5112270503,10000.0,-0.032316961840423604
2018-03-28,Adaptive QQQ TQQQ Switch SMA 30,19968.014777078588,10000.0,-0.01150943396226423
2018-03-29,Adaptive QQQ TQQQ Switch SMA 30,20333.91082949309,10000.0,0.018324107654132622
2018-04-02,Adaptive QQQ TQQQ Switch SMA 30,19746.952578744833,10000.0,-0.028865979381443325
2018-04-03,Adaptive QQQ TQQQ Switch SMA 30,19969.285249482808,10000.0,0.011259087692208711
2018-04-04,Adaptive QQQ TQQQ Switch SMA 30,20284.362405728625,10000.0,0.015778088815370846
2018-04-05,Adaptive QQQ TQQQ Switch SMA 30,20399.97539451237,10000.0,0.005699611674808948
2018-04-06,Adaptive QQQ TQQQ Switch SMA 30,19889.24548801714,10000.0,-0.025035809927134473
2018-04-09,Adaptive QQQ TQQQ Switch SMA 30,20028.99745248101,10000.0,0.007026509102523119
2018-04-10,Adaptive QQQ TQQQ Switch SMA 30,20471.121849148523,10000.0,0.02207421503330155
2018-04-11,Adaptive QQQ TQQQ Switch SMA 30,20352.967915556343,10000.0,-0.005771737106684087
2018-04-12,Adaptive QQQ TQQQ Switch SMA 30,20596.89861716601,10000.0,0.01198501872659186
2018-04-13,Adaptive QQQ TQQQ Switch SMA 30,20491.449407615997,10000.0,-0.005119664446089393
2018-04-16,Adaptive QQQ TQQQ Switch SMA 30,20646.44704093047,10000.0,0.007564015128030249
2018-04-17,Adaptive QQQ TQQQ Switch SMA 30,21091.11238240642,10000.0,0.02153713617623531
2018-04-18,Adaptive QQQ TQQQ Switch SMA 30,21251.135996840458,10000.0,0.00758725341426401
2018-04-19,Adaptive QQQ TQQQ Switch SMA 30,20675.050984877915,10000.0,-0.027108433734939718
2018-04-20,Adaptive QQQ TQQQ Switch SMA 30,19682.90457538687,10000.0,-0.047987616099071144
2018-04-23,Adaptive QQQ TQQQ Switch SMA 30,19634.367729137226,10000.0,-0.002465939214598395
2018-04-24,Adaptive QQQ TQQQ Switch SMA 30,19218.164272546528,10000.0,-0.021197701007354346
2018-04-25,Adaptive QQQ TQQQ Switch SMA 30,19241.21927451511,10000.0,0.0011996464200025112
2018-04-26,Adaptive QQQ TQQQ Switch SMA 30,19645.2885195434,10000.0,0.021000189190893692
2018-04-27,Adaptive QQQ TQQQ Switch SMA 30,19657.42273110581,10000.0,0.0006176652254477722
2018-04-30,Adaptive QQQ TQQQ Switch SMA 30,19238.494049951096,10000.0,-0.02131147540983605
2018-05-01,Adaptive QQQ TQQQ Switch SMA 30,19457.357932279894,10000.0,0.011376352107422504
2018-05-02,Adaptive QQQ TQQQ Switch SMA 30,19110.468244670363,10000.0,-0.01782820097244738
2018-05-03,Adaptive QQQ TQQQ Switch SMA 30,19110.468244670363,10000.0,0.0
2018-05-04,Adaptive QQQ TQQQ Switch SMA 30,20182.67273364527,10000.0,0.05610561056105623
2018-05-07,Adaptive QQQ TQQQ Switch SMA 30,20655.704125840082,10000.0,0.023437499999999917
2018-05-08,Adaptive QQQ TQQQ Switch SMA 30,20592.633273547443,10000.0,-0.0030534351145037517
2018-05-09,Adaptive QQQ TQQQ Switch SMA 30,21286.412648766498,10000.0,0.03369065849923426
2018-05-10,Adaptive QQQ TQQQ Switch SMA 30,21948.656597839232,10000.0,0.031111111111111107
2018-05-11,Adaptive QQQ TQQQ Switch SMA 30,21885.585745546592,10000.0,-0.0028735632183907434
2018-05-14,Adaptive QQQ TQQQ Switch SMA 30,21980.192023985554,10000.0,0.004322766570605095
2018-05-15,Adaptive QQQ TQQQ Switch SMA 30,21254.877222620176,10000.0,-0.03299856527977038
2018-05-16,Adaptive QQQ TQQQ Switch SMA 30,21664.837762522347,10000.0,0.019287833827893158
2018-05-17,Adaptive QQQ TQQQ Switch SMA 30,21412.55435335178,10000.0,-0.011644832605531306
2018-05-18,Adaptive QQQ TQQQ Switch SMA 30,21065.664665742253,10000.0,-0.01620029455081006
2018-05-21,Adaptive QQQ TQQQ Switch SMA 30,21444.089779498103,10000.0,0.017964071856287442
2018-05-22,Adaptive QQQ TQQQ Switch SMA 30,21317.94807491282,10000.0,-0.005882352941176476
2018-05-23,Adaptive QQQ TQQQ Switch SMA 30,21854.05031940027,10000.0,0.02514792899408283
2018-05-24,Adaptive QQQ TQQQ Switch SMA 30,21854.05031940027,10000.0,0.0
2018-05-25,Adaptive QQQ TQQQ Switch SMA 30,21885.585745546596,10000.0,0.0014430014430015404
2018-05-29,Adaptive QQQ TQQQ Switch SMA 30,21633.30233637603,10000.0,-0.011527377521613843
2018-05-30,Adaptive QQQ TQQQ Switch SMA 30,22074.79830242452,10000.0,0.020408163265306076
2018-05-31,Adaptive QQQ TQQQ Switch SMA 30,22043.262876278197,10000.0,-0.0014285714285713982
2018-06-01,Adaptive QQQ TQQQ Switch SMA 30,23052.39651296046,10000.0,0.045779685264663715
2018-06-04,Adaptive QQQ TQQQ Switch SMA 30,23651.569609740556,10000.0,0.02599179206566353
2018-06-05,Adaptive QQQ TQQQ Switch SMA 30,23903.85301891112,10000.0,0.010666666666666677
2018-06-06,Adaptive QQQ TQQQ Switch SMA 30,24282.27813266697,10000.0,0.015831134564643815
2018-06-07,Adaptive QQQ TQQQ Switch SMA 30,23714.640462033192,10000.0,-0.023376623376623454
2018-06-08,Adaptive QQQ TQQQ Switch SMA 30,23714.640462033192,10000.0,0.0
2018-06-11,Adaptive QQQ TQQQ Switch SMA 30,23903.85301891112,10000.0,0.007978723404255386
2018-06-12,Adaptive QQQ TQQQ Switch SMA 30,24282.27813266697,10000.0,0.015831134564643815
2018-06-13,Adaptive QQQ TQQQ Switch SMA 30,24250.74270652065,10000.0,-0.001298701298701271
2018-06-14,Adaptive QQQ TQQQ Switch SMA 30,24976.057507886027,10000.0,0.029908972691807482
2018-06-15,Adaptive QQQ TQQQ Switch SMA 30,24723.77409871546,10000.0,-0.01010101010101011
2018-06-18,Adaptive QQQ TQQQ Switch SMA 30,24660.70324642282,10000.0,-0.002551020408163211
2018-06-19,Adaptive QQQ TQQQ Switch SMA 30,24471.490689544895,10000.0,-0.007672634271099808
2018-06-20,Adaptive QQQ TQQQ Switch SMA 30,24976.057507886024,10000.0,0.020618556701030948
2018-06-21,Adaptive QQQ TQQQ Switch SMA 30,24313.81355881329,10000.0,-0.026515151515151512
2018-06-22,Adaptive QQQ TQQQ Switch SMA 30,24093.06557578904,10000.0,-0.009079118028534408
2018-06-25,Adaptive QQQ TQQQ Switch SMA 30,22547.82969461933,10000.0,-0.06413612565445018
2018-06-26,Adaptive QQQ TQQQ Switch SMA 30,22639.979862684682,10000.0,0.004086875291919597
2018-06-27,Adaptive QQQ TQQQ Switch SMA 30,22331.935015151932,10000.0,-0.013606233282939898
2018-06-28,Adaptive QQQ TQQQ Switch SMA 30,22524.13393711681,10000.0,0.008606460740391465
2018-06-29,Adaptive QQQ TQQQ Switch SMA 30,22584.68976184547,10000.0,0.002688486265341952
2018-07-02,Adaptive QQQ TQQQ Switch SMA 30,22736.079323667123,10000.0,0.0067031942177664125
2018-07-03,Adaptive QQQ TQQQ Switch SMA 30,22472.793129194688,10000.0,-0.011580105378958948
2018-07-05,Adaptive QQQ TQQQ Switch SMA 30,22751.87649533547,10000.0,0.012418721808915732
2018-07-06,Adaptive QQQ TQQQ Switch SMA 30,23105.996426900892,10000.0,0.015564427472082379
2018-07-09,Adaptive QQQ TQQQ Switch SMA 30,23741.108894132463,10000.0,0.027486910994764396
2018-07-10,Adaptive QQQ TQQQ Switch SMA 30,23801.595795773566,10000.0,0.0025477707006370015
2018-07-11,Adaptive QQQ TQQQ Switch SMA 30,23438.674385926955,10000.0,-0.015247776365946646
2018-07-12,Adaptive QQQ TQQQ Switch SMA 30,24587.92551710789,10000.0,0.04903225806451623
2018-07-13,Adaptive QQQ TQQQ Switch SMA 30,24678.655869569542,10000.0,0.0036900369003689247
2018-07-16,Adaptive QQQ TQQQ Switch SMA 30,24497.195164646233,10000.0,-0.007352941176470649
2018-07-17,Adaptive QQQ TQQQ Switch SMA 30,24950.8469269545,10000.0,0.018518518518518563
2018-07-18,Adaptive QQQ TQQQ Switch SMA 30,24799.629672851745,10000.0,-0.0060606060606061465
2018-07-19,Adaptive QQQ TQQQ Switch SMA 30,24436.708263005137,10000.0,-0.01463414634146332
2018-07-20,Adaptive QQQ TQQQ Switch SMA 30,24406.464812184586,10000.0,-0.0012376237623762112
2018-07-23,Adaptive QQQ TQQQ Switch SMA 30,24618.168967928443,10000.0,0.00867410161090462
2018-07-24,Adaptive QQQ TQQQ Switch SMA 30,24920.60347613395,10000.0,0.012285012285012241
2018-07-25,Adaptive QQQ TQQQ Switch SMA 30,25979.124254853232,10000.0,0.04247572815533976
2018-07-26,Adaptive QQQ TQQQ Switch SMA 30,24829.8731236723,10000.0,-0.04423748544819546
2018-07-27,Adaptive QQQ TQQQ Switch SMA 30,23801.595795773566,10000.0,-0.041412911084043935
2018-07-30,Adaptive QQQ TQQQ Switch SMA 30,22773.318467874837,10000.0,-0.043202033036848775
2018-07-31,Adaptive QQQ TQQQ Switch SMA 30,22947.67709401443,10000.0,0.007656267855102293
2018-08-01,Adaptive QQQ TQQQ Switch SMA 30,23246.47497284275,10000.0,0.013020833333333403
2018-08-02,Adaptive QQQ TQQQ Switch SMA 30,24172.74839721052,10000.0,0.039845758354755734
2018-08-03,Adaptive QQQ TQQQ Switch SMA 30,24411.786700273165,10000.0,0.009888751545117438
2018-08-06,Adaptive QQQ TQQQ Switch SMA 30,24859.983518515637,10000.0,0.018359853121175076
2018-08-07,Adaptive QQQ TQQQ Switch SMA 30,25099.021821578288,10000.0,0.009615384615384623
2018-08-08,Adaptive QQQ TQQQ Switch SMA 30,25158.78139734395,10000.0,0.00238095238095233
2018-08-09,Adaptive QQQ TQQQ Switch SMA 30,25128.90160946112,10000.0,-0.0011876484560569818
2018-08-10,Adaptive QQQ TQQQ Switch SMA 30,24561.18563968733,10000.0,-0.022592152199762128
2018-08-13,Adaptive QQQ TQQQ Switch SMA 30,24471.546276038833,10000.0,-0.0036496350364964886
2018-08-14,Adaptive QQQ TQQQ Switch SMA 30,24919.7430942813,10000.0,0.01831501831501836
2018-08-15,Adaptive QQQ TQQQ Switch SMA 30,24023.349457796357,10000.0,-0.03597122302158282
2018-08-16,Adaptive QQQ TQQQ Switch SMA 30,24232.507972976175,10000.0,0.008706467661691579
2018-08-17,Adaptive QQQ TQQQ Switch SMA 30,24232.507972976175,10000.0,0.0
2018-08-20,Adaptive QQQ TQQQ Switch SMA 30,24202.628185093345,10000.0,-0.0012330456226880132
2018-08-21,Adaptive QQQ TQQQ Switch SMA 30,24441.666488155995,10000.0,0.009876543209876552
2018-08-22,Adaptive QQQ TQQQ Switch SMA 30,24710.584579101476,10000.0,0.011002444987775044
2018-08-23,Adaptive QQQ TQQQ Switch SMA 30,24591.065427570153,10000.0,-0.004836759371221179
2018-08-24,Adaptive QQQ TQQQ Switch SMA 30,25278.300548875275,10000.0,0.027946537059538326
2018-08-27,Adaptive QQQ TQQQ Switch SMA 30,26055.175033828888,10000.0,0.030732860520094534
2018-08-28,Adaptive QQQ TQQQ Switch SMA 30,26174.694185360207,10000.0,0.0045871559633026545
2018-08-29,Adaptive QQQ TQQQ Switch SMA 30,27071.08782184515,10000.0,0.034246575342465835
2018-08-30,Adaptive QQQ TQQQ Switch SMA 30,26921.688882430994,10000.0,-0.005518763796909571
2018-08-31,Adaptive QQQ TQQQ Switch SMA 30,27011.328246079487,10000.0,0.0033296337402884974
2018-09-04,Adaptive QQQ TQQQ Switch SMA 30,26682.650579368343,10000.0,-0.012168141592920293
2018-09-05,Adaptive QQQ TQQQ Switch SMA 30,25606.978215586416,10000.0,-0.04031354983202681
2018-09-06,Adaptive QQQ TQQQ Switch SMA 30,24919.743094281293,10000.0,-0.026837806301050225
2018-09-07,Adaptive QQQ TQQQ Switch SMA 30,24680.704791218643,10000.0,-0.009592326139088737
2018-09-10,Adaptive QQQ TQQQ Switch SMA 30,24763.878261870228,10000.0,0.0033699795591404544
2018-09-11,Adaptive QQQ TQQQ Switch SMA 30,25328.720623185392,10000.0,0.022809123649459723
2018-09-12,Adaptive QQQ TQQQ Switch SMA 30,25090.892260526372,10000.0,-0.009389671361502356
2018-09-13,Adaptive QQQ TQQQ Switch SMA 30,25834.105893835807,10000.0,0.02962085308056872
2018-09-14,Adaptive QQQ TQQQ Switch SMA 30,25655.734621841548,10000.0,-0.006904487917145998
2018-09-17,Adaptive QQQ TQQQ Switch SMA 30,24555.778444543586,10000.0,-0.0428736964078796
2018-09-18,Adaptive QQQ TQQQ Switch SMA 30,24759.009892716258,10000.0,0.008276318693445155
2018-09-19,Adaptive QQQ TQQQ Switch SMA 30,24700.477954435602,10000.0,-0.0023640661938535874
2018-09-20,Adaptive QQQ TQQQ Switch SMA 30,25461.393152084092,10000.0,0.030805687203791447
2018-09-21,Adaptive QQQ TQQQ Switch SMA 30,25080.93555325985,10000.0,-0.014942528735632071
2018-09-24,Adaptive QQQ TQQQ Switch SMA 30,25285.797337242133,10000.0,0.008168028004667477
2018-09-25,Adaptive QQQ TQQQ Switch SMA 30,25402.861213803437,10000.0,0.0046296296296295305
2018-09-26,Adaptive QQQ TQQQ Switch SMA 30,25373.595244663113,10000.0,-0.0011520737327188695
2018-09-27,Adaptive QQQ TQQQ Switch SMA 30,26075.97850403095,10000.0,0.027681660899654004
2018-09-28,Adaptive QQQ TQQQ Switch SMA 30,26017.4465657503,10000.0,-0.00224466891133553
2018-10-01,Adaptive QQQ TQQQ Switch SMA 30,26163.776411451927,10000.0,0.00562429696287952
2018-10-02,Adaptive QQQ TQQQ Switch SMA 30,26017.4465657503,10000.0,-0.0055928411633108435
2018-10-03,Adaptive QQQ TQQQ Switch SMA 30,26105.244473171275,10000.0,0.003374578177727712
2018-10-04,Adaptive QQQ TQQQ Switch SMA 30,24612.680047014623,10000.0,-0.05717488789237666
2018-10-05,Adaptive QQQ TQQQ Switch SMA 30,24312.920612603975,10000.0,-0.012179065174456874
2018-10-08,Adaptive QQQ TQQQ Switch SMA 30,24164.39116312122,10000.0,-0.006109074752860126
2018-10-09,Adaptive QQQ TQQQ Switch SMA 30,24242.706691030307,10000.0,0.0032409476978094774
2018-10-10,Adaptive QQQ TQQQ Switch SMA 30,23175.995190199632,10000.0,-0.044001336749470904
2018-10-11,Adaptive QQQ TQQQ Switch SMA 30,22888.38816529212,10000.0,-0.012409694709857817
2018-10-12,Adaptive QQQ TQQQ Switch SMA 30,23525.71453034538,10000.0,0.027844964898826024
2018-10-15,Adaptive QQQ TQQQ Switch SMA 30,23240.80804088301,10000.0,-0.012110428743614678
2018-10-16,Adaptive QQQ TQQQ Switch SMA 30,23917.292169890814,10000.0,0.02910759934929114
2018-10-17,Adaptive QQQ TQQQ Switch SMA 30,23926.744043948805,10000.0,0.00039518997346577755
2018-10-18,Adaptive QQQ TQQQ Switch SMA 30,23371.784009972343,10000.0,-0.02319413092550782
2018-10-19,Adaptive QQQ TQQQ Switch SMA 30,23350.179726411214,10000.0,-0.0009243746028077682
2018-10-22,Adaptive QQQ TQQQ Switch SMA 30,23470.353553719982,10000.0,0.005146591106227874
2018-10-23,Adaptive QQQ TQQQ Switch SMA 30,23383.936419475474,10000.0,-0.003681969853871743
2018-10-24,Adaptive QQQ TQQQ Switch SMA 30,22313.17411547709,10000.0,-0.04579050698695003
2018-10-25,Adaptive QQQ TQQQ Switch SMA 30,23085.527252787404,10000.0,0.03461422087745839
2018-10-26,Adaptive QQQ TQQQ Switch SMA 30,22491.409454856395,10000.0,-0.025735509153652723
2018-10-29,Adaptive QQQ TQQQ Switch SMA 30,22028.26762601472,10000.0,-0.020591943327129776
2018-10-30,Adaptive QQQ TQQQ Switch SMA 30,22391.489643386183,10000.0,0.016488905234767846
2018-10-31,Adaptive QQQ TQQQ Switch SMA 30,22918.094055188663,10000.0,0.023518060664535833
2018-11-01,Adaptive QQQ TQQQ Switch SMA 30,23220.55402504445,10000.0,0.01319743121428156
2018-11-02,Adaptive QQQ TQQQ Switch SMA 30,22858.682275395564,10000.0,-0.015584113508170069
2018-11-05,Adaptive QQQ TQQQ Switch SMA 30,22801.971031047604,10000.0,-0.002480949849370828
2018-11-06,Adaptive QQQ TQQQ Switch SMA 30,22974.805299536627,10000.0,0.007579795108663475
2018-11-07,Adaptive QQQ TQQQ Switch SMA 30,23695.84826338926,10000.0,0.031384072876873365
2018-11-08,Adaptive QQQ TQQQ Switch SMA 30,23299.81737319334,10000.0,-0.016713091922005586
2018-11-09,Adaptive QQQ TQQQ Switch SMA 30,22111.724702605577,10000.0,-0.05099150141643052
2018-11-12,Adaptive QQQ TQQQ Switch SMA 30,21442.297815791586,10000.0,-0.030274747710435732
2018-11-13,Adaptive QQQ TQQQ Switch SMA 30,21460.355573817396,10000.0,0.0008421559191529496
2018-11-14,Adaptive QQQ TQQQ Switch SMA 30,21296.545911726113,10000.0,-0.00763312898184867
2018-11-15,Adaptive QQQ TQQQ Switch SMA 30,21669.30963097321,10000.0,0.01750348252680023
2018-11-16,Adaptive QQQ TQQQ Switch SMA 30,21593.209079293007,10000.0,-0.003511904761904782
2018-11-19,Adaptive QQQ TQQQ Switch SMA 30,20891.536196004352,10000.0,-0.032495071978973764
2018-11-20,Adaptive QQQ TQQQ Switch SMA 30,20518.772476757254,10000.0,-0.017842810396987013
2018-11-21,Adaptive QQQ TQQQ Switch SMA 30,20674.84309969462,10000.0,0.0076062358561728655
2018-11-23,Adaptive QQQ TQQQ Switch SMA 30,20525.221676052184,10000.0,-0.007236883149291887
2018-11-26,Adaptive QQQ TQQQ Switch SMA 30,20998.592904300232,10000.0,0.023062904543455137
2018-11-27,Adaptive QQQ TQQQ Switch SMA 30,21069.53409654449,10000.0,0.003378378378378273
2018-11-28,Adaptive QQQ TQQQ Switch SMA 30,21747.98986237139,10000.0,0.032200795837159596
2018-11-29,Adaptive QQQ TQQQ Switch SMA 30,21574.283873055323,10000.0,-0.007987220447284317
2018-11-30,Adaptive QQQ TQQQ Switch SMA 30,22025.919445277093,10000.0,0.020933977455716568
2018-12-03,Adaptive QQQ TQQQ Switch SMA 30,23137.637776899915,10000.0,0.050473186119873864
2018-12-04,Adaptive QQQ TQQQ Switch SMA 30,20601.53033288536,10000.0,-0.10960960960960967
2018-12-06,Adaptive QQQ TQQQ Switch SMA 30,20747.05825952592,10000.0,0.007063937692447117
2018-12-07,Adaptive QQQ TQQQ Switch SMA 30,20062.952621472006,10000.0,-0.0329736211031175
2018-12-10,Adaptive QQQ TQQQ Switch SMA 30,20271.915798186652,10000.0,0.010415375077495216
2018-12-11,Adaptive QQQ TQQQ Switch SMA 30,20339.08253355922,10000.0,0.0033132899742300925
2018-12-12,Adaptive QQQ TQQQ Switch SMA 30,20518.19382788606,10000.0,0.00880626223091975
2018-12-13,Adaptive QQQ TQQQ Switch SMA 30,20524.412970050184,10000.0,0.0003031037827351051
2018-12-14,Adaptive QQQ TQQQ Switch SMA 30,20025.637768487242,10000.0,-0.024301557481364713
2018-12-17,Adaptive QQQ TQQQ Switch SMA 30,19571.640390506007,10000.0,-0.022670807453416184
2018-12-18,Adaptive QQQ TQQQ Switch SMA 30,19694.77940535571,10000.0,0.006291706387035329
2018-12-19,Adaptive QQQ TQQQ Switch SMA 30,19210.93014498667,10000.0,-0.024567386636352245
2018-12-20,Adaptive QQQ TQQQ Switch SMA 30,18932.312576033804,10000.0,-0.01450307542894128
2018-12-21,Adaptive QQQ TQQQ Switch SMA 30,18345.225555740264,10000.0,-0.03100978910715458
2018-12-24,Adaptive QQQ TQQQ Switch SMA 30,17838.987383580366,10000.0,-0.027595091192623374
2018-12-26,Adaptive QQQ TQQQ Switch SMA 30,18953.45765939183,10000.0,0.06247385301910479
2018-12-27,Adaptive QQQ TQQQ Switch SMA 30,19026.84353692852,10000.0,0.0038718991993700186
2018-12-28,Adaptive QQQ TQQQ Switch SMA 30,19016.892909465918,10000.0,-0.0005229783617703636
2018-12-31,Adaptive QQQ TQQQ Switch SMA 30,19177.346777300383,10000.0,0.008437438681405066
2019-01-02,Adaptive QQQ TQQQ Switch SMA 30,19254.46414013555,10000.0,0.004021273835776395
2019-01-03,Adaptive QQQ TQQQ Switch SMA 30,18625.086953125952,10000.0,-0.032687338501292004
2019-01-04,Adaptive QQQ TQQQ Switch SMA 30,19422.380978566965,10000.0,0.04280753305729929
2019-01-07,Adaptive QQQ TQQQ Switch SMA 30,19653.73306707247,10000.0,0.011911623439000865
2019-01-08,Adaptive QQQ TQQQ Switch SMA 30,19831.600532966484,10000.0,0.009050060122777082
2019-01-09,Adaptive QQQ TQQQ Switch SMA 30,20300.06353768223,10000.0,0.02362204724409451
2019-01-10,Adaptive QQQ TQQQ Switch SMA 30,20495.256456313786,10000.0,0.009615384615384581
2019-01-11,Adaptive QQQ TQQQ Switch SMA 30,20261.024953955915,10000.0,-0.011428571428571354
2019-01-14,Adaptive QQQ TQQQ Switch SMA 30,19714.484781787545,10000.0,-0.026974951830443267
2019-01-15,Adaptive QQQ TQQQ Switch SMA 30,20807.565126124282,10000.0,0.055445544554455495
2019-01-16,Adaptive QQQ TQQQ Switch SMA 30,20846.603709850595,10000.0,0.0018761726078798848
2019-01-17,Adaptive QQQ TQQQ Switch SMA 30,21315.06671456634,10000.0,0.02247191011235957
2019-01-18,Adaptive QQQ TQQQ Switch SMA 30,21900.645470461022,10000.0,0.027472527472527538
2019-01-22,Adaptive QQQ TQQQ Switch SMA 30,20690.44937494535,10000.0,-0.05525846702317299
2019-01-23,Adaptive QQQ TQQQ Switch SMA 30,20729.48795867166,10000.0,0.0018867924528301486
2019-01-24,Adaptive QQQ TQQQ Switch SMA 30,21080.835212208473,10000.0,0.016949152542373024
2019-01-25,Adaptive QQQ TQQQ Switch SMA 30,21822.568303008396,10000.0,0.03518518518518509
2019-01-28,Adaptive QQQ TQQQ Switch SMA 30,21041.796628482156,10000.0,-0.03577817531305907
2019-01-29,Adaptive QQQ TQQQ Switch SMA 30,20456.217872587476,10000.0,-0.02782931354359916
2019-01-30,Adaptive QQQ TQQQ Switch SMA 30,21978.722637913645,10000.0,0.07442748091603046
2019-01-31,Adaptive QQQ TQQQ Switch SMA 30,22954.687231071443,10000.0,0.04440497335701599
2019-02-01,Adaptive QQQ TQQQ Switch SMA 30,22642.378561260946,10000.0,-0.01360544217687076
2019-02-04,Adaptive QQQ TQQQ Switch SMA 30,23462.1888195135,10000.0,0.036206896551724134
2019-02-05,Adaptive QQQ TQQQ Switch SMA 30,24086.806159134492,10000.0,0.02662229617304495
2019-02-06,Adaptive QQQ TQQQ Switch SMA 30,23891.61324050293,10000.0,-0.008103727714748757
2019-02-07,Adaptive QQQ TQQQ Switch SMA 30,22915.648647345133,10000.0,-0.04084967320261438
2019-02-08,Adaptive QQQ TQQQ Switch SMA 30,23032.764398524072,10000.0,0.005110732538330536
2019-02-11,Adaptive QQQ TQQQ Switch SMA 30,22993.72581479776,10000.0,-0.0016949152542374024
2019-02-12,Adaptive QQQ TQQQ Switch SMA 30,23969.69040795556,10000.0,0.04244482173174873
2019-02-13,Adaptive QQQ TQQQ Switch SMA 30,24047.767575408183,10000.0,0.0032573289902280886
2019-02-14,Adaptive QQQ TQQQ Switch SMA 30,24125.84474286081,10000.0,0.0032467532467531776
2019-02-15,Adaptive QQQ TQQQ Switch SMA 30,24399.114828944996,10000.0,0.011326860841423994
2019-02-19,Adaptive QQQ TQQQ Switch SMA 30,24555.269163850244,10000.0,0.0064000000000000055
2019-02-20,Adaptive QQQ TQQQ Switch SMA 30,24555.269163850244,10000.0,0.0
2019-02-21,Adaptive QQQ TQQQ Switch SMA 30,24281.99907776606,10000.0,-0.011128775834658232
2019-02-22,Adaptive QQQ TQQQ Switch SMA 30,24789.500666208114,10000.0,0.020900321543408342
2019-02-25,Adaptive QQQ TQQQ Switch SMA 30,25062.7707522923,10000.0,0.01102362204724414
2019-02-26,Adaptive QQQ TQQQ Switch SMA 30,25140.847919744927,10000.0,0.00311526479750786
2019-02-27,Adaptive QQQ TQQQ Switch SMA 30,25062.7707522923,10000.0,-0.0031055900621118726
2019-02-28,Adaptive QQQ TQQQ Switch SMA 30,24906.616417387053,10000.0,-0.006230529595015582
2019-03-01,Adaptive QQQ TQQQ Switch SMA 30,25414.11800582911,10000.0,0.020376175548589327
2019-03-04,Adaptive QQQ TQQQ Switch SMA 30,25414.11800582911,10000.0,0.0
2019-03-05,Adaptive QQQ TQQQ Switch SMA 30,25492.195173281736,10000.0,0.0030721966205837885
2019-03-06,Adaptive QQQ TQQQ Switch SMA 30,25023.73216856599,10000.0,-0.01837672281776418
2019-03-07,Adaptive QQQ TQQQ Switch SMA 30,24125.844742860812,10000.0,-0.03588143525741036
2019-03-08,Adaptive QQQ TQQQ Switch SMA 30,23969.690407955564,10000.0,-0.00647249190938512
2019-03-11,Adaptive QQQ TQQQ Switch SMA 30,25492.195173281732,10000.0,0.06351791530944635
2019-03-12,Adaptive QQQ TQQQ Switch SMA 30,25882.581010544847,10000.0,0.015313935681470082
2019-03-13,Adaptive QQQ TQQQ Switch SMA 30,26468.15976643953,10000.0,0.022624434389140326
2019-03-14,Adaptive QQQ TQQQ Switch SMA 30,26351.044015260595,10000.0,-0.004424778761061983
2019-03-15,Adaptive QQQ TQQQ Switch SMA 30,26975.661354881588,10000.0,0.023703703703703723
2019-03-18,Adaptive QQQ TQQQ Switch SMA 30,27248.931440965775,10000.0,0.010130246020260534
2019-03-19,Adaptive QQQ TQQQ Switch SMA 30,27522.201527049954,10000.0,0.010028653295128852
2019-03-20,Adaptive QQQ TQQQ Switch SMA 30,27834.51019686045,10000.0,0.011347517730496465
2019-03-21,Adaptive QQQ TQQQ Switch SMA 30,29122.783459828748,10000.0,0.046283309957924276
2019-03-22,Adaptive QQQ TQQQ Switch SMA 30,27209.892857239458,10000.0,-0.06568364611260057
2019-03-25,Adaptive QQQ TQQQ Switch SMA 30,27053.73852233421,10000.0,-0.005738880918220952
2019-03-26,Adaptive QQQ TQQQ Switch SMA 30,27405.085775871015,10000.0,0.012987012987012967
2019-03-27,Adaptive QQQ TQQQ Switch SMA 30,26858.54560370265,10000.0,-0.019943019943019898
2019-03-28,Adaptive QQQ TQQQ Switch SMA 30,27053.738522334206,10000.0,0.00726744186046509
2019-03-29,Adaptive QQQ TQQQ Switch SMA 30,27639.317278228886,10000.0,0.021645021645021696
2019-04-01,Adaptive QQQ TQQQ Switch SMA 30,28732.39762256562,10000.0,0.039548022598870095
2019-04-02,Adaptive QQQ TQQQ Switch SMA 30,29044.706292376115,10000.0,0.010869565217391313
2019-04-03,Adaptive QQQ TQQQ Switch SMA 30,29552.207880818172,10000.0,0.017473118279569877
2019-04-04,Adaptive QQQ TQQQ Switch SMA 30,29513.16929709186,10000.0,-0.0013210039630119782
2019-04-05,Adaptive QQQ TQQQ Switch SMA 30,29942.593718081294,10000.0,0.014550264550264593
2019-04-08,Adaptive QQQ TQQQ Switch SMA 30,30176.82522043917,10000.0,0.007822685788787549
2019-04-09,Adaptive QQQ TQQQ Switch SMA 30,29864.516550628672,10000.0,-0.010349288486416567
2019-04-10,Adaptive QQQ TQQQ Switch SMA 30,30332.979555344413,10000.0,0.015686274509803817
2019-04-11,Adaptive QQQ TQQQ Switch SMA 30,30098.748052986542,10000.0,-0.007722007722007672
2019-04-12,Adaptive QQQ TQQQ Switch SMA 30,30489.13389024966,10000.0,0.012970168612191912
2019-04-15,Adaptive QQQ TQQQ Switch SMA 30,30528.172473975977,10000.0,0.001280409731114043
2019-04-16,Adaptive QQQ TQQQ Switch SMA 30,30801.44256006016,10000.0,0.00895140664961629
2019-04-17,Adaptive QQQ TQQQ Switch SMA 30,31113.751229870653,10000.0,0.010139416983523457
2019-04-18,Adaptive QQQ TQQQ Switch SMA 30,31191.828397323283,10000.0,0.002509410288582241
2019-04-22,Adaptive QQQ TQQQ Switch SMA 30,31465.09848340747,10000.0,0.008760951188986269
2019-04-23,Adaptive QQQ TQQQ Switch SMA 30,32675.294578923138,10000.0,0.0384615384615383
2019-04-24,Adaptive QQQ TQQQ Switch SMA 30,32362.985909112642,10000.0,-0.00955794504181602
2019-04-25,Adaptive QQQ TQQQ Switch SMA 30,32714.33316264946,10000.0,0.01085645355850442
2019-04-26,Adaptive QQQ TQQQ Switch SMA 30,32831.44891382839,10000.0,0.003579952267303026
2019-04-29,Adaptive QQQ TQQQ Switch SMA 30,32987.603248733634,10000.0,0.004756242568370886
2019-04-30,Adaptive QQQ TQQQ Switch SMA 30,32245.870157933707,10000.0,-0.02248520710059166
2019-05-01,Adaptive QQQ TQQQ Switch SMA 30,31894.522904396898,10000.0,-0.010895883777239693
2019-05-02,Adaptive QQQ TQQQ Switch SMA 30,31504.13706713378,10000.0,-0.012239902080783311
2019-05-03,Adaptive QQQ TQQQ Switch SMA 30,32987.60324873363,10000.0,0.047087980173481904
2019-05-06,Adaptive QQQ TQQQ Switch SMA 30,32402.02449283895,10000.0,-0.017751479289940662
2019-05-07,Adaptive QQQ TQQQ Switch SMA 30,30489.133890249657,10000.0,-0.05903614457831338
2019-05-08,Adaptive QQQ TQQQ Switch SMA 30,30215.863804165478,10000.0,-0.008962868117797618
2019-05-09,Adaptive QQQ TQQQ Switch SMA 30,30053.12419192782,10000.0,-0.005385899714547316
2019-05-10,Adaptive QQQ TQQQ Switch SMA 30,30090.554302742483,10000.0,0.0012454648833054541
2019-05-13,Adaptive QQQ TQQQ Switch SMA 30,29047.39338829911,10000.0,-0.03466738777717683
2019-05-14,Adaptive QQQ TQQQ Switch SMA 30,29366.36302828491,10000.0,0.010981007339346626
2019-05-15,Adaptive QQQ TQQQ Switch SMA 30,29779.72164336856,10000.0,0.014075921307841622
2019-05-16,Adaptive QQQ TQQQ Switch SMA 30,30079.162529885845,10000.0,0.010055194272911107
2019-05-17,Adaptive QQQ TQQQ Switch SMA 30,29771.58466275667,10000.0,-0.010225612725207027
2019-05-20,Adaptive QQQ TQQQ Switch SMA 30,29270.346657064696,10000.0,-0.0168361211326117
2019-05-21,Adaptive QQQ TQQQ Switch SMA 30,29574.669731949103,10000.0,0.01039697542533068
2019-05-22,Adaptive QQQ TQQQ Switch SMA 30,29442.8506460366,10000.0,-0.004457161723435879
2019-05-23,Adaptive QQQ TQQQ Switch SMA 30,28993.689316260676,10000.0,-0.015255361485739504
2019-05-24,Adaptive QQQ TQQQ Switch SMA 30,28979.042751159286,10000.0,-0.0005051638976201359
2019-05-28,Adaptive QQQ TQQQ Switch SMA 30,28870.00721096006,10000.0,-0.00376256528331548
2019-05-29,Adaptive QQQ TQQQ Switch SMA 30,28632.40737709308,10000.0,-0.008229988726042886
2019-05-30,Adaptive QQQ TQQQ Switch SMA 30,28752.83469014895,10000.0,0.004205979311128845
2019-05-31,Adaptive QQQ TQQQ Switch SMA 30,28293.90898363876,10000.0,-0.015961059542675984
2019-06-03,Adaptive QQQ TQQQ Switch SMA 30,27670.61626876854,10000.0,-0.02202921891176816
2019-06-04,Adaptive QQQ TQQQ Switch SMA 30,28450.13901138691,10000.0,0.028171499147209268
2019-06-05,Adaptive QQQ TQQQ Switch SMA 30,28661.700507295864,10000.0,0.007436220112115384
2019-06-06,Adaptive QQQ TQQQ Switch SMA 30,28889.535964428585,10000.0,0.007949125596184452
2019-06-07,Adaptive QQQ TQQQ Switch SMA 30,29446.105438281364,10000.0,0.019265434880576766
2019-06-10,Adaptive QQQ TQQQ Switch SMA 30,29789.486020102817,10000.0,0.011661324195866109
2019-06-11,Adaptive QQQ TQQQ Switch SMA 30,29871.32526741079,10000.0,0.0027472527472526885
2019-06-12,Adaptive QQQ TQQQ Switch SMA 30,29380.28978356294,10000.0,-0.016438356164383577
2019-06-13,Adaptive QQQ TQQQ Switch SMA 30,29871.32526741079,10000.0,0.016713091922005586
2019-06-14,Adaptive QQQ TQQQ Switch SMA 30,29462.129030870918,10000.0,-0.013698630136986254
2019-06-17,Adaptive QQQ TQQQ Switch SMA 30,30035.00376202674,10000.0,0.0194444444444444
2019-06-18,Adaptive QQQ TQQQ Switch SMA 30,31303.512095300353,10000.0,0.04223433242506819
2019-06-19,Adaptive QQQ TQQQ Switch SMA 30,31671.78870818624,10000.0,0.011764705882352922
2019-06-20,Adaptive QQQ TQQQ Switch SMA 30,32531.100804919977,10000.0,0.02713178294573643
2019-06-21,Adaptive QQQ TQQQ Switch SMA 30,32408.341933958014,10000.0,-0.0037735849056604086
2019-06-24,Adaptive QQQ TQQQ Switch SMA 30,32408.341933958014,10000.0,0.0
2019-06-25,Adaptive QQQ TQQQ Switch SMA 30,30730.63736414453,10000.0,-0.05176767676767679
2019-06-26,Adaptive QQQ TQQQ Switch SMA 30,31139.833600684407,10000.0,0.013315579227696476
2019-06-27,Adaptive QQQ TQQQ Switch SMA 30,31467.19058991631,10000.0,0.010512483574244424
2019-06-28,Adaptive QQQ TQQQ Switch SMA 30,31589.949460878266,10000.0,0.0039011703511052484
2019-07-01,Adaptive QQQ TQQQ Switch SMA 30,32858.45779415187,10000.0,0.04015544041450772
2019-07-02,Adaptive QQQ TQQQ Switch SMA 30,33267.65403069175,10000.0,0.01245330012453318
2019-07-03,Adaptive QQQ TQQQ Switch SMA 30,34004.207256463524,10000.0,0.022140221402213986
2019-07-05,Adaptive QQQ TQQQ Switch SMA 30,33758.6895145396,10000.0,-0.007220216606498254
2019-07-08,Adaptive QQQ TQQQ Switch SMA 30,33063.05591242181,10000.0,-0.020606060606060597
2019-07-09,Adaptive QQQ TQQQ Switch SMA 30,33554.091396269665,10000.0,0.014851485148514755
2019-07-10,Adaptive QQQ TQQQ Switch SMA 30,34536.16236396536,10000.0,0.02926829268292686
2019-07-11,Adaptive QQQ TQQQ Switch SMA 30,34454.32311665739,10000.0,-0.002369668246445447
2019-07-12,Adaptive QQQ TQQQ Switch SMA 30,35027.197847813215,10000.0,0.01662707838479817
2019-07-15,Adaptive QQQ TQQQ Switch SMA 30,35313.63521339113,10000.0,0.008177570093457976
2019-07-16,Adaptive QQQ TQQQ Switch SMA 30,34822.599729543275,10000.0,-0.01390498261877184
2019-07-17,Adaptive QQQ TQQQ Switch SMA 30,34331.56424569543,10000.0,-0.014101057579318357
2019-07-18,Adaptive QQQ TQQQ Switch SMA 30,34454.32311665739,10000.0,0.0035756853396900308
2019-07-19,Adaptive QQQ TQQQ Switch SMA 30,33635.930643577645,10000.0,-0.02375296912114006
2019-07-22,Adaptive QQQ TQQQ Switch SMA 30,34413.4034930034,10000.0,0.02311435523114349
2019-07-23,Adaptive QQQ TQQQ Switch SMA 30,35068.1174714672,10000.0,0.019024970273483963
2019-07-24,Adaptive QQQ TQQQ Switch SMA 30,35845.59032089296,10000.0,0.022170361726954434
2019-07-25,Adaptive QQQ TQQQ Switch SMA 30,34822.599729543275,10000.0,-0.02853881278538813
2019-07-26,Adaptive QQQ TQQQ Switch SMA 30,35845.59032089296,10000.0,0.02937720329024677
2019-07-29,Adaptive QQQ TQQQ Switch SMA 30,35518.23333166106,10000.0,-0.009132420091324209
2019-07-30,Adaptive QQQ TQQQ Switch SMA 30,35027.197847813215,10000.0,-0.013824884792626639
2019-07-31,Adaptive QQQ TQQQ Switch SMA 30,33554.091396269665,10000.0,-0.04205607476635528
2019-08-01,Adaptive QQQ TQQQ Switch SMA 30,33103.975536075806,10000.0,-0.013414634146341396
2019-08-02,Adaptive QQQ TQQQ Switch SMA 30,32616.255822837116,10000.0,-0.014732965009208163
2019-08-05,Adaptive QQQ TQQQ Switch SMA 30,31464.888928370074,10000.0,-0.03530040053404547
2019-08-06,Adaptive QQQ TQQQ Switch SMA 30,31903.83667028489,10000.0,0.013950398582816709
2019-08-07,Adaptive QQQ TQQQ Switch SMA 30,32076.280426037145,10000.0,0.0054051102860887155
2019-08-08,Adaptive QQQ TQQQ Switch SMA 30,32774.76472963969,10000.0,0.02177572631007326
2019-08-09,Adaptive QQQ TQQQ Switch SMA 30,32466.45619662809,10000.0,-0.009406887755102095
2019-08-12,Adaptive QQQ TQQQ Switch SMA 30,32093.69898722424,10000.0,-0.011481302644991611
2019-08-13,Adaptive QQQ TQQQ Switch SMA 30,32797.40885918291,10000.0,0.021926729986431436
2019-08-14,Adaptive QQQ TQQQ Switch SMA 30,31816.743864349413,10000.0,-0.0299006851133889
2019-08-15,Adaptive QQQ TQQQ Switch SMA 30,31780.16488585651,10000.0,-0.0011496769955108286
2019-08-16,Adaptive QQQ TQQQ Switch SMA 30,32290.528728638423,10000.0,0.016059194299808205
2019-08-19,Adaptive QQQ TQQQ Switch SMA 30,32804.37628365776,10000.0,0.01591325925126776
2019-08-20,Adaptive QQQ TQQQ Switch SMA 30,32550.065290326158,10000.0,-0.00775234959910799
2019-08-21,Adaptive QQQ TQQQ Switch SMA 30,32839.21340603195,10000.0,0.00888318082089151
2019-08-22,Adaptive QQQ TQQQ Switch SMA 30,32732.960182790666,10000.0,-0.003235559327428068
2019-08-23,Adaptive QQQ TQQQ Switch SMA 30,31696.555792158462,10000.0,-0.0316624095359727
2019-08-26,Adaptive QQQ TQQQ Switch SMA 30,32175.566224803602,10000.0,0.015112381161729955
2019-08-27,Adaptive QQQ TQQQ Switch SMA 30,32107.63383617393,10000.0,-0.002111303594629636
2019-08-28,Adaptive QQQ TQQQ Switch SMA 30,32222.59634000876,10000.0,0.003580534910215356
2019-08-29,Adaptive QQQ TQQQ Switch SMA 30,32715.54162160357,10000.0,0.015298124222930882
2019-08-30,Adaptive QQQ TQQQ Switch SMA 30,32637.15809626164,10000.0,-0.002395910978596468
2019-09-03,Adaptive QQQ TQQQ Switch SMA 30,32320.140282656495,10000.0,-0.009713401291562113
2019-09-04,Adaptive QQQ TQQQ Switch SMA 30,32786.957722470666,10000.0,0.014443546213958384
2019-09-05,Adaptive QQQ TQQQ Switch SMA 30,34587.025989586706,10000.0,0.05490196078431371
2019-09-06,Adaptive QQQ TQQQ Switch SMA 30,34501.30845305737,10000.0,-0.0024783147459726857
2019-09-09,Adaptive QQQ TQQQ Switch SMA 30,34287.01461173403,10000.0,-0.0062111801242236905
2019-09-10,Adaptive QQQ TQQQ Switch SMA 30,33987.003233881354,10000.0,-0.008750000000000036
2019-09-11,Adaptive QQQ TQQQ Switch SMA 30,34929.896135704046,10000.0,0.027742749054224546
2019-09-12,Adaptive QQQ TQQQ Switch SMA 30,35358.483818350716,10000.0,0.012269938650306704
2019-09-13,Adaptive QQQ TQQQ Switch SMA 30,34972.75490396871,10000.0,-0.010909090909090893
2019-09-16,Adaptive QQQ TQQQ Switch SMA 30,34501.30845305737,10000.0,-0.013480392156862675
2019-09-17,Adaptive QQQ TQQQ Switch SMA 30,34929.896135704046,10000.0,0.012422360248447159
2019-09-18,Adaptive QQQ TQQQ Switch SMA 30,34929.896135704046,10000.0,0.0
2019-09-19,Adaptive QQQ TQQQ Switch SMA 30,35101.33120876271,10000.0,0.004907975460122595
2019-09-20,Adaptive QQQ TQQQ Switch SMA 30,33987.003233881354,10000.0,-0.03174603174603172
2019-09-23,Adaptive QQQ TQQQ Switch SMA 30,33987.003233881354,10000.0,0.0
2019-09-24,Adaptive QQQ TQQQ Switch SMA 30,32658.38141767666,10000.0,-0.03909205548549806
2019-09-25,Adaptive QQQ TQQQ Switch SMA 30,33025.17326731363,10000.0,0.011231170490232529
2019-09-26,Adaptive QQQ TQQQ Switch SMA 30,32731.05594813908,10000.0,-0.008905852417302835
2019-09-27,Adaptive QQQ TQQQ Switch SMA 30,31512.569911558807,10000.0,-0.037227214377406934
2019-09-30,Adaptive QQQ TQQQ Switch SMA 30,31812.641459424714,10000.0,0.009522281067779388
2019-10-01,Adaptive QQQ TQQQ Switch SMA 30,31553.028996664314,10000.0,-0.008160669810820944
2019-10-02,Adaptive QQQ TQQQ Switch SMA 30,31010.20293816531,10000.0,-0.017203611689907566
2019-10-03,Adaptive QQQ TQQQ Switch SMA 30,31350.733571136738,10000.0,0.010981244903506444
2019-10-04,Adaptive QQQ TQQQ Switch SMA 30,31812.64145942471,10000.0,0.014733559176211266
2019-10-07,Adaptive QQQ TQQQ Switch SMA 30,31716.551132299104,10000.0,-0.0030205076572519824
2019-10-08,Adaptive QQQ TQQQ Switch SMA 30,31241.156882309293,10000.0,-0.01498883809928773
2019-10-09,Adaptive QQQ TQQQ Switch SMA 30,31546.285815813393,10000.0,0.009766889704295286
2019-10-10,Adaptive QQQ TQQQ Switch SMA 30,31790.72612165922,10000.0,0.007748623951263919
2019-10-11,Adaptive QQQ TQQQ Switch SMA 30,32200.374358352565,10000.0,0.012885777919185376
2019-10-14,Adaptive QQQ TQQQ Switch SMA 30,32240.980126774197,10000.0,0.001261034047919379
2019-10-15,Adaptive QQQ TQQQ Switch SMA 30,33459.1531794231,10000.0,0.037783375314861437
2019-10-16,Adaptive QQQ TQQQ Switch SMA 30,33215.51856889331,10000.0,-0.0072815533980583125
2019-10-17,Adaptive QQQ TQQQ Switch SMA 30,33418.54741100146,10000.0,0.006112469437652899
2019-10-18,Adaptive QQQ TQQQ Switch SMA 30,32484.61473730397,10000.0,-0.027946537059538326
2019-10-21,Adaptive QQQ TQQQ Switch SMA 30,33337.335874158205,10000.0,0.026250000000000107
2019-10-22,Adaptive QQQ TQQQ Switch SMA 30,32565.82627414723,10000.0,-0.023142509135201127
2019-10-23,Adaptive QQQ TQQQ Switch SMA 30,32728.249347833756,10000.0,0.004987531172069941
2019-10-24,Adaptive QQQ TQQQ Switch SMA 30,33662.18202153124,10000.0,0.028535980148883207
2019-10-25,Adaptive QQQ TQQQ Switch SMA 30,34433.69162154222,10000.0,0.022919179734620182
2019-10-28,Adaptive QQQ TQQQ Switch SMA 30,35489.4416005046,10000.0,0.03066037735849054
2019-10-29,Adaptive QQQ TQQQ Switch SMA 30,34636.72046365037,10000.0,-0.024027459954233506
2019-10-30,Adaptive QQQ TQQQ Switch SMA 30,35123.98968470993,10000.0,0.014067995310668347
2019-10-31,Adaptive QQQ TQQQ Switch SMA 30,35164.59545313156,10000.0,0.001156069364161825
2019-11-01,Adaptive QQQ TQQQ Switch SMA 30,36139.13389525068,10000.0,0.027713625866050834
2019-11-04,Adaptive QQQ TQQQ Switch SMA 30,36788.82618999676,10000.0,0.017977528089887656
2019-11-05,Adaptive QQQ TQQQ Switch SMA 30,36829.43195841839,10000.0,0.0011037527593818748
2019-11-06,Adaptive QQQ TQQQ Switch SMA 30,36585.79734788861,10000.0,-0.006615214994487376
2019-11-07,Adaptive QQQ TQQQ Switch SMA 30,36951.249263683276,10000.0,0.00998890122086569
2019-11-08,Adaptive QQQ TQQQ Switch SMA 30,37397.91271632121,10000.0,0.012087912087912222
2019-11-11,Adaptive QQQ TQQQ Switch SMA 30,37235.48964263469,10000.0,-0.004343105320304117
2019-11-12,Adaptive QQQ TQQQ Switch SMA 30,37519.7300215861,10000.0,0.007633587786259573
2019-11-13,Adaptive QQQ TQQQ Switch SMA 30,37479.124253164475,10000.0,-0.001082251082251059
2019-11-14,Adaptive QQQ TQQQ Switch SMA 30,37479.124253164475,10000.0,0.0
2019-11-15,Adaptive QQQ TQQQ Switch SMA 30,38169.42231633219,10000.0,0.01841820151679306
2019-11-18,Adaptive QQQ TQQQ Switch SMA 30,38372.45115844034,10000.0,0.005319148936170099
2019-11-19,Adaptive QQQ TQQQ Switch SMA 30,38534.874232126866,10000.0,0.004232804232804331
2019-11-20,Adaptive QQQ TQQQ Switch SMA 30,37844.57616895915,10000.0,-0.017913593256059002
2019-11-21,Adaptive QQQ TQQQ Switch SMA 30,37560.335790007746,10000.0,-0.007510729613733936
2019-11-22,Adaptive QQQ TQQQ Switch SMA 30,37641.547326851,10000.0,0.0021621621621621162
2019-11-25,Adaptive QQQ TQQQ Switch SMA 30,38981.53768476479,10000.0,0.03559870550161813
2019-11-26,Adaptive QQQ TQQQ Switch SMA 30,39184.56652687295,10000.0,0.005208333333333408
2019-11-27,Adaptive QQQ TQQQ Switch SMA 30,39996.68189530554,10000.0,0.020725388601036194
2019-11-29,Adaptive QQQ TQQQ Switch SMA 30,39468.80690582436,10000.0,-0.013197969543147108
2019-12-02,Adaptive QQQ TQQQ Switch SMA 30,38169.422316332195,10000.0,-0.0329218106995885
2019-12-03,Adaptive QQQ TQQQ Switch SMA 30,37316.70117947796,10000.0,-0.022340425531914985
2019-12-04,Adaptive QQQ TQQQ Switch SMA 30,37885.18193738078,10000.0,0.015233949945593099
2019-12-05,Adaptive QQQ TQQQ Switch SMA 30,38088.21077948894,10000.0,0.00535905680600222
2019-12-06,Adaptive QQQ TQQQ Switch SMA 30,39265.77806371621,10000.0,0.030916844349680075
2019-12-09,Adaptive QQQ TQQQ Switch SMA 30,38778.50884265665,10000.0,-0.012409513960703125
2019-12-10,Adaptive QQQ TQQQ Switch SMA 30,38697.29730581339,10000.0,-0.0020942408376964762
2019-12-11,Adaptive QQQ TQQQ Switch SMA 30,39265.77806371621,10000.0,0.014690451206715695
2019-12-12,Adaptive QQQ TQQQ Switch SMA 30,40159.10496899207,10000.0,0.02275077559462261
2019-12-13,Adaptive QQQ TQQQ Switch SMA 30,40524.55688478673,10000.0,0.009100101112234565
2019-12-16,Adaptive QQQ TQQQ Switch SMA 30,41702.124169013994,10000.0,0.029058116232464844
2019-12-17,Adaptive QQQ TQQQ Switch SMA 30,41742.72993743562,10000.0,0.0009737098344693075
2019-12-18,Adaptive QQQ TQQQ Switch SMA 30,41864.54724270052,10000.0,0.0029182879377433013
2019-12-19,Adaptive QQQ TQQQ Switch SMA 30,42717.26837955475,10000.0,0.020368574199805922
2019-12-20,Adaptive QQQ TQQQ Switch SMA 30,43204.537600614305,10000.0,0.011406844106463974
2019-12-23,Adaptive QQQ TQQQ Switch SMA 30,43529.38374798735,10000.0,0.0075187969924812095
2019-12-24,Adaptive QQQ TQQQ Switch SMA 30,43569.989516408976,10000.0,0.0009328358208955024
2019-12-26,Adaptive QQQ TQQQ Switch SMA 30,44706.951032214616,10000.0,0.02609506057781914
2019-12-27,Adaptive QQQ TQQQ Switch SMA 30,44585.13372694973,10000.0,-0.0027247956403269173
2019-12-30,Adaptive QQQ TQQQ Switch SMA 30,43691.80682167387,10000.0,-0.020036429872495504
2019-12-31,Adaptive QQQ TQQQ Switch SMA 30,43935.441432203654,10000.0,0.005576208178438708
2020-01-02,Adaptive QQQ TQQQ Switch SMA 30,46087.547158550035,10000.0,0.04898336414048053
2020-01-03,Adaptive QQQ TQQQ Switch SMA 30,44869.37410590114,10000.0,-0.026431718061673916
2020-01-06,Adaptive QQQ TQQQ Switch SMA 30,45722.095242755364,10000.0,0.019004524886877743
2020-01-07,Adaptive QQQ TQQQ Switch SMA 30,45640.88370591211,10000.0,-0.0017761989342806016
2020-01-08,Adaptive QQQ TQQQ Switch SMA 30,46696.63368487448,10000.0,0.02313167259786475
2020-01-09,Adaptive QQQ TQQQ Switch SMA 30,47874.20096910175,10000.0,0.02521739130434775
2020-01-10,Adaptive QQQ TQQQ Switch SMA 30,47468.14328488545,10000.0,-0.008481764206955017
2020-01-13,Adaptive QQQ TQQQ Switch SMA 30,49132.97979017228,10000.0,0.03507271171941832
2020-01-14,Adaptive QQQ TQQQ Switch SMA 30,48564.499032269465,10000.0,-0.011570247933884198
2020-01-15,Adaptive QQQ TQQQ Switch SMA 30,48605.1048006911,10000.0,0.0008361204013377747
2020-01-16,Adaptive QQQ TQQQ Switch SMA 30,49945.09515860489,10000.0,0.027568922305764416
2020-01-17,Adaptive QQQ TQQQ Switch SMA 30,50716.60475861586,10000.0,0.015447154471544674
2020-01-21,Adaptive QQQ TQQQ Switch SMA 30,50675.99899019423,10000.0,-0.0008006405124099109
2020-01-22,Adaptive QQQ TQQQ Switch SMA 30,51041.4509059889,10000.0,0.00721153846153845
2020-01-23,Adaptive QQQ TQQQ Switch SMA 30,51488.11435862682,10000.0,0.008750994431185316
2020-01-24,Adaptive QQQ TQQQ Switch SMA 30,50148.12400071303,10000.0,-0.02602523659305994
2020-01-27,Adaptive QQQ TQQQ Switch SMA 30,47062.085600669154,10000.0,-0.06153846153846152
2020-01-28,Adaptive QQQ TQQQ Switch SMA 30,49254.79709543718,10000.0,0.046591889559965564
2020-01-29,Adaptive QQQ TQQQ Switch SMA 30,49417.22016912369,10000.0,0.0032976092333057826
2020-01-30,Adaptive QQQ TQQQ Switch SMA 30,49985.70092702651,10000.0,0.011503697617091255
2020-01-31,Adaptive QQQ TQQQ Switch SMA 30,47508.749053307074,10000.0,-0.04955320877335509
2020-02-03,Adaptive QQQ TQQQ Switch SMA 30,49701.4605480751,10000.0,0.04615384615384623
2020-02-04,Adaptive QQQ TQQQ Switch SMA 30,53112.34509549201,10000.0,0.06862745098039215
2020-02-05,Adaptive QQQ TQQQ Switch SMA 30,53721.43162181647,10000.0,0.011467889908256907
2020-02-06,Adaptive QQQ TQQQ Switch SMA 30,55020.81621130864,10000.0,0.024187452758881352
2020-02-07,Adaptive QQQ TQQQ Switch SMA 30,54330.51814814093,10000.0,-0.012546125461254607
2020-02-10,Adaptive QQQ TQQQ Switch SMA 30,56279.59503237916,10000.0,0.0358744394618833
2020-02-11,Adaptive QQQ TQQQ Switch SMA 30,56320.20080080079,10000.0,0.0007215007215007061
2020-02-12,Adaptive QQQ TQQQ Switch SMA 30,57985.037306087615,10000.0,0.0295602018745494
2020-02-13,Adaptive QQQ TQQQ Switch SMA 30,57741.402695557845,10000.0,-0.004201680672268818
2020-02-14,Adaptive QQQ TQQQ Switch SMA 30,58147.46037977415,10000.0,0.007032348804500678
2020-02-18,Adaptive QQQ TQQQ Switch SMA 30,58228.671916617415,10000.0,0.0013966480446927076
2020-02-19,Adaptive QQQ TQQQ Switch SMA 30,59934.11419032587,10000.0,0.02928870292887029
2020-02-20,Adaptive QQQ TQQQ Switch SMA 30,58228.67191661741,10000.0,-0.028455284552845524
2020-02-21,Adaptive QQQ TQQQ Switch SMA 30,54898.99890604375,10000.0,-0.05718270571827059
2020-02-24,Adaptive QQQ TQQQ Switch SMA 30,48564.49903226948,10000.0,-0.1153846153846153
2020-02-25,Adaptive QQQ TQQQ Switch SMA 30,47245.41990186797,10000.0,-0.027161386541329685
2020-02-26,Adaptive QQQ TQQQ Switch SMA 30,47489.04350165927,10000.0,0.005156554863885597
2020-02-27,Adaptive QQQ TQQQ Switch SMA 30,45109.872491084854,10000.0,-0.050099366825345486
2020-02-28,Adaptive QQQ TQQQ Switch SMA 30,45144.98940637008,10000.0,0.0007784751617768529
2020-03-02,Adaptive QQQ TQQQ Switch SMA 30,47475.874658427296,10000.0,0.05163109533764405
2020-03-03,Adaptive QQQ TQQQ Switch SMA 30,45952.67845793039,10000.0,-0.032083583745550356
2020-03-04,Adaptive QQQ TQQQ Switch SMA 30,47870.93995538615,10000.0,0.04174428046042895
2020-03-05,Adaptive QQQ TQQQ Switch SMA 30,46415.782778254375,10000.0,-0.03039750584567431
2020-03-06,Adaptive QQQ TQQQ Switch SMA 30,45632.236605952654,10000.0,-0.016881028938906723
2020-03-09,Adaptive QQQ TQQQ Switch SMA 30,42462.93500146054,10000.0,-0.0694531287576355
2020-03-10,Adaptive QQQ TQQQ Switch SMA 30,44774.066988669816,10000.0,0.05442704295239573
2020-03-11,Adaptive QQQ TQQQ Switch SMA 30,42825.07819033949,10000.0,-0.04352941176470586
2020-03-12,Adaptive QQQ TQQQ Switch SMA 30,38898.56810000957,10000.0,-0.0916871668716688
2020-03-13,Adaptive QQQ TQQQ Switch SMA 30,42192.973715205335,10000.0,0.08469220786548565
2020-03-16,Adaptive QQQ TQQQ Switch SMA 30,37138.33272133736,10000.0,-0.11979816895547232
2020-03-17,Adaptive QQQ TQQQ Switch SMA 30,39954.27036577184,10000.0,0.07582294190650661
2020-03-18,Adaptive QQQ TQQQ Switch SMA 30,38740.54198122603,10000.0,-0.030377938914524286
2020-03-19,Adaptive QQQ TQQQ Switch SMA 30,38973.19154499069,10000.0,0.006005325477310081
2020-03-20,Adaptive QQQ TQQQ Switch SMA 30,37445.60573008313,10000.0,-0.03919581010305784
2020-03-23,Adaptive QQQ TQQQ Switch SMA 30,37392.93035715528,10000.0,-0.0014067170740285392
2020-03-24,Adaptive QQQ TQQQ Switch SMA 30,40287.88106098153,10000.0,0.07741973352115981
2020-03-25,Adaptive QQQ TQQQ Switch SMA 30,39989.38728105706,10000.0,-0.007409021573327596
2020-03-26,Adaptive QQQ TQQQ Switch SMA 30,42096.40219817094,10000.0,0.05268935236004404
2020-03-27,Adaptive QQQ TQQQ Switch SMA 30,40647.829442655144,10000.0,-0.03441084462982285
2020-03-30,Adaptive QQQ TQQQ Switch SMA 30,42127.12949904551,10000.0,0.03639308855291582
2020-03-31,Adaptive QQQ TQQQ Switch SMA 30,41767.181117371896,10000.0,-0.008544336771907817
2020-04-01,Adaptive QQQ TQQQ Switch SMA 30,39991.582088262396,10000.0,-0.04251182343667894
2020-04-02,Adaptive QQQ TQQQ Switch SMA 30,40803.660754233366,10000.0,0.020306240052686397
2020-04-03,Adaptive QQQ TQQQ Switch SMA 30,40224.231652027054,10000.0,-0.014200419557850499
2020-04-06,Adaptive QQQ TQQQ Switch SMA 30,43101.62389821068,10000.0,0.07153380258634792
2020-04-07,Adaptive QQQ TQQQ Switch SMA 30,43034.382675280554,10000.0,-0.0015600624024960665
2020-04-08,Adaptive QQQ TQQQ Switch SMA 30,45791.27281541571,10000.0,0.06406249999999988
2020-04-09,Adaptive QQQ TQQQ Switch SMA 30,45925.75526127596,10000.0,0.002936857562408291
2020-04-13,Adaptive QQQ TQQQ Switch SMA 30,47539.54461159898,10000.0,0.03513909224011716
2020-04-14,Adaptive QQQ TQQQ Switch SMA 30,53725.73712117057,10000.0,0.13012729844413012
2020-04-15,Adaptive QQQ TQQQ Switch SMA 30,51910.22410205717,10000.0,-0.033792240300375524
2020-04-16,Adaptive QQQ TQQQ Switch SMA 30,54734.35546512246,10000.0,0.05440414507772032
2020-04-17,Adaptive QQQ TQQQ Switch SMA 30,56079.17992372497,10000.0,0.024570024570024482
2020-04-20,Adaptive QQQ TQQQ Switch SMA 30,54263.66690461158,10000.0,-0.03237410071942441
2020-04-21,Adaptive QQQ TQQQ Switch SMA 30,48279.19806383037,10000.0,-0.11028500619578693
2020-04-22,Adaptive QQQ TQQQ Switch SMA 30,52515.3951084283,10000.0,0.08774373259052924
2020-04-23,Adaptive QQQ TQQQ Switch SMA 30,52179.18899377767,10000.0,-0.0064020486555697595
2020-04-24,Adaptive QQQ TQQQ Switch SMA 30,54734.355465122455,10000.0,0.04896907216494856
2020-04-27,Adaptive QQQ TQQQ Switch SMA 30,55810.21503200447,10000.0,0.019656019656019673
2020-04-28,Adaptive QQQ TQQQ Switch SMA 30,52784.360000148794,10000.0,-0.054216867469879644
2020-04-29,Adaptive QQQ TQQQ Switch SMA 30,58230.89905748899,10000.0,0.10318471337579625
2020-04-30,Adaptive QQQ TQQQ Switch SMA 30,58634.34639506975,10000.0,0.00692840646651276
2020-05-01,Adaptive QQQ TQQQ Switch SMA 30,53389.53100651993,10000.0,-0.08944954128440369
2020-05-04,Adaptive QQQ TQQQ Switch SMA 30,55272.28524856345,10000.0,0.03526448362720406
2020-05-05,Adaptive QQQ TQQQ Switch SMA 30,57020.557044746725,10000.0,0.03163017031630167
2020-05-06,Adaptive QQQ TQQQ Switch SMA 30,58163.657834558864,10000.0,0.020047169811320747
2020-05-07,Adaptive QQQ TQQQ Switch SMA 30,60449.85941418315,10000.0,0.03930635838150287
2020-05-08,Adaptive QQQ TQQQ Switch SMA 30,62870.54343966768,10000.0,0.04004449388209115
2020-05-11,Adaptive QQQ TQQQ Switch SMA 30,64417.091567060575,10000.0,0.02459893048128347
2020-05-12,Adaptive QQQ TQQQ Switch SMA 30,60584.341860043394,10000.0,-0.059498956158663914
2020-05-13,Adaptive QQQ TQQQ Switch SMA 30,58298.14028041912,10000.0,-0.03773584905660376
2020-05-14,Adaptive QQQ TQQQ Switch SMA 30,60248.13574539278,10000.0,0.033448673587082
2020-05-15,Adaptive QQQ TQQQ Switch SMA 30,61256.75408934465,10000.0,0.01674107142857127
2020-05-18,Adaptive QQQ TQQQ Switch SMA 30,64820.538904641326,10000.0,0.058177826564215274
2020-05-19,Adaptive QQQ TQQQ Switch SMA 30,64282.60912120032,10000.0,-0.008298755186721999
2020-05-20,Adaptive QQQ TQQQ Switch SMA 30,68115.3588282175,10000.0,0.05962343096234312
2020-05-21,Adaptive QQQ TQQQ Switch SMA 30,65963.63969445348,10000.0,-0.031589338598223125
2020-05-22,Adaptive QQQ TQQQ Switch SMA 30,66568.81070082462,10000.0,0.00917431192660549
2020-05-26,Adaptive QQQ TQQQ Switch SMA 30,66299.8458091041,10000.0,-0.004040404040404133
2020-05-27,Adaptive QQQ TQQQ Switch SMA 30,67241.22293012586,10000.0,0.014198782961460505
2020-05-28,Adaptive QQQ TQQQ Switch SMA 30,66837.7755925451,10000.0,-0.0060000000000000496
2020-05-29,Adaptive QQQ TQQQ Switch SMA 30,69594.66573268027,10000.0,0.041247484909456754
2020-06-01,Adaptive QQQ TQQQ Switch SMA 30,70401.56040784178,10000.0,0.011594202898550822
2020-06-02,Adaptive QQQ TQQQ Switch SMA 30,71813.62608937442,10000.0,0.02005730659025779
2020-06-03,Adaptive QQQ TQQQ Switch SMA 30,72822.24443332631,10000.0,0.014044943820224753
2020-06-04,Adaptive QQQ TQQQ Switch SMA 30,71342.93752886353,10000.0,-0.02031394275161594
2020-06-05,Adaptive QQQ TQQQ Switch SMA 30,75579.13457346147,10000.0,0.059377945334590086
2020-06-08,Adaptive QQQ TQQQ Switch SMA 30,77260.16514671463,10000.0,0.02224199288256228
2020-06-09,Adaptive QQQ TQQQ Switch SMA 30,78941.19571996779,10000.0,0.02175805047867711
2020-06-10,Adaptive QQQ TQQQ Switch SMA 30,81832.5683059632,10000.0,0.03662691652470185
2020-06-11,Adaptive QQQ TQQQ Switch SMA 30,69796.38940147067,10000.0,-0.14708299096138036
2020-06-12,Adaptive QQQ TQQQ Switch SMA 30,71275.69630593344,10000.0,0.0211946050096338
2020-06-15,Adaptive QQQ TQQQ Switch SMA 30,73763.6215543481,10000.0,0.03490566037735859
2020-06-16,Adaptive QQQ TQQQ Switch SMA 30,77663.61248429539,10000.0,0.0528714676390155
2020-06-17,Adaptive QQQ TQQQ Switch SMA 30,78470.5071594569,10000.0,0.010389610389610322
2020-06-18,Adaptive QQQ TQQQ Switch SMA 30,79075.67816582804,10000.0,0.007712082262210785
2020-06-19,Adaptive QQQ TQQQ Switch SMA 30,78941.19571996779,10000.0,-0.0017006802721088073
2020-06-22,Adaptive QQQ TQQQ Switch SMA 30,81765.32708303307,10000.0,0.03577512776831345
2020-06-23,Adaptive QQQ TQQQ Switch SMA 30,83917.04621679711,10000.0,0.026315789473684233
2020-06-24,Adaptive QQQ TQQQ Switch SMA 30,78941.1957199678,10000.0,-0.05929487179487181
2020-06-25,Adaptive QQQ TQQQ Switch SMA 30,81025.67363080171,10000.0,0.026405451448040927
2020-06-26,Adaptive QQQ TQQQ Switch SMA 30,75242.92845881089,10000.0,-0.07136929460580922
2020-06-29,Adaptive QQQ TQQQ Switch SMA 30,77596.37126136529,10000.0,0.03127792672028594
2020-06-30,Adaptive QQQ TQQQ Switch SMA 30,82101.53319768373,10000.0,0.058058925476603275
2020-07-01,Adaptive QQQ TQQQ Switch SMA 30,84992.90578367913,10000.0,0.03521703521703519
2020-07-02,Adaptive QQQ TQQQ Switch SMA 30,86808.41880279253,10000.0,0.02136075949367085
2020-07-06,Adaptive QQQ TQQQ Switch SMA 30,93196.33498115448,10000.0,0.07358636715724239
2020-07-07,Adaptive QQQ TQQQ Switch SMA 30,91380.82196204108,10000.0,-0.01948051948051945
2020-07-08,Adaptive QQQ TQQQ Switch SMA 30,94877.36555440762,10000.0,0.03826342899190578
2020-07-09,Adaptive QQQ TQQQ Switch SMA 30,97230.80835696204,10000.0,0.024805102763997267
2020-07-10,Adaptive QQQ TQQQ Switch SMA 30,99315.28626779593,10000.0,0.021438450899031722
2020-07-13,Adaptive QQQ TQQQ Switch SMA 30,93196.33498115448,10000.0,-0.06161137440758295
2020-07-14,Adaptive QQQ TQQQ Switch SMA 30,95146.33044612814,10000.0,0.02092352092352099
2020-07-15,Adaptive QQQ TQQQ Switch SMA 30,95617.019006639,10000.0,0.0049469964664311155
2020-07-16,Adaptive QQQ TQQQ Switch SMA 30,93532.5410958051,10000.0,-0.021800281293952214
2020-07-17,Adaptive QQQ TQQQ Switch SMA 30,94003.22965631599,10000.0,0.0050323508267433705
2020-07-20,Adaptive QQQ TQQQ Switch SMA 30,102004.93518500097,10000.0,0.08512160228898423
2020-07-21,Adaptive QQQ TQQQ Switch SMA 30,98777.35648435492,10000.0,-0.03164139749505606
2020-07-22,Adaptive QQQ TQQQ Switch SMA 30,99853.21605123694,10000.0,0.010891763104152494
2020-07-23,Adaptive QQQ TQQQ Switch SMA 30,92053.23419134234,10000.0,-0.07811447811447812
2020-07-24,Adaptive QQQ TQQQ Switch SMA 30,89363.58527413731,10000.0,-0.029218407596786
2020-07-27,Adaptive QQQ TQQQ Switch SMA 30,94137.71210217626,10000.0,0.053423626787058004
2020-07-28,Adaptive QQQ TQQQ Switch SMA 30,90573.9272868796,10000.0,-0.03785714285714281
2020-07-29,Adaptive QQQ TQQQ Switch SMA 30,93667.02354166539,10000.0,0.03414996288047506
2020-07-30,Adaptive QQQ TQQQ Switch SMA 30,95213.57166905829,10000.0,0.016511127063890914
2020-07-31,Adaptive QQQ TQQQ Switch SMA 30,100323.90461174786,10000.0,0.053672316384180775
2020-08-03,Adaptive QQQ TQQQ Switch SMA 30,104089.41309583491,10000.0,0.037533512064343195
2020-08-04,Adaptive QQQ TQQQ Switch SMA 30,105434.23755443742,10000.0,0.012919896640826828
2020-08-05,Adaptive QQQ TQQQ Switch SMA 30,106308.37345252908,10000.0,0.008290816326530663
2020-08-06,Adaptive QQQ TQQQ Switch SMA 30,110342.84682833662,10000.0,0.03795066413662237
2020-08-07,Adaptive QQQ TQQQ Switch SMA 30,106711.82079010982,10000.0,-0.03290676416819018
2020-08-10,Adaptive QQQ TQQQ Switch SMA 30,105299.75510857718,10000.0,-0.013232514177693704
2020-08-11,Adaptive QQQ TQQQ Switch SMA 30,99315.28626779596,10000.0,-0.056832694763729284
2020-08-12,Adaptive QQQ TQQQ Switch SMA 30,106779.06201303995,10000.0,0.075152335815843
2020-08-13,Adaptive QQQ TQQQ Switch SMA 30,107518.71546527134,10000.0,0.006926952141057898
2020-08-14,Adaptive QQQ TQQQ Switch SMA 30,107182.5093506207,10000.0,-0.003126954346466586
2020-08-17,Adaptive QQQ TQQQ Switch SMA 30,110746.29416591738,10000.0,0.03324968632371389
2020-08-18,Adaptive QQQ TQQQ Switch SMA 30,113973.87286656343,10000.0,0.02914389799635704
2020-08-19,Adaptive QQQ TQQQ Switch SMA 30,111754.91250986929,10000.0,-0.019469026548672465
2020-08-20,Adaptive QQQ TQQQ Switch SMA 30,116327.31566911784,10000.0,0.04091456077015642
2020-08-21,Adaptive QQQ TQQQ Switch SMA 30,118815.24091753252,10000.0,0.021387283236994275
2020-08-24,Adaptive QQQ TQQQ Switch SMA 30,120966.96005129651,10000.0,0.018109790605545937
2020-08-25,Adaptive QQQ TQQQ Switch SMA 30,123791.09141436181,10000.0,0.023346303501945623
2020-08-26,Adaptive QQQ TQQQ Switch SMA 30,131725.55572011668,10000.0,0.0640956002172732
2020-08-27,Adaptive QQQ TQQQ Switch SMA 30,130515.21370737442,10000.0,-0.009188361408882068
2020-08-28,Adaptive QQQ TQQQ Switch SMA 30,132532.45039527823,10000.0,0.015455950540958305
2020-08-31,Adaptive QQQ TQQQ Switch SMA 30,135625.54665006403,10000.0,0.02333840690005078
2020-09-01,Adaptive QQQ TQQQ Switch SMA 30,142685.87505772724,10000.0,0.05205751115518081
2020-09-02,Adaptive QQQ TQQQ Switch SMA 30,146720.34843353482,10000.0,0.02827521206409055
2020-09-03,Adaptive QQQ TQQQ Switch SMA 30,124194.53875194261,10000.0,-0.15352887259395057
2020-09-04,Adaptive QQQ TQQQ Switch SMA 30,119016.96458632292,10000.0,-0.041689225771521364
2020-09-08,Adaptive QQQ TQQQ Switch SMA 30,102206.65885379144,10000.0,-0.14124293785310735
2020-09-09,Adaptive QQQ TQQQ Switch SMA 30,105206.8320798469,10000.0,0.02935398984470559
2020-09-10,Adaptive QQQ TQQQ Switch SMA 30,103112.01415811876,10000.0,-0.019911424765059697
2020-09-11,Adaptive QQQ TQQQ Switch SMA 30,102396.06372917371,10000.0,-0.006943423952975703
2020-09-14,Adaptive QQQ TQQQ Switch SMA 30,104180.25765527488,10000.0,0.017424438607524618
2020-09-15,Adaptive QQQ TQQQ Switch SMA 30,105653.82758574912,10000.0,0.014144425859937616
2020-09-16,Adaptive QQQ TQQQ Switch SMA 30,103971.91229235439,10000.0,-0.015919113692589
2020-09-17,Adaptive QQQ TQQQ Switch SMA 30,102346.81846157432,10000.0,-0.015630123510766276
2020-09-18,Adaptive QQQ TQQQ Switch SMA 30,101039.92482143652,10000.0,-0.012769264934488076
2020-09-21,Adaptive QQQ TQQQ Switch SMA 30,101282.36306192583,10000.0,0.002399430135342805
2020-09-22,Adaptive QQQ TQQQ Switch SMA 30,103165.04752322579,10000.0,0.018588472902718967
2020-09-23,Adaptive QQQ TQQQ Switch SMA 30,100013.35039686448,10000.0,-0.030550047734449564
2020-09-24,Adaptive QQQ TQQQ Switch SMA 30,100479.28639030491,10000.0,0.004658737974395948
2020-09-25,Adaptive QQQ TQQQ Switch SMA 30,102816.54255252238,10000.0,0.023261074458058497
2020-09-28,Adaptive QQQ TQQQ Switch SMA 30,104949.24144932696,10000.0,0.020742760297693594
2020-09-29,Adaptive QQQ TQQQ Switch SMA 30,104479.51735837887,10000.0,-0.0044757264031763545
2020-09-30,Adaptive QQQ TQQQ Switch SMA 30,105191.67968981627,10000.0,0.006816286574090843
2020-10-01,Adaptive QQQ TQQQ Switch SMA 30,106862.23069068807,10000.0,0.015881018401815064
2020-10-02,Adaptive QQQ TQQQ Switch SMA 30,98066.21520476454,10000.0,-0.08231173380035017
2020-10-05,Adaptive QQQ TQQQ Switch SMA 30,100155.0896140574,10000.0,0.021300652879600156
2020-10-06,Adaptive QQQ TQQQ Switch SMA 30,94760.7400836773,10000.0,-0.05385996409335729
2020-10-07,Adaptive QQQ TQQQ Switch SMA 30,96397.39747367609,10000.0,0.017271471165733403
2020-10-08,Adaptive QQQ TQQQ Switch SMA 30,97845.67568091281,10000.0,0.01502403846153846
2020-10-09,Adaptive QQQ TQQQ Switch SMA 30,102190.51030262298,10000.0,0.04440497335701599
2020-10-12,Adaptive QQQ TQQQ Switch SMA 30,111691.21534209586,10000.0,0.09297052154195014
2020-10-13,Adaptive QQQ TQQQ Switch SMA 30,111691.21534209586,10000.0,0.0
2020-10-14,Adaptive QQQ TQQQ Switch SMA 30,108968.45231249082,10000.0,-0.024377593360995976
2020-10-15,Adaptive QQQ TQQQ Switch SMA 30,106709.13830920155,10000.0,-0.020733652312599524
2020-10-16,Adaptive QQQ TQQQ Switch SMA 30,105087.06671709642,10000.0,-0.015200868621064121
2020-10-19,Adaptive QQQ TQQQ Switch SMA 30,99873.26517104422,10000.0,-0.049614112458655026
2020-10-20,Adaptive QQQ TQQQ Switch SMA 30,100510.50758222838,10000.0,0.006380510440835441
2020-10-21,Adaptive QQQ TQQQ Switch SMA 30,100220.85194078104,10000.0,-0.002881844380403499
2020-10-22,Adaptive QQQ TQQQ Switch SMA 30,100278.78306907049,10000.0,0.0005780346820808099
2020-10-23,Adaptive QQQ TQQQ Switch SMA 30,100858.09435196518,10000.0,0.005777007510109846
2020-10-26,Adaptive QQQ TQQQ Switch SMA 30,96281.53521709715,10000.0,-0.04537622056289484
2020-10-27,Adaptive QQQ TQQQ Switch SMA 30,98540.84922038644,10000.0,0.023465703971119165
2020-10-28,Adaptive QQQ TQQQ Switch SMA 30,87012.55469078214,10000.0,-0.11699000587889487
2020-10-29,Adaptive QQQ TQQQ Switch SMA 30,88531.66890527315,10000.0,0.017458563535911634
2020-10-30,Adaptive QQQ TQQQ Switch SMA 30,86288.25128893623,10000.0,-0.025340283811178685
2020-11-02,Adaptive QQQ TQQQ Switch SMA 30,86480.54422747937,10000.0,0.0022284950230276553
2020-11-03,Adaptive QQQ TQQQ Switch SMA 30,87977.224265807,10000.0,0.017306552030833148
2020-11-04,Adaptive QQQ TQQQ Switch SMA 30,91903.20509439662,10000.0,0.04462496812502277
2020-11-05,Adaptive QQQ TQQQ Switch SMA 30,98988.83198631182,10000.0,0.07709880068532254
2020-11-06,Adaptive QQQ TQQQ Switch SMA 30,99303.74873706362,10000.0,0.0031813361611878195
2020-11-09,Adaptive QQQ TQQQ Switch SMA 30,93267.84434765436,10000.0,-0.06078224101479926
2020-11-10,Adaptive QQQ TQQQ Switch SMA 30,88229.17633562576,10000.0,-0.0540236353404615
2020-11-11,Adaptive QQQ TQQQ Switch SMA 30,94160.10847478443,10000.0,0.06722189173111259
2020-11-12,Adaptive QQQ TQQQ Switch SMA 30,92795.46922152668,10000.0,-0.014492753623188493
2020-11-13,Adaptive QQQ TQQQ Switch SMA 30,95209.8309772904,10000.0,0.026018099547511362
2020-11-16,Adaptive QQQ TQQQ Switch SMA 30,97414.2482325529,10000.0,0.02315325248070552
2020-11-17,Adaptive QQQ TQQQ Switch SMA 30,96521.98410542285,10000.0,-0.00915948275862059
2020-11-18,Adaptive QQQ TQQQ Switch SMA 30,94265.08072503503,10000.0,-0.023382272974442616
2020-11-19,Adaptive QQQ TQQQ Switch SMA 30,96626.95635567344,10000.0,0.025055679287305083
2020-11-20,Adaptive QQQ TQQQ Switch SMA 30,94632.48360091212,10000.0,-0.020640956002172677
2020-11-23,Adaptive QQQ TQQQ Switch SMA 30,94684.96972603742,10000.0,0.0005546311702716588
2020-11-24,Adaptive QQQ TQQQ Switch SMA 30,98516.45686018417,10000.0,0.04046563192904659
2020-11-25,Adaptive QQQ TQQQ Switch SMA 30,100405.95736469488,10000.0,0.01917954182205644
2020-11-27,Adaptive QQQ TQQQ Switch SMA 30,103135.23587121037,10000.0,0.027182435964453716
2020-11-30,Adaptive QQQ TQQQ Switch SMA 30,103660.09712246337,10000.0,0.0050890585241731
2020-12-01,Adaptive QQQ TQQQ Switch SMA 30,107754.01488223662,10000.0,0.039493670886076006
2020-12-02,Adaptive QQQ TQQQ Switch SMA 30,108173.90388323899,10000.0,0.003896736483195241
2020-12-03,Adaptive QQQ TQQQ Switch SMA 30,108593.79288424138,10000.0,0.0038816108685105215
2020-12-04,Adaptive QQQ TQQQ Switch SMA 30,109958.43213749911,10000.0,0.012566457225712807
2020-12-07,Adaptive QQQ TQQQ Switch SMA 30,111795.44651688453,10000.0,0.016706443914081215
2020-12-08,Adaptive QQQ TQQQ Switch SMA 30,112845.16901939048,10000.0,0.009389671361502313
2020-12-09,Adaptive QQQ TQQQ Switch SMA 30,105287.16700134757,10000.0,-0.06697674418604657
2020-12-10,Adaptive QQQ TQQQ Switch SMA 30,106599.32012948001,10000.0,0.012462612163509473
2020-12-11,Adaptive QQQ TQQQ Switch SMA 30,105812.02825260055,10000.0,-0.007385524372230359
2020-12-14,Adaptive QQQ TQQQ Switch SMA 30,108068.93163298836,10000.0,0.021329365079365066
2020-12-15,Adaptive QQQ TQQQ Switch SMA 30,111428.04364100742,10000.0,0.03108305002428366
2020-12-16,Adaptive QQQ TQQQ Switch SMA 30,113317.54414551816,10000.0,0.016957136128120557
2020-12-17,Adaptive QQQ TQQQ Switch SMA 30,115626.93365103127,10000.0,0.020379805465493343
2020-12-18,Adaptive QQQ TQQQ Switch SMA 30,114367.2666480241,10000.0,-0.010894235133908397
2020-12-21,Adaptive QQQ TQQQ Switch SMA 30,113947.37764702173,10000.0,-0.003671408903166512
2020-12-22,Adaptive QQQ TQQQ Switch SMA 30,114839.64177415178,10000.0,0.007830492860432895
2020-12-23,Adaptive QQQ TQQQ Switch SMA 30,113107.59964501696,10000.0,-0.015082266910420397
2020-12-24,Adaptive QQQ TQQQ Switch SMA 30,114577.2111485253,10000.0,0.01299303944315534
2020-12-28,Adaptive QQQ TQQQ Switch SMA 30,118041.29540679496,10000.0,0.030233623453962445
2020-12-29,Adaptive QQQ TQQQ Switch SMA 30,118356.21215754675,10000.0,0.002667852378835139
2020-12-30,Adaptive QQQ TQQQ Switch SMA 30,118356.21215754675,10000.0,0.0
2020-12-31,Adaptive QQQ TQQQ Switch SMA 30,119300.96240980212,10000.0,0.007982261640798214
2021-01-04,Adaptive QQQ TQQQ Switch SMA 30,114052.34989727233,10000.0,-0.04399472063352398
2021-01-05,Adaptive QQQ TQQQ Switch SMA 30,116939.08677916371,10000.0,0.025310630464795245
2021-01-06,Adaptive QQQ TQQQ Switch SMA 30,112057.877142511,10000.0,-0.04174147217235187
2021-01-07,Adaptive QQQ TQQQ Switch SMA 30,120193.22653693215,10000.0,0.07259953161592492
2021-01-08,Adaptive QQQ TQQQ Switch SMA 30,124812.00554795838,10000.0,0.03842794759825339
2021-01-11,Adaptive QQQ TQQQ Switch SMA 30,119300.9624098021,10000.0,-0.044154751892346536
2021-01-12,Adaptive QQQ TQQQ Switch SMA 30,118828.58728367442,10000.0,-0.0039595248570171515
2021-01-13,Adaptive QQQ TQQQ Switch SMA 30,121137.97678918752,10000.0,0.019434628975264916
2021-01-14,Adaptive QQQ TQQQ Switch SMA 30,119248.4762846768,10000.0,-0.015597920277296336
2021-01-15,Adaptive QQQ TQQQ Switch SMA 30,116361.73940278543,10000.0,-0.024207746478873117
2021-01-19,Adaptive QQQ TQQQ Switch SMA 30,121400.407414814,10000.0,0.043301759133964696
2021-01-20,Adaptive QQQ TQQQ Switch SMA 30,129903.15968511226,10000.0,0.07003891050583662
2021-01-21,Adaptive QQQ TQQQ Switch SMA 30,133104.8133177554,10000.0,0.024646464646464625
2021-01-22,Adaptive QQQ TQQQ Switch SMA 30,131897.63243987356,10000.0,-0.009069400630914843
2021-01-25,Adaptive QQQ TQQQ Switch SMA 30,135571.6611986444,10000.0,0.02785515320334259
2021-01-26,Adaptive QQQ TQQQ Switch SMA 30,135676.633448895,10000.0,0.0007742934572204076
2021-01-27,Adaptive QQQ TQQQ Switch SMA 30,124759.51942283304,10000.0,-0.08046421663442947
2021-01-28,Adaptive QQQ TQQQ Switch SMA 30,126596.53380221846,10000.0,0.01472444257467402
2021-01-29,Adaptive QQQ TQQQ Switch SMA 30,118723.61503342378,10000.0,-0.062189054726368154
2021-02-01,Adaptive QQQ TQQQ Switch SMA 30,121691.79981717234,10000.0,0.02500079519068677
2021-02-02,Adaptive QQQ TQQQ Switch SMA 30,127555.8610109982,10000.0,0.04818780889621079
2021-02-03,Adaptive QQQ TQQQ Switch SMA 30,126102.3757578277,10000.0,-0.011394891944990144
2021-02-04,Adaptive QQQ TQQQ Switch SMA 30,130563.07187962686,10000.0,0.03537360890302069
2021-02-05,Adaptive QQQ TQQQ Switch SMA 30,131966.43695165357,10000.0,0.010748560460652498
2021-02-08,Adaptive QQQ TQQQ Switch SMA 30,134522.5661899879,10000.0,0.019369540448158057
2021-02-09,Adaptive QQQ TQQQ Switch SMA 30,134472.4460088441,10000.0,-0.00037257824143075867
2021-02-10,Adaptive QQQ TQQQ Switch SMA 30,133520.1625671117,10000.0,-0.0070816250465895545
2021-02-11,Adaptive QQQ TQQQ Switch SMA 30,135675.33035629557,10000.0,0.01614114114114113
2021-02-12,Adaptive QQQ TQQQ Switch SMA 30,137980.85868891084,10000.0,0.016992981159955702
2021-02-16,Adaptive QQQ TQQQ Switch SMA 30,136828.0945226032,10000.0,-0.008354522339266271
2021-02-17,Adaptive QQQ TQQQ Switch SMA 30,134923.5276391384,10000.0,-0.013919413919413882
2021-02-18,Adaptive QQQ TQQQ Switch SMA 30,133119.2011179612,10000.0,-0.01337295690936118
2021-02-19,Adaptive QQQ TQQQ Switch SMA 30,131314.87459678404,10000.0,-0.013554216867469859
2021-02-22,Adaptive QQQ TQQQ Switch SMA 30,121140.47782459047,10000.0,-0.07748091603053427
2021-02-23,Adaptive QQQ TQQQ Switch SMA 30,120779.61625289096,10000.0,-0.002978868650510378
2021-02-24,Adaptive QQQ TQQQ Switch SMA 30,121775.74454976985,10000.0,0.008247486850704856
2021-02-25,Adaptive QQQ TQQQ Switch SMA 30,117531.86210759521,10000.0,-0.03484998147919485
2021-02-26,Adaptive QQQ TQQQ Switch SMA 30,118024.28779397687,10000.0,0.004189720791889219
2021-03-01,Adaptive QQQ TQQQ Switch SMA 30,121572.75991568888,10000.0,0.030065609274476074
2021-03-02,Adaptive QQQ TQQQ Switch SMA 30,119621.8520436883,10000.0,-0.016047245068332192
2021-03-03,Adaptive QQQ TQQQ Switch SMA 30,116152.31839078553,10000.0,-0.02900417936712446
2021-03-04,Adaptive QQQ TQQQ Switch SMA 30,114250.2771899526,10000.0,-0.016375404530744344
2021-03-05,Adaptive QQQ TQQQ Switch SMA 30,115971.88760493575,10000.0,0.01506876357175753
2021-03-08,Adaptive QQQ TQQQ Switch SMA 30,112686.54371258795,10000.0,-0.02832879553999744
2021-03-09,Adaptive QQQ TQQQ Switch SMA 30,117133.41078884361,10000.0,0.03946227233304437
2021-03-10,Adaptive QQQ TQQQ Switch SMA 30,116798.86204008051,10000.0,-0.002856134270402061
2021-03-11,Adaptive QQQ TQQQ Switch SMA 30,119486.52895430094,10000.0,0.023011071060762025
2021-03-12,Adaptive QQQ TQQQ Switch SMA 30,118516.71348035846,10000.0,-0.008116525623682588
2021-03-15,Adaptive QQQ TQQQ Switch SMA 30,119783.48795601202,10000.0,0.010688572425386166
2021-03-16,Adaptive QQQ TQQQ Switch SMA 30,120441.3085294226,10000.0,0.005491746689261281
2021-03-17,Adaptive QQQ TQQQ Switch SMA 30,120937.49319050946,10000.0,0.004119721606691405
2021-03-18,Adaptive QQQ TQQQ Switch SMA 30,117234.90310588409,10000.0,-0.030615733689739914
2021-03-19,Adaptive QQQ TQQQ Switch SMA 30,117648.39032345646,10000.0,0.003526997563165393
2021-03-22,Adaptive QQQ TQQQ Switch SMA 30,119700.79051249752,10000.0,0.017445204166400344
2021-03-23,Adaptive QQQ TQQQ Switch SMA 30,119178.29302847425,10000.0,-0.0043650295189046175
2021-03-24,Adaptive QQQ TQQQ Switch SMA 30,117171.00053589561,10000.0,-0.016842769279293585
2021-03-25,Adaptive QQQ TQQQ Switch SMA 30,116968.01590181464,10000.0,-0.001732379455262788
2021-03-26,Adaptive QQQ TQQQ Switch SMA 30,118719.69811443941,10000.0,0.014975736735546382
2021-03-29,Adaptive QQQ TQQQ Switch SMA 30,118685.86734209259,10000.0,-0.0002849634296931102
2021-03-30,Adaptive QQQ TQQQ Switch SMA 30,118088.19036396523,10000.0,-0.005035788940267409
2021-03-31,Adaptive QQQ TQQQ Switch SMA 30,119896.25719716806,10000.0,0.015311157090561842
2021-04-01,Adaptive QQQ TQQQ Switch SMA 30,125990.89603804077,10000.0,0.05083260297984225
2021-04-05,Adaptive QQQ TQQQ Switch SMA 30,133556.6545991241,10000.0,0.0600500417014179
2021-04-06,Adaptive QQQ TQQQ Switch SMA 30,133188.87466907143,10000.0,-0.0027537372147915136
2021-04-07,Adaptive QQQ TQQQ Switch SMA 30,134187.13447921435,10000.0,0.007495069033530482
2021-04-08,Adaptive QQQ TQQQ Switch SMA 30,138390.33367981622,10000.0,0.031323414252153514
2021-04-09,Adaptive QQQ TQQQ Switch SMA 30,140912.25320017734,10000.0,0.018223234624145802
2021-04-12,Adaptive QQQ TQQQ Switch SMA 30,140334.31331009459,10000.0,-0.004101416853094684
2021-04-13,Adaptive QQQ TQQQ Switch SMA 30,145167.9923907867,10000.0,0.034444028453762564
2021-04-14,Adaptive QQQ TQQQ Switch SMA 30,140071.61336005694,10000.0,-0.03510676800579077
2021-04-15,Adaptive QQQ TQQQ Switch SMA 30,146218.79219093715,10000.0,0.04388597149287315
2021-04-16,Adaptive QQQ TQQQ Switch SMA 30,146849.27207102743,10000.0,0.004311893639956917
2021-04-19,Adaptive QQQ TQQQ Switch SMA 30,142856.23283045567,10000.0,-0.027191413237924796
2021-04-20,Adaptive QQQ TQQQ Switch SMA 30,139703.83343000428,10000.0,-0.02206693637366684
2021-04-21,Adaptive QQQ TQQQ Switch SMA 30,143276.55275051584,10000.0,0.02557352388115832
2021-04-22,Adaptive QQQ TQQQ Switch SMA 30,138022.55374976352,10000.0,-0.036670333700036674
2021-04-23,Adaptive QQQ TQQQ Switch SMA 30,143224.01276050834,10000.0,0.03768557289684058
2021-04-26,Adaptive QQQ TQQQ Switch SMA 30,146113.71221092212,10000.0,0.020176082171680012
2021-04-27,Adaptive QQQ TQQQ Switch SMA 30,144169.7325806438,10000.0,-0.013304566702624863
2021-04-28,Adaptive QQQ TQQQ Switch SMA 30,142698.61286043315,10000.0,-0.010204081632653102
2021-04-29,Adaptive QQQ TQQQ Switch SMA 30,144117.19259063626,10000.0,0.009941089837997038
2021-04-30,Adaptive QQQ TQQQ Switch SMA 30,141437.6531002526,10000.0,-0.01859278162595691
2021-05-03,Adaptive QQQ TQQQ Switch SMA 30,139125.89353992156,10000.0,-0.016344725111441354
2021-05-04,Adaptive QQQ TQQQ Switch SMA 30,131770.2949388683,10000.0,-0.05287009063444117
2021-05-05,Adaptive QQQ TQQQ Switch SMA 30,131327.02728610547,10000.0,-0.0033639421765615466
2021-05-06,Adaptive QQQ TQQQ Switch SMA 30,132317.39105083677,10000.0,0.007541202943501676
2021-05-07,Adaptive QQQ TQQQ Switch SMA 30,133387.62286111093,10000.0,0.0080883684432909
2021-05-10,Adaptive QQQ TQQQ Switch SMA 30,123364.2754784841,10000.0,-0.07514450867052021
2021-05-11,Adaptive QQQ TQQQ Switch SMA 30,123193.77293244362,10000.0,-0.001382106330046957
2021-05-12,Adaptive QQQ TQQQ Switch SMA 30,120003.480848753,10000.0,-0.02589653687642234
2021-05-13,Adaptive QQQ TQQQ Switch SMA 30,120931.77248830668,10000.0,0.007735539277595316
2021-05-14,Adaptive QQQ TQQQ Switch SMA 30,123602.97904294079,10000.0,0.022088542156217725
2021-05-17,Adaptive QQQ TQQQ Switch SMA 30,122852.7678403627,10000.0,-0.006069523634357237
2021-05-18,Adaptive QQQ TQQQ Switch SMA 30,122022.98878296572,10000.0,-0.006754256106587706
2021-05-19,Adaptive QQQ TQQQ Switch SMA 30,122163.17976526568,10000.0,0.0011488899239248704
2021-05-20,Adaptive QQQ TQQQ Switch SMA 30,124527.48173702692,10000.0,0.019353638111779693
2021-05-21,Adaptive QQQ TQQQ Switch SMA 30,123837.89366192988,10000.0,-0.005537637680277642
2021-05-24,Adaptive QQQ TQQQ Switch SMA 30,125921.81366909122,10000.0,0.0168278056541427
2021-05-25,Adaptive QQQ TQQQ Switch SMA 30,126096.10516059928,10000.0,0.0013841246915810208
2021-05-26,Adaptive QQQ TQQQ Switch SMA 30,127384.8232164859,10000.0,0.010220125786163443
2021-05-27,Adaptive QQQ TQQQ Switch SMA 30,125897.840844309,10000.0,-0.01167315175097279
2021-05-28,Adaptive QQQ TQQQ Switch SMA 30,127136.99282112306,10000.0,0.00984251968503937
2021-06-01,Adaptive QQQ TQQQ Switch SMA 30,125897.84084430899,10000.0,-0.009746588693957116
2021-06-02,Adaptive QQQ TQQQ Switch SMA 30,126542.19987225231,10000.0,0.005118110236220574
2021-06-03,Adaptive QQQ TQQQ Switch SMA 30,122576.91354644731,10000.0,-0.031335683509596576
2021-06-04,Adaptive QQQ TQQQ Switch SMA 30,124654.3623737967,10000.0,0.016948124791559386
2021-06-07,Adaptive QQQ TQQQ Switch SMA 30,125757.07404094953,10000.0,0.008846153846153863
2021-06-08,Adaptive QQQ TQQQ Switch SMA 30,125852.96201200629,10000.0,0.0007624857033930451
2021-06-09,Adaptive QQQ TQQQ Switch SMA 30,125996.79396859143,10000.0,0.001142857142857186
2021-06-10,Adaptive QQQ TQQQ Switch SMA 30,129880.25679639049,10000.0,0.030821917808219128
2021-06-11,Adaptive QQQ TQQQ Switch SMA 30,130935.02447801491,10000.0,0.008121077888519707
2021-06-14,Adaptive QQQ TQQQ Switch SMA 30,134578.76737817205,10000.0,0.027828634199926826
2021-06-15,Adaptive QQQ TQQQ Switch SMA 30,132085.68013069613,10000.0,-0.018525115781973623
2021-06-16,Adaptive QQQ TQQQ Switch SMA 30,130647.36056484462,10000.0,-0.010889292196007285
2021-06-17,Adaptive QQQ TQQQ Switch SMA 30,135537.64708873973,10000.0,0.03743119266055044
2021-06-18,Adaptive QQQ TQQQ Switch SMA 30,132325.40005833804,10000.0,-0.02370003537318706
2021-06-21,Adaptive QQQ TQQQ Switch SMA 30,134722.59933475722,10000.0,0.018115942028985508
2021-06-22,Adaptive QQQ TQQQ Switch SMA 30,138510.1741914995,10000.0,0.028113879003558686
2021-06-23,Adaptive QQQ TQQQ Switch SMA 30,138749.89411914145,10000.0,0.001730702665282129
2021-06-24,Adaptive QQQ TQQQ Switch SMA 30,141290.92535214574,10000.0,0.01831375259156868
2021-06-25,Adaptive QQQ TQQQ Switch SMA 30,140859.4294823903,10000.0,-0.003053953172718014
2021-06-28,Adaptive QQQ TQQQ Switch SMA 30,145845.60397734217,10000.0,0.035398230088495665
2021-06-29,Adaptive QQQ TQQQ Switch SMA 30,147475.69948530718,10000.0,0.011176857330703479
2021-06-30,Adaptive QQQ TQQQ Switch SMA 30,146852.4276734382,10000.0,-0.004226267880364192
2021-07-01,Adaptive QQQ TQQQ Switch SMA 30,146900.3716589666,10000.0,0.0003264773098270181
2021-07-02,Adaptive QQQ TQQQ Switch SMA 30,151886.54615391846,10000.0,0.03394255874673626
2021-07-06,Adaptive QQQ TQQQ Switch SMA 30,153900.1935461106,10000.0,0.013257575757575812
2021-07-07,Adaptive QQQ TQQQ Switch SMA 30,154907.01724220664,10000.0,0.0065420560747663815
2021-07-08,Adaptive QQQ TQQQ Switch SMA 30,152222.15405261717,10000.0,-0.017332095326524365
2021-07-09,Adaptive QQQ TQQQ Switch SMA 30,154811.12927114987,10000.0,0.017007874015748006
2021-07-12,Adaptive QQQ TQQQ Switch SMA 30,156728.8886922852,10000.0,0.012387736141220148
2021-07-13,Adaptive QQQ TQQQ Switch SMA 30,156633.00072122845,10000.0,-0.0006118078923216893
2021-07-14,Adaptive QQQ TQQQ Switch SMA 30,157495.99246073936,10000.0,0.0055096418732782275
2021-07-15,Adaptive QQQ TQQQ Switch SMA 30,154235.8014448093,10000.0,-0.020700152207001513
2021-07-16,Adaptive QQQ TQQQ Switch SMA 30,150448.22658806702,10000.0,-0.024557040721168873
2021-07-19,Adaptive QQQ TQQQ Switch SMA 30,146852.42767343827,10000.0,-0.02390057361376673
2021-07-20,Adaptive QQQ TQQQ Switch SMA 30,151694.770211805,10000.0,0.03297420829252372
2021-07-21,Adaptive QQQ TQQQ Switch SMA 30,155146.7371698486,10000.0,0.022756005056889975
2021-07-22,Adaptive QQQ TQQQ Switch SMA 30,158406.92818577867,10000.0,0.021013597033374527
2021-07-23,Adaptive QQQ TQQQ Switch SMA 30,163680.76659390086,10000.0,0.03329297820823249
2021-07-26,Adaptive QQQ TQQQ Switch SMA 30,164351.98239129822,10000.0,0.004100761570005875
2021-07-27,Adaptive QQQ TQQQ Switch SMA 30,158982.25601211927,10000.0,-0.03267211201866991
2021-07-28,Adaptive QQQ TQQQ Switch SMA 30,160756.18347666948,10000.0,0.011158021712907255
2021-07-29,Adaptive QQQ TQQQ Switch SMA 30,161523.2872451236,10000.0,0.004771846107962916
2021-07-30,Adaptive QQQ TQQQ Switch SMA 30,159126.08796870444,10000.0,-0.014841199168892847
2021-08-02,Adaptive QQQ TQQQ Switch SMA 30,159030.1999976477,10000.0,-0.0006025911419100941
2021-08-03,Adaptive QQQ TQQQ Switch SMA 30,161810.95115829393,10000.0,0.017485679831172694
2021-08-04,Adaptive QQQ TQQQ Switch SMA 30,162625.99891227647,10000.0,0.005037037037037087
2021-08-05,Adaptive QQQ TQQQ Switch SMA 30,165694.41398609302,10000.0,0.018867924528301903
2021-08-06,Adaptive QQQ TQQQ Switch SMA 30,163536.93463731575,10000.0,-0.013020833333333415
2021-08-09,Adaptive QQQ TQQQ Switch SMA 30,164399.92637682665,10000.0,0.0052770448548812585
2021-08-10,Adaptive QQQ TQQQ Switch SMA 30,161954.7831148791,10000.0,-0.014873140857392768
2021-08-11,Adaptive QQQ TQQQ Switch SMA 30,161091.7913753682,10000.0,-0.00532859680284191
2021-08-12,Adaptive QQQ TQQQ Switch SMA 30,162721.8868833332,10000.0,0.010119047619047509
2021-08-13,Adaptive QQQ TQQQ Switch SMA 30,164351.98239129825,10000.0,0.010017678255745534
2021-08-16,Adaptive QQQ TQQQ Switch SMA 30,164687.59028999694,10000.0,0.0020420070011668693
2021-08-17,Adaptive QQQ TQQQ Switch SMA 30,160324.68760691403,10000.0,-0.026491994177583803
2021-08-18,Adaptive QQQ TQQQ Switch SMA 30,155674.12101066086,10000.0,-0.02900717703349279
2021-08-19,Adaptive QQQ TQQQ Switch SMA 30,156426.647699155,10000.0,0.004833987072537429
2021-08-20,Adaptive QQQ TQQQ Switch SMA 30,158047.8051937967,10000.0,0.010363691343431396
2021-08-23,Adaptive QQQ TQQQ Switch SMA 30,165077.32465896994,10000.0,0.0444771723122238
2021-08-24,Adaptive QQQ TQQQ Switch SMA 30,166706.68347540085,10000.0,0.009870276367738337
2021-08-25,Adaptive QQQ TQQQ Switch SMA 30,166892.89591156438,10000.0,0.001117006422786907
2021-08-26,Adaptive QQQ TQQQ Switch SMA 30,164053.15626007054,10000.0,-0.017015341701534153
2021-08-27,Adaptive QQQ TQQQ Switch SMA 30,168894.67960032236,10000.0,0.02951191827468783
2021-08-30,Adaptive QQQ TQQQ Switch SMA 30,174481.05268522826,10000.0,0.03307607497243648
2021-08-31,Adaptive QQQ TQQQ Switch SMA 30,173968.96848577858,10000.0,-0.0029348986125933684
2021-09-01,Adaptive QQQ TQQQ Switch SMA 30,174946.58377563712,10000.0,0.005619480867005643
2021-09-02,Adaptive QQQ TQQQ Switch SMA 30,174713.81823043272,10000.0,-0.0013304949441191368
2021-09-03,Adaptive QQQ TQQQ Switch SMA 30,176250.0708287818,10000.0,0.008792965627497956
2021-09-07,Adaptive QQQ TQQQ Switch SMA 30,176994.92057343593,10000.0,0.004226096143687366
2021-09-08,Adaptive QQQ TQQQ Switch SMA 30,175179.34932084152,10000.0,-0.010257759074171502
2021-09-09,Adaptive QQQ TQQQ Switch SMA 30,173270.6718501653,10000.0,-0.010895562051554708
2021-09-10,Adaptive QQQ TQQQ Switch SMA 30,169406.76379977204,10000.0,-0.022299838796346005
2021-09-13,Adaptive QQQ TQQQ Switch SMA 30,169034.33892744497,10000.0,-0.0021984061555371886
2021-09-14,Adaptive QQQ TQQQ Switch SMA 30,167544.63943813674,10000.0,-0.008812999173781335
2021-09-15,Adaptive QQQ TQQQ Switch SMA 30,171268.88816140735,10000.0,0.022228396776882386
2021-09-16,Adaptive QQQ TQQQ Switch SMA 30,171594.75992469353,10000.0,0.001902690948627352
2021-09-17,Adaptive QQQ TQQQ Switch SMA 30,165542.8557493788,10000.0,-0.03526858383071072
2021-09-20,Adaptive QQQ TQQQ Switch SMA 30,155347.72486942547,10000.0,-0.06158605174353219
2021-09-21,Adaptive QQQ TQQQ Switch SMA 30,155538.98222542458,10000.0,0.0012311564663073202
2021-09-22,Adaptive QQQ TQQQ Switch SMA 30,156992.53813101797,10000.0,0.009345283637556061
2021-09-23,Adaptive QQQ TQQQ Switch SMA 30,158437.59370967804,10000.0,0.00920461313552433
2021-09-24,Adaptive QQQ TQQQ Switch SMA 30,158586.34943101072,10000.0,0.0009388915714362969
2021-09-27,Adaptive QQQ TQQQ Switch SMA 30,157324.05088141648,10000.0,-0.007959692332430978
2021-09-28,Adaptive QQQ TQQQ Switch SMA 30,152869.87956837012,10000.0,-0.028312081262156952
2021-09-29,Adaptive QQQ TQQQ Switch SMA 30,152619.11992383792,10000.0,-0.0016403469750890564
2021-09-30,Adaptive QQQ TQQQ Switch SMA 30,152058.09834624047,10000.0,-0.003675958673313078
2021-10-01,Adaptive QQQ TQQQ Switch SMA 30,153001.63463583618,10000.0,0.006205103837661144
2021-10-04,Adaptive QQQ TQQQ Switch SMA 30,149788.51105505083,10000.0,-0.021000583349537492
2021-10-05,Adaptive QQQ TQQQ Switch SMA 30,151811.5888651749,10000.0,0.013506228187157708
2021-10-06,Adaptive QQQ TQQQ Switch SMA 30,152784.87629903716,10000.0,0.006411153727708
2021-10-07,Adaptive QQQ TQQQ Switch SMA 30,154187.43024303074,10000.0,0.009179926560587389
2021-10-08,Adaptive QQQ TQQQ Switch SMA 30,153418.15065556762,10000.0,-0.0049892496830033235
2021-10-11,Adaptive QQQ TQQQ Switch SMA 30,152240.8553753063,10000.0,-0.007673767903149953
2021-10-12,Adaptive QQQ TQQQ Switch SMA 30,151709.5849419754,10000.0,-0.003489670575097711
2021-10-13,Adaptive QQQ TQQQ Switch SMA 30,152925.13169343653,10000.0,0.008012326656394491
2021-10-14,Adaptive QQQ TQQQ Switch SMA 30,155742.99007182367,10000.0,0.0184263917067341
2021-10-15,Adaptive QQQ TQQQ Switch SMA 30,156724.77783261918,10000.0,0.0063038969544809585
2021-10-18,Adaptive QQQ TQQQ Switch SMA 30,161390.03057682622,10000.0,0.029767167698202122
2021-10-19,Adaptive QQQ TQQQ Switch SMA 30,164946.70841151872,10000.0,0.022037779049799748
2021-10-20,Adaptive QQQ TQQQ Switch SMA 30,164438.61157799122,10000.0,-0.003080369644357307
2021-10-21,Adaptive QQQ TQQQ Switch SMA 30,167394.8113366967,10000.0,0.017977528089887656
2021-10-22,Adaptive QQQ TQQQ Switch SMA 30,163145.2741835576,10000.0,-0.02538631346578371
2021-10-25,Adaptive QQQ TQQQ Switch SMA 30,168041.48003391354,10000.0,0.030011325028312635
2021-10-26,Adaptive QQQ TQQQ Switch SMA 30,169611.9611557258,10000.0,0.009345794392523261
2021-10-27,Adaptive QQQ TQQQ Switch SMA 30,170951.48917138917,10000.0,0.007897603485838758
2021-10-28,Adaptive QQQ TQQQ Switch SMA 30,176540.5543401917,10000.0,0.032693866522561496
2021-10-29,Adaptive QQQ TQQQ Switch SMA 30,179173.41975028877,10000.0,0.014913657770800635
2021-11-01,Adaptive QQQ TQQQ Switch SMA 30,180928.66335702018,10000.0,0.009796339262696638
2021-11-02,Adaptive QQQ TQQQ Switch SMA 30,183330.57566096834,10000.0,0.013275465917794127
2021-11-03,Adaptive QQQ TQQQ Switch SMA 30,189196.7845571495,10000.0,0.03199798437893684
2021-11-04,Adaptive QQQ TQQQ Switch SMA 30,196217.758984075,10000.0,0.0371093749999999
2021-11-05,Adaptive QQQ TQQQ Switch SMA 30,196956.80892375135,10000.0,0.0037664783427496166
2021-11-08,Adaptive QQQ TQQQ Switch SMA 30,196171.5683628452,10000.0,-0.00398686679174488
2021-11-09,Adaptive QQQ TQQQ Switch SMA 30,192106.7936946252,10000.0,-0.020720508594301752
2021-11-10,Adaptive QQQ TQQQ Switch SMA 30,183700.10063080656,10000.0,-0.043760519355614334
2021-11-11,Adaptive QQQ TQQQ Switch SMA 30,185178.20051015928,10000.0,0.008046266029670613
2021-11-12,Adaptive QQQ TQQQ Switch SMA 30,191044.40940634042,10000.0,0.031678722873534446
2021-11-15,Adaptive QQQ TQQQ Switch SMA 30,190998.21878511066,10000.0,-0.00024177949709859792
2021-11-16,Adaptive QQQ TQQQ Switch SMA 30,194970.6122108711,10000.0,0.020798065296251497
2021-11-17,Adaptive QQQ TQQQ Switch SMA 30,195201.56531701997,10000.0,0.0011845534233593262
2021-11-18,Adaptive QQQ TQQQ Switch SMA 30,201160.15545566066,10000.0,0.030525319451017493
2021-11-19,Adaptive QQQ TQQQ Switch SMA 30,204532.07080543408,10000.0,0.016762342135476557
2021-11-22,Adaptive QQQ TQQQ Switch SMA 30,197464.90575727884,10000.0,-0.034552845528455306
2021-11-23,Adaptive QQQ TQQQ Switch SMA 30,194785.84972595202,10000.0,-0.013567251461988264
2021-11-24,Adaptive QQQ TQQQ Switch SMA 30,196587.28395391317,10000.0,0.009248280768318722
2021-11-26,Adaptive QQQ TQQQ Switch SMA 30,185732.48796491654,10000.0,-0.055216165413533864
2021-11-29,Adaptive QQQ TQQQ Switch SMA 30,197280.14327235974,10000.0,0.062173588659537427
2021-11-30,Adaptive QQQ TQQQ Switch SMA 30,188781.0689660815,10000.0,-0.043081245609927495
2021-12-01,Adaptive QQQ TQQQ Switch SMA 30,179127.229129059,10000.0,-0.05113775385368232
2021-12-02,Adaptive QQQ TQQQ Switch SMA 30,180418.87848621313,10000.0,0.007210792928770711
2021-12-03,Adaptive QQQ TQQQ Switch SMA 30,177280.03166130095,10000.0,-0.017397552025865317
2021-12-06,Adaptive QQQ TQQQ Switch SMA 30,178701.30891092934,10000.0,0.008017131068341454
2021-12-07,Adaptive QQQ TQQQ Switch SMA 30,184080.8664486107,10000.0,0.030103626943005193
2021-12-08,Adaptive QQQ TQQQ Switch SMA 30,186631.43746008212,10000.0,0.01385570950788338
2021-12-09,Adaptive QQQ TQQQ Switch SMA 30,178583.9461652671,10000.0,-0.043119698397737945
2021-12-10,Adaptive QQQ TQQQ Switch SMA 30,180526.25987127272,10000.0,0.010876194348444881
2021-12-13,Adaptive QQQ TQQQ Switch SMA 30,172765.3984485765,10000.0,-0.042990207786004236
2021-12-14,Adaptive QQQ TQQQ Switch SMA 30,170980.67745962934,10000.0,-0.010330315010840483
2021-12-15,Adaptive QQQ TQQQ Switch SMA 30,174876.21660587448,10000.0,0.02278350515463911
2021-12-16,Adaptive QQQ TQQQ Switch SMA 30,161502.088580769,10000.0,-0.07647768395657423
2021-12-17,Adaptive QQQ TQQQ Switch SMA 30,160695.91479905762,10000.0,-0.004991723567142579
2021-12-20,Adaptive QQQ TQQQ Switch SMA 30,158933.19285148146,10000.0,-0.010969301551818177
2021-12-21,Adaptive QQQ TQQQ Switch SMA 30,162492.05327644563,10000.0,0.022392178506662412
2021-12-22,Adaptive QQQ TQQQ Switch SMA 30,164467.80560157244,10000.0,0.012159070460913649
2021-12-23,Adaptive QQQ TQQQ Switch SMA 30,168374.98435379987,10000.0,0.023756495916852288
2021-12-27,Adaptive QQQ TQQQ Switch SMA 30,176433.54053026892,10000.0,0.04786076867295151
2021-12-28,Adaptive QQQ TQQQ Switch SMA 30,174357.8518181481,10000.0,-0.011764705882352894
2021-12-29,Adaptive QQQ TQQQ Switch SMA 30,174072.95336746486,10000.0,-0.0016339869281045817
2021-12-30,Adaptive QQQ TQQQ Switch SMA 30,172444.96222070343,10000.0,-0.009352349777881824
2021-12-31,Adaptive QQQ TQQQ Switch SMA 30,169229.67970584962,10000.0,-0.018645267878215698
2022-01-03,Adaptive QQQ TQQQ Switch SMA 30,174113.65314613387,10000.0,0.02886002886002893
2022-01-04,Adaptive QQQ TQQQ Switch SMA 30,167357.48988707396,10000.0,-0.03880317905563356
2022-01-05,Adaptive QQQ TQQQ Switch SMA 30,151972.97355017855,10000.0,-0.09192607003891036
2022-01-06,Adaptive QQQ TQQQ Switch SMA 30,151866.14259165697,10000.0,-0.0007029602436928372
2022-01-07,Adaptive QQQ TQQQ Switch SMA 30,150220.15448999137,10000.0,-0.010838413839820666
2022-01-10,Adaptive QQQ TQQQ Switch SMA 30,150319.072044178,10000.0,0.0006584839066533214
2022-01-11,Adaptive QQQ TQQQ Switch SMA 30,152578.34898180072,10000.0,0.015029875496828141
2022-01-12,Adaptive QQQ TQQQ Switch SMA 30,153183.72441342293,10000.0,0.003967636533374754
2022-01-13,Adaptive QQQ TQQQ Switch SMA 30,149349.68001314896,10000.0,-0.025029058504455633
2022-01-14,Adaptive QQQ TQQQ Switch SMA 30,150279.50502250332,10000.0,0.006225825253007002
2022-01-18,Adaptive QQQ TQQQ Switch SMA 30,146540.42147424852,10000.0,-0.024880861483373234
2022-01-19,Adaptive QQQ TQQQ Switch SMA 30,144930.0436920901,10000.0,-0.010989307700615599
2022-01-20,Adaptive QQQ TQQQ Switch SMA 30,143046.65346037658,10000.0,-0.01299516776324783
2022-01-21,Adaptive QQQ TQQQ Switch SMA 30,139082.03788857625,10000.0,-0.027715542278649027
2022-01-24,Adaptive QQQ TQQQ Switch SMA 30,139715.1102353707,10000.0,0.004551790845210728
2022-01-25,Adaptive QQQ TQQQ Switch SMA 30,136478.52786238398,10000.0,-0.02316558579479484
2022-01-26,Adaptive QQQ TQQQ Switch SMA 30,136264.86594534083,10000.0,-0.0015655350360943394
2022-01-27,Adaptive QQQ TQQQ Switch SMA 30,134891.89029323036,10000.0,-0.010075786172653011
2022-01-28,Adaptive QQQ TQQQ Switch SMA 30,139125.56161241833,10000.0,0.03138566232547221
2022-01-31,Adaptive QQQ TQQQ Switch SMA 30,143572.89484864945,10000.0,0.03196632728513739
2022-02-01,Adaptive QQQ TQQQ Switch SMA 30,144550.20028401338,10000.0,0.0068070330154879856
2022-02-02,Adaptive QQQ TQQQ Switch SMA 30,145725.34082775062,10000.0,0.008129636219308645
2022-02-03,Adaptive QQQ TQQQ Switch SMA 30,139814.02778955732,10000.0,-0.04056475699158294
2022-02-04,Adaptive QQQ TQQQ Switch SMA 30,141578.71695624688,10000.0,0.012621688929137365
2022-02-07,Adaptive QQQ TQQQ Switch SMA 30,140439.18673201685,10000.0,-0.008048739589737845
2022-02-08,Adaptive QQQ TQQQ Switch SMA 30,142017.91089683556,10000.0,0.011241336563926323
2022-02-09,Adaptive QQQ TQQQ Switch SMA 30,145028.96124627674,10000.0,0.021201905664057098
2022-02-10,Adaptive QQQ TQQQ Switch SMA 30,141744.89844728046,10000.0,-0.022644186173405387
2022-02-11,Adaptive QQQ TQQQ Switch SMA 30,137250.08478503974,10000.0,-0.03171058508262621
2022-02-14,Adaptive QQQ TQQQ Switch SMA 30,137420.22297824078,10000.0,0.0012396217712177318
2022-02-15,Adaptive QQQ TQQQ Switch SMA 30,140834.8569487634,10000.0,0.024848118395669562
2022-02-16,Adaptive QQQ TQQQ Switch SMA 30,140799.24662925623,10000.0,-0.00025285160420288527
2022-02-17,Adaptive QQQ TQQQ Switch SMA 30,136613.05573607783,10000.0,-0.029731628495152564
2022-02-18,Adaptive QQQ TQQQ Switch SMA 30,135054.11508209645,10000.0,-0.011411359226112892
2022-02-22,Adaptive QQQ TQQQ Switch SMA 30,133696.96623865582,10000.0,-0.010048926259045519
2022-02-23,Adaptive QQQ TQQQ Switch SMA 30,130274.41886379826,10000.0,-0.02559928973068949
2022-02-24,Adaptive QQQ TQQQ Switch SMA 30,134650.531461015,10000.0,0.03359149582384207
2022-02-25,Adaptive QQQ TQQQ Switch SMA 30,136739.6702054367,10000.0,0.015515265493226684
2022-02-28,Adaptive QQQ TQQQ Switch SMA 30,137147.21052868565,10000.0,0.0029804103127984887
2022-03-01,Adaptive QQQ TQQQ Switch SMA 30,135046.20167776154,10000.0,-0.015319369915180896
2022-03-02,Adaptive QQQ TQQQ Switch SMA 30,137313.39201971923,10000.0,0.01678825700975658
2022-03-03,Adaptive QQQ TQQQ Switch SMA 30,135350.8677446564,10000.0,-0.014292300599354645
2022-03-04,Adaptive QQQ TQQQ Switch SMA 30,133388.3434695936,10000.0,-0.01449953227315242
2022-03-07,Adaptive QQQ TQQQ Switch SMA 30,128470.16267543408,10000.0,-0.03687114380635977
2022-03-08,Adaptive QQQ TQQQ Switch SMA 30,127872.70064814681,10000.0,-0.004650589793341313
2022-03-09,Adaptive QQQ TQQQ Switch SMA 30,132474.3452689091,10000.0,0.035986137756049245
2022-03-10,Adaptive QQQ TQQQ Switch SMA 30,131006.40876477944,10000.0,-0.011080911561781247
2022-03-11,Adaptive QQQ TQQQ Switch SMA 30,128288.15437573071,10000.0,-0.02074901842343704
2022-03-14,Adaptive QQQ TQQQ Switch SMA 30,125823.12892539977,10000.0,-0.01921475495790031
2022-03-15,Adaptive QQQ TQQQ Switch SMA 30,129771.91768853024,10000.0,0.0313836477987422
2022-03-16,Adaptive QQQ TQQQ Switch SMA 30,134583.26752416816,10000.0,0.03707543142874556
2022-03-17,Adaptive QQQ TQQQ Switch SMA 30,136213.42881716392,10000.0,0.012112659493149894
2022-03-18,Adaptive QQQ TQQQ Switch SMA 30,144648.5392712831,10000.0,0.06192568917299229
2022-03-21,Adaptive QQQ TQQQ Switch SMA 30,143668.97805725635,10000.0,-0.006772009029345362
2022-03-22,Adaptive QQQ TQQQ Switch SMA 30,152104.0885113756,10000.0,0.05871212121212124
2022-03-23,Adaptive QQQ TQQQ Switch SMA 30,145682.5205527558,10000.0,-0.04221824686940965
2022-03-24,Adaptive QQQ TQQQ Switch SMA 30,155151.6122883477,10000.0,0.06499813223757946
2022-03-25,Adaptive QQQ TQQQ Switch SMA 30,154933.93201856397,10000.0,-0.0014030164854437986
2022-03-28,Adaptive QQQ TQQQ Switch SMA 30,161954.120719089,10000.0,0.04531085353003171
2022-03-29,Adaptive QQQ TQQQ Switch SMA 30,170225.97097087043,10000.0,0.05107526881720428
2022-03-30,Adaptive QQQ TQQQ Switch SMA 30,165110.48463095297,10000.0,-0.030051150895140703
2022-03-31,Adaptive QQQ TQQQ Switch SMA 30,158307.97620021168,10000.0,-0.04119973632168754
2022-04-01,Adaptive QQQ TQQQ Switch SMA 30,157654.9353908605,10000.0,-0.004125128910278481
2022-04-04,Adaptive QQQ TQQQ Switch SMA 30,167450.547531128,10000.0,0.06213324128408702
2022-04-05,Adaptive QQQ TQQQ Switch SMA 30,156403.27383960408,10000.0,-0.06597335066623339
2022-04-06,Adaptive QQQ TQQQ Switch SMA 30,146117.88109232325,10000.0,-0.06576200417536525
2022-04-07,Adaptive QQQ TQQQ Switch SMA 30,147043.02223890406,10000.0,0.0063314711359403406
2022-04-08,Adaptive QQQ TQQQ Switch SMA 30,141056.81481985172,10000.0,-0.04071058475203545
2022-04-11,Adaptive QQQ TQQQ Switch SMA 30,131043.5224098005,10000.0,-0.07098765432098778
2022-04-12,Adaptive QQQ TQQQ Switch SMA 30,130489.67112198942,10000.0,-0.0042264682574623515
2022-04-13,Adaptive QQQ TQQQ Switch SMA 30,133143.54187608417,10000.0,0.02033778406578841
2022-04-14,Adaptive QQQ TQQQ Switch SMA 30,130097.35979312322,10000.0,-0.02287893231649194
2022-04-18,Adaptive QQQ TQQQ Switch SMA 30,130197.36072008911,10000.0,0.0007686622320768393
2022-04-19,Adaptive QQQ TQQQ Switch SMA 30,133108.92617059595,10000.0,0.022362707157838745
2022-04-20,Adaptive QQQ TQQQ Switch SMA 30,131166.60047375847,10000.0,-0.014592001849283436
2022-04-21,Adaptive QQQ TQQQ Switch SMA 30,128451.19068768474,10000.0,-0.0207019910271822
2022-04-22,Adaptive QQQ TQQQ Switch SMA 30,125089.62106583138,10000.0,-0.026170015270832736
2022-04-25,Adaptive QQQ TQQQ Switch SMA 30,126697.32827628299,10000.0,0.0128524428865726
2022-04-26,Adaptive QQQ TQQQ Switch SMA 30,121912.66853991506,10000.0,-0.037764488024042975
2022-04-27,Adaptive QQQ TQQQ Switch SMA 30,121766.5133389649,10000.0,-0.0011988516263370423
2022-04-28,Adaptive QQQ TQQQ Switch SMA 30,126093.47652498895,10000.0,0.03553491898038473
2022-04-29,Adaptive QQQ TQQQ Switch SMA 30,120420.34701442407,10000.0,-0.04499145924841386
2022-05-02,Adaptive QQQ TQQQ Switch SMA 30,122428.05793273925,10000.0,0.01667252227793934
2022-05-03,Adaptive QQQ TQQQ Switch SMA 30,122558.82837569463,10000.0,0.0010681411202914611
2022-05-04,Adaptive QQQ TQQQ Switch SMA 30,126705.02065528037,10000.0,0.033830221245881156
2022-05-05,Adaptive QQQ TQQQ Switch SMA 30,120324.19227695688,10000.0,-0.050359712230215924
2022-05-06,Adaptive QQQ TQQQ Switch SMA 30,118881.87121494886,10000.0,-0.011986958189489836
2022-05-09,Adaptive QQQ TQQQ Switch SMA 30,114227.98192153632,10000.0,-0.03914717396227625
2022-05-10,Adaptive QQQ TQQQ Switch SMA 30,115616.45633056272,10000.0,0.012155291423953715
2022-05-11,Adaptive QQQ TQQQ Switch SMA 30,112189.50148723167,10000.0,-0.029640718562874334
2022-05-12,Adaptive QQQ TQQQ Switch SMA 30,111924.11441182219,10000.0,-0.002365525043710781
2022-05-13,Adaptive QQQ TQQQ Switch SMA 30,116070.3066914079,10000.0,0.037044673539518805
2022-05-16,Adaptive QQQ TQQQ Switch SMA 30,114724.14036686708,10000.0,-0.01159785274040692
2022-05-17,Adaptive QQQ TQQQ Switch SMA 30,117697.24484935294,10000.0,0.025915247418532985
2022-05-18,Adaptive QQQ TQQQ Switch SMA 30,111920.26822232349,10000.0,-0.04908336328878136
2022-05-19,Adaptive QQQ TQQQ Switch SMA 30,111320.26266052815,10000.0,-0.0053610089693803984
2022-05-20,Adaptive QQQ TQQQ Switch SMA 30,110974.10560564621,10000.0,-0.003109560169989407
2022-05-23,Adaptive QQQ TQQQ Switch SMA 30,112820.27656501648,10000.0,0.016636051710394107
2022-05-24,Adaptive QQQ TQQQ Switch SMA 30,110420.25431783513,10000.0,-0.02127296901101152
2022-05-25,Adaptive QQQ TQQQ Switch SMA 30,111966.42249630773,10000.0,0.014002577588909538
2022-05-26,Adaptive QQQ TQQQ Switch SMA 30,115066.45123225029,10000.0,0.027687128576826637
2022-05-27,Adaptive QQQ TQQQ Switch SMA 30,118824.17837246851,10000.0,0.032657017749105795
2022-05-31,Adaptive QQQ TQQQ Switch SMA 30,118508.79083357609,10000.0,-0.0026542370686864544
2022-06-01,Adaptive QQQ TQQQ Switch SMA 30,117631.85962787521,10000.0,-0.0073997143969882825
2022-06-02,Adaptive QQQ TQQQ Switch SMA 30,120851.1202382771,10000.0,0.027367250850117725
2022-06-03,Adaptive QQQ TQQQ Switch SMA 30,111293.83966929016,10000.0,-0.07908309455587387
2022-06-06,Adaptive QQQ TQQQ Switch SMA 30,111664.77064714493,10000.0,0.0033328976604364846
2022-06-07,Adaptive QQQ TQQQ Switch SMA 30,114410.06310312884,10000.0,0.024585125998770874
2022-06-08,Adaptive QQQ TQQQ Switch SMA 30,112076.5645155425,10000.0,-0.020395920815837035
2022-06-09,Adaptive QQQ TQQQ Switch SMA 30,102879.83478799647,10000.0,-0.08205756276791171
2022-06-10,Adaptive QQQ TQQQ Switch SMA 30,99252.70520300326,10000.0,-0.03525598182061226
2022-06-13,Adaptive QQQ TQQQ Switch SMA 30,94638.85884939106,10000.0,-0.04648584987356686
2022-06-14,Adaptive QQQ TQQQ Switch SMA 30,94810.76072545709,10000.0,0.0018163984451629311
2022-06-15,Adaptive QQQ TQQQ Switch SMA 30,97176.13054012564,10000.0,0.024948326503970684
2022-06-16,Adaptive QQQ TQQQ Switch SMA 30,93256.76776582022,10000.0,-0.0403325667787015
2022-06-17,Adaptive QQQ TQQQ Switch SMA 30,94391.320147856,10000.0,0.012165898617511562
2022-06-21,Adaptive QQQ TQQQ Switch SMA 30,96584.7880864585,10000.0,0.02323802586049898
2022-06-22,Adaptive QQQ TQQQ Switch SMA 30,96443.82854808435,10000.0,-0.0014594382942370876
2022-06-23,Adaptive QQQ TQQQ Switch SMA 30,97880.92823199635,10000.0,0.014900898331669781
2022-06-24,Adaptive QQQ TQQQ Switch SMA 30,101236.45285280523,10000.0,0.034281700035124665
2022-06-27,Adaptive QQQ TQQQ Switch SMA 30,98848.45932589847,10000.0,-0.023588277340957833
2022-06-28,Adaptive QQQ TQQQ Switch SMA 30,95835.32291606693,10000.0,-0.03048238111529259
2022-06-29,Adaptive QQQ TQQQ Switch SMA 30,95923.24833318882,10000.0,0.0009174635661102753
2022-06-30,Adaptive QQQ TQQQ Switch SMA 30,94732.87345523069,10000.0,-0.012409659791997117
2022-07-01,Adaptive QQQ TQQQ Switch SMA 30,95358.49661552119,10000.0,0.0066040766786849775
2022-07-05,Adaptive QQQ TQQQ Switch SMA 30,96991.88032590125,10000.0,0.017128874388254427
2022-07-06,Adaptive QQQ TQQQ Switch SMA 30,97614.12173937935,10000.0,0.006415396952686361
2022-07-07,Adaptive QQQ TQQQ Switch SMA 30,99704.04126943085,10000.0,0.021410012125411423
2022-07-08,Adaptive QQQ TQQQ Switch SMA 30,100135.03856598458,10000.0,0.004322766570605095
2022-07-11,Adaptive QQQ TQQQ Switch SMA 30,93813.74488319647,10000.0,-0.06312769010043034
2022-07-12,Adaptive QQQ TQQQ Switch SMA 30,92904.47669920619,10000.0,-0.0096922704143446
2022-07-13,Adaptive QQQ TQQQ Switch SMA 30,92712.88090329396,10000.0,-0.002062288091160037
2022-07-14,Adaptive QQQ TQQQ Switch SMA 30,93044.11431317613,10000.0,0.0035726795096321603
2022-07-15,Adaptive QQQ TQQQ Switch SMA 30,94732.75522630094,10000.0,0.018148820326678927
2022-07-18,Adaptive QQQ TQQQ Switch SMA 30,92541.17656061787,10000.0,-0.023134328358208993
2022-07-19,Adaptive QQQ TQQQ Switch SMA 30,100600.53036345243,10000.0,0.0870893812070283
2022-07-20,Adaptive QQQ TQQQ Switch SMA 30,105619.95246872658,10000.0,0.049894588896697054
2022-07-21,Adaptive QQQ TQQQ Switch SMA 30,110144.5019720723,10000.0,0.04283801874163324
2022-07-22,Adaptive QQQ TQQQ Switch SMA 30,104418.11900690038,10000.0,-0.05198973042362006
2022-07-25,Adaptive QQQ TQQQ Switch SMA 30,102862.80511512529,10000.0,-0.014895057549085908
2022-07-26,Adaptive QQQ TQQQ Switch SMA 30,96570.85346203514,10000.0,-0.061168384879725125
2022-07-27,Adaptive QQQ TQQQ Switch SMA 30,108659.88416628698,10000.0,0.1251830161054172
2022-07-28,Adaptive QQQ TQQQ Switch SMA 30,111770.51194983716,10000.0,0.028627195836044325
2022-07-29,Adaptive QQQ TQQQ Switch SMA 30,117921.07143094773,10000.0,0.05502846299810241
2022-08-01,Adaptive QQQ TQQQ Switch SMA 30,117779.67925896819,10000.0,-0.0011990407673860657
2022-08-02,Adaptive QQQ TQQQ Switch SMA 30,116648.54188313175,10000.0,-0.009603841536614654
2022-08-03,Adaptive QQQ TQQQ Switch SMA 30,125980.4252337823,10000.0,0.08000000000000002
2022-08-04,Adaptive QQQ TQQQ Switch SMA 30,127818.52346951647,10000.0,0.014590347923681145
2022-08-05,Adaptive QQQ TQQQ Switch SMA 30,124778.59177195607,10000.0,-0.02378318584070795
2022-08-08,Adaptive QQQ TQQQ Switch SMA 30,123506.0622241401,10000.0,-0.010198300283286103
2022-08-09,Adaptive QQQ TQQQ Switch SMA 30,119193.60097876373,10000.0,-0.03491700057240982
2022-08-10,Adaptive QQQ TQQQ Switch SMA 30,129020.35693134271,10000.0,0.08244365361803088
2022-08-11,Adaptive QQQ TQQQ Switch SMA 30,127111.56260961875,10000.0,-0.014794520547945183
2022-08-12,Adaptive QQQ TQQQ Switch SMA 30,134251.8672945862,10000.0,0.05617352614015562
2022-08-15,Adaptive QQQ TQQQ Switch SMA 30,137433.19116412618,10000.0,0.023696682464455127
2022-08-16,Adaptive QQQ TQQQ Switch SMA 30,136584.83813224887,10000.0,-0.00617283950617289
2022-08-17,Adaptive QQQ TQQQ Switch SMA 30,131848.2003709338,10000.0,-0.0346790890269152
2022-08-18,Adaptive QQQ TQQQ Switch SMA 30,132696.5534028111,10000.0,0.006434316353887453
2022-08-19,Adaptive QQQ TQQQ Switch SMA 30,124919.98394393569,10000.0,-0.058604155567394664
2022-08-22,Adaptive QQQ TQQQ Switch SMA 30,115093.2279913567,10000.0,-0.078664402942841
2022-08-23,Adaptive QQQ TQQQ Switch SMA 30,114739.74756140781,10000.0,-0.003071253071253115
2022-08-24,Adaptive QQQ TQQQ Switch SMA 30,115588.10059328514,10000.0,0.007393715341959396
2022-08-25,Adaptive QQQ TQQQ Switch SMA 30,121738.6600743957,10000.0,0.05321100917431176
2022-08-26,Adaptive QQQ TQQQ Switch SMA 30,106892.48201654256,10000.0,-0.1219512195121951
2022-08-29,Adaptive QQQ TQQQ Switch SMA 30,105838.44589147708,10000.0,-0.009860713355896814
2022-08-30,Adaptive QQQ TQQQ Switch SMA 30,104659.17775155233,10000.0,-0.011142152834839726
2022-08-31,Adaptive QQQ TQQQ Switch SMA 30,104050.41101265312,10000.0,-0.0058166589111214514
2022-09-01,Adaptive QQQ TQQQ Switch SMA 30,104095.63368468563,10000.0,0.00043462271405167143
2022-09-02,Adaptive QQQ TQQQ Switch SMA 30,102627.63617716866,10000.0,-0.014102392728244978
2022-09-06,Adaptive QQQ TQQQ Switch SMA 30,101890.15875633077,10000.0,-0.007185953494678343
2022-09-07,Adaptive QQQ TQQQ Switch SMA 30,103946.05100027041,10000.0,0.020177534994878885
2022-09-08,Adaptive QQQ TQQQ Switch SMA 30,104485.24439758115,10000.0,0.005187242729493696
2022-09-09,Adaptive QQQ TQQQ Switch SMA 30,106770.72866876275,10000.0,0.021873751498202133
2022-09-12,Adaptive QQQ TQQQ Switch SMA 30,108040.44215275253,10000.0,0.011891962336689073
2022-09-13,Adaptive QQQ TQQQ Switch SMA 30,102116.27211649336,10000.0,-0.054832893296413075
2022-09-14,Adaptive QQQ TQQQ Switch SMA 30,102923.32287891975,10000.0,0.007903253278828114
2022-09-15,Adaptive QQQ TQQQ Switch SMA 30,101211.8186758431,10000.0,-0.01662892486565051
2022-09-16,Adaptive QQQ TQQQ Switch SMA 30,100592.61593570562,10000.0,-0.006117889671764814
2022-09-19,Adaptive QQQ TQQQ Switch SMA 30,101194.42534044596,10000.0,0.00598263996956794
2022-09-20,Adaptive QQQ TQQQ Switch SMA 30,100387.37457801957,10000.0,-0.007975249226538306
2022-09-21,Adaptive QQQ TQQQ Switch SMA 30,98588.90369795734,10000.0,-0.01791530944625393
2022-09-22,Adaptive QQQ TQQQ Switch SMA 30,97374.84888723833,10000.0,-0.012314314950072364
2022-09-23,Adaptive QQQ TQQQ Switch SMA 30,95792.05536610038,10000.0,-0.016254644184052626
2022-09-26,Adaptive QQQ TQQQ Switch SMA 30,95395.48731904605,10000.0,-0.004139884519010736
2022-09-27,Adaptive QQQ TQQQ Switch SMA 30,95433.7526569197,10000.0,0.0004011231448052977
2022-09-28,Adaptive QQQ TQQQ Switch SMA 30,97329.62621520585,10000.0,0.019865859881898543
2022-09-29,Adaptive QQQ TQQQ Switch SMA 30,94525.82054919006,10000.0,-0.028807319775545952
2022-09-30,Adaptive QQQ TQQQ Switch SMA 30,92922.15502557556,10000.0,-0.016965370036433274
2022-10-03,Adaptive QQQ TQQQ Switch SMA 30,95103.27928437444,10000.0,0.023472596585804063
2022-10-04,Adaptive QQQ TQQQ Switch SMA 30,98091.45430559972,10000.0,0.031420315300486605
2022-10-05,Adaptive QQQ TQQQ Switch SMA 30,98039.27429940835,10000.0,-0.0005319526207533658
2022-10-06,Adaptive QQQ TQQQ Switch SMA 30,97267.01020777623,10000.0,-0.007877089025298835
2022-10-07,Adaptive QQQ TQQQ Switch SMA 30,93562.22976818959,10000.0,-0.038088766496191244
2022-10-10,Adaptive QQQ TQQQ Switch SMA 30,92626.46832382452,10000.0,-0.010001487209994043
2022-10-11,Adaptive QQQ TQQQ Switch SMA 30,91353.27617275532,10000.0,-0.01374544635144766
2022-10-12,Adaptive QQQ TQQQ Switch SMA 30,91321.96816904048,10000.0,-0.00034271352956868293
2022-10-13,Adaptive QQQ TQQQ Switch SMA 30,93464.82708996572,10000.0,0.023464878866372184
2022-10-14,Adaptive QQQ TQQQ Switch SMA 30,90654.06408979108,10000.0,-0.030072949233288612
2022-10-17,Adaptive QQQ TQQQ Switch SMA 30,93649.19644517518,10000.0,0.033039140445126465
2022-10-18,Adaptive QQQ TQQQ Switch SMA 30,94390.1525330925,10000.0,0.007912038928717342
2022-10-19,Adaptive QQQ TQQQ Switch SMA 30,94045.76449222954,10000.0,-0.0036485590034641127
2022-10-20,Adaptive QQQ TQQQ Switch SMA 30,93565.70843526903,10000.0,-0.0051044941742185886
2022-10-21,Adaptive QQQ TQQQ Switch SMA 30,95760.74736238559,10000.0,0.02345986541249933
2022-10-24,Adaptive QQQ TQQQ Switch SMA 30,96811.30482037166,10000.0,0.010970648067422402
2022-10-25,Adaptive QQQ TQQQ Switch SMA 30,102543.55313210418,10000.0,0.05921052631578938
2022-10-26,Adaptive QQQ TQQQ Switch SMA 30,95810.43606752946,10000.0,-0.06566104702750668
2022-10-27,Adaptive QQQ TQQQ Switch SMA 30,90533.12809799792,10000.0,-0.05508072174738842
2022-10-28,Adaptive QQQ TQQQ Switch SMA 30,93301.60347048096,10000.0,0.030579694203057877
2022-10-31,Adaptive QQQ TQQQ Switch SMA 30,90119.88980374567,10000.0,-0.034101382488479194
2022-11-01,Adaptive QQQ TQQQ Switch SMA 30,87282.14518206284,10000.0,-0.031488549618320615
2022-11-02,Adaptive QQQ TQQQ Switch SMA 30,78252.95774943565,10000.0,-0.10344827586206903
2022-11-03,Adaptive QQQ TQQQ Switch SMA 30,76723.49759006391,10000.0,-0.01954507795435715
2022-11-04,Adaptive QQQ TQQQ Switch SMA 30,77958.26407710969,10000.0,0.016093719992318022
2022-11-07,Adaptive QQQ TQQQ Switch SMA 30,78815.82266357823,10000.0,0.01100022680880006
2022-11-08,Adaptive QQQ TQQQ Switch SMA 30,79390.47532461384,10000.0,0.00729108244531684
2022-11-09,Adaptive QQQ TQQQ Switch SMA 30,77557.48068274638,10000.0,-0.023088344469190687
2022-11-10,Adaptive QQQ TQQQ Switch SMA 30,83280.43179931655,10000.0,0.0737898016566609
2022-11-11,Adaptive QQQ TQQQ Switch SMA 30,88014.92046637928,10000.0,0.056849953401677485
2022-11-14,Adaptive QQQ TQQQ Switch SMA 30,85608.86884869165,10000.0,-0.027336860670194047
2022-11-15,Adaptive QQQ TQQQ Switch SMA 30,89101.52442275432,10000.0,0.040797824116047245
2022-11-16,Adaptive QQQ TQQQ Switch SMA 30,85531.25428037913,10000.0,-0.0400696864111499
2022-11-17,Adaptive QQQ TQQQ Switch SMA 30,84832.7231655666,10000.0,-0.008166969147005432
2022-11-18,Adaptive QQQ TQQQ Switch SMA 30,84755.10859725409,10000.0,-0.0009149130832570711
2022-11-21,Adaptive QQQ TQQQ Switch SMA 30,82193.82784294146,10000.0,-0.030219780219780227
2022-11-22,Adaptive QQQ TQQQ Switch SMA 30,85608.86884869162,10000.0,0.041548630783758214
2022-11-23,Adaptive QQQ TQQQ Switch SMA 30,88170.14960300425,10000.0,0.029918404351767913
2022-11-25,Adaptive QQQ TQQQ Switch SMA 30,86385.01453181668,10000.0,-0.02024647887323932
2022-11-28,Adaptive QQQ TQQQ Switch SMA 30,82581.900684504,10000.0,-0.04402515723270442
2022-11-29,Adaptive QQQ TQQQ Switch SMA 30,80641.5364766914,10000.0,-0.023496240601503758
2022-11-30,Adaptive QQQ TQQQ Switch SMA 30,91429.9614721294,10000.0,0.1337824831568815
2022-12-01,Adaptive QQQ TQQQ Switch SMA 30,91973.26345031694,10000.0,0.005942275042444847
2022-12-02,Adaptive QQQ TQQQ Switch SMA 30,90809.04492562938,10000.0,-0.012658227848101297
2022-12-05,Adaptive QQQ TQQQ Switch SMA 30,86229.78539519165,10000.0,-0.05042735042735042
2022-12-06,Adaptive QQQ TQQQ Switch SMA 30,80796.76561331638,10000.0,-0.06300630063006295
2022-12-07,Adaptive QQQ TQQQ Switch SMA 30,79787.77622525384,10000.0,-0.012487992315081728
2022-12-08,Adaptive QQQ TQQQ Switch SMA 30,82659.51525281648,10000.0,0.035992217898832786
2022-12-09,Adaptive QQQ TQQQ Switch SMA 30,81029.60931825389,10000.0,-0.019718309859155007
2022-12-12,Adaptive QQQ TQQQ Switch SMA 30,83978.96291412904,10000.0,0.03639846743295027
2022-12-13,Adaptive QQQ TQQQ Switch SMA 30,86617.85823675415,10000.0,0.03142329020332716
2022-12-14,Adaptive QQQ TQQQ Switch SMA 30,84599.87946062906,10000.0,-0.023297491039426504
2022-12-15,Adaptive QQQ TQQQ Switch SMA 30,76217.50608287865,10000.0,-0.09908256880733946
2022-12-16,Adaptive QQQ TQQQ Switch SMA 30,75493.17262548915,10000.0,-0.009503505095035034
2022-12-19,Adaptive QQQ TQQQ Switch SMA 30,74253.81880105844,10000.0,-0.016416766991353835
2022-12-20,Adaptive QQQ TQQQ Switch SMA 30,74195.98228925167,10000.0,-0.0007789028596863483
2022-12-21,Adaptive QQQ TQQQ Switch SMA 30,75272.84305670147,10000.0,0.014513734224202024
2022-12-22,Adaptive QQQ TQQQ Switch SMA 30,73430.33703771449,10000.0,-0.024477699315795243
2022-12-23,Adaptive QQQ TQQQ Switch SMA 30,73595.58421430526,10000.0,0.002250393818918396
2022-12-27,Adaptive QQQ TQQQ Switch SMA 30,72554.52700178346,10000.0,-0.014145647780854836
2022-12-28,Adaptive QQQ TQQQ Switch SMA 30,71596.09337755704,10000.0,-0.013209839052535751
2022-12-29,Adaptive QQQ TQQQ Switch SMA 30,73342.20521019943,10000.0,0.024388367441144917
2022-12-30,Adaptive QQQ TQQQ Switch SMA 30,73298.13929644189,10000.0,-0.0006008261359370071
2023-01-03,Adaptive QQQ TQQQ Switch SMA 30,72802.39776666962,10000.0,-0.006763357631321904
2023-01-04,Adaptive QQQ TQQQ Switch SMA 30,73149.41683751022,10000.0,0.004766588484527683
2023-01-05,Adaptive QQQ TQQQ Switch SMA 30,72003.70307981427,10000.0,-0.01566265060240973
2023-01-06,Adaptive QQQ TQQQ Switch SMA 30,73992.17743812311,10000.0,0.027616279069767546
2023-01-09,Adaptive QQQ TQQQ Switch SMA 30,74471.3942502363,10000.0,0.00647658750837472
2023-01-10,Adaptive QQQ TQQQ Switch SMA 30,75102.08764089106,10000.0,0.00846893491124268
2023-01-11,Adaptive QQQ TQQQ Switch SMA 30,76399.27797712853,10000.0,0.01727236055594257
2023-01-12,Adaptive QQQ TQQQ Switch SMA 30,77580.71011079547,10000.0,0.015463917525773233
2023-01-13,Adaptive QQQ TQQQ Switch SMA 30,79155.95295568471,10000.0,0.02030456852791889
2023-01-17,Adaptive QQQ TQQQ Switch SMA 30,79549.76366690702,10000.0,0.004975124378109346
2023-01-18,Adaptive QQQ TQQQ Switch SMA 30,76635.56440386192,10000.0,-0.036633663366336555
2023-01-19,Adaptive QQQ TQQQ Switch SMA 30,74272.70013652804,10000.0,-0.030832476875642414
2023-01-20,Adaptive QQQ TQQQ Switch SMA 30,80258.62294710719,10000.0,0.08059384941675501
2023-01-23,Adaptive QQQ TQQQ Switch SMA 30,85535.68647748618,10000.0,0.06575073601570167
2023-01-24,Adaptive QQQ TQQQ Switch SMA 30,85063.11362401942,10000.0,-0.005524861878452921
2023-01-25,Adaptive QQQ TQQQ Switch SMA 30,84433.01648606372,10000.0,-0.007407407407407414
2023-01-26,Adaptive QQQ TQQQ Switch SMA 30,89316.26930522038,10000.0,0.05783582089552231
2023-01-27,Adaptive QQQ TQQQ Switch SMA 30,91836.65785704317,10000.0,0.028218694885361578
2023-01-30,Adaptive QQQ TQQQ Switch SMA 30,86402.07004217527,10000.0,-0.05917667238421951
2023-01-31,Adaptive QQQ TQQQ Switch SMA 30,90182.65286990946,10000.0,0.043755697356426496
2023-02-01,Adaptive QQQ TQQQ Switch SMA 30,96011.05139599968,10000.0,0.06462882096069872
2023-02-02,Adaptive QQQ TQQQ Switch SMA 30,105935.08131880195,10000.0,0.10336341263330598
2023-02-03,Adaptive QQQ TQQQ Switch SMA 30,100500.49350393405,10000.0,-0.05130111524163565
2023-02-06,Adaptive QQQ TQQQ Switch SMA 30,97980.10495211124,10000.0,-0.025078369905956136
2023-02-07,Adaptive QQQ TQQQ Switch SMA 30,103966.0277626904,10000.0,0.061093247588424424
2023-02-08,Adaptive QQQ TQQQ Switch SMA 30,98373.91566333358,10000.0,-0.05378787878787872
2023-02-09,Adaptive QQQ TQQQ Switch SMA 30,95774.76496926633,10000.0,-0.026421136909527628
2023-02-10,Adaptive QQQ TQQQ Switch SMA 30,93805.71141315476,10000.0,-0.02055921052631579
2023-02-13,Adaptive QQQ TQQQ Switch SMA 30,98295.15352108912,10000.0,0.047858942065491204
2023-02-14,Adaptive QQQ TQQQ Switch SMA 30,100342.96921944513,10000.0,0.020833333333333315
2023-02-15,Adaptive QQQ TQQQ Switch SMA 30,102627.07134453455,10000.0,0.02276295133437984
2023-02-16,Adaptive QQQ TQQQ Switch SMA 30,96719.91067619987,10000.0,-0.05755947812739831
2023-02-17,Adaptive QQQ TQQQ Switch SMA 30,94672.09497784385,10000.0,-0.02117263843648207
2023-02-21,Adaptive QQQ TQQQ Switch SMA 30,88056.07502930901,10000.0,-0.06988352745424292
2023-02-22,Adaptive QQQ TQQQ Switch SMA 30,88134.83717155347,10000.0,0.0008944543828264568
2023-02-23,Adaptive QQQ TQQQ Switch SMA 30,90340.17715439844,10000.0,0.025022341376228878
2023-02-24,Adaptive QQQ TQQQ Switch SMA 30,85771.97290421961,10000.0,-0.050566695727986055
2023-02-27,Adaptive QQQ TQQQ Switch SMA 30,86386.52012180556,10000.0,0.0071648954405211926
2023-02-28,Adaptive QQQ TQQQ Switch SMA 30,86274.78426406266,10000.0,-0.0012934408931549591
2023-03-01,Adaptive QQQ TQQQ Switch SMA 30,85580.84577913307,10000.0,-0.008043352305647433
2023-03-02,Adaptive QQQ TQQQ Switch SMA 30,86289.48635060775,10000.0,0.008280364198591197
2023-03-03,Adaptive QQQ TQQQ Switch SMA 30,88071.37923987609,10000.0,0.0206501737885913
2023-03-06,Adaptive QQQ TQQQ Switch SMA 30,88446.79006357546,10000.0,0.004262574595055323
2023-03-07,Adaptive QQQ TQQQ Switch SMA 30,85143.17481502087,10000.0,-0.037351443123938836
2023-03-08,Adaptive QQQ TQQQ Switch SMA 30,85568.63196515333,10000.0,0.004996961307313182
2023-03-09,Adaptive QQQ TQQQ Switch SMA 30,84088.15607111133,10000.0,-0.01730161929718482
2023-03-10,Adaptive QQQ TQQQ Switch SMA 30,82906.6500663516,10000.0,-0.014050801681993826
2023-03-13,Adaptive QQQ TQQQ Switch SMA 30,83521.83810775937,10000.0,0.007420249653259513
2023-03-14,Adaptive QQQ TQQQ Switch SMA 30,85439.26999382928,10000.0,0.022957252013491976
2023-03-15,Adaptive QQQ TQQQ Switch SMA 30,85887.72482775268,10000.0,0.005248813969920266
2023-03-16,Adaptive QQQ TQQQ Switch SMA 30,88152.99668116063,10000.0,0.026374803360444475
2023-03-17,Adaptive QQQ TQQQ Switch SMA 30,86809.8475737492,10000.0,-0.015236567762630415
2023-03-20,Adaptive QQQ TQQQ Switch SMA 30,87728.84433145176,10000.0,0.010586319218241106
2023-03-21,Adaptive QQQ TQQQ Switch SMA 30,91475.5234205468,10000.0,0.04270749395648665
2023-03-22,Adaptive QQQ TQQQ Switch SMA 30,87233.99992345808,10000.0,-0.04636785162287478
2023-03-23,Adaptive QQQ TQQQ Switch SMA 30,90344.4504879898,10000.0,0.03565640194489461
2023-03-24,Adaptive QQQ TQQQ Switch SMA 30,91263.44724569235,10000.0,0.010172143974960938
2023-03-27,Adaptive QQQ TQQQ Switch SMA 30,89425.45373028725,10000.0,-0.020139426800929495
2023-03-28,Adaptive QQQ TQQQ Switch SMA 30,87940.9205063062,10000.0,-0.01660079051383406
2023-03-29,Adaptive QQQ TQQQ Switch SMA 30,92677.2884113886,10000.0,0.05385852090032154
2023-03-30,Adaptive QQQ TQQQ Switch SMA 30,95222.20250964184,10000.0,0.027459954233409703
2023-03-31,Adaptive QQQ TQQQ Switch SMA 30,99887.87835643944,10000.0,0.048997772828507806
2023-04-03,Adaptive QQQ TQQQ Switch SMA 30,99180.95777359132,10000.0,-0.007077140835102719
2023-04-04,Adaptive QQQ TQQQ Switch SMA 30,98191.26895760396,10000.0,-0.009978617248752587
2023-04-05,Adaptive QQQ TQQQ Switch SMA 30,95010.1263347874,10000.0,-0.032397408207343485
2023-04-06,Adaptive QQQ TQQQ Switch SMA 30,96989.50396676216,10000.0,0.02083333333333342
2023-04-10,Adaptive QQQ TQQQ Switch SMA 30,96777.42779190771,10000.0,-0.0021865889212828817
2023-04-11,Adaptive QQQ TQQQ Switch SMA 30,94868.74221821778,10000.0,-0.0197224251278305
2023-04-12,Adaptive QQQ TQQQ Switch SMA 30,92323.82811996456,10000.0,-0.02682563338301039
2023-04-13,Adaptive QQQ TQQQ Switch SMA 30,97625.73249132546,10000.0,0.05742725880551301
2023-04-14,Adaptive QQQ TQQQ Switch SMA 30,97060.19602504696,10000.0,-0.005792903692976109
2023-04-17,Adaptive QQQ TQQQ Switch SMA 30,97201.58014161658,10000.0,0.001456664238892904
2023-04-18,Adaptive QQQ TQQQ Switch SMA 30,97272.27219990139,10000.0,0.0007272727272727117
2023-04-19,Adaptive QQQ TQQQ Switch SMA 30,97060.19602504696,10000.0,-0.0021802325581394884
2023-04-20,Adaptive QQQ TQQQ Switch SMA 30,94798.05015993297,10000.0,-0.02330662782228698
2023-04-21,Adaptive QQQ TQQQ Switch SMA 30,95010.12633478742,10000.0,0.002237136465324337
2023-04-24,Adaptive QQQ TQQQ Switch SMA 30,94373.89781022411,10000.0,-0.0066964285714285615
2023-04-25,Adaptive QQQ TQQQ Switch SMA 30,89071.9934388632,10000.0,-0.056179775280898875
2023-04-26,Adaptive QQQ TQQQ Switch SMA 30,89612.46836919615,10000.0,0.006067843656198546
2023-04-27,Adaptive QQQ TQQQ Switch SMA 30,92047.48042234522,10000.0,0.027172692566808983
2023-04-28,Adaptive QQQ TQQQ Switch SMA 30,93908.36811319408,10000.0,0.02021660649819503
2023-05-01,Adaptive QQQ TQQQ Switch SMA 30,93642.52701450138,10000.0,-0.0028308563340411126
2023-05-02,Adaptive QQQ TQQQ Switch SMA 30,91117.03657692079,10000.0,-0.026969481902058126
2023-05-03,Adaptive QQQ TQQQ Switch SMA 30,89322.6091607451,10000.0,-0.019693654266958523
2023-05-04,Adaptive QQQ TQQQ Switch SMA 30,88325.70504064749,10000.0,-0.011160714285714312
2023-05-05,Adaptive QQQ TQQQ Switch SMA 30,90204.0238313853,10000.0,0.021265822784810214
2023-05-08,Adaptive QQQ TQQQ Switch SMA 30,90971.71765122688,10000.0,0.008510638297872412
2023-05-09,Adaptive QQQ TQQQ Switch SMA 30,89180.43207159652,10000.0,-0.019690576652602047
2023-05-10,Adaptive QQQ TQQQ Switch SMA 30,92123.25838098922,10000.0,0.032998565279770506
2023-05-11,Adaptive QQQ TQQQ Switch SMA 30,92890.9522008308,10000.0,0.00833333333333328
2023-05-12,Adaptive QQQ TQQQ Switch SMA 30,91867.36044104202,10000.0,-0.011019283746556485
2023-05-15,Adaptive QQQ TQQQ Switch SMA 30,93338.77359573837,10000.0,0.016016713091922034
2023-05-16,Adaptive QQQ TQQQ Switch SMA 30,93658.64602067236,10000.0,0.0034270047978067655
2023-05-17,Adaptive QQQ TQQQ Switch SMA 30,96985.31923998585,10000.0,0.03551912568306008
2023-05-18,Adaptive QQQ TQQQ Switch SMA 30,102231.2270089033,10000.0,0.054089709762533
2023-05-19,Adaptive QQQ TQQQ Switch SMA 30,101527.50767404851,10000.0,-0.006883604505632116
2023-05-22,Adaptive QQQ TQQQ Switch SMA 30,102551.0994338373,10000.0,0.010081915563957274
2023-05-23,Adaptive QQQ TQQQ Switch SMA 30,98584.68136465581,10000.0,-0.03867747972551472
2023-05-24,Adaptive QQQ TQQQ Switch SMA 30,96985.31923998587,10000.0,-0.016223231667748216
2023-05-25,Adaptive QQQ TQQQ Switch SMA 30,104022.51258853367,10000.0,0.07255936675461751
2023-05-26,Adaptive QQQ TQQQ Switch SMA 30,111891.37424190981,10000.0,0.07564575645756437
2023-05-30,Adaptive QQQ TQQQ Switch SMA 30,113490.73636657976,10000.0,0.014293882218410521
2023-05-31,Adaptive QQQ TQQQ Switch SMA 30,111187.65490705502,10000.0,-0.020293122886133004
2023-06-01,Adaptive QQQ TQQQ Switch SMA 30,115154.07297623651,10000.0,0.03567318757192181
2023-06-02,Adaptive QQQ TQQQ Switch SMA 30,117777.02686069523,10000.0,0.022777777777777786
2023-06-05,Adaptive QQQ TQQQ Switch SMA 30,118032.92480064242,10000.0,0.0021727322107549783
2023-06-06,Adaptive QQQ TQQQ Switch SMA 30,117904.97583066883,10000.0,-0.001084010840108378
2023-06-07,Adaptive QQQ TQQQ Switch SMA 30,111891.3742419098,10000.0,-0.051003798155181836
2023-06-08,Adaptive QQQ TQQQ Switch SMA 30,115729.8433411177,10000.0,0.03430531732418533
2023-06-09,Adaptive QQQ TQQQ Switch SMA 30,117137.28201082724,10000.0,0.012161415146489711
2023-06-12,Adaptive QQQ TQQQ Switch SMA 30,123150.88359958626,10000.0,0.051338066630256765
2023-06-13,Adaptive QQQ TQQQ Switch SMA 30,125837.8119690318,10000.0,0.021818181818181907
2023-06-14,Adaptive QQQ TQQQ Switch SMA 30,128524.7403384773,10000.0,0.02135231316725969
2023-06-15,Adaptive QQQ TQQQ Switch SMA 30,133066.92877253998,10000.0,0.035340965654554544
2023-06-16,Adaptive QQQ TQQQ Switch SMA 30,130507.94937306804,10000.0,-0.019230769230769332
2023-06-20,Adaptive QQQ TQQQ Switch SMA 30,129868.20452320008,10000.0,-0.004901960784313621
2023-06-21,Adaptive QQQ TQQQ Switch SMA 30,124238.44984436185,10000.0,-0.04334975369458123
2023-06-22,Adaptive QQQ TQQQ Switch SMA 30,128396.79136850372,10000.0,0.03347064881565389
2023-06-23,Adaptive QQQ TQQQ Switch SMA 30,124622.29675428264,10000.0,-0.029397110114598897
2023-06-26,Adaptive QQQ TQQQ Switch SMA 30,119632.28692531238,10000.0,-0.04004106776180704
2023-06-27,Adaptive QQQ TQQQ Switch SMA 30,125581.91402908461,10000.0,0.049732620320855604
2023-06-28,Adaptive QQQ TQQQ Switch SMA 30,126349.60784892619,10000.0,0.006113092205807489
2023-06-29,Adaptive QQQ TQQQ Switch SMA 30,125453.965059111,10000.0,-0.007088607594936737
2023-06-30,Adaptive QQQ TQQQ Switch SMA 30,131147.69422293603,10000.0,0.04538500764915862
2023-07-03,Adaptive QQQ TQQQ Switch SMA 30,132043.3370127512,10000.0,0.006829268292682955
2023-07-05,Adaptive QQQ TQQQ Switch SMA 30,131979.3625277644,10000.0,-0.0004844961240310835
2023-07-06,Adaptive QQQ TQQQ Switch SMA 30,128844.6127634113,10000.0,-0.023751817741153584
2023-07-07,Adaptive QQQ TQQQ Switch SMA 30,127501.14857868855,10000.0,-0.010427010923535296
2023-07-10,Adaptive QQQ TQQQ Switch SMA 30,127629.09754866215,10000.0,0.0010035122930255682
2023-07-11,Adaptive QQQ TQQQ Switch SMA 30,129484.35761327927,10000.0,0.014536340852130283
2023-07-12,Adaptive QQQ TQQQ Switch SMA 30,134282.44398728912,10000.0,0.03705533596837945
2023-07-13,Adaptive QQQ TQQQ Switch SMA 30,140935.79042591612,10000.0,0.04954740352548846
2023-07-14,Adaptive QQQ TQQQ Switch SMA 30,140807.84145594251,10000.0,-0.0009078529278256729
2023-07-17,Adaptive QQQ TQQQ Switch SMA 30,144710.28504013718,10000.0,0.02771467514766013
2023-07-18,Adaptive QQQ TQQQ Switch SMA 30,148164.90722942425,10000.0,0.0238726790450928
2023-07-19,Adaptive QQQ TQQQ Switch SMA 30,148164.90722942425,10000.0,0.0
2023-07-20,Adaptive QQQ TQQQ Switch SMA 30,137737.06617657616,10000.0,-0.07037996545768563
2023-07-21,Adaptive QQQ TQQQ Switch SMA 30,136521.550961827,10000.0,-0.008824895494658674
2023-07-24,Adaptive QQQ TQQQ Switch SMA 30,137097.32132670816,10000.0,0.004217432052483592
2023-07-25,Adaptive QQQ TQQQ Switch SMA 30,139848.22418114048,10000.0,0.020065328978068116
2023-07-26,Adaptive QQQ TQQQ Switch SMA 30,138440.78551143094,10000.0,-0.010064043915827945
2023-07-27,Adaptive QQQ TQQQ Switch SMA 30,137225.27029668176,10000.0,-0.008780036968576769
2023-07-28,Adaptive QQQ TQQQ Switch SMA 30,144646.31055515032,10000.0,0.05407925407925409
2023-07-31,Adaptive QQQ TQQQ Switch SMA 30,144966.18298008433,10000.0,0.0022114108801415617
2023-08-01,Adaptive QQQ TQQQ Switch SMA 30,143814.64225032195,10000.0,-0.007943512797881717
2023-08-02,Adaptive QQQ TQQQ Switch SMA 30,134410.39295726264,10000.0,-0.06539145907473304
2023-08-03,Adaptive QQQ TQQQ Switch SMA 30,133450.77568246066,10000.0,-0.007139457401237607
2023-08-04,Adaptive QQQ TQQQ Switch SMA 30,131595.5156178435,10000.0,-0.013902205177372923
2023-08-07,Adaptive QQQ TQQQ Switch SMA 30,132710.31196626276,10000.0,0.008471385542168766
2023-08-08,Adaptive QQQ TQQQ Switch SMA 30,129310.71194435659,10000.0,-0.025616698292220075
2023-08-09,Adaptive QQQ TQQQ Switch SMA 30,127891.70251796344,10000.0,-0.01097364174287247
2023-08-10,Adaptive QQQ TQQQ Switch SMA 30,128128.20408902895,10000.0,0.0018492331121504131
2023-08-11,Adaptive QQQ TQQQ Switch SMA 30,127310.88248314074,10000.0,-0.006378935939196433
2023-08-14,Adaptive QQQ TQQQ Switch SMA 30,128740.32580237501,10000.0,0.011227974320448064
2023-08-15,Adaptive QQQ TQQQ Switch SMA 30,127373.48584018748,10000.0,-0.010617030473308857
2023-08-16,Adaptive QQQ TQQQ Switch SMA 30,126024.03569940182,10000.0,-0.010594435191000178
2023-08-17,Adaptive QQQ TQQQ Switch SMA 30,124646.76184437316,10000.0,-0.01092866013522847
2023-08-18,Adaptive QQQ TQQQ Switch SMA 30,124490.25345175627,10000.0,-0.0012556153910544062
2023-08-21,Adaptive QQQ TQQQ Switch SMA 30,126497.03884153286,10000.0,0.01612002011510304
2023-08-22,Adaptive QQQ TQQQ Switch SMA 30,126316.18469895335,10000.0,-0.0014297104836270157
2023-08-23,Adaptive QQQ TQQQ Switch SMA 30,128309.05823160845,10000.0,0.015776866103141655
2023-08-24,Adaptive QQQ TQQQ Switch SMA 30,125564.94441439226,10000.0,-0.02138675051501692
2023-08-25,Adaptive QQQ TQQQ Switch SMA 30,126538.77441289737,10000.0,0.007755588178267766
2023-08-28,Adaptive QQQ TQQQ Switch SMA 30,127491.73662572022,10000.0,0.007530989747959237
2023-08-29,Adaptive QQQ TQQQ Switch SMA 30,130274.10805002051,10000.0,0.021823935401151212
2023-08-30,Adaptive QQQ TQQQ Switch SMA 30,132478.9406330721,10000.0,0.01692456479690529
2023-08-31,Adaptive QQQ TQQQ Switch SMA 30,133675.84974958582,10000.0,0.009034712315739312
2023-09-01,Adaptive QQQ TQQQ Switch SMA 30,133234.8832329755,10000.0,-0.0032987747408105695
2023-09-05,Adaptive QQQ TQQQ Switch SMA 30,133549.8593162686,10000.0,0.0023640661938534617
2023-09-06,Adaptive QQQ TQQQ Switch SMA 30,130022.12718338602,10000.0,-0.026415094339622584
2023-09-07,Adaptive QQQ TQQQ Switch SMA 30,127187.34243374826,10000.0,-0.021802325581395315
2023-09-08,Adaptive QQQ TQQQ Switch SMA 30,127565.31373369996,10000.0,0.0029717682020801743
2023-09-11,Adaptive QQQ TQQQ Switch SMA 30,131911.98368314456,10000.0,0.03407407407407414
2023-09-12,Adaptive QQQ TQQQ Switch SMA 30,127691.30416701718,10000.0,-0.031996179560649554
2023-09-13,Adaptive QQQ TQQQ Switch SMA 30,128951.2085001895,10000.0,0.009866798223976285
2023-09-14,Adaptive QQQ TQQQ Switch SMA 30,131974.97889980313,10000.0,0.023448949682462163
2023-09-15,Adaptive QQQ TQQQ Switch SMA 30,125234.49071733108,10000.0,-0.05107398568019095
2023-09-18,Adaptive QQQ TQQQ Switch SMA 30,125486.47158396557,10000.0,0.002012072434607782
2023-09-19,Adaptive QQQ TQQQ Switch SMA 30,124730.52898406216,10000.0,-0.006024096385542218
2023-09-20,Adaptive QQQ TQQQ Switch SMA 30,122932.17981860811,10000.0,-0.01441787491884869
2023-09-21,Adaptive QQQ TQQQ Switch SMA 30,120678.3388382642,10000.0,-0.018334019486757256
2023-09-22,Adaptive QQQ TQQQ Switch SMA 30,120695.20890548234,10000.0,0.00013979366455115432
2023-09-25,Adaptive QQQ TQQQ Switch SMA 30,121268.7911908992,10000.0,0.0047523202504752
2023-09-26,Adaptive QQQ TQQQ Switch SMA 30,119446.82393133974,10000.0,-0.015024205664682082
2023-09-27,Adaptive QQQ TQQQ Switch SMA 30,119726.86704716092,10000.0,0.0023445003107170244
2023-09-28,Adaptive QQQ TQQQ Switch SMA 30,120728.94903991859,10000.0,0.008369733690291589
2023-09-29,Adaptive QQQ TQQQ Switch SMA 30,120816.67338945295,10000.0,0.0007266223240735311
2023-10-02,Adaptive QQQ TQQQ Switch SMA 30,121825.50340909789,10000.0,0.00835008936550494
2023-10-03,Adaptive QQQ TQQQ Switch SMA 30,119686.37888583736,10000.0,-0.017558922092668943
2023-10-04,Adaptive QQQ TQQQ Switch SMA 30,121316.02737910998,10000.0,0.01361598962591262
2023-10-05,Adaptive QQQ TQQQ Switch SMA 30,120958.38195408534,10000.0,-0.0029480476137501454
2023-10-06,Adaptive QQQ TQQQ Switch SMA 30,122986.16403370613,10000.0,0.016764295676429543
2023-10-09,Adaptive QQQ TQQQ Switch SMA 30,123613.73053422105,10000.0,0.0051027406655510515
2023-10-10,Adaptive QQQ TQQQ Switch SMA 30,124298.65526327764,10000.0,0.005540846685045098
2023-10-11,Adaptive QQQ TQQQ Switch SMA 30,126944.68063492581,10000.0,0.021287642782969893
2023-10-12,Adaptive QQQ TQQQ Switch SMA 30,125460.32493863537,10000.0,-0.011692933401118474
2023-10-13,Adaptive QQQ TQQQ Switch SMA 30,120684.57182883134,10000.0,-0.038065843621399274
2023-10-16,Adaptive QQQ TQQQ Switch SMA 30,122049.78939615194,10000.0,0.011312279164041887
2023-10-17,Adaptive QQQ TQQQ Switch SMA 30,120913.26781874339,10000.0,-0.009311950336264859
2023-10-18,Adaptive QQQ TQQQ Switch SMA 30,115798.92072040492,10000.0,-0.04229765013054824
2023-10-19,Adaptive QQQ TQQQ Switch SMA 30,114714.84029072989,10000.0,-0.009361748994988804
2023-10-20,Adaptive QQQ TQQQ Switch SMA 30,113002.63090621376,10000.0,-0.014925787981544134
2023-10-23,Adaptive QQQ TQQQ Switch SMA 30,113343.7973943762,10000.0,0.0030191021698033156
2023-10-24,Adaptive QQQ TQQQ Switch SMA 30,114447.00865516314,10000.0,0.009733318330145098
2023-10-25,Adaptive QQQ TQQQ Switch SMA 30,111647.53036911998,10000.0,-0.02446091268735714
2023-10-26,Adaptive QQQ TQQQ Switch SMA 30,109517.63117199374,10000.0,-0.01907699337445741
2023-10-27,Adaptive QQQ TQQQ Switch SMA 30,110043.72902757133,10000.0,0.004803773145452362
2023-10-30,Adaptive QQQ TQQQ Switch SMA 30,111284.04457799364,10000.0,0.011271115231941548
2023-10-31,Adaptive QQQ TQQQ Switch SMA 30,111816.51937727521,10000.0,0.00478482608446512
2023-11-01,Adaptive QQQ TQQQ Switch SMA 30,113755.11026328233,10000.0,0.017337249422566894
2023-11-02,Adaptive QQQ TQQQ Switch SMA 30,115821.24002336887,10000.0,0.018162962132466348
2023-11-03,Adaptive QQQ TQQQ Switch SMA 30,119905.29476799455,10000.0,0.03526170798898075
2023-11-06,Adaptive QQQ TQQQ Switch SMA 30,121245.37523107487,10000.0,0.01117615753060143
2023-11-07,Adaptive QQQ TQQQ Switch SMA 30,124691.29642185278,10000.0,0.028421052631578902
2023-11-08,Adaptive QQQ TQQQ Switch SMA 30,124946.54984339188,10000.0,0.002047082906857684
2023-11-09,Adaptive QQQ TQQQ Switch SMA 30,121947.32214030741,10000.0,-0.024004085801838555
2023-11-10,Adaptive QQQ TQQQ Switch SMA 30,130115.43162955879,10000.0,0.0669806384092099
2023-11-13,Adaptive QQQ TQQQ Switch SMA 30,128902.97787724803,10000.0,-0.00931829328102017
2023-11-14,Adaptive QQQ TQQQ Switch SMA 30,137007.2740111146,10000.0,0.06287128712871286
2023-11-15,Adaptive QQQ TQQQ Switch SMA 30,137390.1541434233,10000.0,0.0027945971122497566
2023-11-16,Adaptive QQQ TQQQ Switch SMA 30,137645.4075649624,10000.0,0.0018578727357175637
2023-11-17,Adaptive QQQ TQQQ Switch SMA 30,137709.22092034717,10000.0,0.0004636068613814562
2023-11-20,Adaptive QQQ TQQQ Switch SMA 30,142622.84928497495,10000.0,0.03568118628359607
2023-11-21,Adaptive QQQ TQQQ Switch SMA 30,140006.5017141991,10000.0,-0.01834451901565996
2023-11-22,Adaptive QQQ TQQQ Switch SMA 30,141665.6489542033,10000.0,0.011850501367365452
2023-11-24,Adaptive QQQ TQQQ Switch SMA 30,140963.70204497076,10000.0,-0.0049549549549549295
2023-11-27,Adaptive QQQ TQQQ Switch SMA 30,140517.00855727732,10000.0,-0.003168854685378012
2023-11-28,Adaptive QQQ TQQQ Switch SMA 30,141665.6489542033,10000.0,0.008174386920980914
2023-11-29,Adaptive QQQ TQQQ Switch SMA 30,141155.14211112508,10000.0,-0.003603603603603527
2023-11-30,Adaptive QQQ TQQQ Switch SMA 30,139942.68835881434,10000.0,-0.008589511754068774
2023-12-01,Adaptive QQQ TQQQ Switch SMA 30,141155.14211112508,10000.0,0.00866393068855455
2023-12-04,Adaptive QQQ TQQQ Switch SMA 30,137134.90072188416,10000.0,-0.02848101265822796
2023-12-05,Adaptive QQQ TQQQ Switch SMA 30,138155.91440804058,10000.0,0.007445323406235466
2023-12-06,Adaptive QQQ TQQQ Switch SMA 30,135667.19354803432,10000.0,-0.01801385681293289
2023-12-07,Adaptive QQQ TQQQ Switch SMA 30,141346.5821772794,10000.0,0.04186265286923786
2023-12-08,Adaptive QQQ TQQQ Switch SMA 30,143069.54277266838,10000.0,0.012189616252821812
2023-12-11,Adaptive QQQ TQQQ Switch SMA 30,146706.9040296006,10000.0,0.025423728813559174
2023-12-12,Adaptive QQQ TQQQ Switch SMA 30,150216.6385757633,10000.0,0.023923444976076586
2023-12-13,Adaptive QQQ TQQQ Switch SMA 30,155513.14707269974,10000.0,0.03525913338997459
2023-12-14,Adaptive QQQ TQQQ Switch SMA 30,155257.89365116062,10000.0,-0.0016413623307346204
2023-12-15,Adaptive QQQ TQQQ Switch SMA 30,157108.48095731915,10000.0,0.011919441019317826
2023-12-18,Adaptive QQQ TQQQ Switch SMA 30,160426.7754373275,10000.0,0.02112103980503654
2023-12-19,Adaptive QQQ TQQQ Switch SMA 30,162787.86958656425,10000.0,0.014717581543357238
2023-12-20,Adaptive QQQ TQQQ Switch SMA 30,154875.01351885198,10000.0,-0.04860838886711101
2023-12-21,Adaptive QQQ TQQQ Switch SMA 30,159980.08194963407,10000.0,0.03296250515039146
2023-12-22,Adaptive QQQ TQQQ Switch SMA 30,160618.21550348183,10000.0,0.0039888312724372325
2023-12-26,Adaptive QQQ TQQQ Switch SMA 30,163617.4432065663,10000.0,0.018673023440603845
2023-12-27,Adaptive QQQ TQQQ Switch SMA 30,164447.01682656838,10000.0,0.005070202808112286
2023-12-28,Adaptive QQQ TQQQ Switch SMA 30,164000.32333887494,10000.0,-0.002716336825766406
2023-12-29,Adaptive QQQ TQQQ Switch SMA 30,161766.85590040777,10000.0,-0.013618677042801473
2024-01-02,Adaptive QQQ TQQQ Switch SMA 30,153598.7464111564,10000.0,-0.05049309664694284
2024-01-03,Adaptive QQQ TQQQ Switch SMA 30,148685.11804652863,10000.0,-0.031990029081844604
2024-01-04,Adaptive QQQ TQQQ Switch SMA 30,146196.39718652237,10000.0,-0.01673819742489273
2024-01-05,Adaptive QQQ TQQQ Switch SMA 30,146369.79051113545,10000.0,0.0011860300797416658
2024-01-08,Adaptive QQQ TQQQ Switch SMA 30,149394.95064268252,10000.0,0.020667926906112133
2024-01-09,Adaptive QQQ TQQQ Switch SMA 30,150314.11563843323,10000.0,0.00615258408531592
2024-01-10,Adaptive QQQ TQQQ Switch SMA 30,153316.72129121886,10000.0,0.019975540154912288
2024-01-11,Adaptive QQQ TQQQ Switch SMA 30,154235.8862869696,10000.0,0.005995203836930541
2024-01-12,Adaptive QQQ TQQQ Switch SMA 30,154235.8862869696,10000.0,0.0
2024-01-15,Adaptive QQQ TQQQ Switch SMA 30,154143.9697873945,10000.0,-0.0005959475566150404
2024-01-16,Adaptive QQQ TQQQ Switch SMA 30,151478.39129971745,10000.0,-0.01729278473464529
2024-01-17,Adaptive QQQ TQQQ Switch SMA 30,157973.82393635582,10000.0,0.04288025889967647
2024-01-18,Adaptive QQQ TQQQ Switch SMA 30,167104.19622747955,10000.0,0.05779674166020164
2024-01-19,Adaptive QQQ TQQQ Switch SMA 30,167104.19622747955,10000.0,0.0
2024-01-21,Adaptive QQQ TQQQ Switch SMA 30,167778.25055769674,10000.0,0.004033736707004013
2024-01-22,Adaptive QQQ TQQQ Switch SMA 30,169769.77471515659,10000.0,0.011869978086194277
2024-01-23,Adaptive QQQ TQQQ Switch SMA 30,172557.9085356004,10000.0,0.016423028334235767
2024-01-24,Adaptive QQQ TQQQ Switch SMA 30,173048.12986666744,10000.0,0.0028409090909090303
2024-01-25,Adaptive QQQ TQQQ Switch SMA 30,169861.69121473166,10000.0,-0.018413597733711033
2024-01-26,Adaptive QQQ TQQQ Switch SMA 30,169861.69121473166,10000.0,0.0
2024-01-28,Adaptive QQQ TQQQ Switch SMA 30,174855.82102497722,10000.0,0.02940115440115445
2024-01-29,Adaptive QQQ TQQQ Switch SMA 30,171362.9940411245,10000.0,-0.01997546872262135
2024-01-30,Adaptive QQQ TQQQ Switch SMA 30,161282.81792105836,10000.0,-0.05882352941176469
2024-01-31,Adaptive QQQ TQQQ Switch SMA 30,166981.64089471276,10000.0,0.03533434650455926
2024-02-01,Adaptive QQQ TQQQ Switch SMA 30,175376.68118923594,10000.0,0.0502752293577982
2024-02-02,Adaptive QQQ TQQQ Switch SMA 30,175376.68118923594,10000.0,0.0
2024-02-04,Adaptive QQQ TQQQ Switch SMA 30,174488.15502667692,10000.0,-0.0050663871418588245
2024-02-05,Adaptive QQQ TQQQ Switch SMA 30,173477.0735313511,10000.0,-0.005794556628621692
2024-02-06,Adaptive QQQ TQQQ Switch SMA 30,178655.0363407468,10000.0,0.02984811020840701
2024-02-07,Adaptive QQQ TQQQ Switch SMA 30,179390.36833734735,10000.0,0.004115932087120475
2024-02-08,Adaptive QQQ TQQQ Switch SMA 30,184660.2476463181,10000.0,0.029376601195559453
2024-02-09,Adaptive QQQ TQQQ Switch SMA 30,184690.8864795098,10000.0,0.00016592002654717124
2024-02-11,Adaptive QQQ TQQQ Switch SMA 30,182484.89048970808,10000.0,-0.011944260119442583
2024-02-12,Adaptive QQQ TQQQ Switch SMA 30,173844.7395296514,10000.0,-0.04734721289456011
2024-02-13,Adaptive QQQ TQQQ Switch SMA 30,179359.72950415564,10000.0,0.031723651744800796
2024-02-14,Adaptive QQQ TQQQ Switch SMA 30,180861.03233054848,10000.0,0.00837034506320468
2024-02-15,Adaptive QQQ TQQQ Switch SMA 30,175897.54135349463,10000.0,-0.027443672708792215
2024-02-16,Adaptive QQQ TQQQ Switch SMA 30,175866.90252030295,10000.0,-0.00017418568193691014
2024-02-19,Adaptive QQQ TQQQ Switch SMA 30,171822.57653899983,10000.0,-0.022996515679442515
2024-02-20,Adaptive QQQ TQQQ Switch SMA 30,169677.8582155815,10000.0,-0.012482168330955702
2024-02-21,Adaptive QQQ TQQQ Switch SMA 30,174645.2840593496,10000.0,0.029275627922276212
2024-02-22,Adaptive QQQ TQQQ Switch SMA 30,173048.89206611968,10000.0,-0.009140767824497329
2024-02-23,Adaptive QQQ TQQQ Switch SMA 30,173048.89206611968,10000.0,0.0
2024-02-25,Adaptive QQQ TQQQ Switch SMA 30,172816.68959437715,10000.0,-0.0013418316001341545
2024-02-26,Adaptive QQQ TQQQ Switch SMA 30,173890.62602618634,10000.0,0.006214309707759447
2024-02-27,Adaptive QQQ TQQQ Switch SMA 30,171075.17105630817,10000.0,-0.016190953096311116
2024-02-28,Adaptive QQQ TQQQ Switch SMA 30,175196.76492973807,10000.0,0.024092297251442175
2024-02-29,Adaptive QQQ TQQQ Switch SMA 30,183236.77551382314,10000.0,0.04589131875414187
2024-03-01,Adaptive QQQ TQQQ Switch SMA 30,183265.80082279097,10000.0,0.00015840329478850008
2024-03-03,Adaptive QQQ TQQQ Switch SMA 30,181059.87734123695,10000.0,-0.012036743744060786
2024-03-04,Adaptive QQQ TQQQ Switch SMA 30,171365.42414598636,10000.0,-0.05354280218018601
2024-03-05,Adaptive QQQ TQQQ Switch SMA 30,174529.1828234783,10000.0,0.018462059620596265
2024-03-06,Adaptive QQQ TQQQ Switch SMA 30,182307.96562685302,10000.0,0.044570098120738394
2024-03-07,Adaptive QQQ TQQQ Switch SMA 30,174326.00566070358,10000.0,-0.043782837127845885
2024-03-08,Adaptive QQQ TQQQ Switch SMA 30,174326.00566070358,10000.0,0.0
2024-03-10,Adaptive QQQ TQQQ Switch SMA 30,172294.23403295645,10000.0,-0.011655011655011703
2024-03-11,Adaptive QQQ TQQQ Switch SMA 30,179608.61189284612,10000.0,0.0424528301886793
2024-03-12,Adaptive QQQ TQQQ Switch SMA 30,175428.9674014806,10000.0,-0.023270846800258642
2024-03-13,Adaptive QQQ TQQQ Switch SMA 30,174006.72726205763,10000.0,-0.008107213765717982
2024-03-14,Adaptive QQQ TQQQ Switch SMA 30,167650.18459810587,10000.0,-0.03653044203502927
2024-03-15,Adaptive QQQ TQQQ Switch SMA 30,167650.18459810587,10000.0,0.0
2024-03-17,Adaptive QQQ TQQQ Switch SMA 30,169025.63319962058,10000.0,0.008204277286135698
2024-03-18,Adaptive QQQ TQQQ Switch SMA 30,170192.50488865652,10000.0,0.006903519110961384
2024-03-19,Adaptive QQQ TQQQ Switch SMA 30,175599.95905735967,10000.0,0.03177257525083622
2024-03-20,Adaptive QQQ TQQQ Switch SMA 30,177876.78186523466,10000.0,0.012965964343598008
2024-03-21,Adaptive QQQ TQQQ Switch SMA 30,178246.76557151438,10000.0,0.002080000000000041
2024-03-22,Adaptive QQQ TQQQ Switch SMA 30,178275.22585661281,10000.0,0.00015966789078713094
2024-03-24,Adaptive QQQ TQQQ Switch SMA 30,176425.30732521438,10000.0,-0.010376756066411216
2024-03-25,Adaptive QQQ TQQQ Switch SMA 30,174774.61078950498,10000.0,-0.009356347798032027
2024-03-26,Adaptive QQQ TQQQ Switch SMA 30,176311.46618482063,10000.0,0.008793356130923404
2024-03-27,Adaptive QQQ TQQQ Switch SMA 30,175201.51506598157,10000.0,-0.006295399515738508
2024-03-28,Adaptive QQQ TQQQ Switch SMA 30,175201.51506598157,10000.0,0.0
2024-03-31,Adaptive QQQ TQQQ Switch SMA 30,176283.0058997222,10000.0,0.0061728395061727654
2024-04-01,Adaptive QQQ TQQQ Switch SMA 30,171558.59857338155,10000.0,-0.026800129157248897
2024-04-02,Adaptive QQQ TQQQ Switch SMA 30,171943.63408059665,10000.0,0.002244338146947494
2024-04-03,Adaptive QQQ TQQQ Switch SMA 30,163839.50103065424,10000.0,-0.04713249835201054
2024-04-04,Adaptive QQQ TQQQ Switch SMA 30,165770.16818801922,10000.0,0.01178389304911116
2024-04-05,Adaptive QQQ TQQQ Switch SMA 30,165770.16818801922,10000.0,0.0
2024-04-07,Adaptive QQQ TQQQ Switch SMA 30,165819.0934766074,10000.0,0.0002951392830385621
2024-04-08,Adaptive QQQ TQQQ Switch SMA 30,166432.54132582864,10000.0,0.0036995006808896854
2024-04-09,Adaptive QQQ TQQQ Switch SMA 30,162059.9745593371,10000.0,-0.026272306675479234
2024-04-10,Adaptive QQQ TQQQ Switch SMA 30,164647.78810021663,10000.0,0.015968246002235554
2024-04-11,Adaptive QQQ TQQQ Switch SMA 30,156695.59347236174,10000.0,-0.04829821717990282
2024-04-12,Adaptive QQQ TQQQ Switch SMA 30,156695.59347236174,10000.0,0.0
2024-04-14,Adaptive QQQ TQQQ Switch SMA 30,154117.78703127353,10000.0,-0.016451046158760536
2024-04-15,Adaptive QQQ TQQQ Switch SMA 30,154132.088315274,10000.0,9.279450656525881e-05
2024-04-16,Adaptive QQQ TQQQ Switch SMA 30,152251.46946920964,10000.0,-0.012201345395499994
2024-04-17,Adaptive QQQ TQQQ Switch SMA 30,151382.66646617994,10000.0,-0.005706368589141344
2024-04-18,Adaptive QQQ TQQQ Switch SMA 30,148250.68527007278,10000.0,-0.020689166528896453
2024-04-19,Adaptive QQQ TQQQ Switch SMA 30,148250.68527007278,10000.0,0.0
2024-04-21,Adaptive QQQ TQQQ Switch SMA 30,149741.5941271238,10000.0,0.010056674303629606
2024-04-22,Adaptive QQQ TQQQ Switch SMA 30,151976.16975220025,10000.0,0.014922878563583401
2024-04-23,Adaptive QQQ TQQQ Switch SMA 30,152491.01597621787,10000.0,0.003387677323734909
2024-04-24,Adaptive QQQ TQQQ Switch SMA 30,151754.49985019266,10000.0,-0.004829898478347524
2024-04-25,Adaptive QQQ TQQQ Switch SMA 30,154096.3351052728,10000.0,0.015431735186712243
2024-04-26,Adaptive QQQ TQQQ Switch SMA 30,154096.3351052728,10000.0,0.0
2024-04-28,Adaptive QQQ TQQQ Switch SMA 30,154722.0162802942,10000.0,0.004060324825986079
2024-04-29,Adaptive QQQ TQQQ Switch SMA 30,151804.55434419436,10000.0,-0.018856152512998325
2024-04-30,Adaptive QQQ TQQQ Switch SMA 30,150706.93079715682,10000.0,-0.0072305047222025794
2024-05-01,Adaptive QQQ TQQQ Switch SMA 30,152630.45349522264,10000.0,0.01276333270070221
2024-05-02,Adaptive QQQ TQQQ Switch SMA 30,155698.07891332763,10000.0,0.02009838369641612
2024-05-03,Adaptive QQQ TQQQ Switch SMA 30,155698.07891332763,10000.0,0.0
2024-05-05,Adaptive QQQ TQQQ Switch SMA 30,160805.63494117223,10000.0,0.032804232804232794
2024-05-06,Adaptive QQQ TQQQ Switch SMA 30,160805.63494117223,10000.0,0.0
2024-05-07,Adaptive QQQ TQQQ Switch SMA 30,160503.57517608465,10000.0,-0.0018784153005464382
2024-05-08,Adaptive QQQ TQQQ Switch SMA 30,161382.29449270308,10000.0,0.005474764756201887
2024-05-09,Adaptive QQQ TQQQ Switch SMA 30,162480.6936384761,10000.0,0.006806193636208925
2024-05-10,Adaptive QQQ TQQQ Switch SMA 30,162453.23365983178,10000.0,-0.00016900456312329078
2024-05-12,Adaptive QQQ TQQQ Switch SMA 30,163551.63280560484,10000.0,0.006761325219743166
2024-05-13,Adaptive QQQ TQQQ Switch SMA 30,166599.690435125,10000.0,0.018636668905305565
2024-05-14,Adaptive QQQ TQQQ Switch SMA 30,174288.48445553624,10000.0,0.046151310367562176
2024-05-15,Adaptive QQQ TQQQ Switch SMA 30,173217.54528840753,10000.0,-0.006144635260753121
2024-05-16,Adaptive QQQ TQQQ Switch SMA 30,172833.10558738696,10000.0,-0.002219403931515545
2024-05-17,Adaptive QQQ TQQQ Switch SMA 30,172833.10558738696,10000.0,0.0
2024-05-19,Adaptive QQQ TQQQ Switch SMA 30,176402.9028111493,10000.0,0.020654591674610697
2024-05-20,Adaptive QQQ TQQQ Switch SMA 30,177309.08210641207,10000.0,0.005136986301369837
2024-05-21,Adaptive QQQ TQQQ Switch SMA 30,177199.24219183478,10000.0,-0.0006194827319187246
2024-05-22,Adaptive QQQ TQQQ Switch SMA 30,174563.0842419795,10000.0,-0.014876801487680162
2024-05-23,Adaptive QQQ TQQQ Switch SMA 30,179450.96044066947,10000.0,0.028000629227623
2024-05-24,Adaptive QQQ TQQQ Switch SMA 30,179423.50046202517,10000.0,-0.00015302218821715234
2024-05-27,Adaptive QQQ TQQQ Switch SMA 30,181400.6189244166,10000.0,0.011019283746556455
2024-05-28,Adaptive QQQ TQQQ Switch SMA 30,177611.14187149963,10000.0,-0.02089009990917341
2024-05-29,Adaptive QQQ TQQQ Switch SMA 30,171899.46631347982,10000.0,-0.03215831787260367
2024-05-30,Adaptive QQQ TQQQ Switch SMA 30,171707.24646296955,10000.0,-0.0011182108626198127
2024-05-31,Adaptive QQQ TQQQ Switch SMA 30,171679.78648432522,10000.0,-0.00015992323684628195
2024-06-02,Adaptive QQQ TQQQ Switch SMA 30,173382.30516027342,10000.0,0.009916826615483003
2024-06-03,Adaptive QQQ TQQQ Switch SMA 30,174672.92415655675,10000.0,0.0074437757364586455
2024-06-04,Adaptive QQQ TQQQ Switch SMA 30,185217.55595597788,10000.0,0.06036786668762779
2024-06-05,Adaptive QQQ TQQQ Switch SMA 30,184997.87612682328,10000.0,-0.001186063750926587
2024-06-06,Adaptive QQQ TQQQ Switch SMA 30,184311.37666071515,10000.0,-0.0037108505269407748
2024-06-07,Adaptive QQQ TQQQ Switch SMA 30,184311.37666071515,10000.0,0.0
2024-06-09,Adaptive QQQ TQQQ Switch SMA 30,186261.03514446225,10000.0,0.010578069129916474
2024-06-10,Adaptive QQQ TQQQ Switch SMA 30,190105.43215466788,10000.0,0.020639834881321033
2024-06-11,Adaptive QQQ TQQQ Switch SMA 30,197602.00632456882,10000.0,0.039433771486349696
2024-06-12,Adaptive QQQ TQQQ Switch SMA 30,200759.90386866633,10000.0,0.015981100611450888
2024-06-13,Adaptive QQQ TQQQ Switch SMA 30,203670.6616049649,10000.0,0.014498700588154867
2024-06-14,Adaptive QQQ TQQQ Switch SMA 30,203643.20162632054,10000.0,-0.00013482540110563727
2024-06-16,Adaptive QQQ TQQQ Switch SMA 30,211057.39586028855,10000.0,0.0364077669902913
2024-06-17,Adaptive QQQ TQQQ Switch SMA 30,211167.23577486587,10000.0,0.000520426749935028
2024-06-18,Adaptive QQQ TQQQ Switch SMA 30,211167.23577486587,10000.0,0.0
2024-06-19,Adaptive QQQ TQQQ Switch SMA 30,206196.97964024288,10000.0,-0.023537061118335527
2024-06-20,Adaptive QQQ TQQQ Switch SMA 30,204302.2411137844,10000.0,-0.009188973232121424
2024-06-21,Adaptive QQQ TQQQ Switch SMA 30,204302.2411137844,10000.0,0.0
2024-06-23,Adaptive QQQ TQQQ Switch SMA 30,197382.32649541425,10000.0,-0.03387096774193562
2024-06-24,Adaptive QQQ TQQQ Switch SMA 30,203972.72137005246,10000.0,0.03338898163606018
2024-06-25,Adaptive QQQ TQQQ Switch SMA 30,204467.0009856503,10000.0,0.0024232633279482043
2024-06-26,Adaptive QQQ TQQQ Switch SMA 30,205949.8398324439,10000.0,0.007252215954875185
2024-06-27,Adaptive QQQ TQQQ Switch SMA 30,202709.56235241343,10000.0,-0.015733333333333425
2024-06-28,Adaptive QQQ TQQQ Switch SMA 30,202709.56235241343,10000.0,0.0
2024-06-30,Adaptive QQQ TQQQ Switch SMA 30,206032.21976837685,10000.0,0.016391221891086535
2024-07-01,Adaptive QQQ TQQQ Switch SMA 30,212348.0148565718,10000.0,0.030654404904704745
2024-07-02,Adaptive QQQ TQQQ Switch SMA 30,217565.41079899372,10000.0,0.024570024570024645
2024-07-03,Adaptive QQQ TQQQ Switch SMA 30,217592.87077763805,10000.0,0.00012621481761947373
2024-07-04,Adaptive QQQ TQQQ Switch SMA 30,224155.80567363196,10000.0,0.030161534578495717
2024-07-05,Adaptive QQQ TQQQ Switch SMA 30,224128.34569498766,10000.0,-0.0001225039813792834
2024-07-07,Adaptive QQQ TQQQ Switch SMA 30,225638.64452042556,10000.0,0.006738544474393496
2024-07-08,Adaptive QQQ TQQQ Switch SMA 30,226132.9241360234,10000.0,0.002190580503833426
2024-07-09,Adaptive QQQ TQQQ Switch SMA 30,233217.5986262595,10000.0,0.03132969034608394
2024-07-10,Adaptive QQQ TQQQ Switch SMA 30,217894.93054272563,10000.0,-0.0657011656658426
2024-07-11,Adaptive QQQ TQQQ Switch SMA 30,221437.26778784368,10000.0,0.01625708884688099
2024-07-12,Adaptive QQQ TQQQ Switch SMA 30,221437.26778784368,10000.0,0.0
2024-07-14,Adaptive QQQ TQQQ Switch SMA 30,223084.8665065032,10000.0,0.00744047619047612
2024-07-15,Adaptive QQQ TQQQ Switch SMA 30,223249.62637836914,10000.0,0.0007385524372230709
2024-07-16,Adaptive QQQ TQQQ Switch SMA 30,203615.7416476762,10000.0,-0.08794587945879448
2024-07-17,Adaptive QQQ TQQQ Switch SMA 30,202652.1202288317,10000.0,-0.004732548726570714
2024-07-18,Adaptive QQQ TQQQ Switch SMA 30,200855.89609282775,10000.0,-0.00886358422490563
2024-07-19,Adaptive QQQ TQQQ Switch SMA 30,200855.89609282775,10000.0,0.0
2024-07-21,Adaptive QQQ TQQQ Switch SMA 30,203848.19418292373,10000.0,0.014897735880818079
2024-07-22,Adaptive QQQ TQQQ Switch SMA 30,203129.70452852215,10000.0,-0.0035246309504063456
2024-07-23,Adaptive QQQ TQQQ Switch SMA 30,195843.37415094377,10000.0,-0.035870334151720716
2024-07-24,Adaptive QQQ TQQQ Switch SMA 30,193683.67877800725,10000.0,-0.011027666278216611
2024-07-25,Adaptive QQQ TQQQ Switch SMA 30,195670.09135194105,10000.0,0.010255962642110646
2024-07-26,Adaptive QQQ TQQQ Switch SMA 30,195670.09135194105,10000.0,0.0
2024-07-28,Adaptive QQQ TQQQ Switch SMA 30,196063.147456996,10000.0,0.002008769466703998
2024-07-29,Adaptive QQQ TQQQ Switch SMA 30,193370.92445785596,10000.0,-0.013731407630954958
2024-07-30,Adaptive QQQ TQQQ Switch SMA 30,199093.48323467796,10000.0,0.029593687845605798
2024-07-31,Adaptive QQQ TQQQ Switch SMA 30,194271.14973072385,10000.0,-0.024221453287197166
2024-08-01,Adaptive QQQ TQQQ Switch SMA 30,189660.1367133584,10000.0,-0.02373493451681683
2024-08-02,Adaptive QQQ TQQQ Switch SMA 30,189660.1367133584,10000.0,0.0
2024-08-04,Adaptive QQQ TQQQ Switch SMA 30,184005.2004922448,10000.0,-0.02981615598885793
2024-08-05,Adaptive QQQ TQQQ Switch SMA 30,185763.38694066278,10000.0,0.009555091071961706
2024-08-06,Adaptive QQQ TQQQ Switch SMA 30,183751.61590833837,10000.0,-0.010829749960184723
2024-08-07,Adaptive QQQ TQQQ Switch SMA 30,189372.7408515978,10000.0,0.030590887135726965
2024-08-08,Adaptive QQQ TQQQ Switch SMA 30,190361.72072883294,10000.0,0.0052223982859821725
2024-08-09,Adaptive QQQ TQQQ Switch SMA 30,190361.72072883294,10000.0,0.0
2024-08-11,Adaptive QQQ TQQQ Switch SMA 30,190771.682472815,10000.0,0.0021535933926865973
2024-08-12,Adaptive QQQ TQQQ Switch SMA 30,195505.2613724019,10000.0,0.02481279631352738
2024-08-13,Adaptive QQQ TQQQ Switch SMA 30,195568.65751837852,10000.0,0.00032426823468380413
2024-08-14,Adaptive QQQ TQQQ Switch SMA 30,200509.33049482235,10000.0,0.025263112398158746
2024-08-15,Adaptive QQQ TQQQ Switch SMA 30,201036.52417710496,10000.0,0.0026292725679229745
2024-08-16,Adaptive QQQ TQQQ Switch SMA 30,201036.52417710496,10000.0,0.0
2024-08-18,Adaptive QQQ TQQQ Switch SMA 30,208827.27525972587,10000.0,0.038752913752913704
2024-08-19,Adaptive QQQ TQQQ Switch SMA 30,207538.57959192392,10000.0,-0.00617110799438987
2024-08-20,Adaptive QQQ TQQQ Switch SMA 30,210379.56776866913,10000.0,0.013688964154671166
2024-08-21,Adaptive QQQ TQQQ Switch SMA 30,200275.02219158562,10000.0,-0.04803007100097456
2024-08-22,Adaptive QQQ TQQQ Switch SMA 30,206572.05784107247,10000.0,0.031441942088330004
2024-08-23,Adaptive QQQ TQQQ Switch SMA 30,206542.76930316788,10000.0,-0.00014178363816822793
2024-08-25,Adaptive QQQ TQQQ Switch SMA 30,200509.33049482235,10000.0,-0.029211571185479332
2024-08-26,Adaptive QQQ TQQQ Switch SMA 30,202208.0656932886,10000.0,0.008472100496640557
2024-08-27,Adaptive QQQ TQQQ Switch SMA 30,195354.54782361456,10000.0,-0.03389339513325613
2024-08-28,Adaptive QQQ TQQQ Switch SMA 30,194329.44899695387,10000.0,-0.005247376311844206
2024-08-29,Adaptive QQQ TQQQ Switch SMA 30,200948.65856339122,10000.0,0.03406179351921636
2024-08-30,Adaptive QQQ TQQQ Switch SMA 30,200977.9471012958,10000.0,0.0001457513482000454
2024-09-02,Adaptive QQQ TQQQ Switch SMA 30,182614.03383511794,10000.0,-0.09137277761585548
2024-09-03,Adaptive QQQ TQQQ Switch SMA 30,182139.5165214995,10000.0,-0.002598471232758036
2024-09-04,Adaptive QQQ TQQQ Switch SMA 30,182309.55189221277,10000.0,0.0009335446473155312
2024-09-05,Adaptive QQQ TQQQ Switch SMA 30,177425.97787288943,10000.0,-0.026787263577997617
2024-09-06,Adaptive QQQ TQQQ Switch SMA 30,177425.97787288943,10000.0,0.0
2024-09-08,Adaptive QQQ TQQQ Switch SMA 30,179707.61528920484,10000.0,0.012859658115848318
2024-09-09,Adaptive QQQ TQQQ Switch SMA 30,181368.42588686946,10000.0,0.009241737446640069
2024-09-10,Adaptive QQQ TQQQ Switch SMA 30,185306.91958990265,10000.0,0.02171543191034749
2024-09-11,Adaptive QQQ TQQQ Switch SMA 30,190788.35394667383,10000.0,0.02958030044912515
2024-09-12,Adaptive QQQ TQQQ Switch SMA 30,193285.1329468785,10000.0,0.013086642599277833
2024-09-13,Adaptive QQQ TQQQ Switch SMA 30,193256.43433768078,10000.0,-0.00014847809948019162
2024-09-15,Adaptive QQQ TQQQ Switch SMA 30,190702.25811908062,10000.0,-0.013216513216513225
2024-09-16,Adaptive QQQ TQQQ Switch SMA 30,190817.0525558716,10000.0,0.0006019563581639133
2024-09-17,Adaptive QQQ TQQQ Switch SMA 30,188320.27355566696,10000.0,-0.013084674387125739
2024-09-18,Adaptive QQQ TQQQ Switch SMA 30,202554.78371775334,10000.0,0.07558671136848512
2024-09-19,Adaptive QQQ TQQQ Switch SMA 30,201263.34630385437,10000.0,-0.006375743836780998
2024-09-20,Adaptive QQQ TQQQ Switch SMA 30,201234.64769465663,10000.0,-0.00014259232853259526
2024-09-22,Adaptive QQQ TQQQ Switch SMA 30,202755.6739821376,10000.0,0.007558471192241887
2024-09-23,Adaptive QQQ TQQQ Switch SMA 30,205625.53490191308,10000.0,0.014154281670205236
2024-09-24,Adaptive QQQ TQQQ Switch SMA 30,205682.93212030857,10000.0,0.0002791346824842431
2024-09-25,Adaptive QQQ TQQQ Switch SMA 30,210045.12071836728,10000.0,0.021208315892284023
2024-09-26,Adaptive QQQ TQQQ Switch SMA 30,206429.0959594502,10000.0,-0.017215466593796844
2024-09-27,Adaptive QQQ TQQQ Switch SMA 30,206457.79456864792,10000.0,0.00013902405116072438
2024-09-29,Adaptive QQQ TQQQ Switch SMA 30,208036.21807452443,10000.0,0.007645259938837881
2024-09-30,Adaptive QQQ TQQQ Switch SMA 30,199225.74505081374,10000.0,-0.04235066905780099
2024-10-01,Adaptive QQQ TQQQ Switch SMA 30,199971.90888995538,10000.0,0.003745318352059999
2024-10-02,Adaptive QQQ TQQQ Switch SMA 30,199512.73114279125,10000.0,-0.002296211251435287
2024-10-03,Adaptive QQQ TQQQ Switch SMA 30,206543.8903962412,10000.0,0.035241657077100155
2024-10-04,Adaptive QQQ TQQQ Switch SMA 30,206572.58900543896,10000.0,0.0001389467833820358
2024-10-06,Adaptive QQQ TQQQ Switch SMA 30,199742.3200163733,10000.0,-0.0330647402056128
2024-10-07,Adaptive QQQ TQQQ Switch SMA 30,208409.2999940953,10000.0,0.0433908045977013
2024-10-08,Adaptive QQQ TQQQ Switch SMA 30,213431.55660370237,10000.0,0.024098044615808317
2024-10-09,Adaptive QQQ TQQQ Switch SMA 30,212685.39276456073,10000.0,-0.003496033346779684
2024-10-10,Adaptive QQQ TQQQ Switch SMA 30,213230.66633931806,10000.0,0.0025637565780596105
2024-10-11,Adaptive QQQ TQQQ Switch SMA 30,213230.66633931806,10000.0,0.0
2024-10-13,Adaptive QQQ TQQQ Switch SMA 30,218683.4020868915,10000.0,0.02557200538358016
2024-10-14,Adaptive QQQ TQQQ Switch SMA 30,209959.02489077402,10000.0,-0.03989501312335966
2024-10-15,Adaptive QQQ TQQQ Switch SMA 30,209844.230453983,10000.0,-0.000546746856205468
2024-10-16,Adaptive QQQ TQQQ Switch SMA 30,210475.59985633363,10000.0,0.0030087527352297434
2024-10-17,Adaptive QQQ TQQQ Switch SMA 30,214206.41905204172,10000.0,0.017725661303517822
2024-10-18,Adaptive QQQ TQQQ Switch SMA 30,214206.41905204172,10000.0,0.0
2024-10-20,Adaptive QQQ TQQQ Switch SMA 30,215383.06202914967,10000.0,0.005493033226152151
2024-10-21,Adaptive QQQ TQQQ Switch SMA 30,216014.43143150027,10000.0,0.0029313790806129096
2024-10-22,Adaptive QQQ TQQQ Switch SMA 30,206027.31543068163,10000.0,-0.046233559186926926
2024-10-23,Adaptive QQQ TQQQ Switch SMA 30,207697.9440020337,10000.0,0.008108772217216766
2024-10-24,Adaptive QQQ TQQQ Switch SMA 30,211201.9637375782,10000.0,0.016870748299319657
2024-10-25,Adaptive QQQ TQQQ Switch SMA 30,211201.9637375782,10000.0,0.0
2024-10-27,Adaptive QQQ TQQQ Switch SMA 30,211399.7713032944,10000.0,0.0009365801445010355
2024-10-28,Adaptive QQQ TQQQ Switch SMA 30,217249.22360375983,10000.0,0.02767009758053727
2024-10-29,Adaptive QQQ TQQQ Switch SMA 30,212417.06735554925,10000.0,-0.022242455775234052
2024-10-30,Adaptive QQQ TQQQ Switch SMA 30,196253.3634141665,10000.0,-0.076094186510576
2024-10-31,Adaptive QQQ TQQQ Switch SMA 30,197705.43955557953,10000.0,0.0073989872894491765
2024-11-01,Adaptive QQQ TQQQ Switch SMA 30,197705.43955557953,10000.0,0.0
2024-11-03,Adaptive QQQ TQQQ Switch SMA 30,197129.47639334307,10000.0,-0.0029132388240363043
2024-11-04,Adaptive QQQ TQQQ Switch SMA 30,199644.2451298685,10000.0,0.012756939157630478
2024-11-05,Adaptive QQQ TQQQ Switch SMA 30,215847.89101921345,10000.0,0.08116259939676448
2024-11-06,Adaptive QQQ TQQQ Switch SMA 30,225947.7986765923,10000.0,0.046791782906416404
2024-11-07,Adaptive QQQ TQQQ Switch SMA 30,226495.21914582694,10000.0,0.002422774076317418
2024-11-08,Adaptive QQQ TQQQ Switch SMA 30,226522.59016928865,10000.0,0.00012084592145021288
2024-11-10,Adaptive QQQ TQQQ Switch SMA 30,226084.65379390094,10000.0,-0.0019333011116482695
2024-11-11,Adaptive QQQ TQQQ Switch SMA 30,224852.95773812305,10000.0,-0.005447941888619717
2024-11-12,Adaptive QQQ TQQQ Switch SMA 30,223867.6008935007,10000.0,-0.0043822276323797855
2024-11-13,Adaptive QQQ TQQQ Switch SMA 30,219132.41383462117,10000.0,-0.021151730040347278
2024-11-14,Adaptive QQQ TQQQ Switch SMA 30,203284.5912502787,10000.0,-0.07232075943042726
2024-11-15,Adaptive QQQ TQQQ Switch SMA 30,203284.5912502787,10000.0,0.0
2024-11-17,Adaptive QQQ TQQQ Switch SMA 30,204696.94366748768,10000.0,0.006947660954145415
2024-11-18,Adaptive QQQ TQQQ Switch SMA 30,208803.30970120267,10000.0,0.020060710043552994
2024-11-19,Adaptive QQQ TQQQ Switch SMA 30,208560.16960710112,10000.0,-0.0011644455945142114
2024-11-20,Adaptive QQQ TQQQ Switch SMA 30,210613.35262395858,10000.0,0.00984455958549211
2024-11-21,Adaptive QQQ TQQQ Switch SMA 30,211396.8040382858,10000.0,0.0037198563365829435
2024-11-22,Adaptive QQQ TQQQ Switch SMA 30,211423.81960429708,10000.0,0.0001277955271566149
2024-11-24,Adaptive QQQ TQQQ Switch SMA 30,212369.36441469195,10000.0,0.004472271914132306
2024-11-25,Adaptive QQQ TQQQ Switch SMA 30,215665.2634680684,10000.0,0.015519653988042219
2024-11-26,Adaptive QQQ TQQQ Switch SMA 30,210451.25922789093,10000.0,-0.024176374796442347
2024-11-27,Adaptive QQQ TQQQ Switch SMA 30,210451.25922789093,10000.0,0.0
2024-11-28,Adaptive QQQ TQQQ Switch SMA 30,215827.35686413612,10000.0,0.02554557124518607
2024-11-29,Adaptive QQQ TQQQ Switch SMA 30,215800.3412981248,10000.0,-0.00012517211165358763
2024-12-01,Adaptive QQQ TQQQ Switch SMA 30,222824.38846105826,10000.0,0.032548823234852385
2024-12-02,Adaptive QQQ TQQQ Switch SMA 30,224796.52477988187,10000.0,0.008850630455867965
2024-12-03,Adaptive QQQ TQQQ Switch SMA 30,233009.25684731177,10000.0,0.03653407042422793
2024-12-04,Adaptive QQQ TQQQ Switch SMA 30,231091.15166051075,10000.0,-0.008231884057970942
2024-12-05,Adaptive QQQ TQQQ Switch SMA 30,237034.57618299287,10000.0,0.02571896188917452
2024-12-06,Adaptive QQQ TQQQ Switch SMA 30,237034.57618299287,10000.0,0.0
2024-12-08,Adaptive QQQ TQQQ Switch SMA 30,231496.38515067997,10000.0,-0.02336448598130838
2024-12-09,Adaptive QQQ TQQQ Switch SMA 30,228983.9375116307,10000.0,-0.010853075037927326
2024-12-10,Adaptive QQQ TQQQ Switch SMA 30,241221.9889147417,10000.0,0.05344502123643229
2024-12-11,Adaptive QQQ TQQQ Switch SMA 30,236440.23373074466,10000.0,-0.01982304849367242
2024-12-12,Adaptive QQQ TQQQ Switch SMA 30,241519.1601408658,10000.0,0.021480804387568667
2024-12-13,Adaptive QQQ TQQQ Switch SMA 30,241519.1601408658,10000.0,0.0
2024-12-15,Adaptive QQQ TQQQ Switch SMA 30,252028.21531925467,10000.0,0.04351230425055929
2024-12-16,Adaptive QQQ TQQQ Switch SMA 30,248651.26956784434,10000.0,-0.013399078143423731
2024-12-17,Adaptive QQQ TQQQ Switch SMA 30,221770.7813866182,10000.0,-0.10810517166449372
2024-12-18,Adaptive QQQ TQQQ Switch SMA 30,218636.97572930946,10000.0,-0.01413083201364352
2024-12-19,Adaptive QQQ TQQQ Switch SMA 30,220546.22757407793,10000.0,0.008732520372639418
2024-12-20,Adaptive QQQ TQQQ Switch SMA 30,220519.66534023784,10000.0,-0.00012043839576063008
2024-12-22,Adaptive QQQ TQQQ Switch SMA 30,225938.36104361154,10000.0,0.024572392194651967
2024-12-23,Adaptive QQQ TQQQ Switch SMA 30,234916.39608155424,10000.0,0.03973665647778034
2024-12-24,Adaptive QQQ TQQQ Switch SMA 30,234916.39608155424,10000.0,0.0
2024-12-25,Adaptive QQQ TQQQ Switch SMA 30,234411.71363859295,10000.0,-0.0021483491632745106
2024-12-26,Adaptive QQQ TQQQ Switch SMA 30,224875.87169000882,10000.0,-0.04067988668555245
2024-12-27,Adaptive QQQ TQQQ Switch SMA 30,224875.87169000882,10000.0,0.0
2024-12-29,Adaptive QQQ TQQQ Switch SMA 30,215844.71218438598,10000.0,-0.04016064257028103
2024-12-30,Adaptive QQQ TQQQ Switch SMA 30,214011.1561257998,10000.0,-0.008494792575784013
2024-12-31,Adaptive QQQ TQQQ Switch SMA 30,214011.1561257998,10000.0,0.0
2025-01-01,Adaptive QQQ TQQQ Switch SMA 30,213592.53602109978,10000.0,-0.0019560667409972026
2025-01-02,Adaptive QQQ TQQQ Switch SMA 30,217088.0138953451,10000.0,0.016365168649432653
2025-01-03,Adaptive QQQ TQQQ Switch SMA 30,217088.0138953451,10000.0,0.0
2025-01-05,Adaptive QQQ TQQQ Switch SMA 30,219582.98971935728,10000.0,0.011492922981989128
2025-01-06,Adaptive QQQ TQQQ Switch SMA 30,207754.7310312708,10000.0,-0.053866917028517654
2025-01-07,Adaptive QQQ TQQQ Switch SMA 30,207791.02499802576,10000.0,0.00017469622267951365
2025-01-08,Adaptive QQQ TQQQ Switch SMA 30,207791.02499802576,10000.0,0.0
2025-01-09,Adaptive QQQ TQQQ Switch SMA 30,204532.63331602595,10000.0,-0.015681099229530118
2025-01-10,Adaptive QQQ TQQQ Switch SMA 30,204532.63331602595,10000.0,0.0
2025-01-12,Adaptive QQQ TQQQ Switch SMA 30,203875.30925146412,10000.0,-0.0032137857607602584
2025-01-13,Adaptive QQQ TQQQ Switch SMA 30,203681.74142877106,10000.0,-0.0009494422027059462
2025-01-14,Adaptive QQQ TQQQ Switch SMA 30,208367.6958031322,10000.0,0.02300625643462434
2025-01-15,Adaptive QQQ TQQQ Switch SMA 30,206907.8718069887,10000.0,-0.007005999612928206
2025-01-16,Adaptive QQQ TQQQ Switch SMA 30,210400.1579414093,10000.0,0.016878459499493192
2025-01-17,Adaptive QQQ TQQQ Switch SMA 30,210400.1579414093,10000.0,0.0
2025-01-20,Adaptive QQQ TQQQ Switch SMA 30,213892.48675977765,10000.0,0.01659850853981231
2025-01-21,Adaptive QQQ TQQQ Switch SMA 30,222193.09438604445,10000.0,0.03880738286796026
2025-01-22,Adaptive QQQ TQQQ Switch SMA 30,223559.65783671034,10000.0,0.0061503416856492745
2025-01-23,Adaptive QQQ TQQQ Switch SMA 30,219535.88767641634,10000.0,-0.01799864161195385
2025-01-24,Adaptive QQQ TQQQ Switch SMA 30,219561.19440698423,10000.0,0.0001152737752161973
2025-01-26,Adaptive QQQ TQQQ Switch SMA 30,200277.46571425462,10000.0,-0.0878284923928078
2025-01-27,Adaptive QQQ TQQQ Switch SMA 30,203237.55738775048,10000.0,0.014779953715407924
2025-01-28,Adaptive QQQ TQQQ Switch SMA 30,201983.45993744492,10000.0,-0.006170598911070842
2025-01-29,Adaptive QQQ TQQQ Switch SMA 30,204516.24498414045,10000.0,0.012539566593620662
2025-01-30,Adaptive QQQ TQQQ Switch SMA 30,203409.68841034145,10000.0,-0.005410604785379377
2025-01-31,Adaptive QQQ TQQQ Switch SMA 30,203409.68841034145,10000.0,0.0
2025-02-02,Adaptive QQQ TQQQ Switch SMA 30,198491.659193457,10000.0,-0.024177949709864605
2025-02-03,Adaptive QQQ TQQQ Switch SMA 30,200928.22083571518,10000.0,0.012275385535890087
2025-02-04,Adaptive QQQ TQQQ Switch SMA 30,203546.41283465037,10000.0,0.013030484160191144
2025-02-05,Adaptive QQQ TQQQ Switch SMA 30,206596.9668150611,10000.0,0.014987019117300097
2025-02-06,Adaptive QQQ TQQQ Switch SMA 30,198718.37070817352,10000.0,-0.03813510056970121
2025-02-07,Adaptive QQQ TQQQ Switch SMA 30,198742.3908182555,10000.0,0.00012087513598441805
2025-02-09,Adaptive QQQ TQQQ Switch SMA 30,205708.22274202807,10000.0,0.03504955281605035
2025-02-10,Adaptive QQQ TQQQ Switch SMA 30,204242.99602702764,10000.0,-0.00712283979448855
2025-02-11,Adaptive QQQ TQQQ Switch SMA 30,204651.33789842122,10000.0,0.001999294366694128
2025-02-12,Adaptive QQQ TQQQ Switch SMA 30,213274.55741784998,10000.0,0.04213615023474182
2025-02-13,Adaptive QQQ TQQQ Switch SMA 30,215772.6488663753,10000.0,0.01171303074670562
2025-02-14,Adaptive QQQ TQQQ Switch SMA 30,215796.66897645727,10000.0,0.00011132138483808433
2025-02-17,Adaptive QQQ TQQQ Switch SMA 30,217117.77503096583,10000.0,0.006121994657168267
2025-02-18,Adaptive QQQ TQQQ Switch SMA 30,217141.79514104783,10000.0,0.00011063170704729634
2025-02-19,Adaptive QQQ TQQQ Switch SMA 30,214499.58303203064,10000.0,-0.012168141592920447
2025-02-20,Adaptive QQQ TQQQ Switch SMA 30,201072.341496207,10000.0,-0.06259798432250843
2025-02-21,Adaptive QQQ TQQQ Switch SMA 30,201072.341496207,10000.0,0.0
2025-02-23,Adaptive QQQ TQQQ Switch SMA 30,198698.8256037734,10000.0,-0.011804288321167951
2025-02-24,Adaptive QQQ TQQQ Switch SMA 30,196195.35876070746,10000.0,-0.012599303672071776
2025-02-25,Adaptive QQQ TQQQ Switch SMA 30,196669.2975218375,10000.0,0.002415647159666281
2025-02-26,Adaptive QQQ TQQQ Switch SMA 30,191207.535508492,10000.0,-0.027771299751243712
2025-02-27,Adaptive QQQ TQQQ Switch SMA 30,194226.9840673044,10000.0,0.01579147260479348
2025-02-28,Adaptive QQQ TQQQ Switch SMA 30,194226.9840673044,10000.0,0.0
2025-03-02,Adaptive QQQ TQQQ Switch SMA 30,189976.8235642672,10000.0,-0.02188244091544169
2025-03-03,Adaptive QQQ TQQQ Switch SMA 30,189403.51054677117,10000.0,-0.0030178050497937834
2025-03-04,Adaptive QQQ TQQQ Switch SMA 30,191872.5786087874,10000.0,0.013036020583190353
2025-03-05,Adaptive QQQ TQQQ Switch SMA 30,186594.27676104062,10000.0,-0.027509412163104326
2025-03-06,Adaptive QQQ TQQQ Switch SMA 30,187966.4059162478,10000.0,0.007353543629660041
2025-03-07,Adaptive QQQ TQQQ Switch SMA 30,187966.4059162478,10000.0,0.0
2025-03-09,Adaptive QQQ TQQQ Switch SMA 30,180681.50850726492,10000.0,-0.03875637975558674
2025-03-10,Adaptive QQQ TQQQ Switch SMA 30,180249.61270075126,10000.0,-0.0023903708247836933
2025-03-11,Adaptive QQQ TQQQ Switch SMA 30,182282.9628694705,10000.0,0.011280746395250197
2025-03-12,Adaptive QQQ TQQQ Switch SMA 30,179003.61240939322,10000.0,-0.017990438647991363
2025-03-13,Adaptive QQQ TQQQ Switch SMA 30,183330.2146480966,10000.0,0.02417047444164507
2025-03-14,Adaptive QQQ TQQQ Switch SMA 30,183330.2146480966,10000.0,0.0
2025-03-16,Adaptive QQQ TQQQ Switch SMA 30,184518.883637705,10000.0,0.00648375932952499
2025-03-17,Adaptive QQQ TQQQ Switch SMA 30,181373.30621504347,10000.0,-0.0170474553099819
2025-03-18,Adaptive QQQ TQQQ Switch SMA 30,183800.3313224433,10000.0,0.013381379862603713
2025-03-19,Adaptive QQQ TQQQ Switch SMA 30,183177.33117676427,10000.0,-0.003389548545405385
2025-03-20,Adaptive QQQ TQQQ Switch SMA 30,183781.22088852673,10000.0,0.0032967491549471773
2025-03-21,Adaptive QQQ TQQQ Switch SMA 30,183781.22088852673,10000.0,0.0
2025-03-23,Adaptive QQQ TQQQ Switch SMA 30,187534.51010973408,10000.0,0.0204225937941936
2025-03-24,Adaptive QQQ TQQQ Switch SMA 30,188604.69440905997,10000.0,0.005706599274446571
2025-03-25,Adaptive QQQ TQQQ Switch SMA 30,185134.23960981736,10000.0,-0.01840068090625377
2025-03-26,Adaptive QQQ TQQQ Switch SMA 30,184079.34365762467,10000.0,-0.005698005698005679
2025-03-27,Adaptive QQQ TQQQ Switch SMA 30,179232.9376163916,10000.0,-0.026327810306880958
2025-03-28,Adaptive QQQ TQQQ Switch SMA 30,179232.9376163916,10000.0,0.0
2025-03-30,Adaptive QQQ TQQQ Switch SMA 30,179225.293442825,10000.0,-4.264937945149019e-05
2025-03-31,Adaptive QQQ TQQQ Switch SMA 30,180670.042246915,10000.0,0.008061076516250048
2025-04-01,Adaptive QQQ TQQQ Switch SMA 30,181988.66218715586,10000.0,0.007298497990268646
2025-04-02,Adaptive QQQ TQQQ Switch SMA 30,172246.16297650672,10000.0,-0.053533550351779806
2025-04-03,Adaptive QQQ TQQQ Switch SMA 30,161548.14207003082,10000.0,-0.06210890693649316
2025-04-04,Adaptive QQQ TQQQ Switch SMA 30,161548.14207003082,10000.0,0.0
2025-04-06,Adaptive QQQ TQQQ Switch SMA 30,161937.99492192813,10000.0,0.0024132301795726733
2025-04-07,Adaptive QQQ TQQQ Switch SMA 30,159021.742706265,10000.0,-0.018008449573980966
2025-04-08,Adaptive QQQ TQQQ Switch SMA 30,178109.24410209944,10000.0,0.12003076479353939
2025-04-09,Adaptive QQQ TQQQ Switch SMA 30,170533.86809758528,10000.0,-0.042532188841201704
2025-04-10,Adaptive QQQ TQQQ Switch SMA 30,173675.62343346348,10000.0,0.018423057958671323
2025-04-11,Adaptive QQQ TQQQ Switch SMA 30,173675.62343346348,10000.0,0.0
2025-04-13,Adaptive QQQ TQQQ Switch SMA 30,174852.82616272202,10000.0,0.006778169014084598
2025-04-14,Adaptive QQQ TQQQ Switch SMA 30,175047.75258867064,10000.0,0.0011148028329107083
2025-04-15,Adaptive QQQ TQQQ Switch SMA 30,169769.45074092387,10000.0,-0.030153496801240205
2025-04-16,Adaptive QQQ TQQQ Switch SMA 30,169738.87404665744,10000.0,-0.00018010716376240282
2025-04-17,Adaptive QQQ TQQQ Switch SMA 30,169738.87404665744,10000.0,0.0
2025-04-20,Adaptive QQQ TQQQ Switch SMA 30,165538.4006718032,10000.0,-0.0247466786759739
2025-04-21,Adaptive QQQ TQQQ Switch SMA 30,169884.1133444231,10000.0,0.026251991410957964
2025-04-22,Adaptive QQQ TQQQ Switch SMA 30,173736.7768219964,10000.0,0.022678185745140352
2025-04-23,Adaptive QQQ TQQQ Switch SMA 30,178625.2258178459,10000.0,0.028137099612812435
2025-04-24,Adaptive QQQ TQQQ Switch SMA 30,184517.73422610623,10000.0,0.032988108937476
2025-04-25,Adaptive QQQ TQQQ Switch SMA 30,184517.73422610623,10000.0,0.0
2025-04-27,Adaptive QQQ TQQQ Switch SMA 30,184380.69914684436,10000.0,-0.0007426661715558698
2025-04-28,Adaptive QQQ TQQQ Switch SMA 30,187977.8699774684,10000.0,0.019509476031215108
2025-04-29,Adaptive QQQ TQQQ Switch SMA 30,188012.1287472839,10000.0,0.00018224895206861886
2025-04-30,Adaptive QQQ TQQQ Switch SMA 30,194487.03624240716,10000.0,0.03443877551020409
2025-05-01,Adaptive QQQ TQQQ Switch SMA 30,203599.8690133214,10000.0,0.04685573366214544
2025-05-02,Adaptive QQQ TQQQ Switch SMA 30,203634.12778313685,10000.0,0.000168265185932997
2025-05-04,Adaptive QQQ TQQQ Switch SMA 30,200071.21572232828,10000.0,-0.017496635262449517
2025-05-05,Adaptive QQQ TQQQ Switch SMA 30,194384.25993296076,10000.0,-0.028424657534246518
2025-05-06,Adaptive QQQ TQQQ Switch SMA 30,196645.3387407816,10000.0,0.011632005639760249
2025-05-07,Adaptive QQQ TQQQ Switch SMA 30,202503.5883792265,10000.0,0.029790940766550537
2025-05-08,Adaptive QQQ TQQQ Switch SMA 30,202023.96560180996,10000.0,-0.00236846557266115
2025-05-09,Adaptive QQQ TQQQ Switch SMA 30,202058.22437162543,10000.0,0.00016957775139898271
2025-05-11,Adaptive QQQ TQQQ Switch SMA 30,226484.72725005355,10000.0,0.12088843675822318
2025-05-12,Adaptive QQQ TQQQ Switch SMA 30,236865.1345041401,10000.0,0.04583270307063986
2025-05-13,Adaptive QQQ TQQQ Switch SMA 30,241044.7044216271,10000.0,0.01764535724616718
2025-05-14,Adaptive QQQ TQQQ Switch SMA 30,241798.39735756736,10000.0,0.0031267765776008933
2025-05-15,Adaptive QQQ TQQQ Switch SMA 30,244778.910331513,10000.0,0.01232643808444325
2025-05-16,Adaptive QQQ TQQQ Switch SMA 30,244744.65156169754,10000.0,-0.00013995801259629272
2025-05-18,Adaptive QQQ TQQQ Switch SMA 30,245429.8269580069,10000.0,0.002799552071668573
2025-05-19,Adaptive QQQ TQQQ Switch SMA 30,242860.41922184685,10000.0,-0.010469011725293131
2025-05-20,Adaptive QQQ TQQQ Switch SMA 30,232754.08212628402,10000.0,-0.041613767809282026
2025-05-21,Adaptive QQQ TQQQ Switch SMA 30,233953.1390698254,10000.0,0.0051516043567855245
2025-05-22,Adaptive QQQ TQQQ Switch SMA 30,227204.16141617834,10000.0,-0.028847561868502167
2025-05-23,Adaptive QQQ TQQQ Switch SMA 30,227204.16141617834,10000.0,0.0
2025-05-26,Adaptive QQQ TQQQ Switch SMA 30,243031.7130709242,10000.0,0.06966224366706883
2025-05-27,Adaptive QQQ TQQQ Switch SMA 30,239914.16501771667,10000.0,-0.01282774175359454
2025-05-28,Adaptive QQQ TQQQ Switch SMA 30,241078.96319144257,10000.0,0.004855062116235947
2025-05-29,Adaptive QQQ TQQQ Switch SMA 30,239811.38870827027,10000.0,-0.005257922410118012
2025-05-30,Adaptive QQQ TQQQ Switch SMA 30,239811.38870827027,10000.0,0.0
2025-06-01,Adaptive QQQ TQQQ Switch SMA 30,245327.05064856046,10000.0,0.022999999999999993
2025-06-02,Adaptive QQQ TQQQ Switch SMA 30,251048.26520774345,10000.0,0.02332076525624915
2025-06-03,Adaptive QQQ TQQQ Switch SMA 30,253069.532626856,10000.0,0.008051310043668169
2025-06-04,Adaptive QQQ TQQQ Switch SMA 30,247177.02421859567,10000.0,-0.023284147827264096
2025-06-05,Adaptive QQQ TQQQ Switch SMA 30,254234.33080058184,10000.0,0.028551628551628384
2025-06-06,Adaptive QQQ TQQQ Switch SMA 30,254200.0720307664,10000.0,-0.0001347527287426345
2025-06-08,Adaptive QQQ TQQQ Switch SMA 30,255364.8702044923,10000.0,0.004582210242587647
2025-06-09,Adaptive QQQ TQQQ Switch SMA 30,260298.13305791956,10000.0,0.019318486718540348
2025-06-10,Adaptive QQQ TQQQ Switch SMA 30,257625.94901231313,10000.0,-0.010265859436693881
2025-06-11,Adaptive QQQ TQQQ Switch SMA 30,259304.62873327103,10000.0,0.006515957446808442
2025-06-12,Adaptive QQQ TQQQ Switch SMA 30,249506.62056604744,10000.0,-0.03778570484872506
2025-06-13,Adaptive QQQ TQQQ Switch SMA 30,249540.8793358629,10000.0,0.00013730605519710444
2025-06-15,Adaptive QQQ TQQQ Switch SMA 30,259681.47520124118,10000.0,0.040637012630422756
2025-06-16,Adaptive QQQ TQQQ Switch SMA 30,252007.51076257654,10000.0,-0.029551451187335025
2025-06-17,Adaptive QQQ TQQQ Switch SMA 30,251664.92306442183,10000.0,-0.0013594344752584084
2025-06-18,Adaptive QQQ TQQQ Switch SMA 30,251664.92306442183,10000.0,0.0
2025-06-19,Adaptive QQQ TQQQ Switch SMA 30,248204.78731305967,10000.0,-0.013748979036210059
2025-06-20,Adaptive QQQ TQQQ Switch SMA 30,248170.52854324417,10000.0,-0.00013802622498281734
2025-06-22,Adaptive QQQ TQQQ Switch SMA 30,255913.01052153978,10000.0,0.031198233020430774
2025-06-23,Adaptive QQQ TQQQ Switch SMA 30,267560.99225879856,10000.0,0.04551539491298516
2025-06-24,Adaptive QQQ TQQQ Switch SMA 30,268862.8255117864,10000.0,0.004865556978233159
2025-06-25,Adaptive QQQ TQQQ Switch SMA 30,276228.4610221118,10000.0,0.02739551478083577
2025-06-26,Adaptive QQQ TQQQ Switch SMA 30,278934.9038375337,10000.0,0.009797841994295006
2025-06-27,Adaptive QQQ TQQQ Switch SMA 30,278934.9038375337,10000.0,0.0
2025-06-29,Adaptive QQQ TQQQ Switch SMA 30,284347.78946837754,10000.0,0.019405551461557334
2025-06-30,Adaptive QQQ TQQQ Switch SMA 30,277119.189037314,10000.0,-0.025421686746987946
2025-07-01,Adaptive QQQ TQQQ Switch SMA 30,282634.8509776042,10000.0,0.019903572753121514
2025-07-02,Adaptive QQQ TQQQ Switch SMA 30,290548.62680497713,10000.0,0.02800000000000003
2025-07-03,Adaptive QQQ TQQQ Switch SMA 30,290514.36803516163,10000.0,-0.00011791062374725994
2025-07-06,Adaptive QQQ TQQQ Switch SMA 30,284073.7193098538,10000.0,-0.022169811320754663
2025-07-07,Adaptive QQQ TQQQ Switch SMA 30,284450.5657778239,10000.0,0.001326579835986486
2025-07-08,Adaptive QQQ TQQQ Switch SMA 30,290343.07418608427,10000.0,0.02071540407081776
2025-07-09,Adaptive QQQ TQQQ Switch SMA 30,289006.98216328106,10000.0,-0.004601769911504431
2025-07-10,Adaptive QQQ TQQQ Switch SMA 30,286814.4208950912,10000.0,-0.007586533902323383
2025-07-11,Adaptive QQQ TQQQ Switch SMA 30,286814.4208950912,10000.0,0.0
2025-07-13,Adaptive QQQ TQQQ Switch SMA 30,289863.4514086678,10000.0,0.010630673674151943
2025-07-14,Adaptive QQQ TQQQ Switch SMA 30,290617.14434460807,10000.0,0.002600165465075037
2025-07-15,Adaptive QQQ TQQQ Switch SMA 30,291439.3548201793,10000.0,0.0028291877873393243
2025-07-16,Adaptive QQQ TQQQ Switch SMA 30,298222.5912436418,10000.0,0.023274950041142637
2025-07-17,Adaptive QQQ TQQQ Switch SMA 30,297194.82814917783,10000.0,-0.0034462952326248957
2025-07-18,Adaptive QQQ TQQQ Switch SMA 30,297229.08691899333,10000.0,0.0001152737752161973
2025-07-20,Adaptive QQQ TQQQ Switch SMA 30,301716.9857648195,10000.0,0.015099124020285707
2025-07-21,Adaptive QQQ TQQQ Switch SMA 30,297023.5343001005,10000.0,-0.01555580788009527
2025-07-22,Adaptive QQQ TQQQ Switch SMA 30,300929.03405906376,10000.0,0.013148788927335646
2025-07-23,Adaptive QQQ TQQQ Switch SMA 30,302916.0427083609,10000.0,0.006602914389799616
2025-07-24,Adaptive QQQ TQQQ Switch SMA 30,304628.9811991342,10000.0,0.005654829224157431
2025-07-25,Adaptive QQQ TQQQ Switch SMA 30,304628.9811991342,10000.0,0.0
2025-07-27,Adaptive QQQ TQQQ Switch SMA 30,307592.36478817207,10000.0,0.009727845254160986
2025-07-28,Adaptive QQQ TQQQ Switch SMA 30,306204.88461064565,10000.0,-0.004510775742050467
2025-07-29,Adaptive QQQ TQQQ Switch SMA 30,307266.9064749251,10000.0,0.00346833743566796
2025-07-30,Adaptive QQQ TQQQ Switch SMA 30,302196.6085422359,10000.0,-0.016501282194224597
2025-07-31,Adaptive QQQ TQQQ Switch SMA 30,284073.7193098538,10000.0,-0.05997052488379993
2025-08-01,Adaptive QQQ TQQQ Switch SMA 30,284073.7193098538,10000.0,0.0
2025-08-03,Adaptive QQQ TQQQ Switch SMA 30,289315.34820301965,10000.0,0.018451650176933683
2025-08-04,Adaptive QQQ TQQQ Switch SMA 30,283294.83672657906,10000.0,-0.02080951292019201
2025-08-05,Adaptive QQQ TQQQ Switch SMA 30,293880.3514104307,10000.0,0.0373657169546941
2025-08-06,Adaptive QQQ TQQQ Switch SMA 30,296857.52741526393,10000.0,0.010130571814497877
2025-08-07,Adaptive QQQ TQQQ Switch SMA 30,304862.82289492677,10000.0,0.026966792957432605
2025-08-08,Adaptive QQQ TQQQ Switch SMA 30,304862.82289492677,10000.0,0.0
2025-08-10,Adaptive QQQ TQQQ Switch SMA 30,302183.36449057685,10000.0,-0.008789062500000024
2025-08-11,Adaptive QQQ TQQQ Switch SMA 30,313331.2346420081,10000.0,0.03689107827038867
2025-08-12,Adaptive QQQ TQQQ Switch SMA 30,313794.35090942663,10000.0,0.0014780405405405465
2025-08-13,Adaptive QQQ TQQQ Switch SMA 30,312934.2778413637,10000.0,-0.0027408812987561155
2025-08-14,Adaptive QQQ TQQQ Switch SMA 30,308501.5935675009,10000.0,-0.014164904862579169
2025-08-15,Adaptive QQQ TQQQ Switch SMA 30,308501.5935675009,10000.0,0.0
2025-08-17,Adaptive QQQ TQQQ Switch SMA 30,308104.6367668564,10000.0,-0.0012867252841518822
2025-08-18,Adaptive QQQ TQQQ Switch SMA 30,295534.3380797826,10000.0,-0.04079879750912602
2025-08-19,Adaptive QQQ TQQQ Switch SMA 30,290142.34153769567,10000.0,-0.018244907096485446
2025-08-20,Adaptive QQQ TQQQ Switch SMA 30,288799.04248339497,10000.0,-0.004629793249690766
2025-08-21,Adaptive QQQ TQQQ Switch SMA 30,293254.48858334654,10000.0,0.015427496094304884
2025-08-22,Adaptive QQQ TQQQ Switch SMA 30,293254.48858334654,10000.0,0.0
2025-08-24,Adaptive QQQ TQQQ Switch SMA 30,290691.18867207365,10000.0,-0.008740871874308387
2025-08-25,Adaptive QQQ TQQQ Switch SMA 30,294065.65944134427,10000.0,0.011608438441790289
2025-08-26,Adaptive QQQ TQQQ Switch SMA 30,295395.97964846063,10000.0,0.004523888337195308
2025-08-27,Adaptive QQQ TQQQ Switch SMA 30,300782.1541455657,10000.0,0.018233743409490296
2025-08-28,Adaptive QQQ TQQQ Switch SMA 30,289944.91148271575,10000.0,-0.03603020496224383
2025-08-29,Adaptive QQQ TQQQ Switch SMA 30,289944.91148271575,10000.0,0.0
2025-09-01,Adaptive QQQ TQQQ Switch SMA 30,282547.0332577763,10000.0,-0.025514771709937344
2025-09-02,Adaptive QQQ TQQQ Switch SMA 30,284769.9643740683,10000.0,0.007867472861638636
2025-09-03,Adaptive QQQ TQQQ Switch SMA 30,287347.56539880246,10000.0,0.009051519988773252
2025-09-04,Adaptive QQQ TQQQ Switch SMA 30,288289.4826804856,10000.0,0.003277972027971997
2025-09-05,Adaptive QQQ TQQQ Switch SMA 30,288289.4826804856,10000.0,0.0
2025-09-07,Adaptive QQQ TQQQ Switch SMA 30,292402.5214771686,10000.0,0.014267044216946224
2025-09-08,Adaptive QQQ TQQQ Switch SMA 30,294788.71192409925,10000.0,0.008160635670568078
2025-09-09,Adaptive QQQ TQQQ Switch SMA 30,295102.68435132696,10000.0,0.001065076152944875
2025-09-10,Adaptive QQQ TQQQ Switch SMA 30,300063.4487015248,10000.0,0.0168102989679753
2025-09-11,Adaptive QQQ TQQQ Switch SMA 30,303799.7205855346,10000.0,0.01245160615255846
2025-09-12,Adaptive QQQ TQQQ Switch SMA 30,303799.7205855346,10000.0,0.0
2025-09-14,Adaptive QQQ TQQQ Switch SMA 30,311554.8395380591,10000.0,0.02552707730467134
2025-09-15,Adaptive QQQ TQQQ Switch SMA 30,310707.11398454424,10000.0,-0.0027209513252041745
2025-09-16,Adaptive QQQ TQQQ Switch SMA 30,308729.0876930097,10000.0,-0.00636620856911879
2025-09-17,Adaptive QQQ TQQQ Switch SMA 30,317049.3570145441,10000.0,0.026950066103935785
2025-09-18,Adaptive QQQ TQQQ Switch SMA 30,323328.8055590983,10000.0,0.019805902158843335
2025-09-19,Adaptive QQQ TQQQ Switch SMA 30,323328.8055590983,10000.0,0.0
2025-09-21,Adaptive QQQ TQQQ Switch SMA 30,328791.9257928605,10000.0,0.016896484754321178
2025-09-22,Adaptive QQQ TQQQ Switch SMA 30,322167.10757835576,10000.0,-0.02014896867838044
2025-09-23,Adaptive QQQ TQQQ Switch SMA 30,318399.4384516232,10000.0,-0.01169476659195013
2025-09-24,Adaptive QQQ TQQQ Switch SMA 30,314129.4134413263,10000.0,-0.013410906222266044
2025-09-25,Adaptive QQQ TQQQ Switch SMA 30,317897.08256805886,10000.0,0.011994002998500779
2025-09-26,Adaptive QQQ TQQQ Switch SMA 30,317928.4798107816,10000.0,9.876543209881596e-05
2025-09-28,Adaptive QQQ TQQQ Switch SMA 30,322135.7103356329,10000.0,0.013233260912502362
2025-09-29,Adaptive QQQ TQQQ Switch SMA 30,324647.4897534547,10000.0,0.0077972709551658035
2025-09-30,Adaptive QQQ TQQQ Switch SMA 30,329231.48719097924,10000.0,0.014119922630560867
2025-10-01,Adaptive QQQ TQQQ Switch SMA 30,333250.3342594939,10000.0,0.012206751859622365
2025-10-02,Adaptive QQQ TQQQ Switch SMA 30,328729.1313074149,10000.0,-0.013566986998304106
2025-10-03,Adaptive QQQ TQQQ Switch SMA 30,328729.1313074149,10000.0,0.0
2025-10-05,Adaptive QQQ TQQQ Switch SMA 30,336076.0861045434,10000.0,0.0223495702005731
2025-10-06,Adaptive QQQ TQQQ Switch SMA 30,330644.36311350396,10000.0,-0.016162182361733966
2025-10-07,Adaptive QQQ TQQQ Switch SMA 30,341853.17876553326,10000.0,0.03389991453803051
2025-10-08,Adaptive QQQ TQQQ Switch SMA 30,340503.09732845414,10000.0,-0.003949301983835347
2025-10-09,Adaptive QQQ TQQQ Switch SMA 30,304773.03510994045,10000.0,-0.10493314891655149
2025-10-10,Adaptive QQQ TQQQ Switch SMA 30,304773.03510994045,10000.0,0.0
2025-10-12,Adaptive QQQ TQQQ Switch SMA 30,311240.7376870827,10000.0,0.02122137404580151
2025-10-13,Adaptive QQQ TQQQ Switch SMA 30,304909.1911488392,10000.0,-0.020342923568730104
2025-10-14,Adaptive QQQ TQQQ Switch SMA 30,311150.28702225065,10000.0,0.020468703648768984
2025-10-15,Adaptive QQQ TQQQ Switch SMA 30,307683.0115370221,10000.0,-0.011143410852713233
2025-10-16,Adaptive QQQ TQQQ Switch SMA 30,313532.15452949464,10000.0,0.01901028907398332
2025-10-17,Adaptive QQQ TQQQ Switch SMA 30,313502.00430788397,10000.0,-9.616309260497072e-05
2025-10-19,Adaptive QQQ TQQQ Switch SMA 30,325290.74095766107,10000.0,0.03760338526639735
2025-10-20,Adaptive QQQ TQQQ Switch SMA 30,324928.93829833285,10000.0,-0.0011122439521735522
2025-10-21,Adaptive QQQ TQQQ Switch SMA 30,315371.31804774626,10000.0,-0.029414493829451625
2025-10-22,Adaptive QQQ TQQQ Switch SMA 30,323270.6761097452,10000.0,0.02504780114722758
2025-10-23,Adaptive QQQ TQQQ Switch SMA 30,333340.8501277134,10000.0,0.03115090468196235
2025-10-24,Adaptive QQQ TQQQ Switch SMA 30,333340.8501277134,10000.0,0.0
2025-10-26,Adaptive QQQ TQQQ Switch SMA 30,351039.0302131844,10000.0,0.053093342981186724
2025-10-27,Adaptive QQQ TQQQ Switch SMA 30,359058.9891616261,10000.0,0.02284634544361416
2025-10-28,Adaptive QQQ TQQQ Switch SMA 30,363641.8228464499,10000.0,0.012763456209589352
2025-10-29,Adaptive QQQ TQQQ Switch SMA 30,346998.9005173528,10000.0,-0.045767349307685896
2025-10-30,Adaptive QQQ TQQQ Switch SMA 30,351913.38663989416,10000.0,0.014162829090277135
2025-10-31,Adaptive QQQ TQQQ Switch SMA 30,351913.38663989416,10000.0,0.0
2025-11-02,Adaptive QQQ TQQQ Switch SMA 30,356737.4220976035,10000.0,0.01370801919122682
2025-11-03,Adaptive QQQ TQQQ Switch SMA 30,334908.6616514689,10000.0,-0.06118999323867474
2025-11-04,Adaptive QQQ TQQQ Switch SMA 30,341421.1095193765,10000.0,0.019445444724522837
2025-11-05,Adaptive QQQ TQQQ Switch SMA 30,322275.7187965927,10000.0,-0.056075591663723015
2025-11-06,Adaptive QQQ TQQQ Switch SMA 30,321258.84345976496,10000.0,-0.003155296156424134
2025-11-07,Adaptive QQQ TQQQ Switch SMA 30,321258.84345976496,10000.0,0.0
2025-11-09,Adaptive QQQ TQQQ Switch SMA 30,328366.43324930186,10000.0,0.022124184078459685
2025-11-10,Adaptive QQQ TQQQ Switch SMA 30,325656.9950191373,10000.0,-0.008251264306627563
2025-11-11,Adaptive QQQ TQQQ Switch SMA 30,324986.9188976987,10000.0,-0.0020576131687243156
2025-11-12,Adaptive QQQ TQQQ Switch SMA 30,304913.7689989524,10000.0,-0.06176602420439266
2025-11-13,Adaptive QQQ TQQQ Switch SMA 30,305144.30866650585,10000.0,0.0007560815253123544
2025-11-14,Adaptive QQQ TQQQ Switch SMA 30,305144.30866650585,10000.0,0.0
2025-11-16,Adaptive QQQ TQQQ Switch SMA 30,302538.2080767712,10000.0,-0.008540551194034829
2025-11-17,Adaptive QQQ TQQQ Switch SMA 30,298854.58512781933,10000.0,-0.012175728058841108
2025-11-18,Adaptive QQQ TQQQ Switch SMA 30,300638.7616854069,10000.0,0.0059700491355168615
2025-11-19,Adaptive QQQ TQQQ Switch SMA 30,293522.10238267,10000.0,-0.023671795555703812
2025-11-20,Adaptive QQQ TQQQ Switch SMA 30,295727.2644201378,10000.0,0.007512763160141532
2025-11-21,Adaptive QQQ TQQQ Switch SMA 30,295727.2644201378,10000.0,0.0
2025-11-23,Adaptive QQQ TQQQ Switch SMA 30,303289.9678622716,10000.0,0.0255732370735674
2025-11-24,Adaptive QQQ TQQQ Switch SMA 30,305159.3438622159,10000.0,0.006163659197567616
2025-11-25,Adaptive QQQ TQQQ Switch SMA 30,307855.65562621056,10000.0,0.008835750299725723
2025-11-26,Adaptive QQQ TQQQ Switch SMA 30,307855.65562621056,10000.0,0.0
2025-11-27,Adaptive QQQ TQQQ Switch SMA 30,314604.59917282226,10000.0,0.021922428330522797
2025-11-28,Adaptive QQQ TQQQ Switch SMA 30,314604.59917282226,10000.0,0.0
2025-11-30,Adaptive QQQ TQQQ Switch SMA 30,311778.11854219,10000.0,-0.00898423175650902
2025-12-01,Adaptive QQQ TQQQ Switch SMA 30,318988.52831421106,10000.0,0.023126734505087884
2025-12-02,Adaptive QQQ TQQQ Switch SMA 30,321238.1761630816,10000.0,0.007052441229656431
2025-12-03,Adaptive QQQ TQQQ Switch SMA 30,320199.8771559106,10000.0,-0.0032321781289279894
2025-12-04,Adaptive QQQ TQQQ Switch SMA 30,323891.60695918533,10000.0,0.011529454152404982
2025-12-05,Adaptive QQQ TQQQ Switch SMA 30,323891.60695918533,10000.0,0.0
2025-12-07,Adaptive QQQ TQQQ Switch SMA 30,321872.69222301943,10000.0,-0.006233303650935021
2025-12-08,Adaptive QQQ TQQQ Switch SMA 30,323084.0410647189,10000.0,0.003763440860215069
2025-12-09,Adaptive QQQ TQQQ Switch SMA 30,326775.77086799365,10000.0,0.01142653097661133
2025-12-10,Adaptive QQQ TQQQ Switch SMA 30,323660.87384648056,10000.0,-0.009532215357458062
2025-12-11,Adaptive QQQ TQQQ Switch SMA 30,304683.0753265212,10000.0,-0.05863482445196933
2025-12-12,Adaptive QQQ TQQQ Switch SMA 30,304683.0753265212,10000.0,0.0
2025-12-14,Adaptive QQQ TQQQ Switch SMA 30,300068.41307242773,10000.0,-0.015145778114350571
2025-12-15,Adaptive QQQ TQQQ Switch SMA 30,300663.10429629125,10000.0,0.001981852130900574
2025-12-16,Adaptive QQQ TQQQ Switch SMA 30,295089.7171238843,10000.0,-0.01853698406211693
2025-12-17,Adaptive QQQ TQQQ Switch SMA 30,299365.59617149807,10000.0,0.014490098432737707
2025-12-18,Adaptive QQQ TQQQ Switch SMA 30,303267.9501528835,10000.0,0.013035412322897245
2025-12-19,Adaptive QQQ TQQQ Switch SMA 30,303267.9501528835,10000.0,0.0
2025-12-21,Adaptive QQQ TQQQ Switch SMA 30,307404.4524625173,10000.0,0.013639760837070195
2025-12-22,Adaptive QQQ TQQQ Switch SMA 30,311710.94801775255,10000.0,0.014009216589861715
2025-12-23,Adaptive QQQ TQQQ Switch SMA 30,313694.2025497688,10000.0,0.006362479549172904
2025-12-24,Adaptive QQQ TQQQ Switch SMA 30,313694.2025497688,10000.0,0.0
2025-12-25,Adaptive QQQ TQQQ Switch SMA 30,313410.8804737665,10000.0,-0.0009031791907513938
2025-12-26,Adaptive QQQ TQQQ Switch SMA 30,313410.8804737665,10000.0,0.0
2025-12-28,Adaptive QQQ TQQQ Switch SMA 30,308764.39842732844,10000.0,-0.014825528837461585
2025-12-29,Adaptive QQQ TQQQ Switch SMA 30,306554.4862345103,10000.0,-0.007157276564507259
2025-12-30,Adaptive QQQ TQQQ Switch SMA 30,298734.7969368463,10000.0,-0.02550831792975975
2025-12-31,Adaptive QQQ TQQQ Switch SMA 30,298734.7969368463,10000.0,0.0
2026-01-01,Adaptive QQQ TQQQ Switch SMA 30,298156.10798769223,10000.0,-0.0019371327180087267
2026-01-04,Adaptive QQQ TQQQ Switch SMA 30,300524.35604011273,10000.0,0.007942980167014621
2026-01-05,Adaptive QQQ TQQQ Switch SMA 30,303164.9283038998,10000.0,0.008786549944173773
2026-01-06,Adaptive QQQ TQQQ Switch SMA 30,304046.7023182358,10000.0,0.0029085620796219544
2026-01-07,Adaptive QQQ TQQQ Switch SMA 30,298645.8364804277,10000.0,-0.017763277143375094
2026-01-08,Adaptive QQQ TQQQ Switch SMA 30,307298.24399609986,10000.0,0.02897213508027312
