Date,Strategy_Name,Portfolio_Value,Total_Invested,Daily_Return
2016-01-11,Adaptive Conservative SMA 30,10000.0,10000.0,0.0
2016-01-12,Adaptive Conservative SMA 30,10069.044879171463,10000.0,0.006904487917146161
2016-01-13,Adaptive Conservative SMA 30,9861.134566819968,10000.0,-0.02064846416382258
2016-01-14,Adaptive Conservative SMA 30,9987.194431385502,10000.0,0.012783505154639186
2016-01-15,Adaptive Conservative SMA 30,9801.122687412948,10000.0,-0.018631032493751143
2016-01-19,Adaptive Conservative SMA 30,9813.95876435251,10000.0,0.001309653735489625
2016-01-20,Adaptive Conservative SMA 30,9795.88732261239,10000.0,-0.0018414018414018548
2016-01-21,Adaptive Conservative SMA 30,9801.72399827631,10000.0,0.000595829195630552
2016-01-22,Adaptive Conservative SMA 30,9972.08729634159,10000.0,0.017380952380952393
2016-01-25,Adaptive Conservative SMA 30,9883.249958684248,10000.0,-0.00890860007713069
2016-01-26,Adaptive Conservative SMA 30,9936.641561514485,10000.0,0.005402231356429756
2016-01-27,Adaptive Conservative SMA 30,9788.025642136645,10000.0,-0.01495635305528609
2016-01-28,Adaptive Conservative SMA 30,9870.979962708618,10000.0,0.008475082065055217
2016-01-29,Adaptive Conservative SMA 30,9994.718191176902,10000.0,0.01253555664541439
2016-02-01,Adaptive Conservative SMA 30,10010.851095251823,10000.0,0.0016141429669485076
2016-02-02,Adaptive Conservative SMA 30,9880.775260783046,10000.0,-0.012993484093522452
2016-02-03,Adaptive Conservative SMA 30,9852.323273254446,10000.0,-0.002879529872673819
2016-02-04,Adaptive Conservative SMA 30,9851.74150040099,10000.0,-5.90493061706827e-05
2016-02-05,Adaptive Conservative SMA 30,9646.367597863104,10000.0,-0.020846456692913396
2016-02-08,Adaptive Conservative SMA 30,9557.841740433953,10000.0,-0.009177118384827165
2016-02-09,Adaptive Conservative SMA 30,9540.026564776106,10000.0,-0.0018639328984156394
2016-02-10,Adaptive Conservative SMA 30,9562.026002787745,10000.0,0.0023060143346837303
2016-02-11,Adaptive Conservative SMA 30,9553.714639126381,10000.0,-0.0008692052980132486
2016-02-12,Adaptive Conservative SMA 30,9641.034600905754,10000.0,0.009139896373056988
2016-02-16,Adaptive Conservative SMA 30,9771.523647356718,10000.0,0.01353475553740946
2016-02-17,Adaptive Conservative SMA 30,10482.179912619025,10000.0,0.0727272727272728
2016-02-18,Adaptive Conservative SMA 30,10126.851779987872,10000.0,-0.03389830508474579
2016-02-19,Adaptive Conservative SMA 30,10186.073135426397,10000.0,0.005847953216374275
2016-02-22,Adaptive Conservative SMA 30,10719.065334373128,10000.0,0.05232558139534888
2016-02-23,Adaptive Conservative SMA 30,10186.073135426399,10000.0,-0.04972375690607739
2016-02-24,Adaptive Conservative SMA 30,10482.179912619027,10000.0,0.029069767441860492
2016-02-25,Adaptive Conservative SMA 30,10778.286689811655,10000.0,0.028248587570621493
2016-02-26,Adaptive Conservative SMA 30,10719.06533437313,10000.0,-0.005494505494505499
2016-02-29,Adaptive Conservative SMA 30,10422.958557180502,10000.0,-0.027624309392265217
2016-03-01,Adaptive Conservative SMA 30,11429.721599635435,10000.0,0.09659090909090905
2016-03-02,Adaptive Conservative SMA 30,11429.721599635435,10000.0,0.0
2016-03-03,Adaptive Conservative SMA 30,11370.50024419691,10000.0,-0.005181347150259072
2016-03-04,Adaptive Conservative SMA 30,11429.721599635435,10000.0,0.005208333333333338
2016-03-07,Adaptive Conservative SMA 30,11192.836177881332,10000.0,-0.020725388601036288
2016-03-08,Adaptive Conservative SMA 30,10896.729400688706,10000.0,-0.026455026455026363
2016-03-09,Adaptive Conservative SMA 30,11133.614822442807,10000.0,0.021739130434782507
2016-03-10,Adaptive Conservative SMA 30,11074.393467004282,10000.0,-0.0053191489361701
2016-03-11,Adaptive Conservative SMA 30,11666.607021389538,10000.0,0.05347593582887693
2016-03-14,Adaptive Conservative SMA 30,11725.828376828063,10000.0,0.0050761421319797
2016-03-15,Adaptive Conservative SMA 30,11725.828376828063,10000.0,0.0
2016-03-16,Adaptive Conservative SMA 30,12021.93515402069,10000.0,0.025252525252525162
2016-03-17,Adaptive Conservative SMA 30,11962.713798582166,10000.0,-0.0049261083743841316
2016-03-18,Adaptive Conservative SMA 30,12021.935154020692,10000.0,0.004950495049504845
2016-03-21,Adaptive Conservative SMA 30,12199.59922033627,10000.0,0.014778325123152834
2016-03-22,Adaptive Conservative SMA 30,12258.820575774795,10000.0,0.004854368932038731
2016-03-23,Adaptive Conservative SMA 30,12021.935154020694,10000.0,-0.01932367149758456
2016-03-24,Adaptive Conservative SMA 30,11962.71379858217,10000.0,-0.0049261083743841316
2016-03-28,Adaptive Conservative SMA 30,11962.71379858217,10000.0,0.0
2016-03-29,Adaptive Conservative SMA 30,12495.705997528901,10000.0,0.04455445544554448
2016-03-30,Adaptive Conservative SMA 30,12732.591419283004,10000.0,0.018957345971564
2016-03-31,Adaptive Conservative SMA 30,12614.148708405954,10000.0,-0.009302325581395357
2016-04-01,Adaptive Conservative SMA 30,13028.698196475632,10000.0,0.03286384976525835
2016-04-04,Adaptive Conservative SMA 30,12910.25548559858,10000.0,-0.009090909090909097
2016-04-05,Adaptive Conservative SMA 30,12554.927352967426,10000.0,-0.027522935779816536
2016-04-06,Adaptive Conservative SMA 30,13147.140907352683,10000.0,0.047169811320754755
2016-04-07,Adaptive Conservative SMA 30,12554.927352967426,10000.0,-0.045045045045045085
2016-04-08,Adaptive Conservative SMA 30,12554.927352967426,10000.0,0.0
2016-04-11,Adaptive Conservative SMA 30,12436.484642090376,10000.0,-0.009433962264150952
2016-04-12,Adaptive Conservative SMA 30,12732.591419283002,10000.0,0.023809523809523725
2016-04-13,Adaptive Conservative SMA 30,13206.362262791208,10000.0,0.03720930232558143
2016-04-14,Adaptive Conservative SMA 30,13206.362262791208,10000.0,0.0
2016-04-15,Adaptive Conservative SMA 30,13087.919551914156,10000.0,-0.00896860986547086
2016-04-18,Adaptive Conservative SMA 30,13324.804973668257,10000.0,0.018099547511312233
2016-04-19,Adaptive Conservative SMA 30,13087.919551914154,10000.0,-0.017777777777777795
2016-04-20,Adaptive Conservative SMA 30,13087.919551914154,10000.0,0.0
2016-04-21,Adaptive Conservative SMA 30,13087.919551914154,10000.0,0.0
2016-04-22,Adaptive Conservative SMA 30,12495.705997528898,10000.0,-0.04524886877828058
2016-04-25,Adaptive Conservative SMA 30,12495.705997528898,10000.0,0.0
2016-04-26,Adaptive Conservative SMA 30,12318.041931213322,10000.0,-0.014218009478672893
2016-04-27,Adaptive Conservative SMA 30,12021.935154020692,10000.0,-0.024038461538461665
2016-04-28,Adaptive Conservative SMA 30,11607.385665951013,10000.0,-0.03448275862068958
2016-04-29,Adaptive Conservative SMA 30,11570.66864859308,10000.0,-0.0031632460930145112
2016-05-02,Adaptive Conservative SMA 30,11636.37375165153,10000.0,0.0056785917092561046
2016-05-03,Adaptive Conservative SMA 30,11571.56964506536,10000.0,-0.00556909806862926
2016-05-04,Adaptive Conservative SMA 30,11526.890924376548,10000.0,-0.0038610769376360753
2016-05-05,Adaptive Conservative SMA 30,11524.914697720307,10000.0,-0.00017144489951424595
2016-05-06,Adaptive Conservative SMA 30,11561.808479527033,10000.0,0.003201219512195135
2016-05-09,Adaptive Conservative SMA 30,11581.531048957613,10000.0,0.0017058377558756472
2016-05-10,Adaptive Conservative SMA 30,11676.74870169427,10000.0,0.008221508221508238
2016-05-11,Adaptive Conservative SMA 30,11386.282316079987,10000.0,-0.024875621890547178
2016-05-12,Adaptive Conservative SMA 30,11212.002484711416,10000.0,-0.015306122448979605
2016-05-13,Adaptive Conservative SMA 30,11187.2117015552,10000.0,-0.002211093262779933
2016-05-16,Adaptive Conservative SMA 30,11271.243109632132,10000.0,0.007511380880121438
2016-05-17,Adaptive Conservative SMA 30,10872.764817877462,10000.0,-0.03535353535353539
2016-05-18,Adaptive Conservative SMA 30,10896.28018857065,10000.0,0.0021627774615822163
2016-05-19,Adaptive Conservative SMA 30,10726.907957660225,10000.0,-0.015544041450777216
2016-05-20,Adaptive Conservative SMA 30,10797.843139974064,10000.0,0.006612826603325396
2016-05-23,Adaptive Conservative SMA 30,10742.752103545625,10000.0,-0.005102040816326535
2016-05-24,Adaptive Conservative SMA 30,11403.844540686894,10000.0,0.06153846153846148
2016-05-25,Adaptive Conservative SMA 30,11624.208686400652,10000.0,0.01932367149758456
2016-05-26,Adaptive Conservative SMA 30,11734.390759257532,10000.0,0.009478672985782
2016-05-27,Adaptive Conservative SMA 30,11899.663868542852,10000.0,0.01408450704225364
2016-05-31,Adaptive Conservative SMA 30,12009.84594139973,10000.0,0.009259259259259267
2016-06-01,Adaptive Conservative SMA 30,12009.84594139973,10000.0,0.0
2016-06-02,Adaptive Conservative SMA 30,12064.936977828167,10000.0,0.0045871559633026545
2016-06-03,Adaptive Conservative SMA 30,11899.66386854285,10000.0,-0.013698630136986212
2016-06-06,Adaptive Conservative SMA 30,12009.845941399728,10000.0,0.009259259259259267
2016-06-07,Adaptive Conservative SMA 30,11954.754904971287,10000.0,-0.0045871559633028575
2016-06-08,Adaptive Conservative SMA 30,12009.845941399728,10000.0,0.004608294930875683
2016-06-09,Adaptive Conservative SMA 30,11954.754904971287,10000.0,-0.0045871559633028575
2016-06-10,Adaptive Conservative SMA 30,11514.026613543774,10000.0,-0.03686635944700464
2016-06-13,Adaptive Conservative SMA 30,11238.57143140158,10000.0,-0.02392344497607647
2016-06-14,Adaptive Conservative SMA 30,11238.57143140158,10000.0,0.0
2016-06-15,Adaptive Conservative SMA 30,11128.389358544702,10000.0,-0.00980392156862746
2016-06-16,Adaptive Conservative SMA 30,11238.57143140158,10000.0,0.00990099009900991
2016-06-17,Adaptive Conservative SMA 30,10852.934176402507,10000.0,-0.03431372549019611
2016-06-20,Adaptive Conservative SMA 30,11018.207285687824,10000.0,0.0152284263959391
2016-06-21,Adaptive Conservative SMA 30,11128.389358544702,10000.0,0.010000000000000009
2016-06-22,Adaptive Conservative SMA 30,11073.298322116261,10000.0,-0.004950495049505065
2016-06-23,Adaptive Conservative SMA 30,11569.117649972215,10000.0,0.04477611940298523
2016-06-24,Adaptive Conservative SMA 30,10136.750702832798,10000.0,-0.12380952380952381
2016-06-27,Adaptive Conservative SMA 30,10015.973224197742,10000.0,-0.011914811972371412
2016-06-28,Adaptive Conservative SMA 30,10147.728808159,10000.0,0.01315454634432805
2016-06-29,Adaptive Conservative SMA 30,10255.02784660558,10000.0,0.010573699837180367
2016-06-30,Adaptive Conservative SMA 30,10625.054624575883,10000.0,0.036082474226804044
2016-07-01,Adaptive Conservative SMA 30,10730.776561138828,10000.0,0.009950248756218916
2016-07-05,Adaptive Conservative SMA 30,10572.193656294412,10000.0,-0.014778325123152615
2016-07-06,Adaptive Conservative SMA 30,10836.498497701772,10000.0,0.02499999999999991
2016-07-07,Adaptive Conservative SMA 30,10889.359465983243,10000.0,0.004878048780487918
2016-07-08,Adaptive Conservative SMA 30,11417.969148797963,10000.0,0.04854368932038839
2016-07-11,Adaptive Conservative SMA 30,11629.413021923852,10000.0,0.018518518518518535
2016-07-12,Adaptive Conservative SMA 30,11787.995926768266,10000.0,0.013636363636363547
2016-07-13,Adaptive Conservative SMA 30,11735.134958486795,10000.0,-0.0044843049327353305
2016-07-14,Adaptive Conservative SMA 30,11946.57883161268,10000.0,0.018018018018017834
2016-07-15,Adaptive Conservative SMA 30,11893.717863331209,10000.0,-0.004424778761061853
2016-07-18,Adaptive Conservative SMA 30,12105.161736457098,10000.0,0.017777777777777795
2016-07-19,Adaptive Conservative SMA 30,11999.439799894153,10000.0,-0.00873362445414848
2016-07-20,Adaptive Conservative SMA 30,12422.32754614593,10000.0,0.03524229074889871
2016-07-21,Adaptive Conservative SMA 30,12316.605609582986,10000.0,-0.008510638297872348
2016-07-22,Adaptive Conservative SMA 30,12475.1885144274,10000.0,0.01287553648068661
2016-07-25,Adaptive Conservative SMA 30,12475.1885144274,10000.0,0.0
2016-07-26,Adaptive Conservative SMA 30,12528.049482708871,10000.0,0.004237288135593318
2016-07-27,Adaptive Conservative SMA 30,12792.354324116232,10000.0,0.021097046413502032
2016-07-28,Adaptive Conservative SMA 30,12898.076260679176,10000.0,0.008264462809917363
2016-07-29,Adaptive Conservative SMA 30,13003.798197242118,10000.0,0.008196721311475417
2016-08-01,Adaptive Conservative SMA 30,13215.242070368007,10000.0,0.016260162601626032
2016-08-02,Adaptive Conservative SMA 30,12898.076260679174,10000.0,-0.02400000000000002
2016-08-03,Adaptive Conservative SMA 30,13003.798197242117,10000.0,0.008196721311475417
2016-08-04,Adaptive Conservative SMA 30,13162.381102086532,10000.0,0.012195121951219613
2016-08-05,Adaptive Conservative SMA 30,13532.407880056835,10000.0,0.02811244979919672
2016-08-08,Adaptive Conservative SMA 30,13479.546911775362,10000.0,-0.00390625000000009
2016-08-09,Adaptive Conservative SMA 30,13585.268848338306,10000.0,0.007843137254901968
2016-08-10,Adaptive Conservative SMA 30,13479.546911775362,10000.0,-0.007782101167315182
2016-08-11,Adaptive Conservative SMA 30,13638.129816619781,10000.0,0.01176470588235304
2016-08-12,Adaptive Conservative SMA 30,13638.129816619781,10000.0,0.0
2016-08-15,Adaptive Conservative SMA 30,13849.57368974567,10000.0,0.015503875968992262
2016-08-16,Adaptive Conservative SMA 30,13638.129816619781,10000.0,-0.015267175572519097
2016-08-17,Adaptive Conservative SMA 30,13690.990784901252,10000.0,0.003875968992247979
2016-08-18,Adaptive Conservative SMA 30,13690.990784901252,10000.0,0.0
2016-08-19,Adaptive Conservative SMA 30,13690.990784901252,10000.0,0.0
2016-08-22,Adaptive Conservative SMA 30,13690.990784901252,10000.0,0.0
2016-08-23,Adaptive Conservative SMA 30,13743.851753182724,10000.0,0.0038610038610039504
2016-08-24,Adaptive Conservative SMA 30,13479.546911775362,10000.0,-0.019230769230769332
2016-08-25,Adaptive Conservative SMA 30,13426.685943493892,10000.0,-0.003921568627450897
2016-08-26,Adaptive Conservative SMA 30,13479.546911775364,10000.0,0.003937007874015664
2016-08-29,Adaptive Conservative SMA 30,13532.407880056835,10000.0,0.003921568627451071
2016-08-30,Adaptive Conservative SMA 30,13426.68594349389,10000.0,-0.007812500000000007
2016-08-31,Adaptive Conservative SMA 30,13373.824975212417,10000.0,-0.003937007874015839
2016-09-01,Adaptive Conservative SMA 30,13426.685943493892,10000.0,0.003952569169960566
2016-09-02,Adaptive Conservative SMA 30,13585.268848338308,10000.0,0.011811023622047168
2016-09-06,Adaptive Conservative SMA 30,13849.57368974567,10000.0,0.019455252918288042
2016-09-07,Adaptive Conservative SMA 30,13902.434658027141,10000.0,0.0038167938931296893
2016-09-08,Adaptive Conservative SMA 30,13638.129816619781,10000.0,-0.019011406844106397
2016-09-09,Adaptive Conservative SMA 30,12580.91045099034,10000.0,-0.07751937984496131
2016-09-12,Adaptive Conservative SMA 30,12716.390400690203,10000.0,0.010768691997898776
2016-09-13,Adaptive Conservative SMA 30,12412.412940912749,10000.0,-0.02390438247011937
2016-09-14,Adaptive Conservative SMA 30,12564.401670801475,10000.0,0.012244897959183593
2016-09-15,Adaptive Conservative SMA 30,13121.693680393475,10000.0,0.044354838709677366
2016-09-16,Adaptive Conservative SMA 30,13121.693680393475,10000.0,0.0
2016-09-19,Adaptive Conservative SMA 30,12969.704950504747,10000.0,-0.011583011583011508
2016-09-20,Adaptive Conservative SMA 30,13020.367860467657,10000.0,0.0039062499999999167
2016-09-21,Adaptive Conservative SMA 30,13425.671140170933,10000.0,0.03112840466926073
2016-09-22,Adaptive Conservative SMA 30,13729.648599948388,10000.0,0.022641509433962283
2016-09-23,Adaptive Conservative SMA 30,13476.334050133843,10000.0,-0.018450184501844952
2016-09-26,Adaptive Conservative SMA 30,13121.693680393477,10000.0,-0.026315789473684317
2016-09-27,Adaptive Conservative SMA 30,13526.996960096749,10000.0,0.030888030888030917
2016-09-28,Adaptive Conservative SMA 30,13577.659870059659,10000.0,0.003745318352060012
2016-09-29,Adaptive Conservative SMA 30,13273.682410282203,10000.0,-0.022388059701492557
2016-09-30,Adaptive Conservative SMA 30,13577.659870059657,10000.0,0.022900763358778647
2016-10-03,Adaptive Conservative SMA 30,13526.996960096747,10000.0,-0.0037313432835821753
2016-10-04,Adaptive Conservative SMA 30,13476.334050133839,10000.0,-0.0037453183520598453
2016-10-05,Adaptive Conservative SMA 30,13628.322780022567,10000.0,0.011278195488721731
2016-10-06,Adaptive Conservative SMA 30,13577.659870059659,10000.0,-0.0037174721189590287
2016-10-07,Adaptive Conservative SMA 30,13476.33405013384,10000.0,-0.007462686567164185
2016-10-10,Adaptive Conservative SMA 30,13729.648599948387,10000.0,0.01879699248120294
2016-10-11,Adaptive Conservative SMA 30,13172.356590356385,10000.0,-0.040590405904059
2016-10-12,Adaptive Conservative SMA 30,13121.693680393475,10000.0,-0.003846153846153935
2016-10-13,Adaptive Conservative SMA 30,12969.704950504747,10000.0,-0.011583011583011508
2016-10-14,Adaptive Conservative SMA 30,13020.367860467657,10000.0,0.0039062499999999167
2016-10-17,Adaptive Conservative SMA 30,12919.042040541839,10000.0,-0.007782101167315182
2016-10-18,Adaptive Conservative SMA 30,13273.682410282205,10000.0,0.027450980392156977
2016-10-19,Adaptive Conservative SMA 30,13273.682410282205,10000.0,0.0
2016-10-20,Adaptive Conservative SMA 30,13223.019500319295,10000.0,-0.003816793893129859
2016-10-21,Adaptive Conservative SMA 30,13375.008230208023,10000.0,0.011494252873563314
2016-10-24,Adaptive Conservative SMA 30,13830.974419874203,10000.0,0.03409090909090903
2016-10-25,Adaptive Conservative SMA 30,13678.985689985477,10000.0,-0.010989010989010917
2016-10-26,Adaptive Conservative SMA 30,13425.671140170929,10000.0,-0.018518518518518615
2016-10-27,Adaptive Conservative SMA 30,13273.682410282203,10000.0,-0.011320754716981058
2016-10-28,Adaptive Conservative SMA 30,13020.367860467655,10000.0,-0.019083969465648956
2016-10-31,Adaptive Conservative SMA 30,12969.704950504747,10000.0,-0.0038910505836575048
2016-11-01,Adaptive Conservative SMA 30,12665.727490727291,10000.0,-0.02343750000000002
2016-11-02,Adaptive Conservative SMA 30,12361.750030949835,10000.0,-0.02400000000000002
2016-11-03,Adaptive Conservative SMA 30,12288.94542253267,10000.0,-0.00588950660180686
2016-11-04,Adaptive Conservative SMA 30,12263.071688859472,10000.0,-0.002105447846302262
2016-11-07,Adaptive Conservative SMA 30,12437.965395488156,10000.0,0.014261818822079423
2016-11-08,Adaptive Conservative SMA 30,12685.733630458042,10000.0,0.01992031872509971
2016-11-09,Adaptive Conservative SMA 30,12834.394571439972,10000.0,0.011718749999999924
2016-11-10,Adaptive Conservative SMA 30,12239.750807512253,10000.0,-0.046332046332046205
2016-11-11,Adaptive Conservative SMA 30,12239.750807512253,10000.0,0.0
2016-11-14,Adaptive Conservative SMA 30,11793.76798456646,10000.0,-0.036437246963562875
2016-11-15,Adaptive Conservative SMA 30,11891.97217988178,10000.0,0.008326787117046366
2016-11-16,Adaptive Conservative SMA 30,12130.76680196776,10000.0,0.02008032128514049
2016-11-17,Adaptive Conservative SMA 30,12369.56142405374,10000.0,0.01968503937007867
2016-11-18,Adaptive Conservative SMA 30,12274.043575219348,10000.0,-0.007722007722007729
2016-11-21,Adaptive Conservative SMA 30,12608.356046139721,10000.0,0.027237354085603224
2016-11-22,Adaptive Conservative SMA 30,12751.632819391307,10000.0,0.01136363636363629
2016-11-23,Adaptive Conservative SMA 30,12560.597121722523,10000.0,-0.014981273408239714
2016-11-25,Adaptive Conservative SMA 30,12703.873894974111,10000.0,0.011406844106463974
2016-11-28,Adaptive Conservative SMA 30,12608.35604613972,10000.0,-0.0075187969924812095
2016-11-29,Adaptive Conservative SMA 30,12751.632819391305,10000.0,0.01136363636363629
2016-11-30,Adaptive Conservative SMA 30,12321.802499636542,10000.0,-0.033707865168539276
2016-12-01,Adaptive Conservative SMA 30,11653.177557795798,10000.0,-0.054263565891472916
2016-12-02,Adaptive Conservative SMA 30,11700.936482212996,10000.0,0.0040983606557378
2016-12-05,Adaptive Conservative SMA 30,11987.490028716169,10000.0,0.024489795918367186
2016-12-06,Adaptive Conservative SMA 30,12083.00787755056,10000.0,0.00796812749003985
2016-12-07,Adaptive Conservative SMA 30,12512.838197305324,10000.0,0.03557312252964439
2016-12-08,Adaptive Conservative SMA 30,12608.356046139714,10000.0,0.007633587786259549
2016-12-09,Adaptive Conservative SMA 30,12894.909592642889,10000.0,0.022727272727272745
2016-12-12,Adaptive Conservative SMA 30,12703.873894974105,10000.0,-0.014814814814814828
2016-12-13,Adaptive Conservative SMA 30,13181.463139146063,10000.0,0.03759398496240588
2016-12-14,Adaptive Conservative SMA 30,13085.945290311673,10000.0,-0.007246376811594049
2016-12-15,Adaptive Conservative SMA 30,13181.463139146063,10000.0,0.007299270072992544
2016-12-16,Adaptive Conservative SMA 30,13038.186365894475,10000.0,-0.010869565217391235
2016-12-19,Adaptive Conservative SMA 30,13181.463139146063,10000.0,0.010989010989010917
2016-12-20,Adaptive Conservative SMA 30,13324.73991239765,10000.0,0.010869565217391396
2016-12-21,Adaptive Conservative SMA 30,13276.980987980454,10000.0,-0.0035842293906810864
2016-12-22,Adaptive Conservative SMA 30,13181.463139146063,10000.0,-0.007194244604316554
2016-12-23,Adaptive Conservative SMA 30,13229.222063563258,10000.0,0.003623188405797185
2016-12-27,Adaptive Conservative SMA 30,13420.257761232042,10000.0,0.014440433212996403
2016-12-28,Adaptive Conservative SMA 30,13085.945290311673,10000.0,-0.024911032028469695
2016-12-29,Adaptive Conservative SMA 30,13038.186365894477,10000.0,-0.0036496350364964344
2016-12-30,Adaptive Conservative SMA 30,12656.11497055691,10000.0,-0.029304029304029332
2017-01-03,Adaptive Conservative SMA 30,12942.668517060085,10000.0,0.022641509433962283
2017-01-04,Adaptive Conservative SMA 30,13181.463139146064,10000.0,0.018450184501844952
2017-01-05,Adaptive Conservative SMA 30,13420.257761232046,10000.0,0.018115942028985605
2017-01-06,Adaptive Conservative SMA 30,13754.570232152417,10000.0,0.024911032028469695
2017-01-09,Adaptive Conservative SMA 30,13897.847005404006,10000.0,0.010416666666666753
2017-01-10,Adaptive Conservative SMA 30,13993.364854238398,10000.0,0.006872852233676982
2017-01-11,Adaptive Conservative SMA 30,14088.882703072792,10000.0,0.006825938566552906
2017-01-12,Adaptive Conservative SMA 30,13993.3648542384,10000.0,-0.006779661016949158
2017-01-13,Adaptive Conservative SMA 30,14184.400551907183,10000.0,0.013651877133105813
2017-01-17,Adaptive Conservative SMA 30,14041.123778655594,10000.0,-0.010101010101010183
2017-01-18,Adaptive Conservative SMA 30,14136.641627489986,10000.0,0.00680272108843538
2017-01-19,Adaptive Conservative SMA 30,14088.882703072792,10000.0,-0.0033783783783783066
2017-01-20,Adaptive Conservative SMA 30,14184.400551907185,10000.0,0.006779661016949158
2017-01-23,Adaptive Conservative SMA 30,14232.15947632438,10000.0,0.003367003367003295
2017-01-24,Adaptive Conservative SMA 30,14518.713022827556,10000.0,0.020134228187919483
2017-01-25,Adaptive Conservative SMA 30,14948.54334258232,10000.0,0.02960526315789469
2017-01-26,Adaptive Conservative SMA 30,14996.302266999517,10000.0,0.003194888178913812
2017-01-27,Adaptive Conservative SMA 30,15091.820115833909,10000.0,0.006369426751592362
2017-01-30,Adaptive Conservative SMA 30,14757.507644913536,10000.0,-0.022151898734177305
2017-01-31,Adaptive Conservative SMA 30,14661.989796079144,10000.0,-0.00647249190938512
2017-02-01,Adaptive Conservative SMA 30,14948.54334258232,10000.0,0.019543973941368097
2017-02-02,Adaptive Conservative SMA 30,14900.784418165125,10000.0,-0.0031948881789136702
2017-02-03,Adaptive Conservative SMA 30,15044.061191416713,10000.0,0.009615384615384552
2017-02-06,Adaptive Conservative SMA 30,15091.820115833909,10000.0,0.003174603174603248
2017-02-07,Adaptive Conservative SMA 30,15235.096889085495,10000.0,0.009493670886075887
2017-02-08,Adaptive Conservative SMA 30,15330.614737919886,10000.0,0.006269592476489034
2017-02-09,Adaptive Conservative SMA 30,15473.891511171476,10000.0,0.009345794392523442
2017-02-10,Adaptive Conservative SMA 30,15617.168284423064,10000.0,0.009259259259259198
2017-02-13,Adaptive Conservative SMA 30,15903.72183092624,10000.0,0.018348623853211024
2017-02-14,Adaptive Conservative SMA 30,16046.998604177827,10000.0,0.00900900900900895
2017-02-15,Adaptive Conservative SMA 30,16333.552150681002,10000.0,0.017857142857142873
2017-02-16,Adaptive Conservative SMA 30,16333.552150681002,10000.0,0.0
2017-02-17,Adaptive Conservative SMA 30,16524.587848349787,10000.0,0.01169590643274855
2017-02-21,Adaptive Conservative SMA 30,16763.38247043577,10000.0,0.01445086705202307
2017-02-22,Adaptive Conservative SMA 30,16811.141394852966,10000.0,0.002849002849002915
2017-02-23,Adaptive Conservative SMA 30,16620.105697184183,10000.0,-0.011363636363636374
2017-02-24,Adaptive Conservative SMA 30,16715.623546018574,10000.0,0.005747126436781614
2017-02-27,Adaptive Conservative SMA 30,16763.382470435772,10000.0,0.0028571428571427964
2017-02-28,Adaptive Conservative SMA 30,16620.105697184186,10000.0,-0.008547008547008492
2017-03-01,Adaptive Conservative SMA 30,17145.45386577334,10000.0,0.03160919540229881
2017-03-02,Adaptive Conservative SMA 30,16858.900319270164,10000.0,-0.016713091922005586
2017-03-03,Adaptive Conservative SMA 30,16954.418168104556,10000.0,0.005665722379603405
2017-03-06,Adaptive Conservative SMA 30,16858.900319270164,10000.0,-0.005633802816901414
2017-03-07,Adaptive Conservative SMA 30,16763.382470435772,10000.0,-0.005665722379603405
2017-03-08,Adaptive Conservative SMA 30,16858.900319270164,10000.0,0.0056980056980057035
2017-03-09,Adaptive Conservative SMA 30,16906.65924368736,10000.0,0.0028328611898017653
2017-03-10,Adaptive Conservative SMA 30,17097.69494135615,10000.0,0.011299435028248598
2017-03-13,Adaptive Conservative SMA 30,17193.21279019054,10000.0,0.005586592178770954
2017-03-14,Adaptive Conservative SMA 30,17049.93601693895,10000.0,-0.008333333333333403
2017-03-15,Adaptive Conservative SMA 30,17384.248487859324,10000.0,0.01960784313725498
2017-03-16,Adaptive Conservative SMA 30,17336.489563442126,10000.0,-0.002747252747252811
2017-03-17,Adaptive Conservative SMA 30,17288.730639024932,10000.0,-0.00275482093663906
2017-03-20,Adaptive Conservative SMA 30,17384.248487859324,10000.0,0.005524861878453044
2017-03-21,Adaptive Conservative SMA 30,16572.346772766992,10000.0,-0.04670329670329668
2017-03-22,Adaptive Conservative SMA 30,16906.65924368736,10000.0,0.02017291066282416
2017-03-23,Adaptive Conservative SMA 30,16763.382470435772,10000.0,-0.00847457627118651
2017-03-24,Adaptive Conservative SMA 30,16858.900319270164,10000.0,0.0056980056980057035
2017-03-27,Adaptive Conservative SMA 30,16954.418168104556,10000.0,0.005665722379603405
2017-03-28,Adaptive Conservative SMA 30,17288.730639024925,10000.0,0.01971830985915501
2017-03-29,Adaptive Conservative SMA 30,17527.525261110903,10000.0,0.013812154696132548
2017-03-30,Adaptive Conservative SMA 30,17575.2841855281,10000.0,0.0027247956403270383
2017-03-31,Adaptive Conservative SMA 30,17575.2841855281,10000.0,0.0
2017-04-03,Adaptive Conservative SMA 30,17527.525261110903,10000.0,-0.002717391304347889
2017-04-04,Adaptive Conservative SMA 30,17575.2841855281,10000.0,0.0027247956403270383
2017-04-05,Adaptive Conservative SMA 30,17384.248487859317,10000.0,-0.010869565217391313
2017-04-06,Adaptive Conservative SMA 30,17384.248487859317,10000.0,0.0
2017-04-07,Adaptive Conservative SMA 30,17384.248487859317,10000.0,0.0
2017-04-10,Adaptive Conservative SMA 30,17384.248487859317,10000.0,0.0
2017-04-11,Adaptive Conservative SMA 30,17193.212790190533,10000.0,-0.010989010989010999
2017-04-12,Adaptive Conservative SMA 30,16954.418168104552,10000.0,-0.013888888888888963
2017-04-13,Adaptive Conservative SMA 30,16763.38247043577,10000.0,-0.011267605633802828
2017-04-17,Adaptive Conservative SMA 30,17145.453865773336,10000.0,0.022792022792022814
2017-04-18,Adaptive Conservative SMA 30,17097.69494135614,10000.0,-0.0027855153203342024
2017-04-19,Adaptive Conservative SMA 30,17145.45386577334,10000.0,0.002793296089385415
2017-04-20,Adaptive Conservative SMA 30,17575.284185528104,10000.0,0.025069637883008443
2017-04-21,Adaptive Conservative SMA 30,17575.284185528104,10000.0,0.0
2017-04-24,Adaptive Conservative SMA 30,18196.150202951652,10000.0,0.03532608695652171
2017-04-25,Adaptive Conservative SMA 30,18625.980522706413,10000.0,0.02362204724409445
2017-04-26,Adaptive Conservative SMA 30,18530.46267387202,10000.0,-0.0051282051282051325
2017-04-27,Adaptive Conservative SMA 30,18864.775144792395,10000.0,0.018041237113402137
2017-04-28,Adaptive Conservative SMA 30,18960.292993626786,10000.0,0.005063291139240511
2017-05-01,Adaptive Conservative SMA 30,19437.88223779875,10000.0,0.02518891687657433
2017-05-02,Adaptive Conservative SMA 30,19581.15901105033,10000.0,0.007371007371007213
2017-05-03,Adaptive Conservative SMA 30,19390.123313381548,10000.0,-0.009756097560975618
2017-05-04,Adaptive Conservative SMA 30,19390.123313381548,10000.0,0.0
2017-05-05,Adaptive Conservative SMA 30,19581.15901105033,10000.0,0.009852216748768483
2017-05-08,Adaptive Conservative SMA 30,19724.43578430192,10000.0,0.0073170731707317685
2017-05-09,Adaptive Conservative SMA 30,19915.471481970708,10000.0,0.009685230024213084
2017-05-10,Adaptive Conservative SMA 30,19963.230406387902,10000.0,0.0023980815347721313
2017-05-11,Adaptive Conservative SMA 30,19915.471481970708,10000.0,-0.0023923444976076047
2017-05-12,Adaptive Conservative SMA 30,20058.748255222294,10000.0,0.007194244604316606
2017-05-15,Adaptive Conservative SMA 30,20249.783952891077,10000.0,0.009523809523809532
2017-05-16,Adaptive Conservative SMA 30,20488.57857497706,10000.0,0.011792452830188637
2017-05-17,Adaptive Conservative SMA 30,18960.29299362679,10000.0,-0.07459207459207455
2017-05-18,Adaptive Conservative SMA 30,19437.882237798753,10000.0,0.02518891687657433
2017-05-19,Adaptive Conservative SMA 30,19676.67685988473,10000.0,0.012285012285012241
2017-05-22,Adaptive Conservative SMA 30,20154.26610405669,10000.0,0.024271844660194088
2017-05-23,Adaptive Conservative SMA 30,20202.025028473887,10000.0,0.002369668246445658
2017-05-24,Adaptive Conservative SMA 30,20488.57857497706,10000.0,0.014184397163120473
2017-05-25,Adaptive Conservative SMA 30,21013.926743566215,10000.0,0.025641025641025716
2017-05-26,Adaptive Conservative SMA 30,21109.444592400603,10000.0,0.004545454545454448
2017-05-30,Adaptive Conservative SMA 30,21157.203516817797,10000.0,0.0022624434389139788
2017-05-31,Adaptive Conservative SMA 30,21157.203516817797,10000.0,0.0
2017-06-01,Adaptive Conservative SMA 30,21395.99813890378,10000.0,0.011286681715575782
2017-06-02,Adaptive Conservative SMA 30,22112.382005161715,10000.0,0.03348214285714274
2017-06-05,Adaptive Conservative SMA 30,22112.382005161715,10000.0,0.0
2017-06-06,Adaptive Conservative SMA 30,21873.587383075737,10000.0,-0.010799136069114432
2017-06-07,Adaptive Conservative SMA 30,22112.382005161715,10000.0,0.01091703056768555
2017-06-08,Adaptive Conservative SMA 30,22160.14092957891,10000.0,0.0021598272138228483
2017-06-09,Adaptive Conservative SMA 30,20536.33749939425,10000.0,-0.0732758620689655
2017-06-12,Adaptive Conservative SMA 30,20154.26610405668,10000.0,-0.018604651162790715
2017-06-13,Adaptive Conservative SMA 30,20631.855348228644,10000.0,0.023696682464455103
2017-06-14,Adaptive Conservative SMA 30,20393.06072614266,10000.0,-0.011574074074074238
2017-06-15,Adaptive Conservative SMA 30,20106.507179639484,10000.0,-0.01405152224824347
2017-06-16,Adaptive Conservative SMA 30,19867.712557553506,10000.0,-0.01187648456057003
2017-06-19,Adaptive Conservative SMA 30,20822.891045897428,10000.0,0.04807692307692312
2017-06-20,Adaptive Conservative SMA 30,20345.301801725465,10000.0,-0.02293577981651388
2017-06-21,Adaptive Conservative SMA 30,20918.408894731816,10000.0,0.028169014084507067
2017-06-22,Adaptive Conservative SMA 30,20918.408894731816,10000.0,0.0
2017-06-23,Adaptive Conservative SMA 30,21157.203516817794,10000.0,0.01141552511415521
2017-06-26,Adaptive Conservative SMA 30,20870.64997031462,10000.0,-0.013544018058690658
2017-06-27,Adaptive Conservative SMA 30,19724.435784301913,10000.0,-0.05491990846681927
2017-06-28,Adaptive Conservative SMA 30,20536.337499394245,10000.0,0.041162227602905554
2017-06-29,Adaptive Conservative SMA 30,19485.641162215936,10000.0,-0.05116279069767436
2017-06-30,Adaptive Conservative SMA 30,19437.88223779874,10000.0,-0.0024509803921568107
2017-07-03,Adaptive Conservative SMA 30,18912.534069209585,10000.0,-0.027027027027027105
2017-07-05,Adaptive Conservative SMA 30,19024.2419548373,10000.0,0.005906553041434043
2017-07-06,Adaptive Conservative SMA 30,18510.07325335521,10000.0,-0.027027027027027105
2017-07-07,Adaptive Conservative SMA 30,18629.92264852082,10000.0,0.006474820143884887
2017-07-10,Adaptive Conservative SMA 30,19040.87682459113,10000.0,0.022058823529411728
2017-07-11,Adaptive Conservative SMA 30,19177.861549947902,10000.0,0.007194244604316606
2017-07-12,Adaptive Conservative SMA 30,19862.78517673175,10000.0,0.03571428571428559
2017-07-13,Adaptive Conservative SMA 30,19999.769902088523,10000.0,0.006896551724137989
2017-07-14,Adaptive Conservative SMA 30,20456.38565327776,10000.0,0.022831050228310626
2017-07-17,Adaptive Conservative SMA 30,20502.047228396685,10000.0,0.0022321428571428093
2017-07-18,Adaptive Conservative SMA 30,20867.339829348075,10000.0,0.017817371937639215
2017-07-19,Adaptive Conservative SMA 30,21278.294005418385,10000.0,0.01969365426695839
2017-07-20,Adaptive Conservative SMA 30,21369.61715565623,10000.0,0.00429184549356214
2017-07-21,Adaptive Conservative SMA 30,21323.955580537306,10000.0,-0.0021367521367520914
2017-07-24,Adaptive Conservative SMA 30,21597.92503125085,10000.0,0.012847965738758137
2017-07-25,Adaptive Conservative SMA 30,21460.940305894077,10000.0,-0.00634249471458779
2017-07-26,Adaptive Conservative SMA 30,21643.586606369772,10000.0,0.008510638297872348
2017-07-27,Adaptive Conservative SMA 30,21278.294005418382,10000.0,-0.016877637130801704
2017-07-28,Adaptive Conservative SMA 30,21186.970855180534,10000.0,-0.004291845493562331
2017-07-31,Adaptive Conservative SMA 30,20913.001404466995,10000.0,-0.012931034482758537
2017-08-01,Adaptive Conservative SMA 30,21049.986129823767,10000.0,0.006550218340611408
2017-08-02,Adaptive Conservative SMA 30,21186.970855180534,10000.0,0.006507592190889232
2017-08-03,Adaptive Conservative SMA 30,21004.32455470484,10000.0,-0.008620689655172422
2017-08-04,Adaptive Conservative SMA 30,21049.986129823767,10000.0,0.002173913043478408
2017-08-07,Adaptive Conservative SMA 30,21460.940305894077,10000.0,0.01952277657266808
2017-08-08,Adaptive Conservative SMA 30,21369.617155656226,10000.0,-0.004255319148936268
2017-08-09,Adaptive Conservative SMA 30,21278.294005418382,10000.0,-0.004273504273504183
2017-08-10,Adaptive Conservative SMA 30,19908.446751850675,10000.0,-0.06437768240343343
2017-08-11,Adaptive Conservative SMA 30,20365.06250303991,10000.0,0.02293577981651368
2017-08-14,Adaptive Conservative SMA 30,21141.30928006161,10000.0,0.038116591928251106
2017-08-15,Adaptive Conservative SMA 30,21186.97085518053,10000.0,0.0021598272138228483
2017-08-16,Adaptive Conservative SMA 30,21278.29400541838,10000.0,0.004310344827586307
2017-08-17,Adaptive Conservative SMA 30,19999.769902088516,10000.0,-0.06008583690987129
2017-08-18,Adaptive Conservative SMA 30,19908.446751850668,10000.0,-0.004566210045662003
2017-08-21,Adaptive Conservative SMA 30,19862.78517673174,10000.0,-0.0022935779816515307
2017-08-22,Adaptive Conservative SMA 30,20776.01667911021,10000.0,0.04597701149425292
2017-08-23,Adaptive Conservative SMA 30,20547.708803515594,10000.0,-0.01098901098901095
2017-08-24,Adaptive Conservative SMA 30,20365.0625030399,10000.0,-0.008888888888888898
2017-08-25,Adaptive Conservative SMA 30,20228.077777683127,10000.0,-0.006726457399103195
2017-08-28,Adaptive Conservative SMA 30,20410.724078158823,10000.0,0.009029345372460505
2017-08-29,Adaptive Conservative SMA 30,20639.031953753438,10000.0,0.011185682326621885
2017-08-30,Adaptive Conservative SMA 30,21369.617155656215,10000.0,0.03539823008849561
2017-08-31,Adaptive Conservative SMA 30,21963.21763220222,10000.0,0.027777777777777755
2017-09-01,Adaptive Conservative SMA 30,21963.21763220222,10000.0,0.0
2017-09-05,Adaptive Conservative SMA 30,21369.617155656215,10000.0,-0.027027027027027008
2017-09-06,Adaptive Conservative SMA 30,21552.26345613191,10000.0,0.008547008547008555
2017-09-07,Adaptive Conservative SMA 30,21689.24818148868,10000.0,0.006355932203389884
2017-09-08,Adaptive Conservative SMA 30,21141.3092800616,10000.0,-0.025263157894736866
2017-09-11,Adaptive Conservative SMA 30,21826.232906845453,10000.0,0.03239740820734349
2017-09-12,Adaptive Conservative SMA 30,22008.879207321144,10000.0,0.00836820083682009
2017-09-13,Adaptive Conservative SMA 30,22100.202357558992,10000.0,0.004149377593360907
2017-09-14,Adaptive Conservative SMA 30,21734.9097566076,10000.0,-0.016528925619834725
2017-09-15,Adaptive Conservative SMA 30,21917.556057083297,10000.0,0.008403361344537823
2017-09-18,Adaptive Conservative SMA 30,21826.232906845453,10000.0,-0.004166666666666578
2017-09-19,Adaptive Conservative SMA 30,21917.5560570833,10000.0,0.004184100418409952
2017-09-20,Adaptive Conservative SMA 30,21734.909756607605,10000.0,-0.008333333333333342
2017-09-21,Adaptive Conservative SMA 30,21323.955580537295,10000.0,-0.018907563025210055
2017-09-22,Adaptive Conservative SMA 30,21278.294005418375,10000.0,-0.002141327623126293
2017-09-25,Adaptive Conservative SMA 30,20639.03195375344,10000.0,-0.030042918454935744
2017-09-26,Adaptive Conservative SMA 30,20776.016679110213,10000.0,0.006637168141592976
2017-09-27,Adaptive Conservative SMA 30,21323.9555805373,10000.0,0.026373626373626398
2017-09-28,Adaptive Conservative SMA 30,21278.29400541838,10000.0,-0.002141327623126293
2017-09-29,Adaptive Conservative SMA 30,21734.909756607613,10000.0,0.021459227467811082
2017-10-02,Adaptive Conservative SMA 30,21780.571331726536,10000.0,0.002100840336134409
2017-10-03,Adaptive Conservative SMA 30,21917.556057083308,10000.0,0.006289308176100681
2017-10-04,Adaptive Conservative SMA 30,22008.87920732116,10000.0,0.004166666666666763
2017-10-05,Adaptive Conservative SMA 30,22602.479683867165,10000.0,0.02697095435684645
2017-10-06,Adaptive Conservative SMA 30,22693.80283410501,10000.0,0.0040404040404039545
2017-10-09,Adaptive Conservative SMA 30,22648.14125898609,10000.0,-0.002012072434607603
2017-10-10,Adaptive Conservative SMA 30,22693.802834105012,10000.0,0.0020161290322580215
2017-10-11,Adaptive Conservative SMA 30,22876.449134580707,10000.0,0.008048289738430591
2017-10-12,Adaptive Conservative SMA 30,22785.125984342863,10000.0,-0.003992015968063787
2017-10-13,Adaptive Conservative SMA 30,23013.43385993748,10000.0,0.010020040080160284
2017-10-16,Adaptive Conservative SMA 30,23241.741735532094,10000.0,0.009920634920634885
2017-10-17,Adaptive Conservative SMA 30,23333.064885769945,10000.0,0.003929273084479462
2017-10-18,Adaptive Conservative SMA 30,23241.741735532094,10000.0,-0.003913894324853319
2017-10-19,Adaptive Conservative SMA 30,23013.433859937475,10000.0,-0.009823182711198393
2017-10-20,Adaptive Conservative SMA 30,23150.418585294246,10000.0,0.0059523809523810015
2017-10-23,Adaptive Conservative SMA 30,22739.464409223936,10000.0,-0.0177514792899408
2017-10-24,Adaptive Conservative SMA 30,22830.78755946178,10000.0,0.004016064257028026
2017-10-25,Adaptive Conservative SMA 30,22556.81810874824,10000.0,-0.011999999999999922
2017-10-26,Adaptive Conservative SMA 30,22374.171808272546,10000.0,-0.008097165991902841
2017-10-27,Adaptive Conservative SMA 30,24291.957963267334,10000.0,0.08571428571428569
2017-10-30,Adaptive Conservative SMA 30,24474.60426374303,10000.0,0.0075187969924812095
2017-10-31,Adaptive Conservative SMA 30,24702.912139337644,10000.0,0.00932835820895519
2017-11-01,Adaptive Conservative SMA 30,24702.912139337644,10000.0,0.0
2017-11-02,Adaptive Conservative SMA 30,24565.927413980873,10000.0,-0.005545286506469547
2017-11-03,Adaptive Conservative SMA 30,25250.85104076473,10000.0,0.027881040892193374
2017-11-06,Adaptive Conservative SMA 30,25524.820491478273,10000.0,0.010849909584086728
2017-11-07,Adaptive Conservative SMA 30,25570.482066597193,10000.0,0.0017889087656529135
2017-11-08,Adaptive Conservative SMA 30,25890.113092429656,10000.0,0.012500000000000051
2017-11-09,Adaptive Conservative SMA 30,25433.49734124042,10000.0,-0.017636684303350907
2017-11-10,Adaptive Conservative SMA 30,25433.49734124042,10000.0,0.0
2017-11-13,Adaptive Conservative SMA 30,25524.82049147827,10000.0,0.003590664272890408
2017-11-14,Adaptive Conservative SMA 30,25250.85104076473,10000.0,-0.01073345259391764
2017-11-15,Adaptive Conservative SMA 30,24885.558439813343,10000.0,-0.014466546112115744
2017-11-16,Adaptive Conservative SMA 30,25844.451517310736,10000.0,0.038532110091743114
2017-11-17,Adaptive Conservative SMA 30,25524.82049147827,10000.0,-0.012367491166077788
2017-11-20,Adaptive Conservative SMA 30,25479.158916359345,10000.0,-0.0017889087656529135
2017-11-21,Adaptive Conservative SMA 30,26255.405693381043,10000.0,0.030465949820788516
2017-11-22,Adaptive Conservative SMA 30,26392.390418737814,10000.0,0.005217391304347869
2017-11-24,Adaptive Conservative SMA 30,26666.359869451353,10000.0,0.010380622837370174
2017-11-27,Adaptive Conservative SMA 30,26620.69829433243,10000.0,-0.0017123287671232511
2017-11-28,Adaptive Conservative SMA 30,26849.006169927048,10000.0,0.008576329331046281
2017-11-29,Adaptive Conservative SMA 30,25433.49734124042,10000.0,-0.05272108843537408
2017-11-30,Adaptive Conservative SMA 30,26072.75939290535,10000.0,0.025134649910233335
2017-12-01,Adaptive Conservative SMA 30,25753.128367072884,10000.0,-0.012259194395796898
2017-12-04,Adaptive Conservative SMA 30,24839.89686469442,10000.0,-0.035460992907801296
2017-12-05,Adaptive Conservative SMA 30,24885.55843981334,10000.0,0.0018382352941176078
2017-12-06,Adaptive Conservative SMA 30,25205.1894656458,10000.0,0.012844036697247594
2017-12-07,Adaptive Conservative SMA 30,25479.15891635934,10000.0,0.010869565217391396
2017-12-08,Adaptive Conservative SMA 30,25798.78994219181,10000.0,0.012544802867383563
2017-12-11,Adaptive Conservative SMA 30,26392.39041873781,10000.0,0.023008849557522103
2017-12-12,Adaptive Conservative SMA 30,26301.067268499963,10000.0,-0.0034602076124568273
2017-12-13,Adaptive Conservative SMA 30,26438.051993856738,10000.0,0.005208333333333376
2017-12-14,Adaptive Conservative SMA 30,26392.390418737814,10000.0,-0.0017271157167529857
2017-12-15,Adaptive Conservative SMA 30,27259.96034599736,10000.0,0.032871972318339014
2017-12-18,Adaptive Conservative SMA 30,27944.883972781212,10000.0,0.025125628140703578
2017-12-19,Adaptive Conservative SMA 30,27488.268221591974,10000.0,-0.01633986928104584
2017-12-20,Adaptive Conservative SMA 30,27351.283496235206,10000.0,-0.004983388704318831
2017-12-21,Adaptive Conservative SMA 30,27351.283496235206,10000.0,0.0
2017-12-22,Adaptive Conservative SMA 30,27259.960345997355,10000.0,-0.003338898163606087
2017-12-26,Adaptive Conservative SMA 30,26849.006169927045,10000.0,-0.015075376884422087
2017-12-27,Adaptive Conservative SMA 30,26849.006169927045,10000.0,0.0
2017-12-28,Adaptive Conservative SMA 30,26894.66774504597,10000.0,0.0017006802721088073
2017-12-29,Adaptive Conservative SMA 30,26392.39041873781,10000.0,-0.018675721561969345
2018-01-02,Adaptive Conservative SMA 30,27762.237672305513,10000.0,0.05190311418685118
2018-01-03,Adaptive Conservative SMA 30,28538.48444932721,10000.0,0.02796052631578946
2018-01-04,Adaptive Conservative SMA 30,28721.130749802902,10000.0,0.0064000000000000055
2018-01-05,Adaptive Conservative SMA 30,29588.700677062447,10000.0,0.030206677265500855
2018-01-08,Adaptive Conservative SMA 30,29908.33170289491,10000.0,0.010802469135802375
2018-01-09,Adaptive Conservative SMA 30,29953.993278013833,10000.0,0.0015267175572518759
2018-01-10,Adaptive Conservative SMA 30,29725.685402419218,10000.0,-0.007621951219512168
2018-01-11,Adaptive Conservative SMA 30,30319.285878965224,10000.0,0.019969278033794148
2018-01-12,Adaptive Conservative SMA 30,30958.547930630153,10000.0,0.021084337349397676
2018-01-16,Adaptive Conservative SMA 30,30730.240055035538,10000.0,-0.007374631268436552
2018-01-17,Adaptive Conservative SMA 30,31689.13313253293,10000.0,0.03120356612184249
2018-01-18,Adaptive Conservative SMA 30,31734.79470765185,10000.0,0.0014409221902016982
2018-01-19,Adaptive Conservative SMA 30,32054.425733484313,10000.0,0.010071942446043078
2018-01-22,Adaptive Conservative SMA 30,33013.31881098171,10000.0,0.029914529914530037
2018-01-23,Adaptive Conservative SMA 30,33880.88873824126,10000.0,0.02627939142461957
2018-01-24,Adaptive Conservative SMA 30,33195.9651114574,10000.0,-0.02021563342318064
2018-01-25,Adaptive Conservative SMA 30,33150.30353633848,10000.0,-0.0013755158184318827
2018-01-26,Adaptive Conservative SMA 30,34611.47394014403,10000.0,0.04407713498622594
2018-01-29,Adaptive Conservative SMA 30,34154.8581889548,10000.0,-0.01319261213720312
2018-01-30,Adaptive Conservative SMA 30,33287.28826169525,10000.0,-0.025401069518716627
2018-01-31,Adaptive Conservative SMA 30,33698.24243776556,10000.0,0.01234567901234566
2018-02-01,Adaptive Conservative SMA 30,32876.33408562494,10000.0,-0.024390243902438987
2018-02-02,Adaptive Conservative SMA 30,30867.224780392306,10000.0,-0.061111111111111165
2018-02-05,Adaptive Conservative SMA 30,27305.62192111627,10000.0,-0.1153846153846153
2018-02-06,Adaptive Conservative SMA 30,27738.94576177787,10000.0,0.015869400151860315
2018-02-07,Adaptive Conservative SMA 30,26619.050435991805,10000.0,-0.04037267080745352
2018-02-08,Adaptive Conservative SMA 30,25944.80533158674,10000.0,-0.02532941984637479
2018-02-09,Adaptive Conservative SMA 30,26213.777363126304,10000.0,0.010367086131577254
2018-02-12,Adaptive Conservative SMA 30,26493.019114039747,10000.0,0.010652480451224132
2018-02-13,Adaptive Conservative SMA 30,26575.105929356254,10000.0,0.003098431891177108
2018-02-14,Adaptive Conservative SMA 30,26872.80838785941,10000.0,0.011202305619948585
2018-02-15,Adaptive Conservative SMA 30,28254.12096854377,10000.0,0.05140186915887852
2018-02-16,Adaptive Conservative SMA 30,27961.115269610724,10000.0,-0.010370370370370412
2018-02-20,Adaptive Conservative SMA 30,28086.689140582028,10000.0,0.004491017964071893
2018-02-21,Adaptive Conservative SMA 30,27835.54139863942,10000.0,-0.008941877794336752
2018-02-22,Adaptive Conservative SMA 30,27835.54139863942,10000.0,0.0
2018-02-23,Adaptive Conservative SMA 30,29509.859678256827,10000.0,0.06015037593984954
2018-02-26,Adaptive Conservative SMA 30,30681.882473989015,10000.0,0.039716312056737625
2018-02-27,Adaptive Conservative SMA 30,29593.5755922377,10000.0,-0.035470668485675275
2018-02-28,Adaptive Conservative SMA 30,29007.564194371604,10000.0,-0.019801980198019882
2018-03-01,Adaptive Conservative SMA 30,27584.393656696808,10000.0,-0.04906204906204904
2018-03-02,Adaptive Conservative SMA 30,28337.83688252464,10000.0,0.027314112291350487
2018-03-05,Adaptive Conservative SMA 30,29258.711936314216,10000.0,0.03249630723781398
2018-03-06,Adaptive Conservative SMA 30,29593.5755922377,10000.0,0.011444921316165962
2018-03-07,Adaptive Conservative SMA 30,29844.723334180308,10000.0,0.008486562942008431
2018-03-08,Adaptive Conservative SMA 30,30263.302904084663,10000.0,0.014025245441795306
2018-03-09,Adaptive Conservative SMA 30,32063.19505467338,10000.0,0.05947441217150756
2018-03-12,Adaptive Conservative SMA 30,32523.632581568167,10000.0,0.014360313315926819
2018-03-13,Adaptive Conservative SMA 30,31351.609785835983,10000.0,-0.03603603603603595
2018-03-14,Adaptive Conservative SMA 30,31226.035914864675,10000.0,-0.004005340453938618
2018-03-15,Adaptive Conservative SMA 30,31100.46204389337,10000.0,-0.004021447721179658
2018-03-16,Adaptive Conservative SMA 30,30891.172258941195,10000.0,-0.006729475100942103
2018-03-19,Adaptive Conservative SMA 30,28965.706237381175,10000.0,-0.06233062330623306
2018-03-20,Adaptive Conservative SMA 30,29174.99602233335,10000.0,0.007225433526011535
2018-03-21,Adaptive Conservative SMA 30,28756.416452429,10000.0,-0.014347202295552317
2018-03-22,Adaptive Conservative SMA 30,26621.660645916803,10000.0,-0.07423580786026197
2018-03-23,Adaptive Conservative SMA 30,26201.499472425843,10000.0,-0.015782680843218
2018-03-26,Adaptive Conservative SMA 30,26784.96781894303,10000.0,0.0222685097519409
2018-03-27,Adaptive Conservative SMA 30,24192.874159045317,10000.0,-0.09677419354838708
2018-03-28,Adaptive Conservative SMA 30,24025.806386550776,10000.0,-0.006905660377358538
2018-03-29,Adaptive Conservative SMA 30,24289.957264173478,10000.0,0.010994464592479573
2018-04-02,Adaptive Conservative SMA 30,23869.265220835216,10000.0,-0.017319587628865995
2018-04-03,Adaptive Conservative SMA 30,24030.5129109972,10000.0,0.006755452615325227
2018-04-04,Adaptive Conservative SMA 30,24258.00625119038,10000.0,0.009466853289222508
2018-04-05,Adaptive Conservative SMA 30,24340.96298057251,10000.0,0.0034197670048853684
2018-04-06,Adaptive Conservative SMA 30,23975.32554699749,10000.0,-0.015021485956280682
2018-04-09,Adaptive Conservative SMA 30,24076.40325291265,10000.0,0.004215905461513871
2018-04-10,Adaptive Conservative SMA 30,24395.283874492616,10000.0,0.01324452901998093
2018-04-11,Adaptive Conservative SMA 30,24310.801975392715,10000.0,-0.003463042264010452
2018-04-12,Adaptive Conservative SMA 30,24485.621225552844,10000.0,0.0071910112359551154
2018-04-13,Adaptive Conservative SMA 30,24127.295061276458,10000.0,-0.014634146341463535
2018-04-16,Adaptive Conservative SMA 30,24644.87729856457,10000.0,0.021452145214521583
2018-04-17,Adaptive Conservative SMA 30,26237.438028681827,10000.0,0.06462035541195467
2018-04-18,Adaptive Conservative SMA 30,26436.508119946484,10000.0,0.00758725341426401
2018-04-19,Adaptive Conservative SMA 30,25719.85579139372,10000.0,-0.027108433734939718
2018-04-20,Adaptive Conservative SMA 30,24485.621225552848,10000.0,-0.047987616099071144
2018-04-23,Adaptive Conservative SMA 30,24286.551134288187,10000.0,-0.008130081300813123
2018-04-24,Adaptive Conservative SMA 30,22733.804422423862,10000.0,-0.06393442622950815
2018-04-25,Adaptive Conservative SMA 30,22750.167938676903,10000.0,0.0007197878520015067
2018-04-26,Adaptive Conservative SMA 30,23036.822637178993,10000.0,0.012600113514536215
2018-04-27,Adaptive Conservative SMA 30,23074.64993214973,10000.0,0.0016420361247947105
2018-04-30,Adaptive Conservative SMA 30,22582.895097530145,10000.0,-0.02131147540983605
2018-05-01,Adaptive Conservative SMA 30,23339.44099694489,10000.0,0.033500837520938055
2018-05-02,Adaptive Conservative SMA 30,22923.340752266777,10000.0,-0.01782820097244738
2018-05-03,Adaptive Conservative SMA 30,22923.340752266777,10000.0,0.0
2018-05-04,Adaptive Conservative SMA 30,24209.468781271848,10000.0,0.05610561056105623
2018-05-07,Adaptive Conservative SMA 30,24776.878205832905,10000.0,0.023437499999999917
2018-05-08,Adaptive Conservative SMA 30,24701.22361589143,10000.0,-0.0030534351145037517
2018-05-09,Adaptive Conservative SMA 30,25533.42410524765,10000.0,0.03369065849923426
2018-05-10,Adaptive Conservative SMA 30,26327.797299633134,10000.0,0.031111111111111107
2018-05-11,Adaptive Conservative SMA 30,26252.142709691663,10000.0,-0.0028735632183907434
2018-05-14,Adaptive Conservative SMA 30,26365.624594603873,10000.0,0.004322766570605095
2018-05-15,Adaptive Conservative SMA 30,25495.596810276915,10000.0,-0.03299856527977038
2018-05-16,Adaptive Conservative SMA 30,25987.351644896502,10000.0,0.019287833827893158
2018-05-17,Adaptive Conservative SMA 30,25684.733285130606,10000.0,-0.011644832605531306
2018-05-18,Adaptive Conservative SMA 30,25268.633040452492,10000.0,-0.01620029455081006
2018-05-21,Adaptive Conservative SMA 30,25722.56058010134,10000.0,0.017964071856287442
2018-05-22,Adaptive Conservative SMA 30,25571.251400218393,10000.0,-0.005882352941176476
2018-05-23,Adaptive Conservative SMA 30,26214.315414720924,10000.0,0.02514792899408283
2018-05-24,Adaptive Conservative SMA 30,26214.315414720924,10000.0,0.0
2018-05-25,Adaptive Conservative SMA 30,26252.142709691667,10000.0,0.0014430014430015404
2018-05-29,Adaptive Conservative SMA 30,25949.52434992577,10000.0,-0.011527377521613843
2018-05-30,Adaptive Conservative SMA 30,26479.106479516093,10000.0,0.020408163265306076
2018-05-31,Adaptive Conservative SMA 30,26441.279184545354,10000.0,-0.0014285714285713982
2018-06-01,Adaptive Conservative SMA 30,27651.752623608943,10000.0,0.045779685264663715
2018-06-04,Adaptive Conservative SMA 30,28370.471228052957,10000.0,0.02599179206566353
2018-06-05,Adaptive Conservative SMA 30,28673.089587818853,10000.0,0.010666666666666677
2018-06-06,Adaptive Conservative SMA 30,29127.0171274677,10000.0,0.015831134564643815
2018-06-07,Adaptive Conservative SMA 30,28446.125817994427,10000.0,-0.023376623376623454
2018-06-08,Adaptive Conservative SMA 30,28446.125817994427,10000.0,0.0
2018-06-11,Adaptive Conservative SMA 30,28673.089587818853,10000.0,0.007978723404255386
2018-06-12,Adaptive Conservative SMA 30,29127.0171274677,10000.0,0.015831134564643815
2018-06-13,Adaptive Conservative SMA 30,29089.189832496966,10000.0,-0.001298701298701271
2018-06-14,Adaptive Conservative SMA 30,29959.217616823924,10000.0,0.029908972691807482
2018-06-15,Adaptive Conservative SMA 30,29656.599257058024,10000.0,-0.01010101010101011
2018-06-18,Adaptive Conservative SMA 30,29580.94466711655,10000.0,-0.002551020408163211
2018-06-19,Adaptive Conservative SMA 30,29353.980897292124,10000.0,-0.007672634271099808
2018-06-20,Adaptive Conservative SMA 30,29959.217616823917,10000.0,0.020618556701030948
2018-06-21,Adaptive Conservative SMA 30,29164.844422438433,10000.0,-0.026515151515151512
2018-06-22,Adaptive Conservative SMA 30,28900.053357643268,10000.0,-0.009079118028534408
2018-06-25,Adaptive Conservative SMA 30,27046.515904077147,10000.0,-0.06413612565445018
2018-06-26,Adaptive Conservative SMA 30,27349.134263843047,10000.0,0.011188811188811197
2018-06-27,Adaptive Conservative SMA 30,26252.142709691667,10000.0,-0.040110650069156296
2018-06-28,Adaptive Conservative SMA 30,26895.206724194202,10000.0,0.024495677233429384
2018-06-29,Adaptive Conservative SMA 30,27008.68860910641,10000.0,0.004219409282700331
2018-07-02,Adaptive Conservative SMA 30,27613.925328638205,10000.0,0.022408963585434195
2018-07-03,Adaptive Conservative SMA 30,26668.242954369773,10000.0,-0.03424657534246575
2018-07-05,Adaptive Conservative SMA 30,27651.752623608943,10000.0,0.036879432624113445
2018-07-06,Adaptive Conservative SMA 30,28900.053357643275,10000.0,0.045143638850889206
2018-07-09,Adaptive Conservative SMA 30,29694.42655202876,10000.0,0.027486910994764396
2018-07-10,Adaptive Conservative SMA 30,29770.081141970233,10000.0,0.0025477707006370015
2018-07-11,Adaptive Conservative SMA 30,29316.153602321385,10000.0,-0.015247776365946646
2018-07-12,Adaptive Conservative SMA 30,30753.590811209404,10000.0,0.04903225806451623
2018-07-13,Adaptive Conservative SMA 30,30867.072696121613,10000.0,0.0036900369003689247
2018-07-16,Adaptive Conservative SMA 30,30640.108926297187,10000.0,-0.007352941176470649
2018-07-17,Adaptive Conservative SMA 30,31207.51835085825,10000.0,0.018518518518518563
2018-07-18,Adaptive Conservative SMA 30,31018.38187600456,10000.0,-0.0060606060606061465
2018-07-19,Adaptive Conservative SMA 30,30564.454336355717,10000.0,-0.01463414634146332
2018-07-20,Adaptive Conservative SMA 30,30526.627041384978,10000.0,-0.0012376237623762112
2018-07-23,Adaptive Conservative SMA 30,30791.41810618014,10000.0,0.00867410161090462
2018-07-24,Adaptive Conservative SMA 30,31169.69105588751,10000.0,0.012285012285012241
2018-07-25,Adaptive Conservative SMA 30,32493.646379863316,10000.0,0.04247572815533976
2018-07-26,Adaptive Conservative SMA 30,31056.2091709753,10000.0,-0.04423748544819546
2018-07-27,Adaptive Conservative SMA 30,29770.08114197023,10000.0,-0.041412911084043935
2018-07-30,Adaptive Conservative SMA 30,28483.953112965162,10000.0,-0.043202033036848775
2018-07-31,Adaptive Conservative SMA 30,29051.36253752622,10000.0,0.019920318725099532
2018-08-01,Adaptive Conservative SMA 30,29429.635487233598,10000.0,0.013020833333333403
2018-08-02,Adaptive Conservative SMA 30,30602.281631326452,10000.0,0.039845758354755734
2018-08-03,Adaptive Conservative SMA 30,30904.89999109235,10000.0,0.009888751545117438
2018-08-06,Adaptive Conservative SMA 30,31472.30941565341,10000.0,0.018359853121175076
2018-08-07,Adaptive Conservative SMA 30,31774.927775419306,10000.0,0.009615384615384623
2018-08-08,Adaptive Conservative SMA 30,31850.58236536078,10000.0,0.00238095238095233
2018-08-09,Adaptive Conservative SMA 30,31812.75507039004,10000.0,-0.0011876484560569818
2018-08-10,Adaptive Conservative SMA 30,31094.036465946036,10000.0,-0.022592152199762128
2018-08-13,Adaptive Conservative SMA 30,30980.55458103382,10000.0,-0.0036496350364964886
2018-08-14,Adaptive Conservative SMA 30,31547.964005594877,10000.0,0.01831501831501836
2018-08-15,Adaptive Conservative SMA 30,30413.145156472754,10000.0,-0.03597122302158282
2018-08-16,Adaptive Conservative SMA 30,30677.93622126791,10000.0,0.008706467661691579
2018-08-17,Adaptive Conservative SMA 30,30677.93622126791,10000.0,0.0
2018-08-20,Adaptive Conservative SMA 30,30640.108926297176,10000.0,-0.0012330456226880132
2018-08-21,Adaptive Conservative SMA 30,30942.727286063076,10000.0,0.009876543209876552
2018-08-22,Adaptive Conservative SMA 30,31283.17294079971,10000.0,0.011002444987775044
2018-08-23,Adaptive Conservative SMA 30,31131.863760916767,10000.0,-0.004836759371221179
2018-08-24,Adaptive Conservative SMA 30,32001.89154524373,10000.0,0.027946537059538326
2018-08-27,Adaptive Conservative SMA 30,32985.401214482896,10000.0,0.030732860520094534
2018-08-28,Adaptive Conservative SMA 30,33136.71039436584,10000.0,0.0045871559633026545
2018-08-29,Adaptive Conservative SMA 30,34271.52924348796,10000.0,0.034246575342465835
2018-08-30,Adaptive Conservative SMA 30,34082.39276863427,10000.0,-0.005518763796909571
2018-08-31,Adaptive Conservative SMA 30,34195.87465354649,10000.0,0.0033296337402884974
2018-09-04,Adaptive Conservative SMA 30,33779.774408868376,10000.0,-0.012168141592920293
2018-09-05,Adaptive Conservative SMA 30,32417.991789921834,10000.0,-0.04031354983202681
2018-09-06,Adaptive Conservative SMA 30,31547.964005594873,10000.0,-0.026837806301050225
2018-09-07,Adaptive Conservative SMA 30,31245.345645828973,10000.0,-0.009592326139088737
2018-09-10,Adaptive Conservative SMA 30,31510.136710624134,10000.0,0.008474576271186475
2018-09-11,Adaptive Conservative SMA 30,32228.855315068136,10000.0,0.022809123649459723
2018-09-12,Adaptive Conservative SMA 30,31926.236955302236,10000.0,-0.009389671361502356
2018-09-13,Adaptive Conservative SMA 30,32871.91932957067,10000.0,0.02962085308056872
2018-09-14,Adaptive Conservative SMA 30,32644.955559746253,10000.0,-0.006904487917145998
2018-09-17,Adaptive Conservative SMA 30,31245.34564582897,10000.0,-0.0428736964078796
2018-09-18,Adaptive Conservative SMA 30,32001.891545243714,10000.0,0.02421307506053282
2018-09-19,Adaptive Conservative SMA 30,31926.236955302236,10000.0,-0.0023640661938535874
2018-09-20,Adaptive Conservative SMA 30,32909.7466245414,10000.0,0.030805687203791447
2018-09-21,Adaptive Conservative SMA 30,32417.991789921824,10000.0,-0.014942528735632071
2018-09-24,Adaptive Conservative SMA 30,32682.782854716985,10000.0,0.008168028004667477
2018-09-25,Adaptive Conservative SMA 30,32834.09203459993,10000.0,0.0046296296296295305
2018-09-26,Adaptive Conservative SMA 30,32796.264739629194,10000.0,-0.0011520737327188695
2018-09-27,Adaptive Conservative SMA 30,33704.11981892689,10000.0,0.027681660899654004
2018-09-28,Adaptive Conservative SMA 30,33628.46522898541,10000.0,-0.00224466891133553
2018-10-01,Adaptive Conservative SMA 30,33817.60170383909,10000.0,0.00562429696287952
2018-10-02,Adaptive Conservative SMA 30,33628.46522898541,10000.0,-0.0055928411633108435
2018-10-03,Adaptive Conservative SMA 30,33741.94711389762,10000.0,0.003374578177727712
2018-10-04,Adaptive Conservative SMA 30,31812.755070390023,10000.0,-0.05717488789237666
2018-10-05,Adaptive Conservative SMA 30,30602.28163132643,10000.0,-0.03804994054696793
2018-10-08,Adaptive Conservative SMA 30,30490.11065567012,10000.0,-0.003665444851716075
2018-10-09,Adaptive Conservative SMA 30,30549.400768031388,10000.0,0.0019445686186856863
2018-10-10,Adaptive Conservative SMA 30,29742.87208561817,10000.0,-0.02640080204968254
2018-10-11,Adaptive Conservative SMA 30,29521.412108192046,10000.0,-0.00744581682591469
2018-10-12,Adaptive Conservative SMA 30,30014.625718541873,10000.0,0.016706978939295614
2018-10-15,Adaptive Conservative SMA 30,29796.531726923473,10000.0,-0.007266257246168807
2018-10-16,Adaptive Conservative SMA 30,30316.91503142691,10000.0,0.017464559609574683
2018-10-17,Adaptive Conservative SMA 30,30324.103595935012,10000.0,0.00023711398407946652
2018-10-18,Adaptive Conservative SMA 30,29902.098858533347,10000.0,-0.013916478555304692
2018-10-19,Adaptive Conservative SMA 30,29885.514414080062,10000.0,-0.0005546247616846609
2018-10-22,Adaptive Conservative SMA 30,29977.799527693194,10000.0,0.0030879546637367244
2018-10-23,Adaptive Conservative SMA 30,29911.57311520537,10000.0,-0.002209181912323046
2018-10-24,Adaptive Conservative SMA 30,29089.773456571886,10000.0,-0.027474304192170017
2018-10-25,Adaptive Conservative SMA 30,29693.925362792488,10000.0,0.020768532526475033
2018-10-26,Adaptive Conservative SMA 30,29235.412390003272,10000.0,-0.015441305492191634
2018-10-29,Adaptive Conservative SMA 30,28874.204016955144,10000.0,-0.012355165996277865
2018-10-30,Adaptive Conservative SMA 30,29159.866425214102,10000.0,0.009893343140860707
2018-10-31,Adaptive Conservative SMA 30,29571.33652974887,10000.0,0.014110836398721498
2018-11-01,Adaptive Conservative SMA 30,29805.495937608313,10000.0,0.007918458728568936
2018-11-02,Adaptive Conservative SMA 30,29526.80059849292,10000.0,-0.00935046810490204
2018-11-05,Adaptive Conservative SMA 30,29482.847891594578,10000.0,-0.0014885699096224968
2018-11-06,Adaptive Conservative SMA 30,29616.932259337485,10000.0,0.004547877065198085
2018-11-07,Adaptive Conservative SMA 30,30174.632235587367,10000.0,0.018830443726124017
2018-11-08,Adaptive Conservative SMA 30,29670.320833321282,10000.0,-0.016713091922005586
2018-11-09,Adaptive Conservative SMA 30,28157.38662652303,10000.0,-0.05099150141643052
2018-11-12,Adaptive Conservative SMA 30,25677.85556538145,10000.0,-0.08805970149253729
2018-11-13,Adaptive Conservative SMA 30,25690.830420214774,10000.0,0.0005052935514917698
2018-11-14,Adaptive Conservative SMA 30,25573.169566865792,10000.0,-0.004579877389109202
2018-11-15,Adaptive Conservative SMA 30,25841.74128286691,10000.0,0.010502089516080138
2018-11-16,Adaptive Conservative SMA 30,25553.696395955973,10000.0,-0.011146496815286669
2018-11-19,Adaptive Conservative SMA 30,25055.474873726715,10000.0,-0.019497043187384256
2018-11-20,Adaptive Conservative SMA 30,24787.238821179686,10000.0,-0.010705686238192208
2018-11-21,Adaptive Conservative SMA 30,24900.36137199799,10000.0,0.004563741513703719
2018-11-23,Adaptive Conservative SMA 30,24792.240768623415,10000.0,-0.0043421298895751324
2018-11-26,Adaptive Conservative SMA 30,25135.309417982488,10000.0,0.013837742726073082
2018-11-27,Adaptive Conservative SMA 30,25186.259369505427,10000.0,0.002027027027026964
2018-11-28,Adaptive Conservative SMA 30,25672.86992702094,10000.0,0.019320477502295756
2018-11-29,Adaptive Conservative SMA 30,25467.81505539937,10000.0,-0.007987220447284317
2018-11-30,Adaptive Conservative SMA 30,26000.95772161546,10000.0,0.020933977455716568
2018-12-03,Adaptive Conservative SMA 30,27313.30889999353,10000.0,0.050473186119873864
2018-12-04,Adaptive Conservative SMA 30,24319.507774318565,10000.0,-0.10960960960960967
2018-12-06,Adaptive Conservative SMA 30,24647.595568913082,10000.0,0.013490725126475561
2018-12-07,Adaptive Conservative SMA 30,22268.959058102835,10000.0,-0.09650582362728787
2018-12-10,Adaptive Conservative SMA 30,22408.12279480815,10000.0,0.00624922504649713
2018-12-11,Adaptive Conservative SMA 30,22452.669559966565,10000.0,0.0019879739845380553
2018-12-12,Adaptive Conservative SMA 30,23008.035944842064,10000.0,0.02473498233215542
2018-12-13,Adaptive Conservative SMA 30,23008.035944842064,10000.0,0.0
2018-12-14,Adaptive Conservative SMA 30,21262.598735233358,10000.0,-0.07586206896551716
2018-12-17,Adaptive Conservative SMA 30,20973.374566101924,10000.0,-0.01360248447204971
2018-12-18,Adaptive Conservative SMA 30,21052.54955493106,10000.0,0.0037750238322211975
2018-12-19,Adaptive Conservative SMA 30,20742.22588017289,10000.0,-0.014740431981811346
2018-12-20,Adaptive Conservative SMA 30,20561.73024027032,10000.0,-0.008701845257364768
2018-12-21,Adaptive Conservative SMA 30,20179.16128921293,10000.0,-0.01860587346429275
2018-12-24,Adaptive Conservative SMA 30,19845.05381163304,10000.0,-0.016557054715574025
2018-12-26,Adaptive Conservative SMA 30,20588.931996623553,10000.0,0.037484311811462875
2018-12-27,Adaptive Conservative SMA 30,20636.76295821172,10000.0,0.002323139519622011
2018-12-28,Adaptive Conservative SMA 30,20630.287409921242,10000.0,-0.0003137870170622181
2018-12-31,Adaptive Conservative SMA 30,20734.727480921825,10000.0,0.00506246320884304
2019-01-02,Adaptive Conservative SMA 30,20784.755491188414,10000.0,0.0024127643014658366
2019-01-03,Adaptive Conservative SMA 30,20377.116488144176,10000.0,-0.0196124031007752
2019-01-04,Adaptive Conservative SMA 30,20900.492940751377,10000.0,0.025684519834379575
2019-01-07,Adaptive Conservative SMA 30,21049.86822171121,10000.0,0.007146974063400519
2019-01-08,Adaptive Conservative SMA 30,21646.423191557275,10000.0,0.028340080971659853
2019-01-09,Adaptive Conservative SMA 30,22157.7560228539,10000.0,0.02362204724409451
2019-01-10,Adaptive Conservative SMA 30,22370.811369227496,10000.0,0.009615384615384581
2019-01-11,Adaptive Conservative SMA 30,22115.144953579183,10000.0,-0.011428571428571354
2019-01-14,Adaptive Conservative SMA 30,21518.589983733113,10000.0,-0.026974951830443267
2019-01-15,Adaptive Conservative SMA 30,22711.699923425247,10000.0,0.055445544554455495
2019-01-16,Adaptive Conservative SMA 30,22754.310992699968,10000.0,0.0018761726078798848
2019-01-17,Adaptive Conservative SMA 30,23265.643823996597,10000.0,0.02247191011235957
2019-01-18,Adaptive Conservative SMA 30,23904.809863117385,10000.0,0.027472527472527538
2019-01-22,Adaptive Conservative SMA 30,22583.866715601092,10000.0,-0.05525846702317299
2019-01-23,Adaptive Conservative SMA 30,22626.47778487581,10000.0,0.0018867924528301486
2019-01-24,Adaptive Conservative SMA 30,23009.977408348284,10000.0,0.016949152542373024
2019-01-25,Adaptive Conservative SMA 30,23819.58772456794,10000.0,0.03518518518518509
2019-01-28,Adaptive Conservative SMA 30,22967.36633907356,10000.0,-0.03577817531305907
2019-01-29,Adaptive Conservative SMA 30,22328.200299952776,10000.0,-0.02782931354359916
2019-01-30,Adaptive Conservative SMA 30,23990.03200166682,10000.0,0.07442748091603046
2019-01-31,Adaptive Conservative SMA 30,25055.308733534795,10000.0,0.04440497335701599
2019-02-01,Adaptive Conservative SMA 30,24714.42017933704,10000.0,-0.01360544217687076
2019-02-04,Adaptive Conservative SMA 30,25609.252634106142,10000.0,0.036206896551724134
2019-02-05,Adaptive Conservative SMA 30,26291.029742501647,10000.0,0.02662229617304495
2019-02-06,Adaptive Conservative SMA 30,26077.97439612805,10000.0,-0.008103727714748757
2019-02-07,Adaptive Conservative SMA 30,25012.697664260075,10000.0,-0.04084967320261438
2019-02-08,Adaptive Conservative SMA 30,25140.530872084233,10000.0,0.005110732538330536
2019-02-11,Adaptive Conservative SMA 30,25097.919802809512,10000.0,-0.0016949152542374024
2019-02-12,Adaptive Conservative SMA 30,26163.19653467749,10000.0,0.04244482173174873
2019-02-13,Adaptive Conservative SMA 30,26248.418673226926,10000.0,0.0032573289902280886
2019-02-14,Adaptive Conservative SMA 30,26333.640811776364,10000.0,0.0032467532467531776
2019-02-15,Adaptive Conservative SMA 30,26631.9182966994,10000.0,0.011326860841423994
2019-02-19,Adaptive Conservative SMA 30,26802.362573798277,10000.0,0.0064000000000000055
2019-02-20,Adaptive Conservative SMA 30,26802.362573798277,10000.0,0.0
2019-02-21,Adaptive Conservative SMA 30,26504.085088875243,10000.0,-0.011128775834658232
2019-02-22,Adaptive Conservative SMA 30,27058.02898944659,10000.0,0.020900321543408342
2019-02-25,Adaptive Conservative SMA 30,27356.306474369623,10000.0,0.01102362204724414
2019-02-26,Adaptive Conservative SMA 30,27441.528612919064,10000.0,0.00311526479750786
2019-02-27,Adaptive Conservative SMA 30,27356.306474369623,10000.0,-0.0031055900621118726
2019-02-28,Adaptive Conservative SMA 30,27185.862197270748,10000.0,-0.006230529595015582
2019-03-01,Adaptive Conservative SMA 30,27739.806097842098,10000.0,0.020376175548589327
2019-03-04,Adaptive Conservative SMA 30,27739.806097842098,10000.0,0.0
2019-03-05,Adaptive Conservative SMA 30,27825.02823639154,10000.0,0.0030721966205837885
2019-03-06,Adaptive Conservative SMA 30,27313.69540509491,10000.0,-0.01837672281776418
2019-03-07,Adaptive Conservative SMA 30,26333.640811776368,10000.0,-0.03588143525741036
2019-03-08,Adaptive Conservative SMA 30,26163.196534677492,10000.0,-0.00647249190938512
2019-03-11,Adaptive Conservative SMA 30,27825.028236391536,10000.0,0.06351791530944635
2019-03-12,Adaptive Conservative SMA 30,28251.13892913872,10000.0,0.015313935681470082
2019-03-13,Adaptive Conservative SMA 30,28890.30496825951,10000.0,0.022624434389140326
2019-03-14,Adaptive Conservative SMA 30,28762.47176043535,10000.0,-0.004424778761061983
2019-03-15,Adaptive Conservative SMA 30,29444.24886883086,10000.0,0.023703703703703723
2019-03-18,Adaptive Conservative SMA 30,29742.526353753896,10000.0,0.010130246020260534
2019-03-19,Adaptive Conservative SMA 30,30040.803838676926,10000.0,0.010028653295128852
2019-03-20,Adaptive Conservative SMA 30,30381.69239287468,10000.0,0.011347517730496465
2019-03-21,Adaptive Conservative SMA 30,31787.85767894041,10000.0,0.046283309957924276
2019-03-22,Adaptive Conservative SMA 30,29699.915284479175,10000.0,-0.06568364611260057
2019-03-25,Adaptive Conservative SMA 30,29529.4710073803,10000.0,-0.005738880918220952
2019-03-26,Adaptive Conservative SMA 30,29912.970630852767,10000.0,0.012987012987012967
2019-03-27,Adaptive Conservative SMA 30,29316.4156610067,10000.0,-0.019943019943019898
2019-03-28,Adaptive Conservative SMA 30,29529.471007380293,10000.0,0.00726744186046509
2019-03-29,Adaptive Conservative SMA 30,30168.63704650108,10000.0,0.021645021645021696
2019-04-01,Adaptive Conservative SMA 30,31361.74698619321,10000.0,0.039548022598870095
2019-04-02,Adaptive Conservative SMA 30,31702.635540390966,10000.0,0.010869565217391313
2019-04-03,Adaptive Conservative SMA 30,32256.579440962316,10000.0,0.017473118279569877
2019-04-04,Adaptive Conservative SMA 30,32213.968371687595,10000.0,-0.0013210039630119782
2019-04-05,Adaptive Conservative SMA 30,32682.690133709508,10000.0,0.014550264550264593
2019-04-08,Adaptive Conservative SMA 30,32938.35654935782,10000.0,0.007822685788787549
2019-04-09,Adaptive Conservative SMA 30,32597.467995160066,10000.0,-0.010349288486416567
2019-04-10,Adaptive Conservative SMA 30,33108.800826456696,10000.0,0.015686274509803817
2019-04-11,Adaptive Conservative SMA 30,32853.13441080838,10000.0,-0.007722007722007672
2019-04-12,Adaptive Conservative SMA 30,33279.24510355557,10000.0,0.012970168612191912
2019-04-15,Adaptive Conservative SMA 30,33321.856172830296,10000.0,0.001280409731114043
2019-04-16,Adaptive Conservative SMA 30,33620.13365775333,10000.0,0.00895140664961629
2019-04-17,Adaptive Conservative SMA 30,33961.02221195108,10000.0,0.010139416983523457
2019-04-18,Adaptive Conservative SMA 30,34046.24435050052,10000.0,0.002509410288582241
2019-04-22,Adaptive Conservative SMA 30,34344.521835423555,10000.0,0.008760951188986269
2019-04-23,Adaptive Conservative SMA 30,35665.46498293984,10000.0,0.0384615384615383
2019-04-24,Adaptive Conservative SMA 30,35324.57642874209,10000.0,-0.00955794504181602
2019-04-25,Adaptive Conservative SMA 30,35708.07605221457,10000.0,0.01085645355850442
2019-04-26,Adaptive Conservative SMA 30,35835.90926003872,10000.0,0.003579952267303026
2019-04-29,Adaptive Conservative SMA 30,36006.3535371376,10000.0,0.004756242568370886
2019-04-30,Adaptive Conservative SMA 30,35196.74322091794,10000.0,-0.02248520710059166
2019-05-01,Adaptive Conservative SMA 30,34813.243597445464,10000.0,-0.010895883777239693
2019-05-02,Adaptive Conservative SMA 30,34387.13290469827,10000.0,-0.012239902080783311
2019-05-03,Adaptive Conservative SMA 30,36006.35353713759,10000.0,0.047087980173481904
2019-05-06,Adaptive Conservative SMA 30,35367.18749801681,10000.0,-0.017751479289940662
2019-05-07,Adaptive Conservative SMA 30,33279.24510355557,10000.0,-0.05903614457831338
2019-05-08,Adaptive Conservative SMA 30,32980.967618632545,10000.0,-0.008962868117797618
2019-05-09,Adaptive Conservative SMA 30,32469.634787335915,10000.0,-0.015503875968992262
2019-05-10,Adaptive Conservative SMA 30,32554.85692588535,10000.0,0.0026246719160104427
2019-05-13,Adaptive Conservative SMA 30,29188.582453182542,10000.0,-0.10340314136125656
2019-05-14,Adaptive Conservative SMA 30,29380.89447606865,10000.0,0.006588604403607976
2019-05-15,Adaptive Conservative SMA 30,29629.032371228135,10000.0,0.008445552784704973
2019-05-16,Adaptive Conservative SMA 30,30554.939632829013,10000.0,0.031249999999999938
2019-05-17,Adaptive Conservative SMA 30,29629.032371228135,10000.0,-0.03030303030303024
2019-05-20,Adaptive Conservative SMA 30,28139.529385174545,10000.0,-0.0502717391304348
2019-05-21,Adaptive Conservative SMA 30,28315.068982473364,10000.0,0.006238185255198408
2019-05-22,Adaptive Conservative SMA 30,28239.34607747429,10000.0,-0.0026742970340615274
2019-05-23,Adaptive Conservative SMA 30,27980.86521795463,10000.0,-0.009153216891443702
2019-05-24,Adaptive Conservative SMA 30,27972.384264195258,10000.0,-0.0003030983385720815
2019-05-28,Adaptive Conservative SMA 30,27909.235511040846,10000.0,-0.0022575391699892877
2019-05-29,Adaptive Conservative SMA 30,27771.419894875842,10000.0,-0.0049379932356257315
2019-05-30,Adaptive Conservative SMA 30,27841.503505386954,10000.0,0.002523587586677307
2019-05-31,Adaptive Conservative SMA 30,27574.87556826269,10000.0,-0.00957663572560559
2019-06-03,Adaptive Conservative SMA 30,27210.403786047875,10000.0,-0.013217531347060897
2019-06-04,Adaptive Conservative SMA 30,27670.338506280197,10000.0,0.01690289948832556
2019-06-05,Adaptive Conservative SMA 30,27793.796142905863,10000.0,0.0044617320672692305
2019-06-06,Adaptive Conservative SMA 30,27926.35796870669,10000.0,0.004769475357710671
2019-06-07,Adaptive Conservative SMA 30,28249.166027245366,10000.0,0.01155926092834606
2019-06-10,Adaptive Conservative SMA 30,29295.431435661867,10000.0,0.03703703703703713
2019-06-11,Adaptive Conservative SMA 30,29375.913390155445,10000.0,0.0027472527472526885
2019-06-12,Adaptive Conservative SMA 30,28893.021663193984,10000.0,-0.016438356164383577
2019-06-13,Adaptive Conservative SMA 30,29375.91339015544,10000.0,0.016713091922005586
2019-06-14,Adaptive Conservative SMA 30,28973.503617687562,10000.0,-0.013698630136986254
2019-06-17,Adaptive Conservative SMA 30,29536.877299142598,10000.0,0.0194444444444444
2019-06-18,Adaptive Conservative SMA 30,30784.347593793038,10000.0,0.04223433242506819
2019-06-19,Adaptive Conservative SMA 30,31146.51638901413,10000.0,0.011764705882352922
2019-06-20,Adaptive Conservative SMA 30,31991.576911196687,10000.0,0.02713178294573643
2019-06-21,Adaptive Conservative SMA 30,31870.853979456322,10000.0,-0.0037735849056604086
2019-06-24,Adaptive Conservative SMA 30,31870.853979456322,10000.0,0.0
2019-06-25,Adaptive Conservative SMA 30,30220.973912338002,10000.0,-0.05176767676767679
2019-06-26,Adaptive Conservative SMA 30,30623.383684805885,10000.0,0.013315579227696476
2019-06-27,Adaptive Conservative SMA 30,30945.311502780194,10000.0,0.010512483574244424
2019-06-28,Adaptive Conservative SMA 30,31066.034434520552,10000.0,0.0039011703511052484
2019-07-01,Adaptive Conservative SMA 30,32313.504729170985,10000.0,0.04015544041450772
2019-07-02,Adaptive Conservative SMA 30,32715.914501638876,10000.0,0.01245330012453318
2019-07-03,Adaptive Conservative SMA 30,33440.252092081064,10000.0,0.022140221402213986
2019-07-05,Adaptive Conservative SMA 30,33198.80622860033,10000.0,-0.007220216606498254
2019-07-08,Adaptive Conservative SMA 30,32514.709615404932,10000.0,-0.020606060606060597
2019-07-09,Adaptive Conservative SMA 30,32997.60134236639,10000.0,0.014851485148514755
2019-07-10,Adaptive Conservative SMA 30,33963.38479628931,10000.0,0.02926829268292686
2019-07-11,Adaptive Conservative SMA 30,33882.90284179574,10000.0,-0.002369668246445447
2019-07-12,Adaptive Conservative SMA 30,34446.27652325077,10000.0,0.01662707838479817
2019-07-15,Adaptive Conservative SMA 30,34727.96336397829,10000.0,0.008177570093457976
2019-07-16,Adaptive Conservative SMA 30,34245.07163701683,10000.0,-0.01390498261877184
2019-07-17,Adaptive Conservative SMA 30,33762.179910055376,10000.0,-0.014101057579318357
2019-07-18,Adaptive Conservative SMA 30,33882.90284179574,10000.0,0.0035756853396900308
2019-07-19,Adaptive Conservative SMA 30,33078.08329685997,10000.0,-0.02375296912114006
2019-07-22,Adaptive Conservative SMA 30,33842.66186454894,10000.0,0.02311435523114349
2019-07-23,Adaptive Conservative SMA 30,34486.51750049755,10000.0,0.019024970273483963
2019-07-24,Adaptive Conservative SMA 30,35251.096068186525,10000.0,0.022170361726954434
2019-07-25,Adaptive Conservative SMA 30,34245.071637016816,10000.0,-0.02853881278538813
2019-07-26,Adaptive Conservative SMA 30,35251.096068186525,10000.0,0.02937720329024677
2019-07-29,Adaptive Conservative SMA 30,34929.16825021222,10000.0,-0.009132420091324209
2019-07-30,Adaptive Conservative SMA 30,34446.276523250766,10000.0,-0.013824884792626639
2019-07-31,Adaptive Conservative SMA 30,32997.60134236638,10000.0,-0.04205607476635528
2019-08-01,Adaptive Conservative SMA 30,32554.950592651716,10000.0,-0.013414634146341396
2019-08-02,Adaptive Conservative SMA 30,31066.03443452055,10000.0,-0.045735475896168123
2019-08-05,Adaptive Conservative SMA 30,27806.5152775307,10000.0,-0.10492227979274607
2019-08-06,Adaptive Conservative SMA 30,28039.26246032314,10000.0,0.008370239149690026
2019-08-07,Adaptive Conservative SMA 30,28130.19564388632,10000.0,0.003243066171653229
2019-08-08,Adaptive Conservative SMA 30,28497.72890872037,10000.0,0.013065435786043956
2019-08-09,Adaptive Conservative SMA 30,27655.251061804473,10000.0,-0.02956298200514144
2019-08-12,Adaptive Conservative SMA 30,27464.74007750619,10000.0,-0.006888781586994967
2019-08-13,Adaptive Conservative SMA 30,27826.067241402394,10000.0,0.013156037991858861
2019-08-14,Adaptive Conservative SMA 30,25355.02652112342,10000.0,-0.08880308880308875
2019-08-15,Adaptive Conservative SMA 30,25337.536466696278,10000.0,-0.0006898061973064972
2019-08-16,Adaptive Conservative SMA 30,25581.67671941457,10000.0,0.009635516579884923
2019-08-19,Adaptive Conservative SMA 30,25825.92943164547,10000.0,0.009547955550760654
2019-08-20,Adaptive Conservative SMA 30,25290.677008191677,10000.0,-0.020725388601036288
2019-08-21,Adaptive Conservative SMA 30,25926.289261043054,10000.0,0.025132275132275186
2019-08-22,Adaptive Conservative SMA 30,25692.11632578202,10000.0,-0.009032258064516166
2019-08-23,Adaptive Conservative SMA 30,23316.93369670582,10000.0,-0.09244791666666667
2019-08-26,Adaptive Conservative SMA 30,23528.35833043426,10000.0,0.009067428697037973
2019-08-27,Adaptive Conservative SMA 30,23498.553025922993,10000.0,-0.0012667821567777817
2019-08-28,Adaptive Conservative SMA 30,23549.035459592313,10000.0,0.0021483209461292136
2019-08-29,Adaptive Conservative SMA 30,24616.50547355735,10000.0,0.045329670329670335
2019-08-30,Adaptive Conservative SMA 30,24454.767592653556,10000.0,-0.006570302233902853
2019-09-03,Adaptive Conservative SMA 30,23743.120916676864,10000.0,-0.029100529100529068
2019-09-04,Adaptive Conservative SMA 30,24745.895778280385,10000.0,0.04223433242506819
2019-09-05,Adaptive Conservative SMA 30,26104.49397787225,10000.0,0.05490196078431371
2019-09-06,Adaptive Conservative SMA 30,26039.798825510734,10000.0,-0.0024783147459726857
2019-09-09,Adaptive Conservative SMA 30,25878.060944606936,10000.0,-0.0062111801242236905
2019-09-10,Adaptive Conservative SMA 30,25651.627911341624,10000.0,-0.008750000000000036
2019-09-11,Adaptive Conservative SMA 30,26363.27458731832,10000.0,0.027742749054224546
2019-09-12,Adaptive Conservative SMA 30,26686.750349125905,10000.0,0.012269938650306704
2019-09-13,Adaptive Conservative SMA 30,26395.622163499076,10000.0,-0.010909090909090893
2019-09-16,Adaptive Conservative SMA 30,26039.79882551073,10000.0,-0.013480392156862675
2019-09-17,Adaptive Conservative SMA 30,26363.274587318316,10000.0,0.012422360248447159
2019-09-18,Adaptive Conservative SMA 30,26363.274587318316,10000.0,0.0
2019-09-19,Adaptive Conservative SMA 30,26492.66489204135,10000.0,0.004907975460122595
2019-09-20,Adaptive Conservative SMA 30,25651.627911341624,10000.0,-0.03174603174603172
2019-09-23,Adaptive Conservative SMA 30,25651.627911341624,10000.0,0.0
2019-09-24,Adaptive Conservative SMA 30,24648.853049738107,10000.0,-0.03909205548549806
2019-09-25,Adaptive Conservative SMA 30,25425.194878076312,10000.0,0.03149606299212601
2019-09-26,Adaptive Conservative SMA 30,25198.761844811,10000.0,-0.008905852417302835
2019-09-27,Adaptive Conservative SMA 30,24260.682135568997,10000.0,-0.037227214377406934
2019-09-30,Adaptive Conservative SMA 30,24907.63365918417,10000.0,0.02666666666666669
2019-10-01,Adaptive Conservative SMA 30,24325.37728793051,10000.0,-0.023376623376623454
2019-10-02,Adaptive Conservative SMA 30,23063.821816880925,10000.0,-0.05186170212765954
2019-10-03,Adaptive Conservative SMA 30,23215.783502350125,10000.0,0.006588746942103867
2019-10-04,Adaptive Conservative SMA 30,24192.295427143683,10000.0,0.0420624151967435
2019-10-07,Adaptive Conservative SMA 30,23971.792734448365,10000.0,-0.009114583333333256
2019-10-08,Adaptive Conservative SMA 30,22869.27927097176,10000.0,-0.045992115637319385
2019-10-09,Adaptive Conservative SMA 30,23003.296307925546,10000.0,0.005860133822577171
2019-10-10,Adaptive Conservative SMA 30,23495.34542681165,10000.0,0.0213903743315507
2019-10-11,Adaptive Conservative SMA 30,24387.18445479272,10000.0,0.03795811518324608
2019-10-14,Adaptive Conservative SMA 30,24417.937524723104,10000.0,0.001261034047919379
2019-10-15,Adaptive Conservative SMA 30,25340.529622634556,10000.0,0.037783375314861437
2019-10-16,Adaptive Conservative SMA 30,25156.01120305226,10000.0,-0.0072815533980583125
2019-10-17,Adaptive Conservative SMA 30,25309.77655270417,10000.0,0.006112469437652899
2019-10-18,Adaptive Conservative SMA 30,24602.455944305388,10000.0,-0.027946537059538326
2019-10-21,Adaptive Conservative SMA 30,25248.270412843405,10000.0,0.026250000000000107
2019-10-22,Adaptive Conservative SMA 30,24663.96208416615,10000.0,-0.023142509135201127
2019-10-23,Adaptive Conservative SMA 30,24786.97436388768,10000.0,0.004987531172069941
2019-10-24,Adaptive Conservative SMA 30,25494.294972286454,10000.0,0.028535980148883207
2019-10-25,Adaptive Conservative SMA 30,26078.60330096371,10000.0,0.022919179734620182
2019-10-28,Adaptive Conservative SMA 30,26878.183119153637,10000.0,0.03066037735849054
2019-10-29,Adaptive Conservative SMA 30,26232.36865061562,10000.0,-0.024027459954233506
2019-10-30,Adaptive Conservative SMA 30,26601.405489780205,10000.0,0.014067995310668347
2019-10-31,Adaptive Conservative SMA 30,26632.158559710588,10000.0,0.001156069364161825
2019-11-01,Adaptive Conservative SMA 30,27370.232238039753,10000.0,0.027713625866050834
2019-11-04,Adaptive Conservative SMA 30,27862.28135692586,10000.0,0.017977528089887656
2019-11-05,Adaptive Conservative SMA 30,27893.03442685624,10000.0,0.0011037527593818748
2019-11-06,Adaptive Conservative SMA 30,27708.51600727395,10000.0,-0.006615214994487376
2019-11-07,Adaptive Conservative SMA 30,27985.29363664738,10000.0,0.00998890122086569
2019-11-08,Adaptive Conservative SMA 30,28323.577405881584,10000.0,0.012087912087912222
2019-11-11,Adaptive Conservative SMA 30,28200.565126160054,10000.0,-0.004343105320304117
2019-11-12,Adaptive Conservative SMA 30,28415.83661567273,10000.0,0.007633587786259573
2019-11-13,Adaptive Conservative SMA 30,28385.083545742353,10000.0,-0.001082251082251059
2019-11-14,Adaptive Conservative SMA 30,28385.083545742353,10000.0,0.0
2019-11-15,Adaptive Conservative SMA 30,28907.885734558844,10000.0,0.01841820151679306
2019-11-18,Adaptive Conservative SMA 30,29061.65108421075,10000.0,0.005319148936170099
2019-11-19,Adaptive Conservative SMA 30,29184.66336393228,10000.0,0.004232804232804331
2019-11-20,Adaptive Conservative SMA 30,28661.861175115788,10000.0,-0.017913593256059002
2019-11-21,Adaptive Conservative SMA 30,28446.589685603118,10000.0,-0.007510729613733936
2019-11-22,Adaptive Conservative SMA 30,28508.09582546388,10000.0,0.0021621621621621162
2019-11-25,Adaptive Conservative SMA 30,29522.947133166475,10000.0,0.03559870550161813
2019-11-26,Adaptive Conservative SMA 30,29676.712482818388,10000.0,0.005208333333333408
2019-11-27,Adaptive Conservative SMA 30,30291.77388142602,10000.0,0.020725388601036194
2019-11-29,Adaptive Conservative SMA 30,29891.983972331058,10000.0,-0.013197969543147108
2019-12-02,Adaptive Conservative SMA 30,28907.88573455884,10000.0,-0.0329218106995885
2019-12-03,Adaptive Conservative SMA 30,28262.071266020823,10000.0,-0.022340425531914985
2019-12-04,Adaptive Conservative SMA 30,28692.61424504617,10000.0,0.015233949945593099
2019-12-05,Adaptive Conservative SMA 30,28846.379594698083,10000.0,0.00535905680600222
2019-12-06,Adaptive Conservative SMA 30,29738.218622679153,10000.0,0.030916844349680075
2019-12-09,Adaptive Conservative SMA 30,29369.181783514574,10000.0,-0.012409513960703125
2019-12-10,Adaptive Conservative SMA 30,29307.675643653805,10000.0,-0.0020942408376964762
2019-12-11,Adaptive Conservative SMA 30,29738.21862267915,10000.0,0.014690451206715695
2019-12-12,Adaptive Conservative SMA 30,30414.78616114755,10000.0,0.02275077559462261
2019-12-13,Adaptive Conservative SMA 30,30691.56379052098,10000.0,0.009100101112234565
2019-12-16,Adaptive Conservative SMA 30,31583.402818502047,10000.0,0.029058116232464844
2019-12-17,Adaptive Conservative SMA 30,31614.15588843243,10000.0,0.0009737098344693075
2019-12-18,Adaptive Conservative SMA 30,31706.41509822358,10000.0,0.0029182879377433013
2019-12-19,Adaptive Conservative SMA 30,32352.22956676159,10000.0,0.020368574199805922
2019-12-20,Adaptive Conservative SMA 30,32721.26640592617,10000.0,0.011406844106463974
2019-12-23,Adaptive Conservative SMA 30,32967.290965369226,10000.0,0.0075187969924812095
2019-12-24,Adaptive Conservative SMA 30,32998.04403529961,10000.0,0.0009328358208955024
2019-12-26,Adaptive Conservative SMA 30,33859.129993350296,10000.0,0.02609506057781914
2019-12-27,Adaptive Conservative SMA 30,33766.870783559156,10000.0,-0.0027247956403269173
2019-12-30,Adaptive Conservative SMA 30,33090.303245090756,10000.0,-0.020036429872495504
2019-12-31,Adaptive Conservative SMA 30,33274.82166467305,10000.0,0.005576208178438708
2020-01-02,Adaptive Conservative SMA 30,34904.73437098328,10000.0,0.04898336414048053
2020-01-03,Adaptive Conservative SMA 30,33982.14227307183,10000.0,-0.026431718061673916
2020-01-06,Adaptive Conservative SMA 30,34627.95674160985,10000.0,0.019004524886877743
2020-01-07,Adaptive Conservative SMA 30,34566.450601749086,10000.0,-0.0017761989342806016
2020-01-08,Adaptive Conservative SMA 30,35366.03041993901,10000.0,0.02313167259786475
2020-01-09,Adaptive Conservative SMA 30,36257.86944792008,10000.0,0.02521739130434775
2020-01-10,Adaptive Conservative SMA 30,35950.33874861626,10000.0,-0.008481764206955017
2020-01-13,Adaptive Conservative SMA 30,37211.21461576191,10000.0,0.03507271171941832
2020-01-14,Adaptive Conservative SMA 30,36780.67163673657,10000.0,-0.011570247933884198
2020-01-15,Adaptive Conservative SMA 30,36811.424706666956,10000.0,0.0008361204013377747
2020-01-16,Adaptive Conservative SMA 30,37826.276014369556,10000.0,0.027568922305764416
2020-01-17,Adaptive Conservative SMA 30,38410.58434304681,10000.0,0.015447154471544674
2020-01-21,Adaptive Conservative SMA 30,38379.831273116426,10000.0,-0.0008006405124099109
2020-01-22,Adaptive Conservative SMA 30,38656.60890248987,10000.0,0.00721153846153845
2020-01-23,Adaptive Conservative SMA 30,38994.89267172406,10000.0,0.008750994431185316
2020-01-24,Adaptive Conservative SMA 30,37980.04136402146,10000.0,-0.02602523659305994
2020-01-27,Adaptive Conservative SMA 30,35642.80804931245,10000.0,-0.06153846153846152
2020-01-28,Adaptive Conservative SMA 30,37303.47382555307,10000.0,0.046591889559965564
2020-01-29,Adaptive Conservative SMA 30,37426.48610527459,10000.0,0.0032976092333057826
2020-01-30,Adaptive Conservative SMA 30,37857.02908429994,10000.0,0.011503697617091255
2020-01-31,Adaptive Conservative SMA 30,35981.09181854664,10000.0,-0.04955320877335509
2020-02-03,Adaptive Conservative SMA 30,37641.75759478726,10000.0,0.04615384615384623
2020-02-04,Adaptive Conservative SMA 30,40225.015468939324,10000.0,0.06862745098039215
2020-02-05,Adaptive Conservative SMA 30,40686.311517895054,10000.0,0.011467889908256907
2020-02-06,Adaptive Conservative SMA 30,41670.40975566727,10000.0,0.024187452758881352
2020-02-07,Adaptive Conservative SMA 30,41147.607566850784,10000.0,-0.012546125461254607
2020-02-10,Adaptive Conservative SMA 30,42623.75492350911,10000.0,0.0358744394618833
2020-02-11,Adaptive Conservative SMA 30,42654.50799343949,10000.0,0.0007215007215007061
2020-02-12,Adaptive Conservative SMA 30,43915.38386058514,10000.0,0.0295602018745494
2020-02-13,Adaptive Conservative SMA 30,43730.865441002854,10000.0,-0.004201680672268818
2020-02-14,Adaptive Conservative SMA 30,44038.39614030667,10000.0,0.007032348804500678
2020-02-18,Adaptive Conservative SMA 30,44099.90228016744,10000.0,0.0013966480446927076
2020-02-19,Adaptive Conservative SMA 30,45391.531217243464,10000.0,0.02928870292887029
2020-02-20,Adaptive Conservative SMA 30,44099.90228016743,10000.0,-0.028455284552845524
2020-02-21,Adaptive Conservative SMA 30,41578.150545876124,10000.0,-0.05718270571827059
2020-02-24,Adaptive Conservative SMA 30,36780.67163673657,10000.0,-0.1153846153846153
2020-02-25,Adaptive Conservative SMA 30,36181.2632129915,10000.0,-0.01629683192479781
2020-02-26,Adaptive Conservative SMA 30,36293.205614272985,10000.0,0.003093932918331358
2020-02-27,Adaptive Conservative SMA 30,35202.2456414707,10000.0,-0.03005962009520729
2020-02-28,Adaptive Conservative SMA 30,35218.68808579309,10000.0,0.0004670850970661117
2020-03-02,Adaptive Conservative SMA 30,36309.71575112769,10000.0,0.03097865720258643
2020-03-03,Adaptive Conservative SMA 30,35610.74826748063,10000.0,-0.019250150247330212
2020-03-04,Adaptive Conservative SMA 30,36502.6753053307,10000.0,0.025046568276257366
2020-03-05,Adaptive Conservative SMA 30,35836.92113374477,10000.0,-0.018238503507404587
2020-03-06,Adaptive Conservative SMA 30,35473.94267210073,10000.0,-0.010128617363344033
2020-03-09,Adaptive Conservative SMA 30,33995.6768873329,10000.0,-0.0416718772545813
2020-03-10,Adaptive Conservative SMA 30,35105.847387018475,10000.0,0.03265622577143743
2020-03-11,Adaptive Conservative SMA 30,34188.96525526341,10000.0,-0.026117647058823513
2020-03-12,Adaptive Conservative SMA 30,32308.151637745992,10000.0,-0.055012300123001276
2020-03-13,Adaptive Conservative SMA 30,33949.900854298154,10000.0,0.050815324719291385
2020-03-16,Adaptive Conservative SMA 30,31509.61927915931,10000.0,-0.07187890137328339
2020-03-17,Adaptive Conservative SMA 30,32943.11049841921,10000.0,0.045493765143903964
2020-03-18,Adaptive Conservative SMA 30,32342.664219393973,10000.0,-0.01822676334871457
2020-03-19,Adaptive Conservative SMA 30,32459.201154658458,10000.0,0.0036031952863860486
2020-03-20,Adaptive Conservative SMA 30,31695.84234392549,10000.0,-0.0235174860618347
2020-03-23,Adaptive Conservative SMA 30,31669.09009436494,10000.0,-0.0008440302444171235
2020-03-24,Adaptive Conservative SMA 30,33140.17760394294,10000.0,0.04645184011269589
2020-03-25,Adaptive Conservative SMA 30,32992.85582945603,10000.0,-0.004445412943996557
2020-03-26,Adaptive Conservative SMA 30,34035.87915315343,10000.0,0.03161361141602642
2020-03-27,Adaptive Conservative SMA 30,33333.157143526274,10000.0,-0.02064650677789371
2020-03-30,Adaptive Conservative SMA 30,34061.01506732984,10000.0,0.021835853131749492
2020-03-31,Adaptive Conservative SMA 30,33886.39779721287,10000.0,-0.00512660206314469
2020-04-01,Adaptive Conservative SMA 30,33022.05426117676,10000.0,-0.025507094062007362
2020-04-02,Adaptive Conservative SMA 30,33424.38651769294,10000.0,0.012183744031611838
2020-04-03,Adaptive Conservative SMA 30,33139.60233048394,10000.0,-0.008520251734710299
2020-04-06,Adaptive Conservative SMA 30,34561.96339302329,10000.0,0.04292028155180875
2020-04-07,Adaptive Conservative SMA 30,34508.04457337739,10000.0,-0.0015600624024960665
2020-04-08,Adaptive Conservative SMA 30,36718.71617885937,10000.0,0.06406249999999988
2020-04-09,Adaptive Conservative SMA 30,36826.55381815118,10000.0,0.002936857562408291
2020-04-13,Adaptive Conservative SMA 30,38120.60548965283,10000.0,0.03513909224011716
2020-04-14,Adaptive Conservative SMA 30,43081.136897075834,10000.0,0.13012729844413012
2020-04-15,Adaptive Conservative SMA 30,41625.32876663647,10000.0,-0.033792240300375524
2020-04-16,Adaptive Conservative SMA 30,43889.91919176437,10000.0,0.05440414507772032
2020-04-17,Adaptive Conservative SMA 30,44968.295584682404,10000.0,0.024570024570024482
2020-04-20,Adaptive Conservative SMA 30,43512.48745424305,10000.0,-0.03237410071942441
2020-04-21,Adaptive Conservative SMA 30,38713.71250575775,10000.0,-0.11028500619578693
2020-04-22,Adaptive Conservative SMA 30,42110.598143449584,10000.0,0.08774373259052924
2020-04-23,Adaptive Conservative SMA 30,41841.00404522007,10000.0,-0.0064020486555697595
2020-04-24,Adaptive Conservative SMA 30,43889.919191764355,10000.0,0.04896907216494856
2020-04-27,Adaptive Conservative SMA 30,44752.62030609879,10000.0,0.019656019656019673
2020-04-28,Adaptive Conservative SMA 30,42326.273422033184,10000.0,-0.054216867469879644
2020-04-29,Adaptive Conservative SMA 30,46693.69781335126,10000.0,0.10318471337579625
2020-04-30,Adaptive Conservative SMA 30,47017.210731226674,10000.0,0.00692840646651276
2020-05-01,Adaptive Conservative SMA 30,42811.542798846305,10000.0,-0.08944954128440369
2020-05-04,Adaptive Conservative SMA 30,44321.26974893156,10000.0,0.03526448362720406
2020-05-05,Adaptive Conservative SMA 30,45723.15905972502,10000.0,0.03163017031630167
2020-05-06,Adaptive Conservative SMA 30,46639.77899370535,10000.0,0.020047169811320747
2020-05-07,Adaptive Conservative SMA 30,48473.01886166603,10000.0,0.03930635838150287
2020-05-08,Adaptive Conservative SMA 30,50414.09636891851,10000.0,0.04004449388209115
2020-05-11,Adaptive Conservative SMA 30,51654.22922077426,10000.0,0.02459893048128347
2020-05-12,Adaptive Conservative SMA 30,48580.85650095783,10000.0,-0.059498956158663914
2020-05-13,Adaptive Conservative SMA 30,46747.61663299716,10000.0,-0.03773584905660376
2020-05-14,Adaptive Conservative SMA 30,48311.26240272833,10000.0,0.033448673587082
2020-05-15,Adaptive Conservative SMA 30,49120.04469741685,10000.0,0.01674107142857127
2020-05-18,Adaptive Conservative SMA 30,51977.74213864967,10000.0,0.058177826564215274
2020-05-19,Adaptive Conservative SMA 30,51546.39158148246,10000.0,-0.008298755186721999
2020-05-20,Adaptive Conservative SMA 30,54619.764301298885,10000.0,0.05962343096234312
2020-05-21,Adaptive Conservative SMA 30,52894.362072630014,10000.0,-0.031589338598223125
2020-05-22,Adaptive Conservative SMA 30,53379.63144944313,10000.0,0.00917431192660549
2020-05-26,Adaptive Conservative SMA 30,53163.956170859514,10000.0,-0.004040404040404133
2020-05-27,Adaptive Conservative SMA 30,53918.81964590215,10000.0,0.014198782961460505
2020-05-28,Adaptive Conservative SMA 30,53595.306728026735,10000.0,-0.0060000000000000496
2020-05-29,Adaptive Conservative SMA 30,55805.97833350873,10000.0,0.041247484909456754
2020-06-01,Adaptive Conservative SMA 30,56453.004169259555,10000.0,0.011594202898550822
2020-06-02,Adaptive Conservative SMA 30,57585.2993818235,10000.0,0.02005730659025779
2020-06-03,Adaptive Conservative SMA 30,58394.08167651203,10000.0,0.014044943820224753
2020-06-04,Adaptive Conservative SMA 30,57207.86764430218,10000.0,-0.02031394275161594
2020-06-05,Adaptive Conservative SMA 30,60604.75328199403,10000.0,0.059377945334590086
2020-06-08,Adaptive Conservative SMA 30,61952.72377314159,10000.0,0.02224199288256228
2020-06-09,Adaptive Conservative SMA 30,63300.694264289144,10000.0,0.02175805047867711
2020-06-10,Adaptive Conservative SMA 30,65619.20350906294,10000.0,0.03662691652470185
2020-06-11,Adaptive Conservative SMA 30,55967.734792446456,10000.0,-0.14708299096138036
2020-06-12,Adaptive Conservative SMA 30,57153.948824656305,10000.0,0.0211946050096338
2020-06-15,Adaptive Conservative SMA 30,59148.94515155469,10000.0,0.03490566037735859
2020-06-16,Adaptive Conservative SMA 30,62276.23669101701,10000.0,0.0528714676390155
2020-06-17,Adaptive Conservative SMA 30,62923.26252676784,10000.0,0.010389610389610322
2020-06-18,Adaptive Conservative SMA 30,63408.53190358095,10000.0,0.007712082262210785
2020-06-19,Adaptive Conservative SMA 30,63300.69426428915,10000.0,-0.0017006802721088073
2020-06-22,Adaptive Conservative SMA 30,65565.28468941704,10000.0,0.03577512776831345
2020-06-23,Adaptive Conservative SMA 30,67290.6869180859,10000.0,0.026315789473684233
2020-06-24,Adaptive Conservative SMA 30,63300.694264289144,10000.0,-0.05929487179487181
2020-06-25,Adaptive Conservative SMA 30,64972.177673312115,10000.0,0.026405451448040927
2020-06-26,Adaptive Conservative SMA 30,60335.159183764525,10000.0,-0.07136929460580922
2020-06-29,Adaptive Conservative SMA 30,62222.317871371095,10000.0,0.03127792672028594
2020-06-30,Adaptive Conservative SMA 30,65834.87878764655,10000.0,0.058058925476603275
2020-07-01,Adaptive Conservative SMA 30,68153.38803242033,10000.0,0.03521703521703519
2020-07-02,Adaptive Conservative SMA 30,69609.19616285969,10000.0,0.02136075949367085
2020-07-06,Adaptive Conservative SMA 30,74731.48402922039,10000.0,0.07358636715724239
2020-07-07,Adaptive Conservative SMA 30,73275.67589878103,10000.0,-0.01948051948051945
2020-07-08,Adaptive Conservative SMA 30,76079.45452036793,10000.0,0.03826342899190578
2020-07-09,Adaptive Conservative SMA 30,77966.61320797451,10000.0,0.024805102763997267
2020-07-10,Adaptive Conservative SMA 30,79638.09661699747,10000.0,0.021438450899031722
2020-07-13,Adaptive Conservative SMA 30,74731.48402922037,10000.0,-0.06161137440758295
2020-07-14,Adaptive Conservative SMA 30,76295.12979895154,10000.0,0.02092352092352099
2020-07-15,Adaptive Conservative SMA 30,76672.56153647286,10000.0,0.0049469964664311155
2020-07-16,Adaptive Conservative SMA 30,75001.07812744989,10000.0,-0.021800281293952214
2020-07-17,Adaptive Conservative SMA 30,75378.5098649712,10000.0,0.0050323508267433705
2020-07-20,Adaptive Conservative SMA 30,81794.84940283356,10000.0,0.08512160228898423
2020-07-21,Adaptive Conservative SMA 30,79206.74605983026,10000.0,-0.03164139749505606
2020-07-22,Adaptive Conservative SMA 30,80069.4471741647,10000.0,0.010891763104152494
2020-07-23,Adaptive Conservative SMA 30,73814.86409524005,10000.0,-0.07811447811447812
2020-07-24,Adaptive Conservative SMA 30,71658.11130940396,10000.0,-0.029218407596786
2020-07-27,Adaptive Conservative SMA 30,75486.34750426302,10000.0,0.053423626787058004
2020-07-28,Adaptive Conservative SMA 30,72628.6500630302,10000.0,-0.03785714285714281
2020-07-29,Adaptive Conservative SMA 30,75108.9157667417,10000.0,0.03414996288047506
2020-07-30,Adaptive Conservative SMA 30,76349.04861859746,10000.0,0.016511127063890914
2020-07-31,Adaptive Conservative SMA 30,80446.87891168603,10000.0,0.053672316384180775
2020-08-03,Adaptive Conservative SMA 30,83466.33281185656,10000.0,0.037533512064343195
2020-08-04,Adaptive Conservative SMA 30,84544.7092047746,10000.0,0.012919896640826828
2020-08-05,Adaptive Conservative SMA 30,85245.65386017134,10000.0,0.008290816326530663
2020-08-06,Adaptive Conservative SMA 30,88480.78303892547,10000.0,0.03795066413662237
2020-08-07,Adaptive Conservative SMA 30,85569.16677804674,10000.0,-0.03290676416819018
2020-08-10,Adaptive Conservative SMA 30,84436.8715654828,10000.0,-0.013232514177693704
2020-08-11,Adaptive Conservative SMA 30,79638.0966169975,10000.0,-0.056832694763729284
2020-08-12,Adaptive Conservative SMA 30,85623.08559769265,10000.0,0.075152335815843
2020-08-13,Adaptive Conservative SMA 30,86216.19261379758,10000.0,0.006926952141057898
2020-08-14,Adaptive Conservative SMA 30,85946.59851556807,10000.0,-0.003126954346466586
2020-08-17,Adaptive Conservative SMA 30,88804.29595680088,10000.0,0.03324968632371389
2020-08-18,Adaptive Conservative SMA 30,91392.39929980418,10000.0,0.02914389799635704
2020-08-19,Adaptive Conservative SMA 30,89613.07825148942,10000.0,-0.019469026548672465
2020-08-20,Adaptive Conservative SMA 30,93279.55798741076,10000.0,0.04091456077015642
2020-08-21,Adaptive Conservative SMA 30,95274.55431430916,10000.0,0.021387283236994275
2020-08-24,Adaptive Conservative SMA 30,96999.956542978,10000.0,0.018109790605545937
2020-08-25,Adaptive Conservative SMA 30,99264.5469681059,10000.0,0.023346303501945623
2020-08-26,Adaptive Conservative SMA 30,105626.96768632236,10000.0,0.0640956002172732
2020-08-27,Adaptive Conservative SMA 30,104656.42893269613,10000.0,-0.009188361408882068
2020-08-28,Adaptive Conservative SMA 30,106273.9935220732,10000.0,0.015455950540958305
2020-08-31,Adaptive Conservative SMA 30,108754.25922578471,10000.0,0.02333840690005078
2020-09-01,Adaptive Conservative SMA 30,114415.73528860444,10000.0,0.05205751115518081
2020-09-02,Adaptive Conservative SMA 30,117650.86446735858,10000.0,0.02827521206409055
2020-09-03,Adaptive Conservative SMA 30,99588.05988598135,10000.0,-0.15352887259395057
2020-09-04,Adaptive Conservative SMA 30,95436.31077324688,10000.0,-0.041689225771521364
2020-09-08,Adaptive Conservative SMA 30,81956.60586177133,10000.0,-0.14124293785310735
2020-09-09,Adaptive Conservative SMA 30,83400.05788747511,10000.0,0.017612393906823353
2020-09-10,Adaptive Conservative SMA 30,78550.62993035965,10000.0,-0.058146577831617245
2020-09-11,Adaptive Conservative SMA 30,78223.38373513178,10000.0,-0.004166054371785422
2020-09-14,Adaptive Conservative SMA 30,79041.18286367117,10000.0,0.010454663164514771
2020-09-15,Adaptive Conservative SMA 30,82400.4331353772,10000.0,0.04249999999999998
2020-09-16,Adaptive Conservative SMA 30,78448.37399219365,10000.0,-0.04796163069544358
2020-09-17,Adaptive Conservative SMA 30,74842.12002403865,10000.0,-0.045969773299748135
2020-09-18,Adaptive Conservative SMA 30,74268.71270873123,10000.0,-0.007661558960692845
2020-09-21,Adaptive Conservative SMA 30,74375.6342611631,10000.0,0.001439658081205683
2020-09-22,Adaptive Conservative SMA 30,75205.1519384148,10000.0,0.01115308374163138
2020-09-23,Adaptive Conservative SMA 30,73826.63934945774,10000.0,-0.018330028640669738
2020-09-24,Adaptive Conservative SMA 30,74033.00273041335,10000.0,0.0027952427846375688
2020-09-25,Adaptive Conservative SMA 30,75066.25504373283,10000.0,0.013956644674835098
2020-09-28,Adaptive Conservative SMA 30,76000.50384462344,10000.0,0.012445656178616156
2020-09-29,Adaptive Conservative SMA 30,75203.95109162801,10000.0,-0.010480887792848222
2020-09-30,Adaptive Conservative SMA 30,76656.48846473734,10000.0,0.019314641744548205
2020-10-01,Adaptive Conservative SMA 30,80264.40387536373,10000.0,0.047066014669926624
2020-10-02,Adaptive Conservative SMA 30,73657.70162993099,10000.0,-0.08231173380035017
2020-10-05,Adaptive Conservative SMA 30,78296.45001502206,10000.0,0.06297709923664123
2020-10-06,Adaptive Conservative SMA 30,74079.40602857563,10000.0,-0.05385996409335729
2020-10-07,Adaptive Conservative SMA 30,77968.45770496511,10000.0,0.05249841872232764
2020-10-08,Adaptive Conservative SMA 30,79139.85881231134,10000.0,0.01502403846153846
2020-10-09,Adaptive Conservative SMA 30,82654.06213435004,10000.0,0.04440497335701599
2020-10-12,Adaptive Conservative SMA 30,90338.45339854131,10000.0,0.09297052154195014
2020-10-13,Adaptive Conservative SMA 30,90338.45339854131,10000.0,0.0
2020-10-14,Adaptive Conservative SMA 30,88136.21931673039,10000.0,-0.024377593360995976
2020-10-15,Adaptive Conservative SMA 30,86308.83358927029,10000.0,-0.020733652312599524
2020-10-16,Adaptive Conservative SMA 30,84996.86434904252,10000.0,-0.015200868621064121
2020-10-19,Adaptive Conservative SMA 30,80779.82036259607,10000.0,-0.049614112458655026
2020-10-20,Adaptive Conservative SMA 30,81295.23684982843,10000.0,0.006380510440835441
2020-10-21,Adaptive Conservative SMA 30,81060.95662835918,10000.0,-0.002881844380403499
2020-10-22,Adaptive Conservative SMA 30,81107.81267265302,10000.0,0.0005780346820808099
2020-10-23,Adaptive Conservative SMA 30,81576.37311559152,10000.0,0.005777007510109846
2020-10-26,Adaptive Conservative SMA 30,77874.74561637743,10000.0,-0.04537622056289484
2020-10-27,Adaptive Conservative SMA 30,79702.13134383757,10000.0,0.023465703971119165
2020-10-28,Adaptive Conservative SMA 30,70377.77852936156,10000.0,-0.11699000587889487
2020-10-29,Adaptive Conservative SMA 30,71114.99548014427,10000.0,0.010475138121546981
2020-10-30,Adaptive Conservative SMA 30,66157.67640358162,10000.0,-0.06970849176172368
2020-11-02,Adaptive Conservative SMA 30,66246.1356351419,10000.0,0.0013370970138165933
2020-11-03,Adaptive Conservative SMA 30,66934.03095106862,10000.0,0.010383931218499889
2020-11-04,Adaptive Conservative SMA 30,75956.89448821852,10000.0,0.13480233311730408
2020-11-05,Adaptive Conservative SMA 30,81813.07995704176,10000.0,0.07709880068532254
2020-11-06,Adaptive Conservative SMA 30,82073.35486676724,10000.0,0.0031813361611878195
2020-11-09,Adaptive Conservative SMA 30,77084.75243036225,10000.0,-0.06078224101479926
2020-11-10,Adaptive Conservative SMA 30,72920.35387475461,10000.0,-0.0540236353404615
2020-11-11,Adaptive Conservative SMA 30,77822.19800791777,10000.0,0.06722189173111259
2020-11-12,Adaptive Conservative SMA 30,76694.34006577403,10000.0,-0.014492753623188493
2020-11-13,Adaptive Conservative SMA 30,78689.78104033603,10000.0,0.026018099547511362
2020-11-16,Adaptive Conservative SMA 30,80511.70540841436,10000.0,0.02315325248070552
2020-11-17,Adaptive Conservative SMA 30,79774.25983085885,10000.0,-0.00915948275862059
2020-11-18,Adaptive Conservative SMA 30,77908.95631115959,10000.0,-0.023382272974442616
2020-11-19,Adaptive Conservative SMA 30,79861.01813410067,10000.0,0.025055679287305083
2020-11-20,Adaptive Conservative SMA 30,78212.61037250598,10000.0,-0.020640956002172677
2020-11-23,Adaptive Conservative SMA 30,78255.9895241269,10000.0,0.0005546311702716588
2020-11-24,Adaptive Conservative SMA 30,81422.66759245354,10000.0,0.04046563192904659
2020-11-25,Adaptive Conservative SMA 30,82984.31705080639,10000.0,0.01917954182205644
2020-11-27,Adaptive Conservative SMA 30,85240.03293509386,10000.0,0.027182435964453716
2020-11-30,Adaptive Conservative SMA 30,85673.824451303,10000.0,0.0050890585241731
2020-12-01,Adaptive Conservative SMA 30,89057.3982777342,10000.0,0.039493670886076006
2020-12-02,Adaptive Conservative SMA 30,89404.43149070149,10000.0,0.003896736483195241
2020-12-03,Adaptive Conservative SMA 30,89751.4647036688,10000.0,0.0038816108685105215
2020-12-04,Adaptive Conservative SMA 30,90879.32264581251,10000.0,0.012566457225712807
2020-12-07,Adaptive Conservative SMA 30,92397.59295254447,10000.0,0.016706443914081215
2020-12-08,Adaptive Conservative SMA 30,93265.17598496271,10000.0,0.009389671361502313
2020-12-09,Adaptive Conservative SMA 30,87018.57815155125,10000.0,-0.06697674418604657
2020-12-10,Adaptive Conservative SMA 30,88103.05694207406,10000.0,0.012462612163509473
2020-12-11,Adaptive Conservative SMA 30,87452.36966776037,10000.0,-0.007385524372230359
2020-12-14,Adaptive Conservative SMA 30,89317.67318745963,10000.0,0.021329365079365066
2020-12-15,Adaptive Conservative SMA 30,92093.93889119805,10000.0,0.03108305002428366
2020-12-16,Adaptive Conservative SMA 30,93655.58834955092,10000.0,0.016957136128120557
2020-12-17,Adaptive Conservative SMA 30,95564.27102087109,10000.0,0.020379805465493343
2020-12-18,Adaptive Conservative SMA 30,94523.17138196918,10000.0,-0.010894235133908397
2020-12-21,Adaptive Conservative SMA 30,94176.13816900188,10000.0,-0.003671408903166512
2020-12-22,Adaptive Conservative SMA 30,94913.58374655739,10000.0,0.007830492860432895
2020-12-23,Adaptive Conservative SMA 30,93482.07174306727,10000.0,-0.015082266910420397
2020-12-24,Adaptive Conservative SMA 30,94696.68798845283,10000.0,0.01299303944315534
2020-12-28,Adaptive Conservative SMA 30,97559.71199543308,10000.0,0.030233623453962445
2020-12-29,Adaptive Conservative SMA 30,97819.98690515856,10000.0,0.002667852378835139
2020-12-30,Adaptive Conservative SMA 30,97819.98690515856,10000.0,0.0
2020-12-31,Adaptive Conservative SMA 30,98600.811634335,10000.0,0.007982261640798214
2021-01-04,Adaptive Conservative SMA 30,94262.89647224371,10000.0,-0.04399472063352398
2021-01-05,Adaptive Conservative SMA 30,96648.74981139392,10000.0,0.025310630464795245
2021-01-06,Adaptive Conservative SMA 30,92614.48871064902,10000.0,-0.04174147217235187
2021-01-07,Adaptive Conservative SMA 30,99338.25721189051,10000.0,0.07259953161592492
2021-01-08,Adaptive Conservative SMA 30,103155.62255453086,10000.0,0.03842794759825339
2021-01-11,Adaptive Conservative SMA 30,98600.811634335,10000.0,-0.044154751892346536
2021-01-12,Adaptive Conservative SMA 30,98210.39926974679,10000.0,-0.0039595248570171515
2021-01-13,Adaptive Conservative SMA 30,100119.08194106695,10000.0,0.019434628975264916
2021-01-14,Adaptive Conservative SMA 30,98557.4324827141,10000.0,-0.015597920277296336
2021-01-15,Adaptive Conservative SMA 30,96171.5791435639,10000.0,-0.024207746478873117
2021-01-19,Adaptive Conservative SMA 30,100335.97769917152,10000.0,0.043301759133964696
2021-01-20,Adaptive Conservative SMA 30,107363.40026175941,10000.0,0.07003891050583662
2021-01-21,Adaptive Conservative SMA 30,110009.5285106351,10000.0,0.024646464646464625
2021-01-22,Adaptive Conservative SMA 30,109011.8080233541,10000.0,-0.009069400630914843
2021-01-25,Adaptive Conservative SMA 30,112048.348636818,10000.0,0.02785515320334259
2021-01-26,Adaptive Conservative SMA 30,112135.10694005984,10000.0,0.0007742934572204076
2021-01-27,Adaptive Conservative SMA 30,103112.24340290994,10000.0,-0.08046421663442947
2021-01-28,Adaptive Conservative SMA 30,104630.51370964189,10000.0,0.01472444257467402
2021-01-29,Adaptive Conservative SMA 30,98123.64096650496,10000.0,-0.062189054726368154
2021-02-01,Adaptive Conservative SMA 30,105324.58013557651,10000.0,0.07338638373121133
2021-02-02,Adaptive Conservative SMA 30,110399.94087522333,10000.0,0.04818780889621079
2021-02-03,Adaptive Conservative SMA 30,109141.94547821686,10000.0,-0.011394891944990144
2021-02-04,Adaptive Conservative SMA 30,113002.68997247813,10000.0,0.03537360890302069
2021-02-05,Adaptive Conservative SMA 30,114217.30621786368,10000.0,0.010748560460652498
2021-02-08,Adaptive Conservative SMA 30,116429.64295053024,10000.0,0.019369540448158057
2021-02-09,Adaptive Conservative SMA 30,116386.26379890932,10000.0,-0.00037257824143075867
2021-02-10,Adaptive Conservative SMA 30,115562.05991811198,10000.0,-0.0070816250465895545
2021-02-11,Adaptive Conservative SMA 30,117427.36343781123,10000.0,0.01614114114114113
2021-02-12,Adaptive Conservative SMA 30,119422.80441237323,10000.0,0.016992981159955702
2021-02-16,Adaptive Conservative SMA 30,118425.08392509223,10000.0,-0.008354522339266271
2021-02-17,Adaptive Conservative SMA 30,116776.67616349754,10000.0,-0.013919413919413882
2021-02-18,Adaptive Conservative SMA 30,115215.02670514467,10000.0,-0.01337295690936118
2021-02-19,Adaptive Conservative SMA 30,113653.37724679182,10000.0,-0.013554216867469859
2021-02-22,Adaptive Conservative SMA 30,104847.4094677465,10000.0,-0.07748091603053427
2021-02-23,Adaptive Conservative SMA 30,103936.44728370734,10000.0,-0.00868845676458423
2021-02-24,Adaptive Conservative SMA 30,106452.43807772028,10000.0,0.0242070116861435
2021-02-25,Adaptive Conservative SMA 30,95347.37526276658,10000.0,-0.10431947840260794
2021-02-26,Adaptive Conservative SMA 30,95587.06259112086,10000.0,0.0025138324751335316
2021-03-01,Adaptive Conservative SMA 30,97311.39255645657,10000.0,0.018039365564685644
2021-03-02,Adaptive Conservative SMA 30,92656.49707746731,10000.0,-0.04783505154639176
2021-03-03,Adaptive Conservative SMA 30,91044.04168100873,10000.0,-0.017402507620274676
2021-03-04,Adaptive Conservative SMA 30,90149.51187342445,10000.0,-0.009825242718446606
2021-03-05,Adaptive Conservative SMA 30,90964.57688174244,10000.0,0.009041258143054518
2021-03-08,Adaptive Conservative SMA 30,89418.42674182328,10000.0,-0.01699727732399846
2021-03-09,Adaptive Conservative SMA 30,91535.6193264302,10000.0,0.02367736339982662
2021-03-10,Adaptive Conservative SMA 30,91378.75651483779,10000.0,-0.0017136805622412366
2021-03-11,Adaptive Conservative SMA 30,92640.39035060199,10000.0,0.013806642636457214
2021-03-12,Adaptive Conservative SMA 30,90353.98142171977,10000.0,-0.024680475980608296
2021-03-15,Adaptive Conservative SMA 30,90933.4344663286,10000.0,0.006413143455231699
2021-03-16,Adaptive Conservative SMA 30,92406.52425409312,10000.0,0.01619964973730302
2021-03-17,Adaptive Conservative SMA 30,93561.10814180045,10000.0,0.01249461439034895
2021-03-18,Adaptive Conservative SMA 30,85001.26207776339,10000.0,-0.0914893617021276
2021-03-19,Adaptive Conservative SMA 30,85181.14162429194,10000.0,0.0021161985378992357
2021-03-22,Adaptive Conservative SMA 30,86072.74306834965,10000.0,0.010467122499840206
2021-03-23,Adaptive Conservative SMA 30,84976.51577411068,10000.0,-0.012736056214317046
2021-03-24,Adaptive Conservative SMA 30,80667.2084795161,10000.0,-0.05071174377224202
2021-03-25,Adaptive Conservative SMA 30,80583.36075070612,10000.0,-0.0010394276731576727
2021-03-26,Adaptive Conservative SMA 30,81307.437868227,10000.0,0.00898544204132783
2021-03-29,Adaptive Conservative SMA 30,81270.7467861565,10000.0,-0.00045126353790620773
2021-03-30,Adaptive Conservative SMA 30,80096.63215990052,10000.0,-0.014446952595936808
2021-03-31,Adaptive Conservative SMA 30,83729.04928487998,10000.0,0.04535043518094375
2021-04-01,Adaptive Conservative SMA 30,87985.21480505793,10000.0,0.05083260297984225
2021-04-05,Adaptive Conservative SMA 30,93268.73062320986,10000.0,0.0600500417014179
2021-04-06,Adaptive Conservative SMA 30,93011.89304871636,10000.0,-0.0027537372147915136
2021-04-07,Adaptive Conservative SMA 30,93709.02360805584,10000.0,0.007495069033530482
2021-04-08,Adaptive Conservative SMA 30,96644.3101736958,10000.0,0.031323414252153514
2021-04-09,Adaptive Conservative SMA 30,98405.48211307978,10000.0,0.018223234624145802
2021-04-12,Adaptive Conservative SMA 30,98001.88021030428,10000.0,-0.004101416853094684
2021-04-13,Adaptive Conservative SMA 30,101377.45976079024,10000.0,0.034444028453762564
2021-04-14,Adaptive Conservative SMA 30,97818.42479995178,10000.0,-0.03510676800579077
2021-04-15,Adaptive Conservative SMA 30,102111.28140220023,10000.0,0.04388597149287315
2021-04-16,Adaptive Conservative SMA 30,102551.57438704622,10000.0,0.004311893639956917
2021-04-19,Adaptive Conservative SMA 30,99763.05214968826,10000.0,-0.027191413237924796
2021-04-20,Adaptive Conservative SMA 30,97561.58722545828,10000.0,-0.02206693637366684
2021-04-21,Adaptive Conservative SMA 30,100056.58080625224,10000.0,0.02557352388115832
2021-04-22,Adaptive Conservative SMA 30,96387.47259920229,10000.0,-0.036670333700036674
2021-04-23,Adaptive Conservative SMA 30,100019.88972418175,10000.0,0.03768557289684058
2021-04-26,Adaptive Conservative SMA 30,102037.89923805922,10000.0,0.020176082171680012
2021-04-27,Adaptive Conservative SMA 30,100680.32920145076,10000.0,-0.013304566702624863
2021-04-28,Adaptive Conservative SMA 30,99652.97890347677,10000.0,-0.010204081632653102
2021-04-29,Adaptive Conservative SMA 30,100643.63811938025,10000.0,0.009941089837997038
2021-04-30,Adaptive Conservative SMA 30,98772.39293378478,10000.0,-0.01859278162595691
2021-05-03,Adaptive Conservative SMA 30,97157.9853226828,10000.0,-0.016344725111441354
2021-05-04,Adaptive Conservative SMA 30,92021.23383281285,10000.0,-0.05287009063444117
2021-05-05,Adaptive Conservative SMA 30,90957.19245276837,10000.0,-0.011562998405103634
2021-05-06,Adaptive Conservative SMA 30,92938.51088457534,10000.0,0.02178297700685757
2021-05-07,Adaptive Conservative SMA 30,95213.35797294632,10000.0,0.024476904855902135
2021-05-10,Adaptive Conservative SMA 30,88058.59696919892,10000.0,-0.07514450867052021
2021-05-11,Adaptive Conservative SMA 30,87985.5731626272,10000.0,-0.0008292637980281741
2021-05-12,Adaptive Conservative SMA 30,86618.46017862773,10000.0,-0.015537922125853403
2021-05-13,Adaptive Conservative SMA 30,87020.4844791537,10000.0,0.004641323566557189
2021-05-14,Adaptive Conservative SMA 30,88173.77786307708,10000.0,0.013253125293730635
2021-05-17,Adaptive Conservative SMA 30,87852.67416587478,10000.0,-0.003641714180614342
2021-05-18,Adaptive Conservative SMA 30,87496.64648929583,10000.0,-0.004052553663952623
2021-05-19,Adaptive Conservative SMA 30,87556.9608986131,10000.0,0.0006893339543549222
2021-05-20,Adaptive Conservative SMA 30,88573.68833985251,10000.0,0.011612182867067816
2021-05-21,Adaptive Conservative SMA 30,87092.64379583378,10000.0,-0.016721044045677005
2021-05-24,Adaptive Conservative SMA 30,91463.53135257201,10000.0,0.05018664454583164
2021-05-25,Adaptive Conservative SMA 30,91897.00780447993,10000.0,0.004739336492891035
2021-05-26,Adaptive Conservative SMA 30,92836.20678361376,10000.0,0.010220125786163443
2021-05-27,Adaptive Conservative SMA 30,91752.51565384395,10000.0,-0.01167315175097279
2021-05-28,Adaptive Conservative SMA 30,92655.5915953188,10000.0,0.00984251968503937
2021-06-01,Adaptive Conservative SMA 30,91752.51565384395,10000.0,-0.009746588693957116
2021-06-02,Adaptive Conservative SMA 30,92222.11514341088,10000.0,0.005118110236220574
2021-06-03,Adaptive Conservative SMA 30,89332.27213069137,10000.0,-0.031335683509596576
2021-06-04,Adaptive Conservative SMA 30,93919.89791338358,10000.0,0.05135463000404365
2021-06-07,Adaptive Conservative SMA 30,94750.72777954045,10000.0,0.008846153846153863
2021-06-08,Adaptive Conservative SMA 30,94822.97385485843,10000.0,0.0007624857033930451
2021-06-09,Adaptive Conservative SMA 30,94931.3429678354,10000.0,0.001142857142857186
2021-06-10,Adaptive Conservative SMA 30,97857.30901821388,10000.0,0.030821917808219128
2021-06-11,Adaptive Conservative SMA 30,98652.01584671174,10000.0,0.008121077888519707
2021-06-14,Adaptive Conservative SMA 30,101397.36670879526,10000.0,0.027828634199926826
2021-06-15,Adaptive Conservative SMA 30,99518.9687505276,10000.0,-0.018525115781973623
2021-06-16,Adaptive Conservative SMA 30,98435.27762075778,10000.0,-0.010889292196007285
2021-06-17,Adaptive Conservative SMA 30,102119.82746197513,10000.0,0.03743119266055044
2021-06-18,Adaptive Conservative SMA 30,99699.58393882256,10000.0,-0.02370003537318706
2021-06-21,Adaptive Conservative SMA 30,101505.73582177225,10000.0,0.018115942028985508
2021-06-22,Adaptive Conservative SMA 30,104359.45579683274,10000.0,0.028113879003558686
2021-06-23,Adaptive Conservative SMA 30,104540.07098512772,10000.0,0.001730702665282129
2021-06-24,Adaptive Conservative SMA 30,106454.59198105437,10000.0,0.01831375259156868
2021-06-25,Adaptive Conservative SMA 30,106129.48464212343,10000.0,-0.003053953172718014
2021-06-28,Adaptive Conservative SMA 30,109886.28055865878,10000.0,0.035398230088495665
2021-06-29,Adaptive Conservative SMA 30,111114.46383906456,10000.0,0.011176857330703479
2021-06-30,Adaptive Conservative SMA 30,110644.86434949763,10000.0,-0.004226267880364192
2021-07-01,Adaptive Conservative SMA 30,110680.98738715662,10000.0,0.0003264773098270181
2021-07-02,Adaptive Conservative SMA 30,114437.78330369198,10000.0,0.03394255874673626
2021-07-06,Adaptive Conservative SMA 30,115954.95088536973,10000.0,0.013257575757575812
2021-07-07,Adaptive Conservative SMA 30,116713.53467620861,10000.0,0.0065420560747663815
2021-07-08,Adaptive Conservative SMA 30,114690.64456730496,10000.0,-0.017332095326524365
2021-07-09,Adaptive Conservative SMA 30,116641.28860089062,10000.0,0.017007874015748006
2021-07-12,Adaptive Conservative SMA 30,118086.21010725036,10000.0,0.012387736141220148
2021-07-13,Adaptive Conservative SMA 30,118013.96403193238,10000.0,-0.0006118078923216893
2021-07-14,Adaptive Conservative SMA 30,118664.17870979427,10000.0,0.0055096418732782275
2021-07-15,Adaptive Conservative SMA 30,116207.8121489827,10000.0,-0.020700152207001513
2021-07-16,Adaptive Conservative SMA 30,113354.0921739222,10000.0,-0.024557040721168873
2021-07-19,Adaptive Conservative SMA 30,110644.86434949767,10000.0,-0.02390057361376673
2021-07-20,Adaptive Conservative SMA 30,114293.29115305604,10000.0,0.03297420829252372
2021-07-21,Adaptive Conservative SMA 30,116894.14986450359,10000.0,0.022756005056889975
2021-07-22,Adaptive Conservative SMA 30,119350.51642531516,10000.0,0.021013597033374527
2021-07-23,Adaptive Conservative SMA 30,123324.05056780447,10000.0,0.03329297820823249
2021-07-26,Adaptive Conservative SMA 30,123829.7730950304,10000.0,0.004100761570005875
2021-07-27,Adaptive Conservative SMA 30,119783.99287722308,10000.0,-0.03267211201866991
2021-07-28,Adaptive Conservative SMA 30,121120.54527060586,10000.0,0.011158021712907255
2021-07-29,Adaptive Conservative SMA 30,121698.51387314974,10000.0,0.004771846107962916
2021-07-30,Adaptive Conservative SMA 30,119892.36199020006,10000.0,-0.014841199168892847
2021-08-02,Adaptive Conservative SMA 30,119820.11591488209,10000.0,-0.0006025911419100941
2021-08-03,Adaptive Conservative SMA 30,121915.25209910372,10000.0,0.017485679831172694
2021-08-04,Adaptive Conservative SMA 30,122529.34373930663,10000.0,0.005037037037037087
2021-08-05,Adaptive Conservative SMA 30,124841.21814948223,10000.0,0.018867924528301903
2021-08-06,Adaptive Conservative SMA 30,123215.68145482751,10000.0,-0.013020833333333415
2021-08-09,Adaptive Conservative SMA 30,123865.8961326894,10000.0,0.0052770448548812585
2021-08-10,Adaptive Conservative SMA 30,122023.62121208073,10000.0,-0.014873140857392768
2021-08-11,Adaptive Conservative SMA 30,121373.40653421884,10000.0,-0.00532859680284191
2021-08-12,Adaptive Conservative SMA 30,122601.58981462462,10000.0,0.010119047619047509
2021-08-13,Adaptive Conservative SMA 30,123829.77309503041,10000.0,0.010017678255745534
2021-08-16,Adaptive Conservative SMA 30,124082.63435864336,10000.0,0.0020420070011668693
2021-08-17,Adaptive Conservative SMA 30,120795.43793167493,10000.0,-0.026491994177583803
2021-08-18,Adaptive Conservative SMA 30,117291.50327875254,10000.0,-0.02900717703349279
2021-08-19,Adaptive Conservative SMA 30,118953.16301106625,10000.0,0.014166923313828177
2021-08-20,Adaptive Conservative SMA 30,122637.71285228363,10000.0,0.030974795019738936
2021-08-23,Adaptive Conservative SMA 30,128092.29153879166,10000.0,0.0444771723122238
2021-08-24,Adaptive Conservative SMA 30,129356.59785685643,10000.0,0.009870276367738337
2021-08-25,Adaptive Conservative SMA 30,129501.09000749241,10000.0,0.001117006422786907
2021-08-26,Adaptive Conservative SMA 30,127297.5847102938,10000.0,-0.017015341701534153
2021-08-27,Adaptive Conservative SMA 30,131054.38062682915,10000.0,0.02951191827468783
2021-08-30,Adaptive Conservative SMA 30,135389.1451459084,10000.0,0.03307607497243648
2021-08-31,Adaptive Conservative SMA 30,134991.79173165947,10000.0,-0.0029348986125933684
2021-09-01,Adaptive Conservative SMA 30,135750.37552249833,10000.0,0.005619480867005643
2021-09-02,Adaptive Conservative SMA 30,135569.76033420337,10000.0,-0.0013304949441191368
2021-09-03,Adaptive Conservative SMA 30,136761.82057695015,10000.0,0.008792965627497956
2021-09-07,Adaptive Conservative SMA 30,137339.78917949405,10000.0,0.004226096143687366
2021-09-08,Adaptive Conservative SMA 30,135930.9907107933,10000.0,-0.010257759074171502
2021-09-09,Adaptive Conservative SMA 30,134449.94616677455,10000.0,-0.010895562051554708
2021-09-10,Adaptive Conservative SMA 30,131451.73404107807,10000.0,-0.022299838796346005
2021-09-13,Adaptive Conservative SMA 30,131162.74973980614,10000.0,-0.0021984061555371886
2021-09-14,Adaptive Conservative SMA 30,130006.81253471834,10000.0,-0.008812999173781335
2021-09-15,Adaptive Conservative SMA 30,132896.6555474378,10000.0,0.022228396776882386
2021-09-16,Adaptive Conservative SMA 30,133149.51681105077,10000.0,0.001902690948627352
2021-09-17,Adaptive Conservative SMA 30,128453.5219153816,10000.0,-0.03526858383071072
2021-09-20,Adaptive Conservative SMA 30,120542.57666806197,10000.0,-0.06158605174353219
2021-09-21,Adaptive Conservative SMA 30,120631.62073170011,10000.0,0.000738693879784392
2021-09-22,Adaptive Conservative SMA 30,124132.89757519949,10000.0,0.029024536205864718
2021-09-23,Adaptive Conservative SMA 30,127598.07878113702,10000.0,0.027915091596394326
2021-09-24,Adaptive Conservative SMA 30,127959.03515675553,10000.0,0.002828854314002869
2021-09-27,Adaptive Conservative SMA 30,124854.81032643649,10000.0,-0.024259520451339896
2021-09-28,Adaptive Conservative SMA 30,114459.26670862391,10000.0,-0.08326105810928021
2021-09-29,Adaptive Conservative SMA 30,114346.61496147407,10000.0,-0.0009842081850534338
2021-09-30,Adaptive Conservative SMA 30,114094.41490285509,10000.0,-0.0022055752039878466
2021-10-01,Adaptive Conservative SMA 30,114519.19551791674,10000.0,0.003723062302596686
2021-10-04,Adaptive Conservative SMA 30,113076.21357155914,10000.0,-0.012600350009722495
2021-10-05,Adaptive Conservative SMA 30,113992.55345738151,10000.0,0.008103736912294624
2021-10-06,Adaptive Conservative SMA 30,114431.04772779904,10000.0,0.0038466922366247997
2021-10-07,Adaptive Conservative SMA 30,115061.32889643441,10000.0,0.005507955936352433
2021-10-08,Adaptive Conservative SMA 30,114716.88707720092,10000.0,-0.002993549809801994
2021-10-11,Adaptive Conservative SMA 30,114188.70061759953,10000.0,-0.004604260741889972
2021-10-12,Adaptive Conservative SMA 30,113949.61204846721,10000.0,-0.0020938023450586267
2021-10-13,Adaptive Conservative SMA 30,114497.41295692825,10000.0,0.004807395993836694
2021-10-14,Adaptive Conservative SMA 30,115763.27746525948,10000.0,0.011055835024040459
2021-10-15,Adaptive Conservative SMA 30,117917.98271979146,10000.0,0.018613029120384192
2021-10-18,Adaptive Conservative SMA 30,121428.06708604518,10000.0,0.029767167698202122
2021-10-19,Adaptive Conservative SMA 30,124104.07199893169,10000.0,0.022037779049799748
2021-10-20,Adaptive Conservative SMA 30,123721.78558280504,10000.0,-0.003080369644357307
2021-10-21,Adaptive Conservative SMA 30,125945.99745845098,10000.0,0.017977528089887656
2021-10-22,Adaptive Conservative SMA 30,122748.69288720994,10000.0,-0.02538631346578371
2021-10-25,Adaptive Conservative SMA 30,126432.54380624853,10000.0,0.030011325028312635
2021-10-26,Adaptive Conservative SMA 30,127614.15636518542,10000.0,0.009345794392523261
2021-10-27,Adaptive Conservative SMA 30,128622.00237133747,10000.0,0.007897603485838758
2021-10-28,Adaptive Conservative SMA 30,132827.15294873057,10000.0,0.032693866522561496
2021-10-29,Adaptive Conservative SMA 30,134808.09165047773,10000.0,0.014913657770800635
2021-11-01,Adaptive Conservative SMA 30,136128.71745164253,10000.0,0.009796339262696638
2021-11-02,Adaptive Conservative SMA 30,137935.88960060483,10000.0,0.013275465917794127
2021-11-03,Adaptive Conservative SMA 30,142349.56004133975,10000.0,0.03199798437893684
2021-11-04,Adaptive Conservative SMA 30,147632.06324599884,10000.0,0.0371093749999999
2021-11-05,Adaptive Conservative SMA 30,148188.11621491032,10000.0,0.0037664783427496166
2021-11-08,Adaptive Conservative SMA 30,147597.30993544185,10000.0,-0.00398686679174488
2021-11-09,Adaptive Conservative SMA 30,144539.0186064287,10000.0,-0.020720508594301752
2021-11-10,Adaptive Conservative SMA 30,138213.91608506057,10000.0,-0.043760519355614334
2021-11-11,Adaptive Conservative SMA 30,139326.02202288352,10000.0,0.008046266029670613
2021-11-12,Adaptive Conservative SMA 30,143739.6924636184,10000.0,0.031678722873534446
2021-11-15,Adaptive Conservative SMA 30,143704.93915306145,10000.0,-0.00024177949709859792
2021-11-16,Adaptive Conservative SMA 30,146693.72386096066,10000.0,0.020798065296251497
2021-11-17,Adaptive Conservative SMA 30,146867.49041374552,10000.0,0.0011845534233593262
2021-11-18,Adaptive Conservative SMA 30,151350.66747559435,10000.0,0.030525319451017493
2021-11-19,Adaptive Conservative SMA 30,153887.65914625302,10000.0,0.016762342135476557
2021-11-22,Adaptive Conservative SMA 30,148570.40263103697,10000.0,-0.034552845528455306
2021-11-23,Adaptive Conservative SMA 30,146554.71061873285,10000.0,-0.013567251461988264
2021-11-24,Adaptive Conservative SMA 30,147910.08973045458,10000.0,0.009248280768318722
2021-11-26,Adaptive Conservative SMA 30,139743.06174956716,10000.0,-0.055216165413533864
2021-11-29,Adaptive Conservative SMA 30,148431.38938880907,10000.0,0.062173588659537427
2021-11-30,Adaptive Conservative SMA 30,142036.780246327,10000.0,-0.043081245609927495
2021-12-01,Adaptive Conservative SMA 30,134773.33833992074,10000.0,-0.05113775385368232
2021-12-02,Adaptive Conservative SMA 30,137310.33001057938,10000.0,0.018824136152655928
2021-12-03,Adaptive Conservative SMA 30,130394.42120974281,10000.0,-0.0503669956972917
2021-12-06,Adaptive Conservative SMA 30,131021.65470899423,10000.0,0.004810278641004873
2021-12-07,Adaptive Conservative SMA 30,142827.2517218359,10000.0,0.0901041666666667
2021-12-08,Adaptive Conservative SMA 30,144806.224631503,10000.0,0.01385570950788338
2021-12-09,Adaptive Conservative SMA 30,138562.22389927748,10000.0,-0.043119698397737945
2021-12-10,Adaptive Conservative SMA 30,142861.37194441634,10000.0,0.031026840679635508
2021-12-13,Adaptive Conservative SMA 30,136719.73187993225,10000.0,-0.042990207786004236
2021-12-14,Adaptive Conservative SMA 30,132659.42539285665,10000.0,-0.02969802845021207
2021-12-15,Adaptive Conservative SMA 30,141428.32259603674,10000.0,0.06610082304526749
2021-12-16,Adaptive Conservative SMA 30,130612.21203802862,10000.0,-0.07647768395657423
2021-12-17,Adaptive Conservative SMA 30,128633.23912836153,10000.0,-0.015151515151515107
2021-12-20,Adaptive Conservative SMA 30,127786.62905460985,10000.0,-0.006581580931090906
2021-12-21,Adaptive Conservative SMA 30,129503.48165974313,10000.0,0.013435307103997447
2021-12-22,Adaptive Conservative SMA 30,134116.75279011324,10000.0,0.03562275756022536
2021-12-23,Adaptive Conservative SMA 30,137302.89688015307,10000.0,0.023756495916852288
2021-12-27,Adaptive Conservative SMA 30,143874.31906586018,10000.0,0.04786076867295151
2021-12-28,Adaptive Conservative SMA 30,142181.68001802653,10000.0,-0.011764705882352894
2021-12-29,Adaptive Conservative SMA 30,141949.35701146114,10000.0,-0.0016339869281045817
2021-12-30,Adaptive Conservative SMA 30,140621.79697394453,10000.0,-0.009352349777881824
2021-12-31,Adaptive Conservative SMA 30,137999.86589984928,10000.0,-0.018645267878215698
2022-01-03,Adaptive Conservative SMA 30,141982.54601239905,10000.0,0.02886002886002893
2022-01-04,Adaptive Conservative SMA 30,136473.1718567052,10000.0,-0.03880317905563356
2022-01-05,Adaptive Conservative SMA 30,123927.72950217345,10000.0,-0.09192607003891036
2022-01-06,Adaptive Conservative SMA 30,123875.45974201475,10000.0,-0.00042177614621570226
2022-01-07,Adaptive Conservative SMA 30,123069.89164364555,10000.0,-0.006503048303892399
2022-01-10,Adaptive Conservative SMA 30,123118.51536947009,10000.0,0.00039509034399199284
2022-01-11,Adaptive Conservative SMA 30,124228.78894388456,10000.0,0.009017925298096884
2022-01-12,Adaptive Conservative SMA 30,125644.22029645136,10000.0,0.011393746687864326
2022-01-13,Adaptive Conservative SMA 30,116526.20902526533,10000.0,-0.07257008121561444
2022-01-14,Adaptive Conservative SMA 30,116961.49211413733,10000.0,0.003735495151804201
2022-01-18,Adaptive Conservative SMA 30,115215.43050362903,10000.0,-0.01492851689002394
2022-01-19,Adaptive Conservative SMA 30,114455.74781303106,10000.0,-0.006593584620369359
2022-01-20,Adaptive Conservative SMA 30,113563.32482645207,10000.0,-0.007797100657948698
2022-01-21,Adaptive Conservative SMA 30,111674.84334813317,10000.0,-0.016629325367189415
2022-01-24,Adaptive Conservative SMA 30,111979.8356658886,10000.0,0.0027310745071264368
2022-01-25,Adaptive Conservative SMA 30,110423.3885716455,10000.0,-0.013899351476876903
2022-01-26,Adaptive Conservative SMA 30,110319.6655614776,10000.0,-0.0009393210216566036
2022-01-27,Adaptive Conservative SMA 30,109652.73114497597,10000.0,-0.0060454717035918065
2022-01-28,Adaptive Conservative SMA 30,111717.64530064518,10000.0,0.018831397395283327
2022-01-31,Adaptive Conservative SMA 30,113860.36698856838,10000.0,0.01917979637108243
2022-02-01,Adaptive Conservative SMA 30,114325.39775491643,10000.0,0.004084219809292791
2022-02-02,Adaptive Conservative SMA 30,114883.05209154158,10000.0,0.004877781731585187
2022-02-03,Adaptive Conservative SMA 30,112086.93023721474,10000.0,-0.024338854194949765
2022-02-04,Adaptive Conservative SMA 30,112935.76605710038,10000.0,0.007573013357482419
2022-02-07,Adaptive Conservative SMA 30,112390.37171428368,10000.0,-0.0048292437538427066
2022-02-08,Adaptive Conservative SMA 30,113148.42251127471,10000.0,0.006744801938355794
2022-02-09,Adaptive Conservative SMA 30,114587.79981934726,10000.0,0.012721143398434259
2022-02-10,Adaptive Conservative SMA 30,106984.99024403184,10000.0,-0.06634920634920634
2022-02-11,Adaptive Conservative SMA 30,104949.45626261346,10000.0,-0.019026351049575726
2022-02-14,Adaptive Conservative SMA 30,105027.51484112981,10000.0,0.000743773062730639
2022-02-15,Adaptive Conservative SMA 30,106593.35651527501,10000.0,0.014908871037401737
2022-02-16,Adaptive Conservative SMA 30,106577.18513455965,10000.0,-0.00015171096252173115
2022-02-17,Adaptive Conservative SMA 30,104675.95716987175,10000.0,-0.01783897709709154
2022-02-18,Adaptive Conservative SMA 30,103959.26020011019,10000.0,-0.006846815535667735
2022-02-22,Adaptive Conservative SMA 30,103332.4528362927,10000.0,-0.006029355755427311
2022-02-23,Adaptive Conservative SMA 30,101745.31039704925,10000.0,-0.015359573838413692
2022-02-24,Adaptive Conservative SMA 30,103795.97669862806,10000.0,0.02015489749430524
2022-02-25,Adaptive Conservative SMA 30,104762.22997999284,10000.0,0.00930915929593601
2022-02-28,Adaptive Conservative SMA 30,104949.57063836732,10000.0,0.001788246187679093
2022-03-01,Adaptive Conservative SMA 30,100108.20653343311,10000.0,-0.04613038505528025
2022-03-02,Adaptive Conservative SMA 30,101116.59191347455,10000.0,0.010072954205853947
2022-03-03,Adaptive Conservative SMA 30,96874.47707347371,10000.0,-0.04195270785659794
2022-03-04,Adaptive Conservative SMA 30,96031.69630941075,10000.0,-0.008699719363891452
2022-03-07,Adaptive Conservative SMA 30,93907.21721865497,10000.0,-0.022122686283815862
2022-03-08,Adaptive Conservative SMA 30,93645.18285110408,10000.0,-0.0027903538760047876
2022-03-09,Adaptive Conservative SMA 30,95667.13992126624,10000.0,0.021591682653629547
2022-03-10,Adaptive Conservative SMA 30,95031.09245116457,10000.0,-0.006648546937068748
2022-03-11,Adaptive Conservative SMA 30,93848.01131832344,10000.0,-0.012449411054062224
2022-03-14,Adaptive Conservative SMA 30,92766.05139386274,10000.0,-0.011528852974740187
2022-03-15,Adaptive Conservative SMA 30,94512.85364463774,10000.0,0.018830188679245317
2022-03-16,Adaptive Conservative SMA 30,96615.31653929983,10000.0,0.022245258857247336
2022-03-17,Adaptive Conservative SMA 30,99846.46461513934,10000.0,0.03344343517753932
2022-03-18,Adaptive Conservative SMA 30,106029.52574791863,10000.0,0.06192568917299229
2022-03-21,Adaptive Conservative SMA 30,105311.4928421765,10000.0,-0.006772009029345362
2022-03-22,Adaptive Conservative SMA 30,111494.55397495582,10000.0,0.05871212121212124
2022-03-23,Adaptive Conservative SMA 30,106787.44937064641,10000.0,-0.04221824686940965
2022-03-24,Adaptive Conservative SMA 30,113728.4341261535,10000.0,0.06499813223757946
2022-03-25,Adaptive Conservative SMA 30,113568.8712582108,10000.0,-0.0014030164854437986
2022-03-28,Adaptive Conservative SMA 30,118714.77374936262,10000.0,0.04531085353003171
2022-03-29,Adaptive Conservative SMA 30,124778.1627311849,10000.0,0.05107526881720428
2022-03-30,Adaptive Conservative SMA 30,121028.43533453165,10000.0,-0.030051150895140703
2022-03-31,Adaptive Conservative SMA 30,116042.09571132254,10000.0,-0.04119973632168754
2022-04-01,Adaptive Conservative SMA 30,115563.40710749447,10000.0,-0.004125128910278481
2022-04-04,Adaptive Conservative SMA 30,122743.73616491558,10000.0,0.06213324128408702
2022-04-05,Adaptive Conservative SMA 30,114645.92061682396,10000.0,-0.06597335066623339
2022-04-06,Adaptive Conservative SMA 30,107106.57510653179,10000.0,-0.06576200417536525
2022-04-07,Adaptive Conservative SMA 30,107784.71729528822,10000.0,0.0063314711359403406
2022-04-08,Adaptive Conservative SMA 30,103396.7384268642,10000.0,-0.04071058475203545
2022-04-11,Adaptive Conservative SMA 30,96056.84650150037,10000.0,-0.07098765432098778
2022-04-12,Adaptive Conservative SMA 30,94820.23427494452,10000.0,-0.012873754152823868
2022-04-13,Adaptive Conservative SMA 30,95977.2943447953,10000.0,0.012202670439473045
2022-04-14,Adaptive Conservative SMA 30,89538.1666178122,10000.0,-0.06709011512504967
2022-04-18,Adaptive Conservative SMA 30,89579.46138201731,10000.0,0.0004611973392461036
2022-04-19,Adaptive Conservative SMA 30,90781.4049393631,10000.0,0.013417624294703246
2022-04-20,Adaptive Conservative SMA 30,86691.17417455128,10000.0,-0.04505582137161081
2022-04-21,Adaptive Conservative SMA 30,85614.36622861281,10000.0,-0.01242119461630932
2022-04-22,Adaptive Conservative SMA 30,84270.04866564953,10000.0,-0.01570200916249964
2022-04-25,Adaptive Conservative SMA 30,84919.8942581639,10000.0,0.00771146573194356
2022-04-26,Adaptive Conservative SMA 30,82995.72046033465,10000.0,-0.022658692814425785
2022-04-27,Adaptive Conservative SMA 30,82936.02072766291,10000.0,-0.0007193109758022253
2022-04-28,Adaptive Conservative SMA 30,84704.29559393071,10000.0,0.021320951388230838
2022-04-29,Adaptive Conservative SMA 30,82417.71367590275,10000.0,-0.02699487554904832
2022-05-02,Adaptive Conservative SMA 30,83242.18037631773,10000.0,0.010003513366763604
2022-05-03,Adaptive Conservative SMA 30,83295.52901379933,10000.0,0.0006408846721748766
2022-05-04,Adaptive Conservative SMA 30,84986.27271899706,10000.0,0.02029813274752869
2022-05-05,Adaptive Conservative SMA 30,82418.34217640865,10000.0,-0.030215827338129553
2022-05-06,Adaptive Conservative SMA 30,81825.57504337924,10000.0,-0.007192174913693901
2022-05-09,Adaptive Conservative SMA 30,79903.63103090737,10000.0,-0.02348830437736575
2022-05-10,Adaptive Conservative SMA 30,80486.38218351503,10000.0,0.007293174854372229
2022-05-11,Adaptive Conservative SMA 30,79054.97766204772,10000.0,-0.0177844311377246
2022-05-12,Adaptive Conservative SMA 30,78942.77374435398,10000.0,-0.0014193150262264685
2022-05-13,Adaptive Conservative SMA 30,80697.41931335219,10000.0,0.022226804123711284
2022-05-16,Adaptive Conservative SMA 30,80135.86924191592,10000.0,-0.006958711644244152
2022-05-17,Adaptive Conservative SMA 30,81381.913769018,10000.0,0.01554914845111979
2022-05-18,Adaptive Conservative SMA 30,78985.21494582141,10000.0,-0.029450017973268815
2022-05-19,Adaptive Conservative SMA 30,78731.15067835762,10000.0,-0.003216605381628239
2022-05-20,Adaptive Conservative SMA 30,78584.2591281855,10000.0,-0.0018657361019936442
2022-05-23,Adaptive Conservative SMA 30,79368.6582072732,10000.0,0.009981631026236464
2022-05-24,Adaptive Conservative SMA 30,78355.61400337986,10000.0,-0.012763781406606911
2022-05-25,Adaptive Conservative SMA 30,79013.92234214525,10000.0,0.008401546553345723
2022-05-26,Adaptive Conservative SMA 30,80326.52351849306,10000.0,0.01661227714609598
2022-05-27,Adaptive Conservative SMA 30,81900.4583410535,10000.0,0.019594210649463477
2022-05-31,Adaptive Conservative SMA 30,81260.99530295518,10000.0,-0.007807807807807749
2022-06-01,Adaptive Conservative SMA 30,79391.79565312935,10000.0,-0.023002421307505995
2022-06-02,Adaptive Conservative SMA 30,85835.6154985816,10000.0,0.08116480793060711
2022-06-03,Adaptive Conservative SMA 30,79047.46940184564,10000.0,-0.07908309455587387
2022-06-06,Adaptive Conservative SMA 30,80031.25869122766,10000.0,0.012445550715619121
2022-06-07,Adaptive Conservative SMA 30,81998.83726999171,10000.0,0.024585125998770874
2022-06-08,Adaptive Conservative SMA 30,80326.39547804225,10000.0,-0.020395920815837035
2022-06-09,Adaptive Conservative SMA 30,73735.0072391827,10000.0,-0.08205756276791171
2022-06-10,Adaptive Conservative SMA 30,65913.88238859561,10000.0,-0.10607071380920613
2022-06-13,Adaptive Conservative SMA 30,64075.44468381549,10000.0,-0.027891509924140117
2022-06-14,Adaptive Conservative SMA 30,64145.27660667357,10000.0,0.0010898390670977586
2022-06-15,Adaptive Conservative SMA 30,65105.46698935606,10000.0,0.01496899590238241
2022-06-16,Adaptive Conservative SMA 30,63529.94463235201,10000.0,-0.024199540067220898
2022-06-17,Adaptive Conservative SMA 30,63993.683951695995,10000.0,0.007299539170506937
2022-06-21,Adaptive Conservative SMA 30,64885.93608124286,10000.0,0.013942815516299388
2022-06-22,Adaptive Conservative SMA 30,64829.11786931822,10000.0,-0.0008756629765422525
2022-06-23,Adaptive Conservative SMA 30,65408.72512589975,10000.0,0.008940538999001869
2022-06-24,Adaptive Conservative SMA 30,66754.11850256736,10000.0,0.0205690200210748
2022-06-27,Adaptive Conservative SMA 30,65179.50384167764,10000.0,-0.023588277340957833
2022-06-28,Adaptive Conservative SMA 30,59215.0543686105,10000.0,-0.09150805270863836
2022-06-29,Adaptive Conservative SMA 30,59247.650961579566,10000.0,0.0005504781396661651
2022-06-30,Adaptive Conservative SMA 30,58806.50504643465,10000.0,-0.00744579587519827
2022-07-01,Adaptive Conservative SMA 30,59039.522647553924,10000.0,0.003962446007210987
2022-07-05,Adaptive Conservative SMA 30,59646.290987977394,10000.0,0.010277324632952656
2022-07-06,Adaptive Conservative SMA 30,60809.44018821097,10000.0,0.01950078003120125
2022-07-07,Adaptive Conservative SMA 30,64578.043596967735,10000.0,0.0619739862280031
2022-07-08,Adaptive Conservative SMA 30,64857.19940502379,10000.0,0.004322766570605095
2022-07-11,Adaptive Conservative SMA 30,60762.91422020164,10000.0,-0.06312769010043034
2022-07-12,Adaptive Conservative SMA 30,58994.927435846614,10000.0,-0.02909647779479332
2022-07-13,Adaptive Conservative SMA 30,58622.719691771876,10000.0,-0.006309148264984233
2022-07-14,Adaptive Conservative SMA 30,59227.55727589333,10000.0,0.01031746031746038
2022-07-15,Adaptive Conservative SMA 30,62344.797132519285,10000.0,0.05263157894736841
2022-07-18,Adaptive Conservative SMA 30,60902.49212422966,10000.0,-0.023134328358208993
2022-07-19,Adaptive Conservative SMA 30,66206.45247729475,10000.0,0.0870893812070283
2022-07-20,Adaptive Conservative SMA 30,69509.79620595808,10000.0,0.049894588896697054
2022-07-21,Adaptive Conservative SMA 30,72487.45815855602,10000.0,0.04283801874163324
2022-07-22,Adaptive Conservative SMA 30,68718.85474979925,10000.0,-0.05198973042362006
2022-07-25,Adaptive Conservative SMA 30,67695.28345359371,10000.0,-0.014895057549085908
2022-07-26,Adaptive Conservative SMA 30,63554.47230076221,10000.0,-0.061168384879725125
2022-07-27,Adaptive Conservative SMA 30,71510.41283035983,10000.0,0.1251830161054172
2022-07-28,Adaptive Conservative SMA 30,73557.5554227709,10000.0,0.028627195836044325
2022-07-29,Adaptive Conservative SMA 30,77605.31463958372,10000.0,0.05502846299810241
2022-08-01,Adaptive Conservative SMA 30,77512.26270356504,10000.0,-0.0011990407673860657
2022-08-02,Adaptive Conservative SMA 30,76767.84721541555,10000.0,-0.009603841536614654
2022-08-03,Adaptive Conservative SMA 30,82909.27499264879,10000.0,0.08000000000000002
2022-08-04,Adaptive Conservative SMA 30,84118.95016089169,10000.0,0.014590347923681145
2022-08-05,Adaptive Conservative SMA 30,82118.33353648995,10000.0,-0.02378318584070795
2022-08-08,Adaptive Conservative SMA 30,81280.86611232179,10000.0,-0.010198300283286103
2022-08-09,Adaptive Conservative SMA 30,78442.78206375189,10000.0,-0.03491700057240982
2022-08-10,Adaptive Conservative SMA 30,84909.89161705054,10000.0,0.08244365361803088
2022-08-11,Adaptive Conservative SMA 30,83653.6904807983,10000.0,-0.014794520547945183
2022-08-12,Adaptive Conservative SMA 30,88352.81324974191,10000.0,0.05617352614015562
2022-08-15,Adaptive Conservative SMA 30,90446.48181016235,10000.0,0.023696682464455127
2022-08-16,Adaptive Conservative SMA 30,89888.17019405024,10000.0,-0.00617283950617289
2022-08-17,Adaptive Conservative SMA 30,86770.93033742427,10000.0,-0.0346790890269152
2022-08-18,Adaptive Conservative SMA 30,87329.24195353639,10000.0,0.006434316353887453
2022-08-19,Adaptive Conservative SMA 30,82211.3854725087,10000.0,-0.058604155567394664
2022-08-22,Adaptive Conservative SMA 30,75744.27591921005,10000.0,-0.078664402942841
2022-08-23,Adaptive Conservative SMA 30,75511.64607916333,10000.0,-0.003071253071253115
2022-08-24,Adaptive Conservative SMA 30,76069.95769527544,10000.0,0.007393715341959396
2022-08-25,Adaptive Conservative SMA 30,80117.71691208825,10000.0,0.05321100917431176
2022-08-26,Adaptive Conservative SMA 30,70347.26363012627,10000.0,-0.1219512195121951
2022-08-29,Adaptive Conservative SMA 30,69931.05910890923,10000.0,-0.005916428013538088
2022-08-30,Adaptive Conservative SMA 30,69463.54957981303,10000.0,-0.006685291700903835
2022-08-31,Adaptive Conservative SMA 30,69221.1221150161,10000.0,-0.0034899953466728706
2022-09-01,Adaptive Conservative SMA 30,69239.1731581941,10000.0,0.0002607736284310028
2022-09-02,Adaptive Conservative SMA 30,68653.31035096062,10000.0,-0.008461435636946986
2022-09-06,Adaptive Conservative SMA 30,68357.30665369799,10000.0,-0.004311572096807006
2022-09-07,Adaptive Conservative SMA 30,69184.87582199438,10000.0,0.01210652099692733
2022-09-08,Adaptive Conservative SMA 30,69400.20306845353,10000.0,0.0031123456376962177
2022-09-09,Adaptive Conservative SMA 30,70311.02874596001,10000.0,0.01312425089892128
2022-09-12,Adaptive Conservative SMA 30,70812.7104093805,10000.0,0.007135177402013444
2022-09-13,Adaptive Conservative SMA 30,59140.285616625464,10000.0,-0.1648351648351649
2022-09-14,Adaptive Conservative SMA 30,59420.72601035172,10000.0,0.004741951967296868
2022-09-15,Adaptive Conservative SMA 30,58827.86433737859,10000.0,-0.009977354919390306
2022-09-16,Adaptive Conservative SMA 30,58611.922907193606,10000.0,-0.0036707338030588883
2022-09-19,Adaptive Conservative SMA 30,58822.31532680029,10000.0,0.003589583981740764
2022-09-20,Adaptive Conservative SMA 30,58540.84175191234,10000.0,-0.004785149535922983
2022-09-21,Adaptive Conservative SMA 30,57911.57537477452,10000.0,-0.010749185667752358
2022-09-22,Adaptive Conservative SMA 30,57483.69054772262,10000.0,-0.007388588970043419
2022-09-23,Adaptive Conservative SMA 30,56923.06438597896,10000.0,-0.009752786510431575
2022-09-26,Adaptive Conservative SMA 30,56781.67143816326,10000.0,-0.0024839307114064416
2022-09-27,Adaptive Conservative SMA 30,56795.33730373201,10000.0,0.0002406738868831786
2022-09-28,Adaptive Conservative SMA 30,57472.31023142468,10000.0,0.011919515929139125
2022-09-29,Adaptive Conservative SMA 30,56478.93629997906,10000.0,-0.01728439186532757
2022-09-30,Adaptive Conservative SMA 30,55904.02466782309,10000.0,-0.010179222021859963
2022-10-03,Adaptive Conservative SMA 30,56691.35223895348,10000.0,0.014083557951482438
2022-10-04,Adaptive Conservative SMA 30,57760.1083362488,10000.0,0.018852189180291964
2022-10-05,Adaptive Conservative SMA 30,57741.67295164612,10000.0,-0.0003191715724520195
2022-10-06,Adaptive Conservative SMA 30,57468.771172660236,10000.0,-0.0047262534151793
2022-10-07,Adaptive Conservative SMA 30,56155.42240904914,10000.0,-0.022853259897714747
2022-10-10,Adaptive Conservative SMA 30,55818.43976565159,10000.0,-0.006000892325996426
2022-10-11,Adaptive Conservative SMA 30,55358.09014411942,10000.0,-0.008247267810868595
2022-10-12,Adaptive Conservative SMA 30,55346.70696424134,10000.0,-0.00020562811774120976
2022-10-13,Adaptive Conservative SMA 30,56125.92922898246,10000.0,0.01407892731982331
2022-10-14,Adaptive Conservative SMA 30,55113.205896757856,10000.0,-0.018043769539973168
2022-10-17,Adaptive Conservative SMA 30,56205.741666760354,10000.0,0.019823484267075878
2022-10-18,Adaptive Conservative SMA 30,56472.562876411255,10000.0,0.004747223357230405
2022-10-19,Adaptive Conservative SMA 30,56348.9367897724,10000.0,-0.0021891354020784673
2022-10-20,Adaptive Conservative SMA 30,56176.35709803232,10000.0,-0.003062696504531153
2022-10-21,Adaptive Conservative SMA 30,56967.09096416292,10000.0,0.014075919247499596
2022-10-24,Adaptive Conservative SMA 30,58962.047457071356,10000.0,0.035019455252918406
2022-10-25,Adaptive Conservative SMA 30,62453.221319661105,10000.0,0.05921052631578938
2022-10-26,Adaptive Conservative SMA 30,58352.47741757156,10000.0,-0.06566104702750668
2022-10-27,Adaptive Conservative SMA 30,55138.38084566353,10000.0,-0.05508072174738842
2022-10-28,Adaptive Conservative SMA 30,60125.7720779346,10000.0,0.09045226130653271
2022-10-31,Adaptive Conservative SMA 30,58075.40012688983,10000.0,-0.034101382488479194
2022-11-01,Adaptive Conservative SMA 30,56246.69000839043,10000.0,-0.031488549618320615
2022-11-02,Adaptive Conservative SMA 30,50428.06690407418,10000.0,-0.10344827586206903
2022-11-03,Adaptive Conservative SMA 30,49836.694604837576,10000.0,-0.01172704677261429
2022-11-04,Adaptive Conservative SMA 30,50317.929289825326,10000.0,0.009656231995390813
2022-11-07,Adaptive Conservative SMA 30,50650.03447066768,10000.0,0.006600136085280036
2022-11-08,Adaptive Conservative SMA 30,51743.98769897584,10000.0,0.02159827213822906
2022-11-09,Adaptive Conservative SMA 30,48133.94204555892,10000.0,-0.06976744186046513
2022-11-10,Adaptive Conservative SMA 30,50265.01846745592,10000.0,0.04427388099399653
2022-11-11,Adaptive Conservative SMA 30,53122.58242506525,10000.0,0.056849953401677485
2022-11-14,Adaptive Conservative SMA 30,51670.37779087034,10000.0,-0.027336860670194047
2022-11-15,Adaptive Conservative SMA 30,53778.41677599198,10000.0,0.040797824116047245
2022-11-16,Adaptive Conservative SMA 30,51623.53248008986,10000.0,-0.0400696864111499
2022-11-17,Adaptive Conservative SMA 30,51201.92468306553,10000.0,-0.008166969147005432
2022-11-18,Adaptive Conservative SMA 30,51155.07937228505,10000.0,-0.0009149130832570711
2022-11-21,Adaptive Conservative SMA 30,49609.184116529184,10000.0,-0.030219780219780227
2022-11-22,Adaptive Conservative SMA 30,51670.37779087034,10000.0,0.041548630783758214
2022-11-23,Adaptive Conservative SMA 30,53216.273046626215,10000.0,0.029918404351767913
2022-11-25,Adaptive Conservative SMA 30,52138.830898675165,10000.0,-0.02024647887323932
2022-11-28,Adaptive Conservative SMA 30,49843.41067043161,10000.0,-0.04402515723270442
2022-11-29,Adaptive Conservative SMA 30,48672.27790091959,10000.0,-0.023496240601503758
2022-11-30,Adaptive Conservative SMA 30,55183.776099406416,10000.0,0.1337824831568815
2022-12-01,Adaptive Conservative SMA 30,55511.69327486979,10000.0,0.005942275042444847
2022-12-02,Adaptive Conservative SMA 30,54809.01361316257,10000.0,-0.012658227848101297
2022-12-05,Adaptive Conservative SMA 30,52045.140277114195,10000.0,-0.05042735042735042
2022-12-06,Adaptive Conservative SMA 30,48765.968522480536,10000.0,-0.06300630063006295
2022-12-07,Adaptive Conservative SMA 30,48156.97948233428,10000.0,-0.012487992315081728
2022-12-08,Adaptive Conservative SMA 30,49890.255981212074,10000.0,0.035992217898832786
2022-12-09,Adaptive Conservative SMA 30,48906.504454821974,10000.0,-0.019718309859155007
2022-12-12,Adaptive Conservative SMA 30,50686.62626448025,10000.0,0.03639846743295027
2022-12-13,Adaptive Conservative SMA 30,52279.366831016596,10000.0,0.03142329020332716
2022-12-14,Adaptive Conservative SMA 30,51061.388750724094,10000.0,-0.023297491039426504
2022-12-15,Adaptive Conservative SMA 30,46002.09518643217,10000.0,-0.09908256880733946
2022-12-16,Adaptive Conservative SMA 30,44643.58117379822,10000.0,-0.029531568228106
2022-12-19,Adaptive Conservative SMA 30,44203.83921192432,10000.0,-0.0098500601948123
2022-12-20,Adaptive Conservative SMA 30,44183.18091386155,10000.0,-0.00046734171581180894
2022-12-21,Adaptive Conservative SMA 30,44567.93868083972,10000.0,0.008708240534521215
2022-12-22,Adaptive Conservative SMA 30,43913.386319547084,10000.0,-0.014686619589477146
2022-12-23,Adaptive Conservative SMA 30,43972.67976743186,10000.0,0.0013502362913510376
2022-12-27,Adaptive Conservative SMA 30,43599.466543449606,10000.0,-0.008487388668512902
2022-12-28,Adaptive Conservative SMA 30,43253.90138196037,10000.0,-0.00792590343152145
2022-12-29,Adaptive Conservative SMA 30,43886.83660606015,10000.0,0.014633020464686949
2022-12-30,Adaptive Conservative SMA 30,43871.01559098624,10000.0,-0.00036049568156220425
2023-01-03,Adaptive Conservative SMA 30,43692.986370131555,10000.0,-0.004058014578793142
2023-01-04,Adaptive Conservative SMA 30,43817.946261543446,10000.0,0.0028599530907166097
2023-01-05,Adaptive Conservative SMA 30,43406.163152097615,10000.0,-0.009397590361445838
2023-01-06,Adaptive Conservative SMA 30,44125.39318107133,10000.0,0.016569767441860526
2023-01-09,Adaptive Conservative SMA 30,44296.86236323852,10000.0,0.0038859525050248317
2023-01-10,Adaptive Conservative SMA 30,44521.95070971445,10000.0,0.005081360946745607
2023-01-11,Adaptive Conservative SMA 30,46738.41145933227,10000.0,0.04978354978354968
2023-01-12,Adaptive Conservative SMA 30,47461.17039942503,10000.0,0.015463917525773233
2023-01-13,Adaptive Conservative SMA 30,48424.84898621539,10000.0,0.02030456852791889
2023-01-17,Adaptive Conservative SMA 30,48665.76863291297,10000.0,0.004975124378109346
2023-01-18,Adaptive Conservative SMA 30,46882.96324735082,10000.0,-0.036633663366336555
2023-01-19,Adaptive Conservative SMA 30,45437.44536716528,10000.0,-0.030832476875642414
2023-01-20,Adaptive Conservative SMA 30,49099.42399696863,10000.0,0.08059384941675501
2023-01-23,Adaptive Conservative SMA 30,52327.74726271632,10000.0,0.06575073601570167
2023-01-24,Adaptive Conservative SMA 30,52038.64368667922,10000.0,-0.005524861878452921
2023-01-25,Adaptive Conservative SMA 30,51653.17225196308,10000.0,-0.007407407407407414
2023-01-26,Adaptive Conservative SMA 30,54640.57587101318,10000.0,0.05783582089552231
2023-01-27,Adaptive Conservative SMA 30,56182.46160987775,10000.0,0.028218694885361578
2023-01-30,Adaptive Conservative SMA 30,52857.77048545102,10000.0,-0.05917667238421951
2023-01-31,Adaptive Conservative SMA 30,55170.59909374788,10000.0,0.043755697356426496
2023-02-01,Adaptive Conservative SMA 30,58736.209864872195,10000.0,0.06462882096069872
2023-02-02,Adaptive Conservative SMA 30,64807.38496165144,10000.0,0.10336341263330598
2023-02-03,Adaptive Conservative SMA 30,61482.69383722472,10000.0,-0.05130111524163565
2023-02-06,Adaptive Conservative SMA 30,59940.80809836015,10000.0,-0.025078369905956136
2023-02-07,Adaptive Conservative SMA 30,63602.786728163504,10000.0,0.061093247588424424
2023-02-08,Adaptive Conservative SMA 30,60181.727745057746,10000.0,-0.05378787878787872
2023-02-09,Adaptive Conservative SMA 30,58591.65807685366,10000.0,-0.026421136909527628
2023-02-10,Adaptive Conservative SMA 30,57387.059843365714,10000.0,-0.02055921052631579
2023-02-13,Adaptive Conservative SMA 30,60133.54381571823,10000.0,0.047858942065491204
2023-02-14,Adaptive Conservative SMA 30,61386.32597854569,10000.0,0.020833333333333315
2023-02-15,Adaptive Conservative SMA 30,62783.6599293917,10000.0,0.02276295133437984
2023-02-16,Adaptive Conservative SMA 30,59169.86522892787,10000.0,-0.05755947812739831
2023-02-17,Adaptive Conservative SMA 30,57917.08306610041,10000.0,-0.02117263843648207
2023-02-21,Adaptive Conservative SMA 30,53869.633001580914,10000.0,-0.06988352745424292
2023-02-22,Adaptive Conservative SMA 30,53917.81693092043,10000.0,0.0008944543828264568
2023-02-23,Adaptive Conservative SMA 30,55266.96695242694,10000.0,0.025022341376228878
2023-02-24,Adaptive Conservative SMA 30,52472.29905073491,10000.0,-0.050566695727986055
2023-02-27,Adaptive Conservative SMA 30,53580.52942554382,10000.0,0.02112029384756645
2023-02-28,Adaptive Conservative SMA 30,53291.42584950672,10000.0,-0.005395683453237296
2023-03-01,Adaptive Conservative SMA 30,52038.64368667926,10000.0,-0.023508137432188044
2023-03-02,Adaptive Conservative SMA 30,53291.425849506726,10000.0,0.024074074074074053
2023-03-03,Adaptive Conservative SMA 30,56519.74911525442,10000.0,0.06057866184448462
2023-03-06,Adaptive Conservative SMA 30,56760.668761952,10000.0,0.004262574595055323
2023-03-07,Adaptive Conservative SMA 30,54640.57587101322,10000.0,-0.037351443123938836
2023-03-08,Adaptive Conservative SMA 30,55363.33481110599,10000.0,0.01322751322751326
2023-03-09,Adaptive Conservative SMA 30,52472.299050734924,10000.0,-0.052219321148825035
2023-03-10,Adaptive Conservative SMA 30,52029.93233007883,10000.0,-0.008430481009196295
2023-03-13,Adaptive Conservative SMA 30,52261.577382477655,10000.0,0.0044521497919557075
2023-03-14,Adaptive Conservative SMA 30,52981.44670403295,10000.0,0.013774351208095186
2023-03-15,Adaptive Conservative SMA 30,53772.21456528717,10000.0,0.014925373134328351
2023-03-16,Adaptive Conservative SMA 30,58005.14841082448,10000.0,0.07871972318339102
2023-03-17,Adaptive Conservative SMA 30,57121.349036481515,10000.0,-0.015236567762630415
2023-03-20,Adaptive Conservative SMA 30,57726.05387155828,10000.0,0.010586319218241106
2023-03-21,Adaptive Conservative SMA 30,60191.38896840968,10000.0,0.04270749395648665
2023-03-22,Adaptive Conservative SMA 30,57400.44357574771,10000.0,-0.04636785162287478
2023-03-23,Adaptive Conservative SMA 30,59447.136863699816,10000.0,0.03565640194489461
2023-03-24,Adaptive Conservative SMA 30,60051.841698776574,10000.0,0.010172143974960938
2023-03-27,Adaptive Conservative SMA 30,58842.43202862306,10000.0,-0.020139426800929495
2023-03-28,Adaptive Conservative SMA 30,57865.60114119137,10000.0,-0.01660079051383406
2023-03-29,Adaptive Conservative SMA 30,60982.156829663894,10000.0,0.05385852090032154
2023-03-30,Adaptive Conservative SMA 30,62656.72406526108,10000.0,0.027459954233409703
2023-03-31,Adaptive Conservative SMA 30,65726.76399718923,10000.0,0.048997772828507806
2023-04-03,Adaptive Conservative SMA 30,65261.60643174557,10000.0,-0.007077140835102719
2023-04-04,Adaptive Conservative SMA 30,64610.38584012445,10000.0,-0.009978617248752587
2023-04-05,Adaptive Conservative SMA 30,62517.17679562797,10000.0,-0.032397408207343485
2023-04-06,Adaptive Conservative SMA 30,63819.61797887023,10000.0,0.02083333333333342
2023-04-10,Adaptive Conservative SMA 30,63680.07070923712,10000.0,-0.0021865889212828817
2023-04-11,Adaptive Conservative SMA 30,62424.14528253924,10000.0,-0.0197224251278305
2023-04-12,Adaptive Conservative SMA 30,60749.578046942064,10000.0,-0.02682563338301039
2023-04-13,Adaptive Conservative SMA 30,64238.259787769515,10000.0,0.05742725880551301
2023-04-14,Adaptive Conservative SMA 30,63866.13373541459,10000.0,-0.005792903692976109
2023-04-17,Adaptive Conservative SMA 30,63959.16524850332,10000.0,0.001456664238892904
2023-04-18,Adaptive Conservative SMA 30,64005.681005047685,10000.0,0.0007272727272727117
2023-04-19,Adaptive Conservative SMA 30,63866.13373541459,10000.0,-0.0021802325581394884
2023-04-20,Adaptive Conservative SMA 30,62377.629525994875,10000.0,-0.02330662782228698
2023-04-21,Adaptive Conservative SMA 30,62517.17679562797,10000.0,0.002237136465324337
2023-04-24,Adaptive Conservative SMA 30,62098.53498672868,10000.0,-0.0066964285714285615
2023-04-25,Adaptive Conservative SMA 30,58609.85324590122,10000.0,-0.056179775280898875
2023-04-26,Adaptive Conservative SMA 30,59586.684133332914,10000.0,0.016666666666666736
2023-04-27,Adaptive Conservative SMA 30,64424.32281394697,10000.0,0.0811865729898516
2023-04-28,Adaptive Conservative SMA 30,65726.76399718922,10000.0,0.02021660649819503
2023-05-01,Adaptive Conservative SMA 30,65540.70097101176,10000.0,-0.0028308563340411126
2023-05-02,Adaptive Conservative SMA 30,63773.10222232585,10000.0,-0.026969481902058126
2023-05-03,Adaptive Conservative SMA 30,62517.17679562796,10000.0,-0.019693654266958523
2023-05-04,Adaptive Conservative SMA 30,61819.44044746247,10000.0,-0.011160714285714312
2023-05-05,Adaptive Conservative SMA 30,65587.21672755612,10000.0,0.060948081264108396
2023-05-08,Adaptive Conservative SMA 30,66145.40580608851,10000.0,0.008510638297872412
2023-05-09,Adaptive Conservative SMA 30,64842.96462284626,10000.0,-0.019690576652602047
2023-05-10,Adaptive Conservative SMA 30,66982.68942388709,10000.0,0.032998565279770506
2023-05-11,Adaptive Conservative SMA 30,67540.87850241948,10000.0,0.00833333333333328
2023-05-12,Adaptive Conservative SMA 30,66796.62639770962,10000.0,-0.011019283746556485
2023-05-15,Adaptive Conservative SMA 30,67866.48879823004,10000.0,0.016016713091922034
2023-05-16,Adaptive Conservative SMA 30,68099.06758095187,10000.0,0.0034270047978067655
2023-05-17,Adaptive Conservative SMA 30,70517.8869212589,10000.0,0.03551912568306008
2023-05-18,Adaptive Conservative SMA 30,74332.17895789692,10000.0,0.054089709762533
2023-05-19,Adaptive Conservative SMA 30,73820.50563590889,10000.0,-0.006883604505632116
2023-05-22,Adaptive Conservative SMA 30,74564.75774061876,10000.0,0.010081915563957274
2023-05-23,Adaptive Conservative SMA 30,71680.78083486807,10000.0,-0.03867747972551472
2023-05-24,Adaptive Conservative SMA 30,70517.88692125892,10000.0,-0.016223231667748216
2023-05-25,Adaptive Conservative SMA 30,75634.6201411392,10000.0,0.07255936675461751
2023-05-26,Adaptive Conservative SMA 30,81356.0581960962,10000.0,0.07564575645756437
2023-05-30,Adaptive Conservative SMA 30,82518.95210970535,10000.0,0.014293882218410521
2023-05-31,Adaptive Conservative SMA 30,80844.38487410817,10000.0,-0.020293122886133004
2023-06-01,Adaptive Conservative SMA 30,83728.36177985888,10000.0,0.03567318757192181
2023-06-02,Adaptive Conservative SMA 30,85635.50779817789,10000.0,0.022777777777777786
2023-06-05,Adaptive Conservative SMA 30,85821.57082435535,10000.0,0.0021727322107549783
2023-06-06,Adaptive Conservative SMA 30,85728.53931126662,10000.0,-0.001084010840108378
2023-06-07,Adaptive Conservative SMA 30,81356.0581960962,10000.0,-0.051003798155181836
2023-06-08,Adaptive Conservative SMA 30,84147.00358875818,10000.0,0.03430531732418533
2023-06-09,Adaptive Conservative SMA 30,85170.35023273423,10000.0,0.012161415146489711
2023-06-12,Adaptive Conservative SMA 30,89542.83134790465,10000.0,0.051338066630256765
2023-06-13,Adaptive Conservative SMA 30,91496.49312276804,10000.0,0.021818181818181907
2023-06-14,Adaptive Conservative SMA 30,93450.15489763141,10000.0,0.02135231316725969
2023-06-15,Adaptive Conservative SMA 30,96752.7736122814,10000.0,0.035340965654554544
2023-06-16,Adaptive Conservative SMA 30,94892.14335050674,10000.0,-0.019230769230769332
2023-06-20,Adaptive Conservative SMA 30,94426.9857850631,10000.0,-0.004901960784313621
2023-06-21,Adaptive Conservative SMA 30,90333.59920915889,10000.0,-0.04334975369458123
2023-06-22,Adaptive Conservative SMA 30,93357.12338454268,10000.0,0.03347064881565389
2023-06-23,Adaptive Conservative SMA 30,90612.69374842508,10000.0,-0.029397110114598897
2023-06-26,Adaptive Conservative SMA 30,86984.46473796452,10000.0,-0.04004106776180704
2023-06-27,Adaptive Conservative SMA 30,91310.43009659057,10000.0,0.049732620320855604
2023-06-28,Adaptive Conservative SMA 30,91868.61917512296,10000.0,0.006113092205807489
2023-06-29,Adaptive Conservative SMA 30,91217.39858350182,10000.0,-0.007088607594936737
2023-06-30,Adaptive Conservative SMA 30,95357.30091595041,10000.0,0.04538500764915862
2023-07-03,Adaptive Conservative SMA 30,96008.52150757154,10000.0,0.006829268292682955
2023-07-05,Adaptive Conservative SMA 30,95962.00575102716,10000.0,-0.0004844961240310835
2023-07-06,Adaptive Conservative SMA 30,93682.73368035324,10000.0,-0.023751817741153584
2023-07-07,Adaptive Conservative SMA 30,92705.90279292155,10000.0,-0.010427010923535296
2023-07-10,Adaptive Conservative SMA 30,92798.93430601028,10000.0,0.0010035122930255682
2023-07-11,Adaptive Conservative SMA 30,94147.89124579688,10000.0,0.014536340852130283
2023-07-12,Adaptive Conservative SMA 30,97636.57298662433,10000.0,0.03705533596837945
2023-07-13,Adaptive Conservative SMA 30,102474.2116672384,10000.0,0.04954740352548846
2023-07-14,Adaptive Conservative SMA 30,102381.18015414967,10000.0,-0.0009078529278256729
2023-07-17,Adaptive Conservative SMA 30,105218.64130335598,10000.0,0.02771467514766013
2023-07-18,Adaptive Conservative SMA 30,107730.49215675173,10000.0,0.0238726790450928
2023-07-19,Adaptive Conservative SMA 30,107730.49215675173,10000.0,0.0
2023-07-20,Adaptive Conservative SMA 30,100148.42384002007,10000.0,-0.07037996545768563
2023-07-21,Adaptive Conservative SMA 30,99264.6244656771,10000.0,-0.008824895494658674
2023-07-24,Adaptive Conservative SMA 30,99683.26627457638,10000.0,0.004217432052483592
2023-07-25,Adaptive Conservative SMA 30,101683.44380598412,10000.0,0.020065328978068116
2023-07-26,Adaptive Conservative SMA 30,100660.09716200807,10000.0,-0.010064043915827945
2023-07-27,Adaptive Conservative SMA 30,99776.29778766511,10000.0,-0.008780036968576769
2023-07-28,Adaptive Conservative SMA 30,105172.12554681157,10000.0,0.05407925407925409
2023-07-31,Adaptive Conservative SMA 30,105404.70432953342,10000.0,0.0022114108801415617
2023-08-01,Adaptive Conservative SMA 30,104567.42071173483,10000.0,-0.007943512797881717
2023-08-02,Adaptive Conservative SMA 30,97729.60449971302,10000.0,-0.06539145907473304
2023-08-03,Adaptive Conservative SMA 30,97031.86815154753,10000.0,-0.007139457401237607
2023-08-04,Adaptive Conservative SMA 30,95682.91121176092,10000.0,-0.013902205177372923
2023-08-07,Adaptive Conservative SMA 30,98055.21479552359,10000.0,0.02479338842975197
2023-08-08,Adaptive Conservative SMA 30,95543.36394212782,10000.0,-0.025616698292220075
2023-08-09,Adaptive Conservative SMA 30,92333.77674056657,10000.0,-0.03359298928919171
2023-08-10,Adaptive Conservative SMA 30,92752.41854946586,10000.0,0.004534005037783368
2023-08-11,Adaptive Conservative SMA 30,90938.30404423559,10000.0,-0.01955867602808428
2023-08-14,Adaptive Conservative SMA 30,91550.93580976785,10000.0,0.006736784592268838
2023-08-15,Adaptive Conservative SMA 30,88784.90951734791,10000.0,-0.03021297672114923
2023-08-16,Adaptive Conservative SMA 30,88220.5339354557,10000.0,-0.006356661114600107
2023-08-17,Adaptive Conservative SMA 30,87642.05459605833,10000.0,-0.006557196081137082
2023-08-18,Adaptive Conservative SMA 30,87576.02776846566,10000.0,-0.0007533692346326437
2023-08-21,Adaptive Conservative SMA 30,88423.06416600276,10000.0,0.009672012069061825
2023-08-22,Adaptive Conservative SMA 30,88347.21253690323,10000.0,-0.0008578262901762094
2023-08-23,Adaptive Conservative SMA 30,89183.51782257155,10000.0,0.009466119661884993
2023-08-24,Adaptive Conservative SMA 30,83309.69135964703,10000.0,-0.06586224233283068
2023-08-25,Adaptive Conservative SMA 30,83697.36075411343,10000.0,0.00465335290696066
2023-08-28,Adaptive Conservative SMA 30,84075.5551335757,10000.0,0.0045185938487755425
2023-08-29,Adaptive Conservative SMA 30,89438.39918530584,10000.0,0.06378600823045259
2023-08-30,Adaptive Conservative SMA 30,90952.10516764902,10000.0,0.01692456479690529
2023-08-31,Adaptive Conservative SMA 30,91773.83127234959,10000.0,0.009034712315739312
2023-09-01,Adaptive Conservative SMA 30,91471.09007588096,10000.0,-0.0032987747408105695
2023-09-05,Adaptive Conservative SMA 30,91687.33378764428,10000.0,0.0023640661938534617
2023-09-06,Adaptive Conservative SMA 30,89265.40421589519,10000.0,-0.026415094339622584
2023-09-07,Adaptive Conservative SMA 30,87319.2108100254,10000.0,-0.021802325581395315
2023-09-08,Adaptive Conservative SMA 30,87578.70326414137,10000.0,0.0029717682020801743
2023-09-11,Adaptive Conservative SMA 30,90562.86648647508,10000.0,0.03407407407407414
2023-09-12,Adaptive Conservative SMA 30,87665.20074884668,10000.0,-0.031996179560649554
2023-09-13,Adaptive Conservative SMA 30,88530.17559589991,10000.0,0.009866798223976285
2023-09-14,Adaptive Conservative SMA 30,90606.11522882771,10000.0,0.023448949682462163
2023-09-15,Adaptive Conservative SMA 30,85978.49979709284,10000.0,-0.05107398568019095
2023-09-18,Adaptive Conservative SMA 30,86151.4947665035,10000.0,0.002012072434607782
2023-09-19,Adaptive Conservative SMA 30,85632.50985827154,10000.0,-0.006024096385542218
2023-09-20,Adaptive Conservative SMA 30,81653.6255618266,10000.0,-0.04646464646464655
2023-09-21,Adaptive Conservative SMA 30,76982.76138773907,10000.0,-0.057203389830508385
2023-09-22,Adaptive Conservative SMA 30,76989.21840913207,10000.0,8.38761987306926e-05
2023-09-25,Adaptive Conservative SMA 30,77208.74486216044,10000.0,0.0028513921502851198
2023-09-26,Adaptive Conservative SMA 30,76512.7448250078,10000.0,-0.00901452339880925
2023-09-27,Adaptive Conservative SMA 30,76620.37531741742,10000.0,0.0014067001864302147
2023-09-28,Adaptive Conservative SMA 30,77005.1505994116,10000.0,0.005021840214174953
2023-09-29,Adaptive Conservative SMA 30,77038.72279630811,10000.0,0.0004359733944441187
2023-10-02,Adaptive Conservative SMA 30,77424.69092828024,10000.0,0.005010053619302964
2023-10-03,Adaptive Conservative SMA 30,73307.2594479934,10000.0,-0.05317982456140345
2023-10-04,Adaptive Conservative SMA 30,73906.14997848218,10000.0,0.008169593775547572
2023-10-05,Adaptive Conservative SMA 30,73775.42266903086,10000.0,-0.0017688285682500872
2023-10-06,Adaptive Conservative SMA 30,74517.49846859717,10000.0,0.010058577405857725
2023-10-09,Adaptive Conservative SMA 30,75635.06138082036,10000.0,0.014997321906802226
2023-10-10,Adaptive Conservative SMA 30,76872.36317649607,10000.0,0.016358839050132048
2023-10-11,Adaptive Conservative SMA 30,78508.79458368005,10000.0,0.021287642782969893
2023-10-12,Adaptive Conservative SMA 30,77590.79647721098,10000.0,-0.011692933401118474
2023-10-13,Adaptive Conservative SMA 30,74637.23735204965,10000.0,-0.038065843621399274
2023-10-16,Adaptive Conservative SMA 30,77151.75390455185,10000.0,0.03368983957219246
2023-10-17,Adaptive Conservative SMA 30,76433.32060383694,10000.0,-0.009311950336264859
2023-10-18,Adaptive Conservative SMA 30,73200.37075061983,10000.0,-0.04229765013054824
2023-10-19,Adaptive Conservative SMA 30,71244.63565422923,10000.0,-0.026717557251908313
2023-10-20,Adaptive Conservative SMA 30,68051.59876216293,10000.0,-0.04481792717086838
2023-10-23,Adaptive Conservative SMA 30,68174.87159985179,10000.0,0.0018114613018819893
2023-10-24,Adaptive Conservative SMA 30,68573.01223629067,10000.0,0.005839990998087059
2023-10-25,Adaptive Conservative SMA 30,63569.664624027384,10000.0,-0.07296380090497732
2023-10-26,Adaptive Conservative SMA 30,62842.03378151795,10000.0,-0.011446196024674445
2023-10-27,Adaptive Conservative SMA 30,63023.16110608911,10000.0,0.002882263887271417
2023-10-30,Adaptive Conservative SMA 30,63449.36589275388,10000.0,0.0067626691391649285
2023-10-31,Adaptive Conservative SMA 30,63631.522401333736,10000.0,0.002870895650679072
2023-11-01,Adaptive Conservative SMA 30,64293.43974633948,10000.0,0.010402349653540135
2023-11-02,Adaptive Conservative SMA 30,67687.11899049081,10000.0,0.05278422273781904
2023-11-03,Adaptive Conservative SMA 30,70073.8824149489,10000.0,0.03526170798898075
2023-11-06,Adaptive Conservative SMA 30,70857.03916359921,10000.0,0.01117615753060143
2023-11-07,Adaptive Conservative SMA 30,72870.87080298571,10000.0,0.028421052631578902
2023-11-08,Adaptive Conservative SMA 30,73020.04351701433,10000.0,0.002047082906857684
2023-11-09,Adaptive Conservative SMA 30,71267.26412717793,10000.0,-0.024004085801838555
2023-11-10,Adaptive Conservative SMA 30,76040.7909760941,10000.0,0.0669806384092099
2023-11-13,Adaptive Conservative SMA 30,75332.2205844581,10000.0,-0.00931829328102017
2023-11-14,Adaptive Conservative SMA 30,80068.4542548671,10000.0,0.06287128712871286
2023-11-15,Adaptive Conservative SMA 30,80292.21332591007,10000.0,0.0027945971122497566
2023-11-16,Adaptive Conservative SMA 30,80441.38603993869,10000.0,0.0018578727357175637
2023-11-17,Adaptive Conservative SMA 30,80478.67921844585,10000.0,0.0004636068613814562
2023-11-20,Adaptive Conservative SMA 30,83350.25396349697,10000.0,0.03568118628359607
2023-11-21,Adaptive Conservative SMA 30,81821.23364470352,10000.0,-0.01834451901565996
2023-11-22,Adaptive Conservative SMA 30,82790.85628588962,10000.0,0.011850501367365452
2023-11-24,Adaptive Conservative SMA 30,82380.63132231089,10000.0,-0.0049549549549549295
2023-11-27,Adaptive Conservative SMA 30,82119.57907276078,10000.0,-0.003168854685378012
2023-11-28,Adaptive Conservative SMA 30,82790.85628588962,10000.0,0.008174386920980914
2023-11-29,Adaptive Conservative SMA 30,82492.51085783236,10000.0,-0.003603603603603527
2023-11-30,Adaptive Conservative SMA 30,81783.94046619636,10000.0,-0.008589511754068774
2023-12-01,Adaptive Conservative SMA 30,82492.51085783236,10000.0,0.00866393068855455
2023-12-04,Adaptive Conservative SMA 30,80143.04061188143,10000.0,-0.02848101265822796
2023-12-05,Adaptive Conservative SMA 30,80739.73146799595,10000.0,0.007445323406235466
2023-12-06,Adaptive Conservative SMA 30,79285.29750621683,10000.0,-0.01801385681293289
2023-12-07,Adaptive Conservative SMA 30,82604.39039335382,10000.0,0.04186265286923786
2023-12-08,Adaptive Conservative SMA 30,83611.3062130471,10000.0,0.012189616252821812
2023-12-11,Adaptive Conservative SMA 30,85737.01738795507,10000.0,0.025423728813559174
2023-12-12,Adaptive Conservative SMA 30,87788.14220584874,10000.0,0.023923444976076586
2023-12-13,Adaptive Conservative SMA 30,90883.47602194281,10000.0,0.03525913338997459
2023-12-14,Adaptive Conservative SMA 30,90734.30330791418,10000.0,-0.0016413623307346204
2023-12-15,Adaptive Conservative SMA 30,91815.80548462174,10000.0,0.011919441019317826
2023-12-18,Adaptive Conservative SMA 30,93755.05076699393,10000.0,0.02112103980503654
2023-12-19,Adaptive Conservative SMA 30,95134.89837175877,10000.0,0.014717581543357238
2023-12-20,Adaptive Conservative SMA 30,90510.54423687122,10000.0,-0.04860838886711101
2023-12-21,Adaptive Conservative SMA 30,93493.99851744382,10000.0,0.03296250515039146
2023-12-22,Adaptive Conservative SMA 30,93866.9303025154,10000.0,0.0039888312724372325
2023-12-26,Adaptive Conservative SMA 30,95619.7096923518,10000.0,0.018673023440603845
2023-12-27,Adaptive Conservative SMA 30,96104.52101294484,10000.0,0.005070202808112286
2023-12-28,Adaptive Conservative SMA 30,95843.46876339473,10000.0,-0.002716336825766406
2023-12-29,Adaptive Conservative SMA 30,94538.20751564423,10000.0,-0.013618677042801473
2024-01-02,Adaptive Conservative SMA 30,89764.68066672808,10000.0,-0.05049309664694284
2024-01-03,Adaptive Conservative SMA 30,86893.10592167695,10000.0,-0.031990029081844604
2024-01-04,Adaptive Conservative SMA 30,85438.67195989781,10000.0,-0.01673819742489273
2024-01-05,Adaptive Conservative SMA 30,85737.01738795506,10000.0,0.003491924923614068
2024-01-08,Adaptive Conservative SMA 30,90920.76920044994,10000.0,0.06046107003044805
2024-01-09,Adaptive Conservative SMA 30,91480.16687805731,10000.0,0.00615258408531592
2024-01-10,Adaptive Conservative SMA 30,93307.53262490801,10000.0,0.019975540154912288
2024-01-11,Adaptive Conservative SMA 30,93866.9303025154,10000.0,0.005995203836930541
2024-01-12,Adaptive Conservative SMA 30,93866.9303025154,10000.0,0.0
2024-01-15,Adaptive Conservative SMA 30,93810.99053475464,10000.0,-0.0005959475566150404
2024-01-16,Adaptive Conservative SMA 30,92188.73726969329,10000.0,-0.01729278473464529
2024-01-17,Adaptive Conservative SMA 30,96141.81419145198,10000.0,0.04288025889967647
2024-01-18,Adaptive Conservative SMA 30,101698.49778901844,10000.0,0.05779674166020164
2024-01-19,Adaptive Conservative SMA 30,101698.49778901844,10000.0,0.0
2024-01-21,Adaptive Conservative SMA 30,102108.72275259717,10000.0,0.004033736707004013
2024-01-22,Adaptive Conservative SMA 30,103320.75105407977,10000.0,0.011869978086194277
2024-01-23,Adaptive Conservative SMA 30,105017.59067615544,10000.0,0.016423028334235767
2024-01-24,Adaptive Conservative SMA 30,105315.93610421268,10000.0,0.0028409090909090303
2024-01-25,Adaptive Conservative SMA 30,103376.6908218405,10000.0,-0.018413597733711033
2024-01-26,Adaptive Conservative SMA 30,103376.6908218405,10000.0,0.0
2024-01-28,Adaptive Conservative SMA 30,106416.08487017384,10000.0,0.02940115440115445
2024-01-29,Adaptive Conservative SMA 30,104290.37369526587,10000.0,-0.01997546872262135
2024-01-30,Adaptive Conservative SMA 30,98155.64583083846,10000.0,-0.05882352941176469
2024-01-31,Adaptive Conservative SMA 30,101623.9114320041,10000.0,0.03533434650455926
2024-02-01,Adaptive Conservative SMA 30,106733.07688748467,10000.0,0.0502752293577982
2024-02-02,Adaptive Conservative SMA 30,106733.07688748467,10000.0,0.0
2024-02-04,Adaptive Conservative SMA 30,106192.3257991309,10000.0,-0.0050663871418588245
2024-02-05,Adaptive Conservative SMA 30,105576.98835376278,10000.0,-0.005794556628621692
2024-02-06,Adaptive Conservative SMA 30,108728.26193761759,10000.0,0.02984811020840701
2024-02-07,Adaptive Conservative SMA 30,109175.78007970347,10000.0,0.004115932087120475
2024-02-08,Adaptive Conservative SMA 30,112382.99343131902,10000.0,0.029376601195559453
2024-02-09,Adaptive Conservative SMA 30,112401.6400205726,10000.0,0.00016592002654717124
2024-02-11,Adaptive Conservative SMA 30,111059.08559431492,10000.0,-0.011944260119442583
2024-02-12,Adaptive Conservative SMA 30,105800.74742480571,10000.0,-0.04734721289456011
2024-02-13,Adaptive Conservative SMA 30,109157.13349044987,10000.0,0.031723651744800796
2024-02-14,Adaptive Conservative SMA 30,110070.81636387523,10000.0,0.00837034506320468
2024-02-15,Adaptive Conservative SMA 30,107050.06890479547,10000.0,-0.027443672708792215
2024-02-16,Adaptive Conservative SMA 30,107031.42231554189,10000.0,-0.00017418568193691014
2024-02-19,Adaptive Conservative SMA 30,104570.07253406949,10000.0,-0.022996515679442515
2024-02-20,Adaptive Conservative SMA 30,103264.81128631899,10000.0,-0.012482168330955702
2024-02-21,Adaptive Conservative SMA 30,112196.5275387832,10000.0,0.08649331888768506
2024-02-22,Adaptive Conservative SMA 30,111170.96512983635,10000.0,-0.009140767824497329
2024-02-23,Adaptive Conservative SMA 30,111170.96512983635,10000.0,0.0
2024-02-25,Adaptive Conservative SMA 30,111021.79241580772,10000.0,-0.0013418316001341545
2024-02-26,Adaptive Conservative SMA 30,111711.71621819012,10000.0,0.006214309707759447
2024-02-27,Adaptive Conservative SMA 30,109902.99706059298,10000.0,-0.016190953096311116
2024-02-28,Adaptive Conservative SMA 30,112550.81273460116,10000.0,0.024092297251442175
2024-02-29,Adaptive Conservative SMA 30,117715.91795784247,10000.0,0.04589131875414187
2024-03-01,Adaptive Conservative SMA 30,117734.56454709604,10000.0,0.00015840329478850008
2024-03-03,Adaptive Conservative SMA 30,116317.42376382406,10000.0,-0.012036743744060786
2024-03-04,Adaptive Conservative SMA 30,110089.46295312876,10000.0,-0.05354280218018601
2024-03-05,Adaptive Conservative SMA 30,112121.94118176885,10000.0,0.018462059620596265
2024-03-06,Adaptive Conservative SMA 30,117119.22710172796,10000.0,0.044570098120738394
2024-03-07,Adaptive Conservative SMA 30,111991.4150569938,10000.0,-0.043782837127845885
2024-03-08,Adaptive Conservative SMA 30,111991.4150569938,10000.0,0.0
2024-03-10,Adaptive Conservative SMA 30,110686.15380924329,10000.0,-0.011655011655011703
2024-03-11,Adaptive Conservative SMA 30,115385.09430114513,10000.0,0.0424528301886793
2024-03-12,Adaptive Conservative SMA 30,112699.98544862978,10000.0,-0.023270846800258642
2024-03-13,Adaptive Conservative SMA 30,111786.30257520443,10000.0,-0.008107213765717982
2024-03-14,Adaptive Conservative SMA 30,107702.69952867068,10000.0,-0.03653044203502927
2024-03-15,Adaptive Conservative SMA 30,107702.69952867068,10000.0,0.0
2024-03-17,Adaptive Conservative SMA 30,110742.09357700402,10000.0,0.028220221606648246
2024-03-18,Adaptive Conservative SMA 30,111506.60373640075,10000.0,0.006903519110961384
2024-03-19,Adaptive Conservative SMA 30,115049.45569458071,10000.0,0.03177257525083622
2024-03-20,Adaptive Conservative SMA 30,116541.182834867,10000.0,0.012965964343598008
2024-03-21,Adaptive Conservative SMA 30,116783.58849516352,10000.0,0.002080000000000041
2024-03-22,Adaptive Conservative SMA 30,116802.2350844171,10000.0,0.00015966789078713094
2024-03-24,Adaptive Conservative SMA 30,115590.20678293449,10000.0,-0.010376756066411216
2024-03-25,Adaptive Conservative SMA 30,114508.70460622691,10000.0,-0.009356347798032027
2024-03-26,Adaptive Conservative SMA 30,115515.62042592018,10000.0,0.008793356130923404
2024-03-27,Adaptive Conservative SMA 30,114788.4034450306,10000.0,-0.006295399515738508
2024-03-28,Adaptive Conservative SMA 30,114788.4034450306,10000.0,0.0
2024-03-31,Adaptive Conservative SMA 30,115496.9738366666,10000.0,0.0061728395061727654
2024-04-01,Adaptive Conservative SMA 30,112401.64002057254,10000.0,-0.026800129157248897
2024-04-02,Adaptive Conservative SMA 30,113147.50359071569,10000.0,0.006635700066356977
2024-04-03,Adaptive Conservative SMA 30,107814.57906419218,10000.0,-0.04713249835201054
2024-04-04,Adaptive Conservative SMA 30,111618.48327192223,10000.0,0.03528190937391904
2024-04-05,Adaptive Conservative SMA 30,111618.48327192223,10000.0,0.0
2024-04-07,Adaptive Conservative SMA 30,111693.06962893654,10000.0,0.000668225860340781
2024-04-08,Adaptive Conservative SMA 30,112849.15816265844,10000.0,0.010350584307178707
2024-04-09,Adaptive Conservative SMA 30,109884.35047133942,10000.0,-0.026272306675479234
2024-04-10,Adaptive Conservative SMA 30,115049.45569458074,10000.0,0.04700492109282205
2024-04-11,Adaptive Conservative SMA 30,109492.77209701428,10000.0,-0.04829821717990282
2024-04-12,Adaptive Conservative SMA 30,109492.77209701428,10000.0,0.0
2024-04-14,Adaptive Conservative SMA 30,103992.02826720856,10000.0,-0.05023841961852854
2024-04-15,Adaptive Conservative SMA 30,103997.81820057843,10000.0,5.5676703939155285e-05
2024-04-16,Adaptive Conservative SMA 30,103236.47022043222,10000.0,-0.007320807237299996
2024-04-17,Adaptive Conservative SMA 30,102883.0070098804,10000.0,-0.0034238211534848065
2024-04-18,Adaptive Conservative SMA 30,101605.86881086777,10000.0,-0.012413499917337872
2024-04-19,Adaptive Conservative SMA 30,101605.86881086777,10000.0,0.0
2024-04-21,Adaptive Conservative SMA 30,102218.95908884871,10000.0,0.006034004582177763
2024-04-22,Adaptive Conservative SMA 30,103134.199756876,10000.0,0.00895372713815004
2024-04-23,Adaptive Conservative SMA 30,103343.83099076674,10000.0,0.002032606394240945
2024-04-24,Adaptive Conservative SMA 30,103044.3468635374,10000.0,-0.002897939087008514
2024-04-25,Adaptive Conservative SMA 30,103998.43870750889,10000.0,0.009259041112027345
2024-04-26,Adaptive Conservative SMA 30,103998.43870750889,10000.0,0.0
2024-04-28,Adaptive Conservative SMA 30,105240.09879338002,10000.0,0.011939218523878374
2024-04-29,Adaptive Conservative SMA 30,99210.52216426341,10000.0,-0.05729352878083658
2024-04-30,Adaptive Conservative SMA 30,98780.11687486287,10000.0,-0.004338302833321548
2024-05-01,Adaptive Conservative SMA 30,99536.57497239574,10000.0,0.007657999620421326
2024-05-02,Adaptive Conservative SMA 30,105470.45040057633,10000.0,0.059615025228929266
2024-05-03,Adaptive Conservative SMA 30,105470.45040057633,10000.0,0.0
2024-05-05,Adaptive Conservative SMA 30,108930.32760948413,10000.0,0.032804232804232794
2024-05-06,Adaptive Conservative SMA 30,108930.32760948413,10000.0,0.0
2024-05-07,Adaptive Conservative SMA 30,108725.71121540894,10000.0,-0.0018784153005464382
2024-05-08,Adaptive Conservative SMA 30,109320.95890726405,10000.0,0.005474764756201887
2024-05-09,Adaptive Conservative SMA 30,110065.01852208293,10000.0,0.006806193636208925
2024-05-10,Adaptive Conservative SMA 30,110046.41703171245,10000.0,-0.00016900456312329078
2024-05-12,Adaptive Conservative SMA 30,110790.47664653134,10000.0,0.006761325219743166
2024-05-13,Adaptive Conservative SMA 30,112855.24207765373,10000.0,0.018636668905305565
2024-05-14,Adaptive Conservative SMA 30,118063.65938138589,10000.0,0.046151310367562176
2024-05-15,Adaptive Conservative SMA 30,117338.20125693748,10000.0,-0.006144635260753121
2024-05-16,Adaptive Conservative SMA 30,117077.78039175087,10000.0,-0.002219403931515545
2024-05-17,Adaptive Conservative SMA 30,117077.78039175087,10000.0,0.0
2024-05-19,Adaptive Conservative SMA 30,119495.97413991221,10000.0,0.020654591674610697
2024-05-20,Adaptive Conservative SMA 30,120109.8233221378,10000.0,0.005136986301369837
2024-05-21,Adaptive Conservative SMA 30,120035.41736065593,10000.0,-0.0006194827319187246
2024-05-22,Adaptive Conservative SMA 30,118249.67428509063,10000.0,-0.014876801487680162
2024-05-23,Adaptive Conservative SMA 30,121560.73957103463,10000.0,0.028000629227623
2024-05-24,Adaptive Conservative SMA 30,121542.13808066418,10000.0,-0.00015302218821715234
2024-05-27,Adaptive Conservative SMA 30,122881.44538733816,10000.0,0.011019283746556455
2024-05-28,Adaptive Conservative SMA 30,120314.43971621302,10000.0,-0.02089009990917341
2024-05-29,Adaptive Conservative SMA 30,116445.32971915482,10000.0,-0.03215831787260367
2024-05-30,Adaptive Conservative SMA 30,116315.11928656152,10000.0,-0.0011182108626198127
2024-05-31,Adaptive Conservative SMA 30,116296.51779619104,10000.0,-0.00015992323684628195
2024-06-02,Adaptive Conservative SMA 30,117449.81019916029,10000.0,0.009916826615483003
2024-06-03,Adaptive Conservative SMA 30,118324.08024657248,10000.0,0.0074437757364586455
2024-06-04,Adaptive Conservative SMA 30,125467.05254883374,10000.0,0.06036786668762779
2024-06-05,Adaptive Conservative SMA 30,125318.24062586998,10000.0,-0.001186063750926587
2024-06-06,Adaptive Conservative SMA 30,124853.20336660818,10000.0,-0.0037108505269407748
2024-06-07,Adaptive Conservative SMA 30,124853.20336660818,10000.0,0.0
2024-06-09,Adaptive Conservative SMA 30,126173.90918291168,10000.0,0.010578069129916474
2024-06-10,Adaptive Conservative SMA 30,128778.11783477777,10000.0,0.020639834881321033
2024-06-11,Adaptive Conservative SMA 30,133856.32470591663,10000.0,0.039433771486349696
2024-06-12,Adaptive Conservative SMA 30,135995.49609852093,10000.0,0.015981100611450888
2024-06-13,Adaptive Conservative SMA 30,137967.25407779097,10000.0,0.014498700588154867
2024-06-14,Adaptive Conservative SMA 30,137948.65258742048,10000.0,-0.00013482540110563727
2024-06-16,Adaptive Conservative SMA 30,142971.05498744795,10000.0,0.0364077669902913
2024-06-17,Adaptive Conservative SMA 30,143045.46094892986,10000.0,0.000520426749935028
2024-06-18,Adaptive Conservative SMA 30,143045.46094892986,10000.0,0.0
2024-06-19,Adaptive Conservative SMA 30,139678.5911918744,10000.0,-0.023537061118335527
2024-06-20,Adaptive Conservative SMA 30,138395.08835631184,10000.0,-0.009188973232121424
2024-06-21,Adaptive Conservative SMA 30,138395.08835631184,10000.0,0.0
2024-06-23,Adaptive Conservative SMA 30,133707.51278295286,10000.0,-0.03387096774193562
2024-06-24,Adaptive Conservative SMA 30,138171.87047186616,10000.0,0.03338898163606018
2024-06-25,Adaptive Conservative SMA 30,138506.69729853465,10000.0,0.0024232633279482043
2024-06-26,Adaptive Conservative SMA 30,139511.17777854015,10000.0,0.007252215954875185
2024-06-27,Adaptive Conservative SMA 30,137316.20191482446,10000.0,-0.015733333333333425
2024-06-28,Adaptive Conservative SMA 30,137316.20191482446,10000.0,0.0
2024-06-30,Adaptive Conservative SMA 30,139566.98224965157,10000.0,0.016391221891086535
2024-07-01,Adaptive Conservative SMA 30,143845.32503486014,10000.0,0.030654404904704745
2024-07-02,Adaptive Conservative SMA 30,147379.60820524985,10000.0,0.024570024570024645
2024-07-03,Adaptive Conservative SMA 30,147398.20969562032,10000.0,0.00012621481761947373
2024-07-04,Adaptive Conservative SMA 30,151843.96589416315,10000.0,0.030161534578495717
2024-07-05,Adaptive Conservative SMA 30,151825.3644037927,10000.0,-0.0001225039813792834
2024-07-07,Adaptive Conservative SMA 30,152848.44637416865,10000.0,0.006738544474393496
2024-07-08,Adaptive Conservative SMA 30,153183.2732008371,10000.0,0.002190580503833426
2024-07-09,Adaptive Conservative SMA 30,157982.45771641892,10000.0,0.03132969034608394
2024-07-10,Adaptive Conservative SMA 30,147602.8260896955,10000.0,-0.0657011656658426
2024-07-11,Adaptive Conservative SMA 30,150002.4183474864,10000.0,0.01625708884688099
2024-07-12,Adaptive Conservative SMA 30,150002.4183474864,10000.0,0.0
2024-07-14,Adaptive Conservative SMA 30,151118.50776971472,10000.0,0.00744047619047612
2024-07-15,Adaptive Conservative SMA 30,151230.11671193753,10000.0,0.0007385524372230709
2024-07-16,Adaptive Conservative SMA 30,137930.05109705005,10000.0,-0.08794587945879448
2024-07-17,Adaptive Conservative SMA 30,135865.28566592766,10000.0,-0.014969656102494934
2024-07-18,Adaptive Conservative SMA 30,132182.1905725742,10000.0,-0.02710843373493981
2024-07-19,Adaptive Conservative SMA 30,132182.1905725742,10000.0,0.0
2024-07-21,Adaptive Conservative SMA 30,133363.71979055312,10000.0,0.008938641528490847
2024-07-22,Adaptive Conservative SMA 30,131925.0604616367,10000.0,-0.010787486515641818
2024-07-23,Adaptive Conservative SMA 30,117700.31634697548,10000.0,-0.10782442748091599
2024-07-24,Adaptive Conservative SMA 30,116921.5404612665,10000.0,-0.0066165997669299665
2024-07-25,Adaptive Conservative SMA 30,117641.02623188376,10000.0,0.006153577585266388
2024-07-26,Adaptive Conservative SMA 30,117641.02623188376,10000.0,0.0
2024-07-28,Adaptive Conservative SMA 30,117782.81445279956,10000.0,0.0012052616800223989
2024-07-29,Adaptive Conservative SMA 30,116812.42015049605,10000.0,-0.008238844578572975
2024-07-30,Adaptive Conservative SMA 30,118886.56632955016,10000.0,0.017756212707363477
2024-07-31,Adaptive Conservative SMA 30,117158.80308185428,10000.0,-0.014532871972318298
2024-08-01,Adaptive Conservative SMA 30,115490.3491703244,10000.0,-0.014240960710090098
2024-08-02,Adaptive Conservative SMA 30,115490.3491703244,10000.0,0.0
2024-08-04,Adaptive Conservative SMA 30,113424.26221068237,10000.0,-0.017889693593314757
2024-08-05,Adaptive Conservative SMA 30,114074.52970379825,10000.0,0.005733054643177023
2024-08-06,Adaptive Conservative SMA 30,113333.29052368758,10000.0,-0.006497849976110834
2024-08-07,Adaptive Conservative SMA 30,115413.470063166,10000.0,0.01835453228143618
2024-08-08,Adaptive Conservative SMA 30,115775.11112810828,10000.0,0.0031334389715893035
2024-08-09,Adaptive Conservative SMA 30,115775.11112810828,10000.0,0.0
2024-08-11,Adaptive Conservative SMA 30,115924.71063672613,10000.0,0.0012921560356119583
2024-08-12,Adaptive Conservative SMA 30,117650.56037636634,10000.0,0.014887677788116426
2024-08-13,Adaptive Conservative SMA 30,117854.17210766592,10000.0,0.0017306482064191225
2024-08-14,Adaptive Conservative SMA 30,126720.53749789238,10000.0,0.07523166326370334
2024-08-15,Adaptive Conservative SMA 30,127053.72033092803,10000.0,0.0026292725679229745
2024-08-16,Adaptive Conservative SMA 30,127053.72033092803,10000.0,0.0
2024-08-18,Adaptive Conservative SMA 30,131977.4221968993,10000.0,0.038752913752913704
2024-08-19,Adaptive Conservative SMA 30,131162.97527170106,10000.0,-0.00617110799438987
2024-08-20,Adaptive Conservative SMA 30,132958.46053861539,10000.0,0.013688964154671166
2024-08-21,Adaptive Conservative SMA 30,126572.45623876542,10000.0,-0.04803007100097456
2024-08-22,Adaptive Conservative SMA 30,130552.14007780237,10000.0,0.031441942088330004
2024-08-23,Adaptive Conservative SMA 30,130533.62992041149,10000.0,-0.00014178363816822793
2024-08-25,Adaptive Conservative SMA 30,126720.53749789238,10000.0,-0.029211571185479332
2024-08-26,Adaptive Conservative SMA 30,127794.12662656284,10000.0,0.008472100496640557
2024-08-27,Adaptive Conservative SMA 30,123462.74979709937,10000.0,-0.03389339513325613
2024-08-28,Adaptive Conservative SMA 30,122814.89428841892,10000.0,-0.005247376311844206
2024-08-29,Adaptive Conservative SMA 30,126998.18985875543,10000.0,0.03406179351921636
2024-08-30,Adaptive Conservative SMA 30,127016.7000161463,10000.0,0.0001457513482000454
2024-09-02,Adaptive Conservative SMA 30,115410.83133207113,10000.0,-0.09137277761585548
2024-09-03,Adaptive Conservative SMA 30,114429.79299035505,10000.0,-0.00850040096230956
2024-09-04,Adaptive Conservative SMA 30,114799.99613817244,10000.0,0.003235198964736377
2024-09-05,Adaptive Conservative SMA 30,105489.3869705651,10000.0,-0.08110287004192197
2024-09-06,Adaptive Conservative SMA 30,105489.3869705651,10000.0,0.0
2024-09-08,Adaptive Conservative SMA 30,106303.32144134025,10000.0,0.007715794869508991
2024-09-09,Adaptive Conservative SMA 30,106892.77787322024,10000.0,0.005545042467984041
2024-09-10,Adaptive Conservative SMA 30,113707.85283811911,10000.0,0.0637561779242173
2024-09-11,Adaptive Conservative SMA 30,117071.36528849558,10000.0,0.02958030044912515
2024-09-12,Adaptive Conservative SMA 30,118603.43640463563,10000.0,0.013086642599277833
2024-09-13,Adaptive Conservative SMA 30,118585.82639180646,10000.0,-0.00014847809948019162
2024-09-15,Adaptive Conservative SMA 30,117018.53525000802,10000.0,-0.013216513216513225
2024-09-16,Adaptive Conservative SMA 30,117088.97530132478,10000.0,0.0006019563581639133
2024-09-17,Adaptive Conservative SMA 30,115556.90418518473,10000.0,-0.013084674387125739
2024-09-18,Adaptive Conservative SMA 30,124291.47054846598,10000.0,0.07558671136848512
2024-09-19,Adaptive Conservative SMA 30,123499.01997115216,10000.0,-0.006375743836780998
2024-09-20,Adaptive Conservative SMA 30,123481.40995832297,10000.0,-0.00014259232853259526
2024-09-22,Adaptive Conservative SMA 30,124414.74063827036,10000.0,0.007558471192241887
2024-09-23,Adaptive Conservative SMA 30,126175.74192118997,10000.0,0.014154281670205236
2024-09-24,Adaptive Conservative SMA 30,126210.96194684834,10000.0,0.0002791346824842431
2024-09-25,Adaptive Conservative SMA 30,128887.68389688614,10000.0,0.021208315892284023
2024-09-26,Adaptive Conservative SMA 30,126668.82228040746,10000.0,-0.017215466593796844
2024-09-27,Adaptive Conservative SMA 30,126686.43229323665,10000.0,0.00013902405116072438
2024-09-29,Adaptive Conservative SMA 30,127654.98299884243,10000.0,0.007645259938837881
2024-09-30,Adaptive Conservative SMA 30,122248.70906027925,10000.0,-0.04235066905780099
2024-10-01,Adaptive Conservative SMA 30,122706.56939383835,10000.0,0.003745318352059999
2024-10-02,Adaptive Conservative SMA 30,122424.80918857119,10000.0,-0.002296211251435287
2024-10-03,Adaptive Conservative SMA 30,126739.26233172424,10000.0,0.035241657077100155
2024-10-04,Adaptive Conservative SMA 30,126756.87234455346,10000.0,0.0001389467833820358
2024-10-06,Adaptive Conservative SMA 30,122565.68929120478,10000.0,-0.0330647402056128
2024-10-07,Adaptive Conservative SMA 30,127883.91316562203,10000.0,0.0433908045977013
2024-10-08,Adaptive Conservative SMA 30,130965.66541073135,10000.0,0.024098044615808317
2024-10-09,Adaptive Conservative SMA 30,130507.80507717223,10000.0,-0.003496033346779684
2024-10-10,Adaptive Conservative SMA 30,130842.39532092695,10000.0,0.0025637565780596105
2024-10-11,Adaptive Conservative SMA 30,130842.39532092695,10000.0,0.0
2024-10-13,Adaptive Conservative SMA 30,134188.29775847422,10000.0,0.02557200538358016
2024-10-14,Adaptive Conservative SMA 30,128834.8538583986,10000.0,-0.03989501312335966
2024-10-15,Adaptive Conservative SMA 30,128764.41380708182,10000.0,-0.000546746856205468
2024-10-16,Adaptive Conservative SMA 30,129151.83408932414,10000.0,0.0030087527352297434
2024-10-17,Adaptive Conservative SMA 30,131441.13575711963,10000.0,0.017725661303517822
2024-10-18,Adaptive Conservative SMA 30,131441.13575711963,10000.0,0.0
2024-10-20,Adaptive Conservative SMA 30,132163.1462831167,10000.0,0.005493033226152151
2024-10-21,Adaptive Conservative SMA 30,132550.566565359,10000.0,0.0029313790806129096
2024-10-22,Adaptive Conservative SMA 30,126422.28210079878,10000.0,-0.046233559186926926
2024-10-23,Adaptive Conservative SMA 30,129433.5942945913,10000.0,0.0238194734642707
2024-10-24,Adaptive Conservative SMA 30,131617.2358854116,10000.0,0.016870748299319657
2024-10-25,Adaptive Conservative SMA 30,131617.2358854116,10000.0,0.0
2024-10-27,Adaptive Conservative SMA 30,131740.50597521596,10000.0,0.0009365801445010355
2024-10-28,Adaptive Conservative SMA 30,135385.77863085954,10000.0,0.02767009758053727
2024-10-29,Adaptive Conservative SMA 30,132374.46643706702,10000.0,-0.022242455775234052
2024-10-30,Adaptive Conservative SMA 30,122301.53909876687,10000.0,-0.076094186510576
2024-10-31,Adaptive Conservative SMA 30,124907.8209974879,10000.0,0.021310295176385944
2024-11-01,Adaptive Conservative SMA 30,124925.43101031707,10000.0,0.00014098406880009732
2024-11-03,Adaptive Conservative SMA 30,123745.56015076092,10000.0,-0.009444601071327908
2024-11-04,Adaptive Conservative SMA 30,128447.43357615628,10000.0,0.0379962999857692
2024-11-05,Adaptive Conservative SMA 30,138872.56117104035,10000.0,0.08116259939676448
2024-11-06,Adaptive Conservative SMA 30,145370.6559050137,10000.0,0.046791782906416404
2024-11-07,Adaptive Conservative SMA 30,145722.85616159762,10000.0,0.002422774076317418
2024-11-08,Adaptive Conservative SMA 30,145740.4661744268,10000.0,0.00012084592145021288
2024-11-10,Adaptive Conservative SMA 30,145458.70596915967,10000.0,-0.0019333011116482695
2024-11-11,Adaptive Conservative SMA 30,144666.25539184586,10000.0,-0.005447941888619717
2024-11-12,Adaptive Conservative SMA 30,144032.2949299948,10000.0,-0.0043822276323797855
2024-11-13,Adaptive Conservative SMA 30,140985.76271054387,10000.0,-0.021151730040347278
2024-11-14,Adaptive Conservative SMA 30,130789.56528243933,10000.0,-0.07232075943042726
2024-11-15,Adaptive Conservative SMA 30,130771.95526961016,10000.0,-0.000134643866971737
2024-11-17,Adaptive Conservative SMA 30,133431.06720681876,10000.0,0.020333961755992336
2024-11-18,Adaptive Conservative SMA 30,136107.7891568566,10000.0,0.020060710043552994
2024-11-19,Adaptive Conservative SMA 30,135949.29904139382,10000.0,-0.0011644455945142114
2024-11-20,Adaptive Conservative SMA 30,137287.6600164127,10000.0,0.00984455958549211
2024-11-21,Adaptive Conservative SMA 30,137798.3503884594,10000.0,0.0037198563365829435
2024-11-22,Adaptive Conservative SMA 30,137815.96040128858,10000.0,0.0001277955271566149
2024-11-24,Adaptive Conservative SMA 30,138432.31085031043,10000.0,0.004472271914132306
2024-11-25,Adaptive Conservative SMA 30,140580.73241547236,10000.0,0.015519653988042219
2024-11-26,Adaptive Conservative SMA 30,137181.99993943755,10000.0,-0.024176374796442347
2024-11-27,Adaptive Conservative SMA 30,137181.99993943755,10000.0,0.0
2024-11-28,Adaptive Conservative SMA 30,140686.39249244754,10000.0,0.02554557124518607
2024-11-29,Adaptive Conservative SMA 30,140668.78247961833,10000.0,-0.00012517211165358763
2024-12-01,Adaptive Conservative SMA 30,145247.3858152093,10000.0,0.032548823234852385
2024-12-02,Adaptive Conservative SMA 30,146532.9167517406,10000.0,0.008850630455867965
2024-12-03,Adaptive Conservative SMA 30,151886.36065181618,10000.0,0.03653407042422793
2024-12-04,Adaptive Conservative SMA 30,150636.04974094327,10000.0,-0.008231884057970942
2024-12-05,Adaptive Conservative SMA 30,154510.25256336638,10000.0,0.02571896188917452
2024-12-06,Adaptive Conservative SMA 30,154510.25256336638,10000.0,0.0
2024-12-08,Adaptive Conservative SMA 30,150900.1999333812,10000.0,-0.02336448598130838
2024-12-09,Adaptive Conservative SMA 30,149262.468740266,10000.0,-0.010853075037927326
2024-12-10,Adaptive Conservative SMA 30,157239.80455189184,10000.0,0.05344502123643229
2024-12-11,Adaptive Conservative SMA 30,154122.8322811241,10000.0,-0.01982304849367242
2024-12-12,Adaptive Conservative SMA 30,157433.51469301298,10000.0,0.021480804387568667
2024-12-13,Adaptive Conservative SMA 30,157433.51469301298,10000.0,0.0
2024-12-15,Adaptive Conservative SMA 30,164283.80968357026,10000.0,0.04351230425055929
2024-12-16,Adaptive Conservative SMA 30,162082.55807992074,10000.0,-0.013399078143423731
2024-12-17,Adaptive Conservative SMA 30,144560.59531487062,10000.0,-0.10810517166449372
2024-12-18,Adaptive Conservative SMA 30,142517.83382668387,10000.0,-0.01413083201364352
2024-12-19,Adaptive Conservative SMA 30,146215.93652081504,10000.0,0.025948350426294255
2024-12-20,Adaptive Conservative SMA 30,146198.32650798585,10000.0,-0.00012043839576063008
2024-12-22,Adaptive Conservative SMA 30,149790.76912514184,10000.0,0.024572392194651967
2024-12-23,Adaptive Conservative SMA 30,155742.9534614101,10000.0,0.03973665647778034
2024-12-24,Adaptive Conservative SMA 30,155742.9534614101,10000.0,0.0
2024-12-25,Adaptive Conservative SMA 30,155408.36321765537,10000.0,-0.0021483491632745106
2024-12-26,Adaptive Conservative SMA 30,149086.36861197397,10000.0,-0.04067988668555245
2024-12-27,Adaptive Conservative SMA 30,149086.36861197397,10000.0,0.0
2024-12-29,Adaptive Conservative SMA 30,143098.9642500473,10000.0,-0.04016064257028103
2024-12-30,Adaptive Conservative SMA 30,139348.03151742852,10000.0,-0.026212158503568908
2024-12-31,Adaptive Conservative SMA 30,139330.42150459933,10000.0,-0.0001263743207379111
2025-01-01,Adaptive Conservative SMA 30,139166.89774249078,10000.0,-0.0011736400445983214
2025-01-02,Adaptive Conservative SMA 30,140533.3915936753,10000.0,0.009819101189659592
2025-01-03,Adaptive Conservative SMA 30,140533.3915936753,10000.0,0.0
2025-01-05,Adaptive Conservative SMA 30,145325.85312739166,10000.0,0.03410194174757267
2025-01-06,Adaptive Conservative SMA 30,137497.5974548799,10000.0,-0.053866917028517654
2025-01-07,Adaptive Conservative SMA 30,137599.92759438985,10000.0,0.0007442322004465675
2025-01-08,Adaptive Conservative SMA 30,137599.92759438985,10000.0,0.0
2025-01-09,Adaptive Conservative SMA 30,131033.7436425009,10000.0,-0.04771938522558265
2025-01-10,Adaptive Conservative SMA 30,131033.7436425009,10000.0,0.0
2025-01-12,Adaptive Conservative SMA 30,130781.07501480247,10000.0,-0.001928271456456155
2025-01-13,Adaptive Conservative SMA 30,130706.57357164187,10000.0,-0.0005696653216235677
2025-01-14,Adaptive Conservative SMA 30,132510.81494121006,10000.0,0.013803753860774603
2025-01-15,Adaptive Conservative SMA 30,129807.51567497618,10000.0,-0.020400593471809985
2025-01-16,Adaptive Conservative SMA 30,136213.51575435468,10000.0,0.049349993689259075
2025-01-17,Adaptive Conservative SMA 30,136213.51575435468,10000.0,0.0
2025-01-20,Adaptive Conservative SMA 30,138474.4569588412,10000.0,0.01659850853981231
2025-01-21,Adaptive Conservative SMA 30,143848.28822747586,10000.0,0.03880738286796026
2025-01-22,Adaptive Conservative SMA 30,144733.0043509706,10000.0,0.0061503416856492745
2025-01-23,Adaptive Conservative SMA 30,142128.00687623612,10000.0,-0.01799864161195385
2025-01-24,Adaptive Conservative SMA 30,142144.3905081527,10000.0,0.0001152737752161973
2025-01-26,Adaptive Conservative SMA 30,129660.0629877271,10000.0,-0.0878284923928078
2025-01-27,Adaptive Conservative SMA 30,135410.7177904428,10000.0,0.04435178165276731
2025-01-28,Adaptive Conservative SMA 30,134575.15256269777,10000.0,-0.006170598911070842
2025-01-29,Adaptive Conservative SMA 30,136262.6666501044,10000.0,0.012539566593620662
2025-01-30,Adaptive Conservative SMA 30,135525.40321385878,10000.0,-0.005410604785379377
2025-01-31,Adaptive Conservative SMA 30,135525.40321385878,10000.0,0.0
2025-02-02,Adaptive Conservative SMA 30,132248.67683054498,10000.0,-0.024177949709864605
2025-02-03,Adaptive Conservative SMA 30,137049.0809820997,10000.0,0.03629831516352833
2025-02-04,Adaptive Conservative SMA 30,138834.8968610057,10000.0,0.013030484160191144
2025-02-05,Adaptive Conservative SMA 30,140915.61811440997,10000.0,0.014987019117300097
2025-02-06,Adaptive Conservative SMA 30,135541.78684577532,10000.0,-0.03813510056970121
2025-02-07,Adaptive Conservative SMA 30,135558.1704776919,10000.0,0.00012087513598441805
2025-02-09,Adaptive Conservative SMA 30,140309.42373349692,10000.0,0.03504955281605035
2025-02-10,Adaptive Conservative SMA 30,139310.0221865862,10000.0,-0.00712283979448855
2025-02-11,Adaptive Conservative SMA 30,139588.54392916788,10000.0,0.001999294366694128
2025-02-12,Adaptive Conservative SMA 30,145470.26778721614,10000.0,0.04213615023474182
2025-02-13,Adaptive Conservative SMA 30,147174.1655065393,10000.0,0.01171303074670562
2025-02-14,Adaptive Conservative SMA 30,147190.54913845588,10000.0,0.00011132138483808433
2025-02-17,Adaptive Conservative SMA 30,148091.64889386718,10000.0,0.006121994657168267
2025-02-18,Adaptive Conservative SMA 30,148108.03252578378,10000.0,0.00011063170704729634
2025-02-19,Adaptive Conservative SMA 30,146305.8330149612,10000.0,-0.012168141592920447
2025-02-20,Adaptive Conservative SMA 30,137147.38277359912,10000.0,-0.06259798432250843
2025-02-21,Adaptive Conservative SMA 30,137130.99914168255,10000.0,-0.00011946004061630517
2025-02-23,Adaptive Conservative SMA 30,132215.90956671184,10000.0,-0.035842293906810034
2025-02-24,Adaptive Conservative SMA 30,127169.7509364086,10000.0,-0.03816604708798015
2025-02-25,Adaptive Conservative SMA 30,127354.0692849956,10000.0,0.0014493882957997686
2025-02-26,Adaptive Conservative SMA 30,125231.99646540303,10000.0,-0.016662779850746226
2025-02-27,Adaptive Conservative SMA 30,126418.55505025925,10000.0,0.009474883562876088
2025-02-28,Adaptive Conservative SMA 30,126418.55505025925,10000.0,0.0
2025-03-02,Adaptive Conservative SMA 30,124758.74711335757,10000.0,-0.013129464549265014
2025-03-03,Adaptive Conservative SMA 30,124532.84856713079,10000.0,-0.0018106830298762699
2025-03-04,Adaptive Conservative SMA 30,125506.89623345344,10000.0,0.00782161234991421
2025-03-05,Adaptive Conservative SMA 30,123435.32367077461,10000.0,-0.016505647297862594
2025-03-06,Adaptive Conservative SMA 30,123979.93589360717,10000.0,0.004412126177796024
2025-03-07,Adaptive Conservative SMA 30,123979.93589360717,10000.0,0.0
2025-03-09,Adaptive Conservative SMA 30,121096.9278070676,10000.0,-0.023253827853352043
2025-03-10,Adaptive Conservative SMA 30,120923.24786914702,10000.0,-0.001434222494870216
2025-03-11,Adaptive Conservative SMA 30,121741.71056464812,10000.0,0.006768447837150118
2025-03-12,Adaptive Conservative SMA 30,120427.59849975923,10000.0,-0.010794263188794817
2025-03-13,Adaptive Conservative SMA 30,122174.0738147235,10000.0,0.01450228466498704
2025-03-14,Adaptive Conservative SMA 30,122174.0738147235,10000.0,0.0
2025-03-16,Adaptive Conservative SMA 30,122649.36218927686,10000.0,0.003890255597714994
2025-03-17,Adaptive Conservative SMA 30,121394.84647684517,10000.0,-0.01022847318598914
2025-03-18,Adaptive Conservative SMA 30,122369.50480928663,10000.0,0.008028827917562228
2025-03-19,Adaptive Conservative SMA 30,122120.63838306966,10000.0,-0.002033729127243231
2025-03-20,Adaptive Conservative SMA 30,122362.19904990424,10000.0,0.0019780494929683063
2025-03-21,Adaptive Conservative SMA 30,122362.19904990424,10000.0,0.0
2025-03-23,Adaptive Conservative SMA 30,123861.57114208053,10000.0,0.01225355627651616
2025-03-24,Adaptive Conservative SMA 30,126071.71258995072,10000.0,0.01784364131256626
2025-03-25,Adaptive Conservative SMA 30,118710.81776780682,10000.0,-0.05838656960332788
2025-03-26,Adaptive Conservative SMA 30,116687.97644263749,10000.0,-0.017040075733670012
2025-03-27,Adaptive Conservative SMA 30,114844.69309731216,10000.0,-0.015796686184128574
2025-03-28,Adaptive Conservative SMA 30,114844.69309731216,10000.0,0.0
2025-03-30,Adaptive Conservative SMA 30,114841.75426437584,10000.0,-2.5589627670894113e-05
2025-03-31,Adaptive Conservative SMA 30,115397.20316540715,10000.0,0.0048366459097500284
2025-04-01,Adaptive Conservative SMA 30,115902.53891863835,10000.0,0.004379098794161187
2025-04-02,Adaptive Conservative SMA 30,97278.45332233454,10000.0,-0.16068746871349912
2025-04-03,Adaptive Conservative SMA 30,93653.33827974081,10000.0,-0.03726534416189589
2025-04-04,Adaptive Conservative SMA 30,93653.33827974081,10000.0,0.0
2025-04-06,Adaptive Conservative SMA 30,93788.94251715345,10000.0,0.001447938107743604
2025-04-07,Adaptive Conservative SMA 30,92775.54645200317,10000.0,-0.010805069744388579
2025-04-08,Adaptive Conservative SMA 30,99457.09832886666,10000.0,0.07201845887612363
2025-04-09,Adaptive Conservative SMA 30,87225.82240817159,10000.0,-0.12298042197300892
2025-04-10,Adaptive Conservative SMA 30,88190.00223720269,10000.0,0.011053834775202793
2025-04-11,Adaptive Conservative SMA 30,88190.00223720269,10000.0,0.0
2025-04-13,Adaptive Conservative SMA 30,88548.66228151243,10000.0,0.004066901408450759
2025-04-14,Adaptive Conservative SMA 30,88887.86078621983,10000.0,0.0038306451612902764
2025-04-15,Adaptive Conservative SMA 30,80854.2119905181,10000.0,-0.09037959429604338
2025-04-16,Adaptive Conservative SMA 30,80845.47453683818,10000.0,-0.0001080642982574417
2025-04-17,Adaptive Conservative SMA 30,80845.47453683818,10000.0,0.0
2025-04-20,Adaptive Conservative SMA 30,79645.08034837633,10000.0,-0.01484800720558434
2025-04-21,Adaptive Conservative SMA 30,80899.5855275147,10000.0,0.01575119484657478
2025-04-22,Adaptive Conservative SMA 30,82000.37902389342,10000.0,0.013606911447084211
2025-04-23,Adaptive Conservative SMA 30,88980.22398139029,10000.0,0.08511966701352765
2025-04-24,Adaptive Conservative SMA 30,91915.5133033694,10000.0,0.032988108937476
2025-04-25,Adaptive Conservative SMA 30,91915.5133033694,10000.0,0.0
2025-04-27,Adaptive Conservative SMA 30,91847.25076099779,10000.0,-0.0007426661715558698
2025-04-28,Adaptive Conservative SMA 30,93639.14249825248,10000.0,0.019509476031215108
2025-04-29,Adaptive Conservative SMA 30,93656.20813384539,10000.0,0.00018224895206861886
2025-04-30,Adaptive Conservative SMA 30,96881.61326090383,10000.0,0.03443877551020409
2025-05-01,Adaptive Conservative SMA 30,101421.07232861572,10000.0,0.04685573366214544
2025-05-02,Adaptive Conservative SMA 30,101438.13796420861,10000.0,0.000168265185932997
2025-05-04,Adaptive Conservative SMA 30,99663.31186254682,10000.0,-0.017496635262449517
2025-05-05,Adaptive Conservative SMA 30,96830.41635412512,10000.0,-0.028424657534246518
2025-05-06,Adaptive Conservative SMA 30,97956.74830325664,10000.0,0.011632005639760249
2025-05-07,Adaptive Conservative SMA 30,100874.97198964287,10000.0,0.029790940766550537
2025-05-08,Adaptive Conservative SMA 30,100636.05309134224,10000.0,-0.00236846557266115
2025-05-09,Adaptive Conservative SMA 30,100653.11872693515,10000.0,0.00016957775139898271
2025-05-11,Adaptive Conservative SMA 30,112820.91690467419,10000.0,0.12088843675822318
2025-05-12,Adaptive Conservative SMA 30,117991.80448932345,10000.0,0.04583270307063986
2025-05-13,Adaptive Conservative SMA 30,120073.81203165748,10000.0,0.01764535724616718
2025-05-14,Adaptive Conservative SMA 30,120449.25601470131,10000.0,0.0031267765776008933
2025-05-15,Adaptive Conservative SMA 30,121933.96631128377,10000.0,0.01232643808444325
2025-05-16,Adaptive Conservative SMA 30,121916.90067569086,10000.0,-0.00013995801259629272
2025-05-18,Adaptive Conservative SMA 30,122258.21338754891,10000.0,0.002799552071668573
2025-05-19,Adaptive Conservative SMA 30,120978.29071808128,10000.0,-0.010469011725293131
2025-05-20,Adaptive Conservative SMA 30,115943.92821817522,10000.0,-0.041613767809282026
2025-05-21,Adaptive Conservative SMA 30,116541.2254639268,10000.0,0.0051516043567855245
2025-05-22,Adaptive Conservative SMA 30,113179.29525212513,10000.0,-0.028847561868502167
2025-05-23,Adaptive Conservative SMA 30,113179.29525212513,10000.0,0.0
2025-05-26,Adaptive Conservative SMA 30,121063.6188960458,10000.0,0.06966224366706883
2025-05-27,Adaptive Conservative SMA 30,119510.64605709173,10000.0,-0.01282774175359454
2025-05-28,Adaptive Conservative SMA 30,120090.8776672504,10000.0,0.004855062116235947
2025-05-29,Adaptive Conservative SMA 30,119459.44915031303,10000.0,-0.005257922410118012
2025-05-30,Adaptive Conservative SMA 30,119459.44915031303,10000.0,0.0
2025-06-01,Adaptive Conservative SMA 30,122207.01648077021,10000.0,0.022999999999999993
2025-06-02,Adaptive Conservative SMA 30,125056.9776247848,10000.0,0.02332076525624915
2025-06-03,Adaptive Conservative SMA 30,126063.85012476602,10000.0,0.008051310043668169
2025-06-04,Adaptive Conservative SMA 30,123128.5608027869,10000.0,-0.023284147827264096
2025-06-05,Adaptive Conservative SMA 30,126644.08173492465,10000.0,0.028551628551628384
2025-06-06,Adaptive Conservative SMA 30,126627.01609933177,10000.0,-0.0001347527287426345
2025-06-08,Adaptive Conservative SMA 30,127207.24770949043,10000.0,0.004582210242587647
2025-06-09,Adaptive Conservative SMA 30,129664.69923486828,10000.0,0.019318486718540348
2025-06-10,Adaptive Conservative SMA 30,128333.57965862194,10000.0,-0.010265859436693881
2025-06-11,Adaptive Conservative SMA 30,129169.79580267414,10000.0,0.006515957446808442
2025-06-12,Adaptive Conservative SMA 30,124289.02402310421,10000.0,-0.03778570484872506
2025-06-13,Adaptive Conservative SMA 30,124306.0896586971,10000.0,0.00013730605519710444
2025-06-15,Adaptive Conservative SMA 30,129357.51779419604,10000.0,0.040637012630422756
2025-06-16,Adaptive Conservative SMA 30,125534.81542138604,10000.0,-0.029551451187335025
2025-06-17,Adaptive Conservative SMA 30,125364.159065457,10000.0,-0.0013594344752584084
2025-06-18,Adaptive Conservative SMA 30,125364.159065457,10000.0,0.0
2025-06-19,Adaptive Conservative SMA 30,123640.52987057393,10000.0,-0.013748979036210059
2025-06-20,Adaptive Conservative SMA 30,123623.46423498102,10000.0,-0.00013802622498281734
2025-06-22,Adaptive Conservative SMA 30,127480.29787897684,10000.0,0.031198233020430774
2025-06-23,Adaptive Conservative SMA 30,133282.61398056344,10000.0,0.04551539491298516
2025-06-24,Adaptive Conservative SMA 30,133931.10813309374,10000.0,0.004865556978233159
2025-06-25,Adaptive Conservative SMA 30,137600.21978556763,10000.0,0.02739551478083577
2025-06-26,Adaptive Conservative SMA 30,138948.4049974069,10000.0,0.009797841994295006
2025-06-27,Adaptive Conservative SMA 30,138948.4049974069,10000.0,0.0
2025-06-29,Adaptive Conservative SMA 30,141644.77542108542,10000.0,0.019405551461557334
2025-06-30,Adaptive Conservative SMA 30,138043.92631098314,10000.0,-0.025421686746987946
2025-07-01,Adaptive Conservative SMA 30,140791.49364144035,10000.0,0.019903572753121514
2025-07-02,Adaptive Conservative SMA 30,144733.65546340068,10000.0,0.02800000000000003
2025-07-03,Adaptive Conservative SMA 30,144716.58982780777,10000.0,-0.00011791062374725994
2025-07-06,Adaptive Conservative SMA 30,141508.25033634223,10000.0,-0.022169811320754663
2025-07-07,Adaptive Conservative SMA 30,141695.97232786415,10000.0,0.001326579835986486
2025-07-08,Adaptive Conservative SMA 30,144631.26164984325,10000.0,0.02071540407081776
2025-07-09,Adaptive Conservative SMA 30,143965.70186172007,10000.0,-0.004601769911504431
2025-07-10,Adaptive Conservative SMA 30,142873.50118377435,10000.0,-0.007586533902323383
2025-07-11,Adaptive Conservative SMA 30,142873.50118377435,10000.0,0.0
2025-07-13,Adaptive Conservative SMA 30,144392.34275154263,10000.0,0.010630673674151943
2025-07-14,Adaptive Conservative SMA 30,144767.7867345865,10000.0,0.002600165465075037
2025-07-15,Adaptive Conservative SMA 30,145177.36198881615,10000.0,0.0028291877873393243
2025-07-16,Adaptive Conservative SMA 30,148556.35783621072,10000.0,0.023274950041142637
2025-07-17,Adaptive Conservative SMA 30,148044.38876842367,10000.0,-0.0034462952326248957
2025-07-18,Adaptive Conservative SMA 30,148061.45440401658,10000.0,0.0001152737752161973
2025-07-20,Adaptive Conservative SMA 30,150297.0526666867,10000.0,0.015099124020285707
2025-07-21,Adaptive Conservative SMA 30,147959.06059045918,10000.0,-0.01555580788009527
2025-07-22,Adaptive Conservative SMA 30,149904.54304805,10000.0,0.013148788927335646
2025-07-23,Adaptive Conservative SMA 30,150894.3499124383,10000.0,0.006602914389799616
2025-07-24,Adaptive Conservative SMA 30,151747.6316920834,10000.0,0.005654829224157431
2025-07-25,Adaptive Conservative SMA 30,151747.6316920834,10000.0,0.0
2025-07-27,Adaptive Conservative SMA 30,153223.8091708694,10000.0,0.009727845254160986
2025-07-28,Adaptive Conservative SMA 30,152532.65092935687,10000.0,-0.004510775742050467
2025-07-29,Adaptive Conservative SMA 30,153061.68563273683,10000.0,0.00346833743566796
2025-07-30,Adaptive Conservative SMA 30,150535.97156498733,10000.0,-0.016501282194224597
2025-07-31,Adaptive Conservative SMA 30,141508.25033634226,10000.0,-0.05997052488379993
2025-08-01,Adaptive Conservative SMA 30,141508.25033634226,10000.0,0.0
2025-08-03,Adaptive Conservative SMA 30,149256.0488955197,10000.0,0.054751567776169706
2025-08-04,Adaptive Conservative SMA 30,146150.10321761156,10000.0,-0.02080951292019201
2025-08-05,Adaptive Conservative SMA 30,151611.10660734016,10000.0,0.0373657169546941
2025-08-06,Adaptive Conservative SMA 30,153147.01381070132,10000.0,0.010130571814497877
2025-08-07,Adaptive Conservative SMA 30,157276.8976241836,10000.0,0.026966792957432605
2025-08-08,Adaptive Conservative SMA 30,157276.8976241836,10000.0,0.0
2025-08-10,Adaptive Conservative SMA 30,155894.58114115853,10000.0,-0.008789062500000024
2025-08-11,Adaptive Conservative SMA 30,161645.70033596645,10000.0,0.03689107827038867
2025-08-12,Adaptive Conservative SMA 30,161884.61923426707,10000.0,0.0014780405405405465
2025-08-13,Adaptive Conservative SMA 30,161440.9127088516,10000.0,-0.0027408812987561155
2025-08-14,Adaptive Conservative SMA 30,159154.11753940277,10000.0,-0.014164904862579169
2025-08-15,Adaptive Conservative SMA 30,159154.11753940277,10000.0,0.0
2025-08-17,Adaptive Conservative SMA 30,158949.32991228794,10000.0,-0.0012867252841518822
2025-08-18,Adaptive Conservative SMA 30,152464.38838698526,10000.0,-0.04079879750912602
2025-08-19,Adaptive Conservative SMA 30,149682.68978534226,10000.0,-0.018244907096485446
2025-08-20,Adaptive Conservative SMA 30,147600.68224300822,10000.0,-0.013909474404286842
2025-08-21,Adaptive Conservative SMA 30,154239.21448864703,10000.0,0.044976297837900345
2025-08-22,Adaptive Conservative SMA 30,154239.21448864703,10000.0,0.0
2025-08-24,Adaptive Conservative SMA 30,152891.0292768078,10000.0,-0.008740871874308387
2025-08-25,Adaptive Conservative SMA 30,154665.85537846957,10000.0,0.011608438441790289
2025-08-26,Adaptive Conservative SMA 30,155365.54643777857,10000.0,0.004523888337195308
2025-08-27,Adaptive Conservative SMA 30,158198.44194620027,10000.0,0.018233743409490296
2025-08-28,Adaptive Conservative SMA 30,152498.51965817105,10000.0,-0.03603020496224383
2025-08-29,Adaptive Conservative SMA 30,152498.51965817105,10000.0,0.0
2025-09-01,Adaptive Conservative SMA 30,148607.55474298942,10000.0,-0.025514771709937344
2025-09-02,Adaptive Conservative SMA 30,152071.87876834848,10000.0,0.023311897106109338
2025-09-03,Adaptive Conservative SMA 30,156184.69694623782,10000.0,0.027045225002805484
2025-09-04,Adaptive Conservative SMA 30,156696.66601402487,10000.0,0.003277972027971997
2025-09-05,Adaptive Conservative SMA 30,156696.66601402487,10000.0,0.0
2025-09-07,Adaptive Conservative SMA 30,158932.264276695,10000.0,0.014267044216946224
2025-09-08,Adaptive Conservative SMA 30,160229.25258175557,10000.0,0.008160635670568078
2025-09-09,Adaptive Conservative SMA 30,160399.90893768458,10000.0,0.001065076152944875
2025-09-10,Adaptive Conservative SMA 30,163096.27936136306,10000.0,0.0168102989679753
2025-09-11,Adaptive Conservative SMA 30,165127.0899969184,10000.0,0.01245160615255846
2025-09-12,Adaptive Conservative SMA 30,165127.0899969184,10000.0,0.0
2025-09-14,Adaptive Conservative SMA 30,169342.30198836516,10000.0,0.02552707730467134
2025-09-15,Adaptive Conservative SMA 30,168881.52982735678,10000.0,-0.0027209513252041745
2025-09-16,Adaptive Conservative SMA 30,167806.39478500397,10000.0,-0.00636620856911879
2025-09-17,Adaptive Conservative SMA 30,172328.78821712296,10000.0,0.026950066103935785
2025-09-18,Adaptive Conservative SMA 30,175741.91533570332,10000.0,0.019805902158843335
2025-09-19,Adaptive Conservative SMA 30,175741.91533570332,10000.0,0.0
2025-09-21,Adaptive Conservative SMA 30,178711.33592886824,10000.0,0.016896484754321178
2025-09-22,Adaptive Conservative SMA 30,175110.48681876596,10000.0,-0.02014896867838044
2025-09-23,Adaptive Conservative SMA 30,173062.61054761775,10000.0,-0.01169476659195013
2025-09-24,Adaptive Conservative SMA 30,170741.6841069831,10000.0,-0.013410906222266044
2025-09-25,Adaptive Conservative SMA 30,172789.56037813134,10000.0,0.011994002998500779
2025-09-26,Adaptive Conservative SMA 30,172806.62601372425,10000.0,9.876543209881596e-05
2025-09-28,Adaptive Conservative SMA 30,175093.42118317308,10000.0,0.013233260912502362
2025-09-29,Adaptive Conservative SMA 30,176458.67203060526,10000.0,0.0077972709551658035
2025-09-30,Adaptive Conservative SMA 30,178950.25482716892,10000.0,0.014119922630560867
2025-10-01,Adaptive Conservative SMA 30,181134.65618306035,10000.0,0.012206751859622365
2025-10-02,Adaptive Conservative SMA 30,178677.20465768248,10000.0,-0.013566986998304106
2025-10-03,Adaptive Conservative SMA 30,178677.20465768248,10000.0,0.0
2025-10-05,Adaptive Conservative SMA 30,182670.56338642153,10000.0,0.0223495702005731
2025-10-06,Adaptive Conservative SMA 30,179718.2084288495,10000.0,-0.016162182361733966
2025-10-07,Adaptive Conservative SMA 30,185810.64033551546,10000.0,0.03389991453803051
2025-10-08,Adaptive Conservative SMA 30,185076.8180050207,10000.0,-0.003949301983835347
2025-10-09,Adaptive Conservative SMA 30,165656.12470029836,10000.0,-0.10493314891655149
2025-10-10,Adaptive Conservative SMA 30,165639.05906470548,10000.0,-0.00010301844030072015
2025-10-12,Adaptive Conservative SMA 30,176168.55622552594,10000.0,0.06356892643725533
2025-10-13,Adaptive Conservative SMA 30,172584.77275101654,10000.0,-0.020342923568730104
2025-10-14,Adaptive Conservative SMA 30,176117.35931874724,10000.0,0.020468703648768984
2025-10-15,Adaptive Conservative SMA 30,174154.81122556352,10000.0,-0.011143410852713233
2025-10-16,Adaptive Conservative SMA 30,177465.54453058649,10000.0,0.01901028907398332
2025-10-17,Adaptive Conservative SMA 30,177448.4788949936,10000.0,-9.616309260497072e-05
2025-10-19,Adaptive Conservative SMA 30,184121.1424118182,10000.0,0.03760338526639735
2025-10-20,Adaptive Conservative SMA 30,183916.35478470338,10000.0,-0.0011122439521735522
2025-10-21,Adaptive Conservative SMA 30,178506.5483017535,10000.0,-0.029414493829451625
2025-10-22,Adaptive Conservative SMA 30,182977.7448270938,10000.0,0.02504780114722758
2025-10-23,Adaptive Conservative SMA 30,188677.667115123,10000.0,0.03115090468196235
2025-10-24,Adaptive Conservative SMA 30,188677.667115123,10000.0,0.0
2025-10-26,Adaptive Conservative SMA 30,198695.1952081564,10000.0,0.053093342981186724
2025-10-27,Adaptive Conservative SMA 30,203234.65427586826,10000.0,0.02284634544361416
2025-10-28,Adaptive Conservative SMA 30,205828.63088598932,10000.0,0.012763456209589352
2025-10-29,Adaptive Conservative SMA 30,196408.4000387075,10000.0,-0.045767349307685896
2025-10-30,Adaptive Conservative SMA 30,199190.0986403505,10000.0,0.014162829090277135
2025-10-31,Adaptive Conservative SMA 30,199190.0986403505,10000.0,0.0
2025-11-02,Adaptive Conservative SMA 30,201920.6003352148,10000.0,0.01370801919122682
2025-11-03,Adaptive Conservative SMA 30,189565.08016595387,10000.0,-0.06118999323867474
2025-11-04,Adaptive Conservative SMA 30,193251.25745402067,10000.0,0.019445444724522837
2025-11-05,Adaptive Conservative SMA 30,182414.578852528,10000.0,-0.056075591663723015
2025-11-06,Adaptive Conservative SMA 30,180520.2933017159,10000.0,-0.010384507437552619
2025-11-07,Adaptive Conservative SMA 30,180520.2933017159,10000.0,0.0
2025-11-09,Adaptive Conservative SMA 30,192346.77876759687,10000.0,0.0655133295519001
2025-11-10,Adaptive Conservative SMA 30,190759.674657457,10000.0,-0.008251264306627563
2025-11-11,Adaptive Conservative SMA 30,190367.16503882027,10000.0,-0.0020576131687243156
2025-11-12,Adaptive Conservative SMA 30,178608.94211531087,10000.0,-0.06176602420439266
2025-11-13,Adaptive Conservative SMA 30,178745.4672000541,10000.0,0.0007643798968086977
2025-11-14,Adaptive Conservative SMA 30,178745.4672000541,10000.0,0.0
2025-11-16,Adaptive Conservative SMA 30,174154.8112255635,10000.0,-0.025682642734389898
2025-11-17,Adaptive Conservative SMA 30,167857.5916917827,10000.0,-0.03615874571288582
2025-11-18,Adaptive Conservative SMA 30,168458.86253388436,10000.0,0.003582029481310117
2025-11-19,Adaptive Conservative SMA 30,166066.22828181525,10000.0,-0.014203077333422286
2025-11-20,Adaptive Conservative SMA 30,166814.79802700283,10000.0,0.004507657896084919
2025-11-21,Adaptive Conservative SMA 30,166814.79802700283,10000.0,0.0
2025-11-23,Adaptive Conservative SMA 30,169374.39465339712,10000.0,0.01534394224414044
2025-11-24,Adaptive Conservative SMA 30,172458.14929371933,10000.0,0.018206734534064208
2025-11-25,Adaptive Conservative SMA 30,176967.72597204,10000.0,0.026148817535089398
2025-11-26,Adaptive Conservative SMA 30,176967.72597204,10000.0,0.0
2025-11-27,Adaptive Conservative SMA 30,180847.28826147766,10000.0,0.021922428330522797
2025-11-28,Adaptive Conservative SMA 30,180847.28826147766,10000.0,0.0
2025-11-30,Adaptive Conservative SMA 30,179222.51431120036,10000.0,-0.00898423175650902
2025-12-01,Adaptive Conservative SMA 30,183367.3458170098,10000.0,0.023126734505087884
2025-12-02,Adaptive Conservative SMA 30,184660.53324682234,10000.0,0.007052441229656431
2025-12-03,Adaptive Conservative SMA 30,184063.67750998578,10000.0,-0.0032321781289279894
2025-12-04,Adaptive Conservative SMA 30,186185.8312409602,10000.0,0.011529454152404982
2025-12-05,Adaptive Conservative SMA 30,186185.8312409602,10000.0,0.0
2025-12-07,Adaptive Conservative SMA 30,185025.27841933354,10000.0,-0.006233303650935021
2025-12-08,Adaptive Conservative SMA 30,185721.6101123095,10000.0,0.003763440860215069
2025-12-09,Adaptive Conservative SMA 30,187843.76384328393,10000.0,0.01142653097661133
2025-12-10,Adaptive Conservative SMA 30,186053.19663277426,10000.0,-0.009532215357458062
2025-12-11,Adaptive Conservative SMA 30,175144.0001094838,10000.0,-0.05863482445196933
2025-12-12,Adaptive Conservative SMA 30,175144.0001094838,10000.0,0.0
2025-12-14,Adaptive Conservative SMA 30,172491.30794576576,10000.0,-0.015145778114350571
2025-12-15,Adaptive Conservative SMA 30,173519.2261592065,10000.0,0.005959246443675416
2025-12-16,Adaptive Conservative SMA 30,163803.74110958917,10000.0,-0.05599082744123829
2025-12-17,Adaptive Conservative SMA 30,170800.2166913955,10000.0,0.04271255060728744
2025-12-18,Adaptive Conservative SMA 30,177465.1057527371,10000.0,0.039021549213745
2025-12-19,Adaptive Conservative SMA 30,177465.1057527371,10000.0,0.0
2025-12-21,Adaptive Conservative SMA 30,179885.68735212978,10000.0,0.013639760837070195
2025-12-22,Adaptive Conservative SMA 30,182405.74490766192,10000.0,0.014009216589861715
2025-12-23,Adaptive Conservative SMA 30,183566.29772928855,10000.0,0.006362479549172904
2025-12-24,Adaptive Conservative SMA 30,183566.29772928855,10000.0,0.0
2025-12-25,Adaptive Conservative SMA 30,183400.50446905618,10000.0,-0.0009031791907513938
2025-12-26,Adaptive Conservative SMA 30,183400.50446905618,10000.0,0.0
2025-12-28,Adaptive Conservative SMA 30,180681.49500124517,10000.0,-0.014825528837461585
2025-12-29,Adaptive Conservative SMA 30,179388.3075714326,10000.0,-0.007157276564507259
2025-12-30,Adaptive Conservative SMA 30,174812.41358901898,10000.0,-0.02550831792975975
2025-12-31,Adaptive Conservative SMA 30,174746.09628492602,10000.0,-0.0003793626707131264
2026-01-01,Adaptive Conservative SMA 30,173585.54346329937,10000.0,-0.006641366223908945
2026-01-04,Adaptive Conservative SMA 30,177730.37496910882,10000.0,0.02387774594078319
2026-01-05,Adaptive Conservative SMA 30,182405.74490766184,10000.0,0.026305970149253666
2026-01-06,Adaptive Conservative SMA 30,182936.28334040544,10000.0,0.0029085620796219544
2026-01-07,Adaptive Conservative SMA 30,179686.73543985083,10000.0,-0.017763277143375094
2026-01-08,Adaptive Conservative SMA 30,184892.6438111475,10000.0,0.02897213508027312
