Date,Strategy_Name,Portfolio_Value,Total_Invested,Daily_Return
2016-01-11,QQQ Buy and Hold,10000.0,10000.0,0.0
2016-01-12,QQQ Buy and Hold,10115.074798619104,10000.0,0.011507479861910268
2016-01-13,QQQ Buy and Hold,9766.973532796319,10000.0,-0.0344141069397043
2016-01-14,QQQ Buy and Hold,9975.067126965861,10000.0,0.021305841924398643
2016-01-15,QQQ Buy and Hold,9665.324127349444,10000.0,-0.03105172082291857
2016-01-19,QQQ Buy and Hold,9686.421173762947,10000.0,0.0021827562258160418
2016-01-20,QQQ Buy and Hold,9656.693517453012,10000.0,-0.0030690030690030913
2016-01-21,QQQ Buy and Hold,9666.283084004604,10000.0,0.0009930486593842534
2016-01-22,QQQ Buy and Hold,9946.298427311089,10000.0,0.028968253968253987
2016-01-25,QQQ Buy and Hold,9798.619102416575,10000.0,-0.014847666795217818
2016-01-26,QQQ Buy and Hold,9886.843114691217,10000.0,0.009003718927382926
2016-01-27,QQQ Buy and Hold,9640.391254315307,10000.0,-0.024927255092143486
2016-01-28,QQQ Buy and Hold,9776.563099347914,10000.0,0.014125136775092029
2016-01-29,QQQ Buy and Hold,9980.82086689682,10000.0,0.020892594409023985
2016-02-01,QQQ Buy and Hold,10007.671653241277,10000.0,0.002690238278247513
2016-02-02,QQQ Buy and Hold,9790.9474491753,10000.0,-0.02165580682253742
2016-02-03,QQQ Buy and Hold,9743.958573072501,10000.0,-0.004799216454456365
2016-02-04,QQQ Buy and Hold,9742.999616417343,10000.0,-9.841551028447117e-05
2016-02-05,QQQ Buy and Hold,9404.48791714615,10000.0,-0.03474409448818899
2016-02-08,QQQ Buy and Hold,9260.644418872273,10000.0,-0.015295197308045275
2016-02-09,QQQ Buy and Hold,9231.875719217496,10000.0,-0.0031065548306927326
2016-02-10,QQQ Buy and Hold,9267.357115458388,10000.0,0.0038433572244728842
2016-02-11,QQQ Buy and Hold,9253.93172228616,10000.0,-0.0014486754966887476
2016-02-12,QQQ Buy and Hold,9394.89835059456,10000.0,0.015233160621761646
2016-02-16,QQQ Buy and Hold,9606.827771384742,10000.0,0.022557925895682434
2016-02-17,QQQ Buy and Hold,9824.510932105877,10000.0,0.022659213415851427
2016-02-18,QQQ Buy and Hold,9712.313003452253,10000.0,-0.011420204978038084
2016-02-19,QQQ Buy and Hold,9741.081703107027,10000.0,0.002962085308056844
2016-02-22,QQQ Buy and Hold,9899.309551208295,10000.0,0.016243354991140043
2016-02-23,QQQ Buy and Hold,9736.286919831233,10000.0,-0.016468080984210043
2016-02-24,QQQ Buy and Hold,9829.305715381674,10000.0,0.009553826455234895
2016-02-25,QQQ Buy and Hold,9926.160337552752,10000.0,0.009853658536585416
2016-02-26,QQQ Buy and Hold,9913.693901035682,10000.0,-0.0012559173026761633
2016-02-29,QQQ Buy and Hold,9824.510932105877,10000.0,-0.008995937318630225
2016-03-01,QQQ Buy and Hold,10139.04871499809,10000.0,0.03201561737432895
2016-03-02,QQQ Buy and Hold,10142.884541618727,10000.0,0.0003783221413032445
2016-03-03,QQQ Buy and Hold,10123.705408515543,10000.0,-0.0018908953389430165
2016-03-04,QQQ Buy and Hold,10127.54123513618,10000.0,0.00037889551956054045
2016-03-07,QQQ Buy and Hold,10065.209052550832,10000.0,-0.0061547201969511
2016-03-08,QQQ Buy and Hold,9982.738780207143,10000.0,-0.008193597560975605
2016-03-09,QQQ Buy and Hold,10046.02991944765,10000.0,0.006340057636887712
2016-03-10,QQQ Buy and Hold,10031.645569620261,10000.0,-0.001431844215349424
2016-03-11,QQQ Buy and Hold,10206.175680859234,10000.0,0.017397954306471727
2016-03-14,QQQ Buy and Hold,10223.436900652101,10000.0,0.0016912524664097774
2016-03-15,QQQ Buy and Hold,10219.601074031463,10000.0,-0.0003751993246412743
2016-03-16,QQQ Buy and Hold,10310.701956271585,10000.0,0.008914328610303114
2016-03-17,QQQ Buy and Hold,10304.94821634063,10000.0,-0.0005580357142857355
2016-03-18,QQQ Buy and Hold,10290.563866513243,10000.0,-0.001395868230039005
2016-03-21,QQQ Buy and Hold,10330.840046029929,10000.0,0.003913894324853244
2016-03-22,QQQ Buy and Hold,10362.485615650183,10000.0,0.0030632135895293632
2016-03-23,QQQ Buy and Hold,10277.138473341016,10000.0,-0.008236165093466597
2016-03-24,QQQ Buy and Hold,10280.015343306493,10000.0,0.00027992908463190386
2016-03-28,QQQ Buy and Hold,10265.630993479106,10000.0,-0.0013992537313433366
2016-03-29,QQQ Buy and Hold,10430.571538166485,10000.0,0.01606725829051844
2016-03-30,QQQ Buy and Hold,10481.39624088992,10000.0,0.0048726670957065475
2016-03-31,QQQ Buy and Hold,10466.052934407375,10000.0,-0.0014638609332113138
2016-04-01,QQQ Buy and Hold,10577.29190640584,10000.0,0.010628550485614775
2016-04-04,QQQ Buy and Hold,10537.015726889154,10000.0,-0.0038077969174977492
2016-04-05,QQQ Buy and Hold,10435.36632144228,10000.0,-0.009646887513651278
2016-04-06,QQQ Buy and Hold,10607.019562715775,10000.0,0.01644918213563689
2016-04-07,QQQ Buy and Hold,10454.545454545465,10000.0,-0.01437483048548959
2016-04-08,QQQ Buy and Hold,10446.873801304191,10000.0,-0.0007338103100348404
2016-04-11,QQQ Buy and Hold,10408.515535097824,10000.0,-0.0036717459151825913
2016-04-12,QQQ Buy and Hold,10495.78059071731,10000.0,0.008384005896443676
2016-04-13,QQQ Buy and Hold,10630.034522439595,10000.0,0.012791228871630804
2016-04-14,QQQ Buy and Hold,10630.993479094755,10000.0,9.02119981958062e-05
2016-04-15,QQQ Buy and Hold,10604.142692750298,10000.0,-0.0025257081003067033
2016-04-18,QQQ Buy and Hold,10660.72113540469,10000.0,0.005335503707722946
2016-04-19,QQQ Buy and Hold,10595.512082853864,10000.0,-0.006116758118197417
2016-04-20,QQQ Buy and Hold,10604.142692750296,10000.0,0.0008145533532446684
2016-04-21,QQQ Buy and Hold,10605.101649405457,10000.0,9.043226623263806e-05
2016-04-22,QQQ Buy and Hold,10444.955887993872,10000.0,-0.015100822859209708
2016-04-25,QQQ Buy and Hold,10444.955887993872,10000.0,0.0
2016-04-26,QQQ Buy and Hold,10394.131185270435,10000.0,-0.004865956665442537
2016-04-27,QQQ Buy and Hold,10310.701956271585,10000.0,-0.00802657071685584
2016-04-28,QQQ Buy and Hold,10186.03759110089,10000.0,-0.012090773809523784
2016-04-29,QQQ Buy and Hold,10132.336018411976,10000.0,-0.005272076821690852
2016-05-02,QQQ Buy and Hold,10228.231683927896,10000.0,0.00946431951542684
2016-05-03,QQQ Buy and Hold,10133.294975067136,10000.0,-0.0092818301143821
2016-05-04,QQQ Buy and Hold,10068.085922516311,10000.0,-0.006435128229393459
2016-05-05,QQQ Buy and Hold,10065.209052550834,10000.0,-0.00028574149919040993
2016-05-06,QQQ Buy and Hold,10118.910625239749,10000.0,0.005335365853658559
2016-05-09,QQQ Buy and Hold,10147.679324894523,10000.0,0.002843062926459412
2016-05-10,QQQ Buy and Hold,10286.728039892605,10000.0,0.01370251370251373
2016-05-11,QQQ Buy and Hold,10193.709244342164,10000.0,-0.009042602778036719
2016-05-12,QQQ Buy and Hold,10148.638281549684,10000.0,-0.004421448730009396
2016-05-13,QQQ Buy and Hold,10111.238971998475,10000.0,-0.0036851554379665557
2016-05-16,QQQ Buy and Hold,10237.821250479488,10000.0,0.012518968133535731
2016-05-17,QQQ Buy and Hold,10109.321058688156,10000.0,-0.012551517422255559
2016-05-18,QQQ Buy and Hold,10145.761411584204,10000.0,0.0036046291026370276
2016-05-19,QQQ Buy and Hold,10093.01879555045,10000.0,-0.00519848771266538
2016-05-20,QQQ Buy and Hold,10204.257767548916,10000.0,0.011021377672208994
2016-05-23,QQQ Buy and Hold,10190.832374376687,10000.0,-0.0013156658208815014
2016-05-24,QQQ Buy and Hold,10395.090141925595,10000.0,0.02004328596969991
2016-05-25,QQQ Buy and Hold,10469.88876102801,10000.0,0.007195571955719567
2016-05-26,QQQ Buy and Hold,10500.575373993104,10000.0,0.002930939732551687
2016-05-27,QQQ Buy and Hold,10555.235903337176,10000.0,0.005205479452054732
2016-05-31,QQQ Buy and Hold,10575.37399309552,10000.0,0.0019078768056691921
2016-06-01,QQQ Buy and Hold,10576.33294975068,10000.0,9.067827348571922e-05
2016-06-02,QQQ Buy and Hold,10598.388952819341,10000.0,0.0020854111886842845
2016-06-03,QQQ Buy and Hold,10548.523206751064,10000.0,-0.004705030763662649
2016-06-06,QQQ Buy and Hold,10586.881472957431,10000.0,0.003636363636363688
2016-06-07,QQQ Buy and Hold,10560.030686612974,10000.0,-0.0025362318840579812
2016-06-08,QQQ Buy and Hold,10578.250863061,10000.0,0.0017253904831093145
2016-06-09,QQQ Buy and Hold,10560.989643268133,10000.0,-0.0016317650258363414
2016-06-10,QQQ Buy and Hold,10441.120061373234,10000.0,-0.011350222464360302
2016-06-13,QQQ Buy and Hold,10353.855005753749,10000.0,-0.008357825128581894
2016-06-14,QQQ Buy and Hold,10353.855005753749,10000.0,0.0
2016-06-15,QQQ Buy and Hold,10324.127349443814,10000.0,-0.0028711679170140064
2016-06-16,QQQ Buy and Hold,10354.813962408909,10000.0,0.0029723202675088927
2016-06-17,QQQ Buy and Hold,10206.175680859236,10000.0,-0.014354510094461911
2016-06-20,QQQ Buy and Hold,10270.425776754902,10000.0,0.006295217513858756
2016-06-21,QQQ Buy and Hold,10303.030303030315,10000.0,0.0031746031746032067
2016-06-22,QQQ Buy and Hold,10278.097429996176,10000.0,-0.002419955323901628
2016-06-23,QQQ Buy and Hold,10424.817798235532,10000.0,0.014275051315543822
2016-06-24,QQQ Buy and Hold,9996.164173379375,10000.0,-0.04111857234845
2016-06-27,QQQ Buy and Hold,9797.660145761423,10000.0,-0.019858019953952352
2016-06-28,QQQ Buy and Hold,10012.466436517081,10000.0,0.02192424390721342
2016-06-29,QQQ Buy and Hold,10188.914461066372,10000.0,0.01762283306196728
2016-06-30,QQQ Buy and Hold,10306.866129650953,10000.0,0.011576470588235332
2016-07-01,QQQ Buy and Hold,10358.649789029549,10000.0,0.005024190547078452
2016-07-05,QQQ Buy and Hold,10295.358649789043,10000.0,-0.006109979633401191
2016-07-06,QQQ Buy and Hold,10379.746835443051,10000.0,0.008196721311475367
2016-07-07,QQQ Buy and Hold,10410.433448408145,10000.0,0.002956393200295708
2016-07-08,QQQ Buy and Hold,10571.538166474886,10000.0,0.015475313190862127
2016-07-11,QQQ Buy and Hold,10631.952435749916,10000.0,0.005714804063860756
2016-07-12,QQQ Buy and Hold,10685.65400843883,10000.0,0.005050960584468317
2016-07-13,QQQ Buy and Hold,10659.762178749532,10000.0,-0.0024230458583865224
2016-07-14,QQQ Buy and Hold,10732.642884541632,10000.0,0.006836991723641644
2016-07-15,QQQ Buy and Hold,10715.381664748766,10000.0,-0.0016082916368835491
2016-07-18,QQQ Buy and Hold,10786.344457230545,10000.0,0.006622516556291472
2016-07-19,QQQ Buy and Hold,10747.027234369018,10000.0,-0.0036450924608820304
2016-07-20,QQQ Buy and Hold,10872.65055619487,10000.0,0.01168912286963507
2016-07-21,QQQ Buy and Hold,10847.717683160734,10000.0,-0.0022931733991884895
2016-07-22,QQQ Buy and Hold,10892.788645953216,10000.0,0.004154879773691645
2016-07-25,QQQ Buy and Hold,10893.747602608375,10000.0,8.80359186547311e-05
2016-07-26,QQQ Buy and Hold,10906.214039125447,10000.0,0.0011443661971831838
2016-07-27,QQQ Buy and Hold,10981.971614883021,10000.0,0.006946276268354806
2016-07-28,QQQ Buy and Hold,11020.32988108939,10000.0,0.0034928396786587995
2016-07-29,QQQ Buy and Hold,11044.30379746837,10000.0,0.00217542638357118
2016-08-01,QQQ Buy and Hold,11102.80015343308,10000.0,0.0052965181905009935
2016-08-02,QQQ Buy and Hold,11018.411967779071,10000.0,-0.007600621869061974
2016-08-03,QQQ Buy and Hold,11054.85232067512,10000.0,0.003307223672758881
2016-08-04,QQQ Buy and Hold,11086.497890295374,10000.0,0.0028625954198473135
2016-08-05,QQQ Buy and Hold,11192.942079018043,10000.0,0.00960124556699247
2016-08-08,QQQ Buy and Hold,11180.475642500975,10000.0,-0.001113776559287144
2016-08-09,QQQ Buy and Hold,11206.367472190273,10000.0,0.002315807530662973
2016-08-10,QQQ Buy and Hold,11177.598772535499,10000.0,-0.0025671743967139926
2016-08-11,QQQ Buy and Hold,11225.546605293459,10000.0,0.004289636238846946
2016-08-12,QQQ Buy and Hold,11233.218258534733,10000.0,0.0006834102169827293
2016-08-15,QQQ Buy and Hold,11281.16609129269,10000.0,0.004268396790165614
2016-08-16,QQQ Buy and Hold,11218.833908707344,10000.0,-0.005525331519891242
2016-08-17,QQQ Buy and Hold,11238.971998465688,10000.0,0.0017950252158304809
2016-08-18,QQQ Buy and Hold,11241.848868431165,10000.0,0.0002559726962457435
2016-08-19,QQQ Buy and Hold,11238.971998465688,10000.0,-0.0002559071909920766
2016-08-22,QQQ Buy and Hold,11247.60260836212,10000.0,0.0007679180887372305
2016-08-23,QQQ Buy and Hold,11267.740698120462,10000.0,0.001790433967090065
2016-08-24,QQQ Buy and Hold,11194.859992328364,10000.0,-0.006468085106383022
2016-08-25,QQQ Buy and Hold,11176.639815880339,10000.0,-0.001627548398149715
2016-08-26,QQQ Buy and Hold,11192.942079018047,10000.0,0.0014586014586014733
2016-08-29,QQQ Buy and Hold,11208.285385500594,10000.0,0.0013708019191226576
2016-08-30,QQQ Buy and Hold,11171.845032604544,10000.0,-0.0032511978097193315
2016-08-31,QQQ Buy and Hold,11160.337552742632,10000.0,-0.0010300429184549747
2016-09-01,QQQ Buy and Hold,11189.106252397409,10000.0,0.002577762502148233
2016-09-02,QQQ Buy and Hold,11225.546605293459,10000.0,0.0032567706547822713
2016-09-06,QQQ Buy and Hold,11295.55044112008,10000.0,0.006236118229967572
2016-09-07,QQQ Buy and Hold,11302.263137706193,10000.0,0.0005942779522879122
2016-09-08,QQQ Buy and Hold,11236.09512850021,10000.0,-0.0058544035296113845
2016-09-09,QQQ Buy and Hold,10953.202915228248,10000.0,-0.025177093112571502
2016-09-12,QQQ Buy and Hold,11149.789029535881,10000.0,0.01794781999649796
2016-09-13,QQQ Buy and Hold,11050.057537399327,10000.0,-0.008944697686419473
2016-09-14,QQQ Buy and Hold,11102.800153433082,10000.0,0.004773062570511127
2016-09-15,QQQ Buy and Hold,11275.412351361736,10000.0,0.015546726550354096
2016-09-16,QQQ Buy and Hold,11241.848868431165,10000.0,-0.002976696717128715
2016-09-19,QQQ Buy and Hold,11192.942079018045,10000.0,-0.004350422246865181
2016-09-20,QQQ Buy and Hold,11214.039125431547,10000.0,0.0018848526387936846
2016-09-21,QQQ Buy and Hold,11324.319140774855,10000.0,0.00983410295878233
2016-09-22,QQQ Buy and Hold,11414.46106635982,10000.0,0.007960030485223115
2016-09-23,QQQ Buy and Hold,11341.58036056772,10000.0,-0.006384944971855878
2016-09-26,QQQ Buy and Hold,11246.643651706961,10000.0,-0.008370677263887672
2016-09-27,QQQ Buy and Hold,11357.882623705427,10000.0,0.009890859481582508
2016-09-28,QQQ Buy and Hold,11377.06175680861,10000.0,0.0016886187098953296
2016-09-29,QQQ Buy and Hold,11294.59148446492,10000.0,-0.0072488199595414655
2016-09-30,QQQ Buy and Hold,11378.979670118928,10000.0,0.007471557140431274
2016-10-03,QQQ Buy and Hold,11362.677406981222,10000.0,-0.0014326647564470059
2016-10-04,QQQ Buy and Hold,11345.416187188357,10000.0,-0.0015191155371760707
2016-10-05,QQQ Buy and Hold,11385.692366705043,10000.0,0.0035499957738145695
2016-10-06,QQQ Buy and Hold,11379.938626774087,10000.0,-0.0005053482691821972
2016-10-07,QQQ Buy and Hold,11355.005753739948,10000.0,-0.002190949692424413
2016-10-10,QQQ Buy and Hold,11426.927502876886,10000.0,0.006333924499619965
2016-10-11,QQQ Buy and Hold,11263.904871499823,10000.0,-0.014266532393420635
2016-10-12,QQQ Buy and Hold,11254.315304948232,10000.0,-0.00085135365230712
2016-10-13,QQQ Buy and Hold,11214.039125431545,10000.0,-0.003578732106339483
2016-10-14,QQQ Buy and Hold,11227.464518603774,10000.0,0.0011971951428082826
2016-10-17,QQQ Buy and Hold,11196.77790563868,10000.0,-0.002733173898189214
2016-10-18,QQQ Buy and Hold,11296.509397775237,10000.0,0.008907159986296608
2016-10-19,QQQ Buy and Hold,11295.550441120078,10000.0,-8.488964346342025e-05
2016-10-20,QQQ Buy and Hold,11282.12504794785,10000.0,-0.001188555904575945
2016-10-21,QQQ Buy and Hold,11324.319140774853,10000.0,0.003739906502337422
2016-10-24,QQQ Buy and Hold,11460.490985807457,10000.0,0.01202472690320943
2016-10-25,QQQ Buy and Hold,11424.050632911407,10000.0,-0.0031796502384738488
2016-10-26,QQQ Buy and Hold,11346.375143843514,10000.0,-0.006799294887937566
2016-10-27,QQQ Buy and Hold,11294.591484464918,10000.0,-0.004563894523326505
2016-10-28,QQQ Buy and Hold,11223.628691983138,10000.0,-0.006282900322635379
2016-10-31,QQQ Buy and Hold,11213.080168776387,10000.0,-0.0009398496240601454
2016-11-01,QQQ Buy and Hold,11128.691983122377,10000.0,-0.007525870178739499
2016-11-02,QQQ Buy and Hold,11039.509014192572,10000.0,-0.00801378716070653
2016-11-03,QQQ Buy and Hold,10931.146912159584,10000.0,-0.009815844336344767
2016-11-04,QQQ Buy and Hold,10892.788645953216,10000.0,-0.003509079743837104
2016-11-07,QQQ Buy and Hold,11151.706942846196,10000.0,0.02376969803679904
2016-11-08,QQQ Buy and Hold,11224.587648638295,10000.0,0.006535385673746589
2016-11-09,QQQ Buy and Hold,11276.371308016893,10000.0,0.004613413071337089
2016-11-10,QQQ Buy and Hold,11094.169543536647,10000.0,-0.01615783655072715
2016-11-11,QQQ Buy and Hold,11098.964326812442,10000.0,0.00043218947186444084
2016-11-14,QQQ Buy and Hold,10986.766398158816,10000.0,-0.010108864696734074
2016-11-15,QQQ Buy and Hold,11139.240506329128,10000.0,0.01387797852841061
2016-11-16,QQQ Buy and Hold,11205.408515535111,10000.0,0.005940082644628079
2016-11-17,QQQ Buy and Hold,11286.919831223644,10000.0,0.0072742832691485544
2016-11-18,QQQ Buy and Hold,11244.72573839664,10000.0,-0.0037383177570093264
2016-11-21,QQQ Buy and Hold,11361.718450326061,10000.0,0.010404229916425029
2016-11-22,QQQ Buy and Hold,11396.24088991179,10000.0,0.003038487508440238
2016-11-23,QQQ Buy and Hold,11350.21097046415,10000.0,-0.004039044092898047
2016-11-25,QQQ Buy and Hold,11386.6513233602,10000.0,0.003210544102737373
2016-11-28,QQQ Buy and Hold,11360.759493670903,10000.0,-0.002273875694795318
2016-11-29,QQQ Buy and Hold,11400.076716532429,10000.0,0.0034607917616273874
2016-11-30,QQQ Buy and Hold,11261.986958189505,10000.0,-0.012113055181695809
2016-12-01,QQQ Buy and Hold,11067.31875719219,10000.0,-0.01728542234332426
2016-12-02,QQQ Buy and Hold,11089.374760260851,10000.0,0.0019928948964561474
2016-12-05,QQQ Buy and Hold,11175.680859225178,10000.0,0.007782774126599842
2016-12-06,QQQ Buy and Hold,11202.531645569634,10000.0,0.002402608546421717
2016-12-07,QQQ Buy and Hold,11344.457230533195,10000.0,0.012669063516521178
2016-12-08,QQQ Buy and Hold,11364.595320291539,10000.0,0.0017751479289941502
2016-12-09,QQQ Buy and Hold,11453.778289221342,10000.0,0.007847439034680555
2016-12-12,QQQ Buy and Hold,11401.994629842748,10000.0,-0.004521098459477495
2016-12-13,QQQ Buy and Hold,11545.838128116626,10000.0,0.012615643397813289
2016-12-14,QQQ Buy and Hold,11521.864211737646,10000.0,-0.00207641196013289
2016-12-15,QQQ Buy and Hold,11540.08438818567,10000.0,0.0015813566375363938
2016-12-16,QQQ Buy and Hold,11463.367855772936,10000.0,-0.006647831145088891
2016-12-19,QQQ Buy and Hold,11510.356731875736,10000.0,0.00409904634431985
2016-12-20,QQQ Buy and Hold,11554.46873801306,10000.0,0.0038323752395234005
2016-12-21,QQQ Buy and Hold,11545.838128116628,10000.0,-0.0007469499543529687
2016-12-22,QQQ Buy and Hold,11513.233601841215,10000.0,-0.002823920265780759
2016-12-23,QQQ Buy and Hold,11520.905255082487,10000.0,0.000666333499916694
2016-12-27,QQQ Buy and Hold,11580.360567702359,10000.0,0.005160645913101419
2016-12-28,QQQ Buy and Hold,11490.218642117394,10000.0,-0.007784034448492977
2016-12-29,QQQ Buy and Hold,11473.916378979688,10000.0,-0.001418794858954995
2016-12-30,QQQ Buy and Hold,11355.964710395108,10000.0,-0.010279983284580059
2017-01-03,QQQ Buy and Hold,11457.614115841983,10000.0,0.008951190677250484
2017-01-04,QQQ Buy and Hold,11519.94629842733,10000.0,0.005440241044526209
2017-01-05,QQQ Buy and Hold,11585.155350978155,10000.0,0.005660534421043926
2017-01-06,QQQ Buy and Hold,11686.80475642503,10000.0,0.008774108103633823
2017-01-09,QQQ Buy and Hold,11725.163022631397,10000.0,0.0032821859358331948
2017-01-10,QQQ Buy and Hold,11751.054852320696,10000.0,0.002208227692811076
2017-01-11,QQQ Buy and Hold,11782.70042194095,10000.0,0.0026929982046678493
2017-01-12,QQQ Buy and Hold,11764.480245492927,10000.0,-0.001546349800602244
2017-01-13,QQQ Buy and Hold,11804.756425009611,10000.0,0.0034235409194651734
2017-01-17,QQQ Buy and Hold,11769.275028768721,10000.0,-0.0030056864337935853
2017-01-18,QQQ Buy and Hold,11793.2489451477,10000.0,0.002036991770553247
2017-01-19,QQQ Buy and Hold,11787.495205216743,10000.0,-0.00048788420881445987
2017-01-20,QQQ Buy and Hold,11813.387034906042,10000.0,0.00219655060201754
2017-01-23,QQQ Buy and Hold,11822.976601457634,10000.0,0.0008117542008280585
2017-01-24,QQQ Buy and Hold,11901.611047180686,10000.0,0.006650985481385296
2017-01-25,QQQ Buy and Hold,12021.480629075586,10000.0,0.010071710579324792
2017-01-26,QQQ Buy and Hold,12033.947065592654,10000.0,0.0010370134014039203
2017-01-27,QQQ Buy and Hold,12056.962025316476,10000.0,0.0019125029882859918
2017-01-30,QQQ Buy and Hold,11962.984273110875,10000.0,-0.0077944802354251485
2017-01-31,QQQ Buy and Hold,11939.010356731895,10000.0,-0.002004008016032064
2017-02-01,QQQ Buy and Hold,12021.480629075584,10000.0,0.006907630522088349
2017-02-02,QQQ Buy and Hold,12010.932105868833,10000.0,-0.0008774728781110357
2017-02-03,QQQ Buy and Hold,12045.454545454562,10000.0,0.0028742514970059837
2017-02-06,QQQ Buy and Hold,12059.83889528195,10000.0,0.0011941724385001646
2017-02-07,QQQ Buy and Hold,12103.950901419274,10000.0,0.003657760814249314
2017-02-08,QQQ Buy and Hold,12124.088991177616,10000.0,0.0016637616859452383
2017-02-09,QQQ Buy and Hold,12168.200997314938,10000.0,0.003638376967491843
2017-02-10,QQQ Buy and Hold,12208.477176831624,10000.0,0.0033099535030341374
2017-02-13,QQQ Buy and Hold,12277.522056003087,10000.0,0.005655486607493511
2017-02-14,QQQ Buy and Hold,12318.757192174933,10000.0,0.003358587830977168
2017-02-15,QQQ Buy and Hold,12391.63789796703,10000.0,0.00591623851782649
2017-02-16,QQQ Buy and Hold,12387.802071346394,10000.0,-0.00030954960532419165
2017-02-17,QQQ Buy and Hold,12441.503644035307,10000.0,0.004335036383341092
2017-02-21,QQQ Buy and Hold,12502.876869965494,10000.0,0.004932942808694206
2017-02-22,QQQ Buy and Hold,12507.67165324129,10000.0,0.00038349440098183287
2017-02-23,QQQ Buy and Hold,12460.682777138489,10000.0,-0.0037568044161619954
2017-02-24,QQQ Buy and Hold,12484.656693517469,10000.0,0.0019239649068800986
2017-02-27,QQQ Buy and Hold,12500.000000000016,10000.0,0.001228973039403922
2017-02-28,QQQ Buy and Hold,12461.64173379365,10000.0,-0.0030686612965094414
2017-03-01,QQQ Buy and Hold,12597.813578826255,10000.0,0.010927279722970498
2017-03-02,QQQ Buy and Hold,12534.52243958575,10000.0,-0.005023978077186546
2017-03-03,QQQ Buy and Hold,12557.537399309567,10000.0,0.0018361257746154131
2017-03-06,QQQ Buy and Hold,12529.727656309951,10000.0,-0.0022145857197402984
2017-03-07,QQQ Buy and Hold,12508.630609896449,10000.0,-0.001683759375478332
2017-03-08,QQQ Buy and Hold,12530.68661296511,10000.0,0.001763262802821142
2017-03-09,QQQ Buy and Hold,12540.276179516703,10000.0,0.0007652865998318111
2017-03-10,QQQ Buy and Hold,12593.018795550455,10000.0,0.004205857612602148
2017-03-13,QQQ Buy and Hold,12614.115841963956,10000.0,0.0016752969844654193
2017-03-14,QQQ Buy and Hold,12583.429228998863,10000.0,-0.002432720085145151
2017-03-15,QQQ Buy and Hold,12661.104718066757,10000.0,0.0061728395061728565
2017-03-16,QQQ Buy and Hold,12652.474108170325,10000.0,-0.0006816632583504007
2017-03-17,QQQ Buy and Hold,12621.787495205232,10000.0,-0.002425344853721337
2017-03-20,QQQ Buy and Hold,12633.294975067141,10000.0,0.0009117155447500725
2017-03-21,QQQ Buy and Hold,12441.503644035303,10000.0,-0.01518141794443601
2017-03-22,QQQ Buy and Hold,12525.891829689312,10000.0,0.006782796361954643
2017-03-23,QQQ Buy and Hold,12494.246260069058,10000.0,-0.002526412494258249
2017-03-24,QQQ Buy and Hold,12520.138089758357,10000.0,0.0020723002532812207
2017-03-27,QQQ Buy and Hold,12540.2761795167,10000.0,0.001608455882353002
2017-03-28,QQQ Buy and Hold,12616.992711929435,10000.0,0.006117611072875911
2017-03-29,QQQ Buy and Hold,12675.489067894147,10000.0,0.004636315269438426
2017-03-30,QQQ Buy and Hold,12696.586114307649,10000.0,0.0016643970343470937
2017-03-31,QQQ Buy and Hold,12687.955504411217,10000.0,-0.0006797583081571254
2017-04-03,QQQ Buy and Hold,12680.283851169943,10000.0,-0.0006046406167335236
2017-04-04,QQQ Buy and Hold,12700.421940928289,10000.0,0.0015881418740074716
2017-04-05,QQQ Buy and Hold,12648.638281549693,10000.0,-0.004077318030806343
2017-04-06,QQQ Buy and Hold,12655.350978135806,10000.0,0.0005307050796057102
2017-04-07,QQQ Buy and Hold,12648.638281549693,10000.0,-0.0005304235811168688
2017-04-10,QQQ Buy and Hold,12653.433064825487,10000.0,0.00037907505686112923
2017-04-11,QQQ Buy and Hold,12598.772535481414,10000.0,-0.00431981811292151
2017-04-12,QQQ Buy and Hold,12547.947832757976,10000.0,-0.00403409955853251
2017-04-13,QQQ Buy and Hold,12498.082086689701,10000.0,-0.003974016048910828
2017-04-17,QQQ Buy and Hold,12601.649405446893,10000.0,0.008286656947747901
2017-04-18,QQQ Buy and Hold,12582.470272343711,10000.0,-0.0015219541891788192
2017-04-19,QQQ Buy and Hold,12602.608362102052,10000.0,0.0016004877677004766
2017-04-20,QQQ Buy and Hold,12708.093594169566,10000.0,0.00837011109420197
2017-04-21,QQQ Buy and Hold,12705.216724204089,10000.0,-0.000226380923634177
2017-04-24,QQQ Buy and Hold,12858.649789029558,10000.0,0.012076383123254542
2017-04-25,QQQ Buy and Hold,12951.66858458,10000.0,0.007233947348795577
2017-04-26,QQQ Buy and Hold,12933.448408131977,10000.0,-0.0014067821708869963
2017-04-27,QQQ Buy and Hold,13011.123897199872,10000.0,0.006005783346926687
2017-04-28,QQQ Buy and Hold,13034.138856923691,10000.0,0.0017688679245281592
2017-05-01,QQQ Buy and Hold,13150.172612197954,10000.0,0.008902295467922367
2017-05-02,QQQ Buy and Hold,13172.228615266615,10000.0,0.0016772405746373383
2017-05-03,QQQ Buy and Hold,13130.034522439608,10000.0,-0.0032032615026210405
2017-05-04,QQQ Buy and Hold,13134.829305715406,10000.0,0.0003651767455449268
2017-05-05,QQQ Buy and Hold,13182.777138473366,10000.0,0.0036504344016938016
2017-05-08,QQQ Buy and Hold,13211.545838128144,10000.0,0.0021822943187605397
2017-05-09,QQQ Buy and Hold,13257.575757575783,10000.0,0.0034840676489801096
2017-05-10,QQQ Buy and Hold,13265.247410817059,10000.0,0.0005786618444847197
2017-05-11,QQQ Buy and Hold,13254.698887610308,10000.0,-0.0007951998843346609
2017-05-12,QQQ Buy and Hold,13284.42654392024,10000.0,0.0022428013312111293
2017-05-15,QQQ Buy and Hold,13326.620636747244,10000.0,0.003176207319714125
2017-05-16,QQQ Buy and Hold,13382.240122746478,10000.0,0.0041735626394186695
2017-05-17,QQQ Buy and Hold,13041.810510164965,10000.0,-0.025438910784665075
2017-05-18,QQQ Buy and Hold,13155.926352128909,10000.0,0.008749999999999983
2017-05-19,QQQ Buy and Hold,13211.545838128142,10000.0,0.0042277133901888805
2017-05-22,QQQ Buy and Hold,13322.784810126606,10000.0,0.008419830151702086
2017-05-23,QQQ Buy and Hold,13336.210203298835,10000.0,0.0010077017202906957
2017-05-24,QQQ Buy and Hold,13397.583429229024,10000.0,0.0046019989933128265
2017-05-25,QQQ Buy and Hold,13511.699271192967,10000.0,0.008517643690501737
2017-05-26,QQQ Buy and Hold,13535.673187571947,10000.0,0.0017743080198722497
2017-05-30,QQQ Buy and Hold,13547.180667433857,10000.0,0.0008501594048884488
2017-05-31,QQQ Buy and Hold,13542.38588415806,10000.0,-0.00035393218659312924
2017-06-01,QQQ Buy and Hold,13595.128500191817,10000.0,0.003894632488316183
2017-06-02,QQQ Buy and Hold,13749.520521672446,10000.0,0.011356422374268076
2017-06-05,QQQ Buy and Hold,13746.643651706969,10000.0,-0.0002092342028176952
2017-06-06,QQQ Buy and Hold,13691.983122362895,10000.0,-0.003976281827694407
2017-06-07,QQQ Buy and Hold,13745.684695051812,10000.0,0.003922117943689608
2017-06-08,QQQ Buy and Hold,13760.0690448792,10000.0,0.001046462955211425
2017-06-09,QQQ Buy and Hold,13416.76256233221,10000.0,-0.024949473830929072
2017-06-12,QQQ Buy and Hold,13344.84081319527,10000.0,-0.0053605889500393114
2017-06-13,QQQ Buy and Hold,13453.202915228256,10000.0,0.008120149468237968
2017-06-14,QQQ Buy and Hold,13394.706559263546,10000.0,-0.004348136003991626
2017-06-15,QQQ Buy and Hold,13335.251246643676,10000.0,-0.004438717067583079
2017-06-16,QQQ Buy and Hold,13241.273494438077,10000.0,-0.007047317704587874
2017-06-19,QQQ Buy and Hold,13462.792481779847,10000.0,0.016729432213209543
2017-06-20,QQQ Buy and Hold,13357.307249712338,10000.0,-0.007835315905691248
2017-06-21,QQQ Buy and Hold,13489.643268124306,10000.0,0.009907387465001045
2017-06-22,QQQ Buy and Hold,13485.80744150367,10000.0,-0.0002843534513399591
2017-06-23,QQQ Buy and Hold,13537.591100882264,10000.0,0.003839863471520956
2017-06-26,QQQ Buy and Hold,13474.299961641758,10000.0,-0.004675214280654506
2017-06-27,QQQ Buy and Hold,13229.766014576166,10000.0,-0.018148174507152396
2017-06-28,QQQ Buy and Hold,13420.598388952842,10000.0,0.014424470861119023
2017-06-29,QQQ Buy and Hold,13187.57192174916,10000.0,-0.017363344051446794
2017-06-30,QQQ Buy and Hold,13192.366705024953,10000.0,0.0003635834787666008
2017-07-03,QQQ Buy and Hold,13053.317990026871,10000.0,-0.010540088682125382
2017-07-05,QQQ Buy and Hold,13181.818181818204,10000.0,0.00984425506905674
2017-07-06,QQQ Buy and Hold,13062.907556578462,10000.0,-0.009020806052669934
2017-07-07,QQQ Buy and Hold,13203.874184886863,10000.0,0.010791366906474812
2017-07-10,QQQ Buy and Hold,13290.18028385119,10000.0,0.006536422398140792
2017-07-11,QQQ Buy and Hold,13327.579593402399,10000.0,0.0028140558481851963
2017-07-12,QQQ Buy and Hold,13485.807441503666,10000.0,0.011872211829040191
2017-07-13,QQQ Buy and Hold,13515.535097813603,10000.0,0.002204366066984301
2017-07-14,QQQ Buy and Hold,13621.979286536276,10000.0,0.007875691783737858
2017-07-17,QQQ Buy and Hold,13628.69198312239,10000.0,0.000492784230904563
2017-07-18,QQQ Buy and Hold,13718.833908707351,10000.0,0.006614128905150561
2017-07-19,QQQ Buy and Hold,13799.386267740723,10000.0,0.005871662239619764
2017-07-20,QQQ Buy and Hold,13817.606444188747,10000.0,0.001320361362056968
2017-07-21,QQQ Buy and Hold,13811.852704257792,10000.0,-0.00041640641265877073
2017-07-24,QQQ Buy and Hold,13875.143843498297,10000.0,0.004582378671110162
2017-07-25,QQQ Buy and Hold,13839.662447257408,10000.0,-0.002557191236436551
2017-07-26,QQQ Buy and Hold,13884.733410049888,10000.0,0.0032566518847006575
2017-07-27,QQQ Buy and Hold,13797.468354430403,10000.0,-0.006284964431245228
2017-07-28,QQQ Buy and Hold,13785.96087456849,10000.0,-0.0008340283569641684
2017-07-31,QQQ Buy and Hold,13727.464518603783,10000.0,-0.004243183082915869
2017-08-01,QQQ Buy and Hold,13759.110088224033,10000.0,0.0023052741879146634
2017-08-02,QQQ Buy and Hold,13796.509397775244,10000.0,0.00271814887092288
2017-08-03,QQQ Buy and Hold,13742.80782508633,10000.0,-0.0038924028636964083
2017-08-04,QQQ Buy and Hold,13767.740698120466,10000.0,0.0018142488312050164
2017-08-07,QQQ Buy and Hold,13855.00575373995,10000.0,0.0063383715260848135
2017-08-08,QQQ Buy and Hold,13831.03183736097,10000.0,-0.001730343300110742
2017-08-09,QQQ Buy and Hold,13812.811660912947,10000.0,-0.0013173403591485665
2017-08-10,QQQ Buy and Hold,13517.453011123918,10000.0,-0.021382949180783005
2017-08-11,QQQ Buy and Hold,13620.061373225952,10000.0,0.007590805902383606
2017-08-14,QQQ Buy and Hold,13794.591484464923,10000.0,0.012814194184327207
2017-08-15,QQQ Buy and Hold,13804.181051016516,10000.0,0.0006951685783802178
2017-08-16,QQQ Buy and Hold,13828.154967395498,10000.0,0.001736714136853074
2017-08-17,QQQ Buy and Hold,13546.221710778696,10000.0,-0.020388349514563094
2017-08-18,QQQ Buy and Hold,13536.632144227106,10000.0,-0.000707914483930301
2017-08-21,QQQ Buy and Hold,13519.370924434239,10000.0,-0.00127514876735624
2017-08-22,QQQ Buy and Hold,13724.587648638306,10000.0,0.01517945807916027
2017-08-23,QQQ Buy and Hold,13676.639815880346,10000.0,-0.00349357182783678
2017-08-24,QQQ Buy and Hold,13636.363636363658,10000.0,-0.0029448885149349034
2017-08-25,QQQ Buy and Hold,13607.594936708883,10000.0,-0.002109704641350091
2017-08-28,QQQ Buy and Hold,13649.789029535887,10000.0,0.0031007751937984335
2017-08-29,QQQ Buy and Hold,13702.531645569641,10000.0,0.003863987635239447
2017-08-30,QQQ Buy and Hold,13863.636363636384,10000.0,0.011757295821960998
2017-08-31,QQQ Buy and Hold,14012.274645186058,10000.0,0.010721449816697872
2017-09-01,QQQ Buy and Hold,13993.095512082873,10000.0,-0.0013687380235424106
2017-09-05,QQQ Buy and Hold,13867.472190257022,10000.0,-0.008977521929824383
2017-09-06,QQQ Buy and Hold,13909.666283084027,10000.0,0.0030426664822626216
2017-09-07,QQQ Buy and Hold,13942.270809359436,10000.0,0.0023440193036882106
2017-09-08,QQQ Buy and Hold,13821.442270809379,10000.0,-0.008666345690900275
2017-09-11,QQQ Buy and Hold,13980.629075565803,10000.0,0.011517380142926501
2017-09-12,QQQ Buy and Hold,14014.192558496374,10000.0,0.002400713354825395
2017-09-13,QQQ Buy and Hold,14033.37169159956,10000.0,0.0013685507048037298
2017-09-14,QQQ Buy and Hold,13950.901419255866,10000.0,-0.005876725433921099
2017-09-15,QQQ Buy and Hold,13998.849252013826,10000.0,0.0034368985427550183
2017-09-18,QQQ Buy and Hold,13949.942462600708,10000.0,-0.003493629264282716
2017-09-19,QQQ Buy and Hold,13973.916378979688,10000.0,0.001718567402213515
2017-09-20,QQQ Buy and Hold,13930.763329497526,10000.0,-0.0030881141916002516
2017-09-21,QQQ Buy and Hold,13845.416187188357,10000.0,-0.006126523026089452
2017-09-22,QQQ Buy and Hold,13831.99079401613,10000.0,-0.0009696633882808308
2017-09-25,QQQ Buy and Hold,13687.188339087092,10000.0,-0.010468663338879778
2017-09-26,QQQ Buy and Hold,13721.710778672823,10000.0,0.0025222447978702003
2017-09-27,QQQ Buy and Hold,13845.416187188357,10000.0,0.009015305052763939
2017-09-28,QQQ Buy and Hold,13840.621403912563,10000.0,-0.0003463083529573552
2017-09-29,QQQ Buy and Hold,13940.352896049118,10000.0,0.007205709138779131
2017-10-02,QQQ Buy and Hold,13952.819332566189,10000.0,0.000894269794317916
2017-10-03,QQQ Buy and Hold,13982.546988876125,10000.0,0.0021305841924398783
2017-10-04,QQQ Buy and Hold,13995.972382048352,10000.0,0.0009601536245798392
2017-10-05,QQQ Buy and Hold,14133.103183736117,10000.0,0.009797875984926391
2017-10-06,QQQ Buy and Hold,14152.2823168393,10000.0,0.0013570362328675332
2017-10-09,QQQ Buy and Hold,14135.980053701593,10000.0,-0.0011519176040114913
2017-10-10,QQQ Buy and Hold,14146.528576908346,10000.0,0.0007462180313412499
2017-10-11,QQQ Buy and Hold,14188.722669735349,10000.0,0.0029826464208242793
2017-10-12,QQQ Buy and Hold,14162.83084004605,10000.0,-0.0018248175182482443
2017-10-13,QQQ Buy and Hold,14217.491369390122,10000.0,0.003859435303676574
2017-10-16,QQQ Buy and Hold,14266.398158803242,10000.0,0.003439902873330766
2017-10-17,QQQ Buy and Hold,14284.618335251265,10000.0,0.0012771392081736756
2017-10-18,QQQ Buy and Hold,14267.357115458399,10000.0,-0.001208378088077382
2017-10-19,QQQ Buy and Hold,14214.614499424642,10000.0,-0.003696733431912968
2017-10-20,QQQ Buy and Hold,14252.972765631011,10000.0,0.0026985090737367988
2017-10-23,QQQ Buy and Hold,14159.95397008057,10000.0,-0.006526273296104413
2017-10-24,QQQ Buy and Hold,14183.92788645955,10000.0,0.0016930786942977109
2017-10-25,QQQ Buy and Hold,14130.226313770636,10000.0,-0.0037860861334595517
2017-10-26,QQQ Buy and Hold,14085.155350978155,10000.0,-0.0031896844248388116
2017-10-27,QQQ Buy and Hold,14495.588799386289,10000.0,0.029139433551198267
2017-10-30,QQQ Buy and Hold,14528.193325661701,10000.0,0.0022492722942577628
2017-10-31,QQQ Buy and Hold,14582.853855005775,10000.0,0.003762376237623717
2017-11-01,QQQ Buy and Hold,14578.059071729982,10000.0,-0.0003287959492337933
2017-11-02,QQQ Buy and Hold,14550.249328730362,10000.0,-0.0019076437310881493
2017-11-03,QQQ Buy and Hold,14690.257000383603,10000.0,0.009622355499901192
2017-11-06,QQQ Buy and Hold,14740.122746451882,10000.0,0.0033944774463085725
2017-11-07,QQQ Buy and Hold,14748.753356348316,10000.0,0.0005855181835925015
2017-11-08,QQQ Buy and Hold,14808.208668968184,10000.0,0.004031209362808687
2017-11-09,QQQ Buy and Hold,14730.533179900292,10000.0,-0.005245434529205893
2017-11-10,QQQ Buy and Hold,14729.574223245132,10000.0,-6.509992839020458e-05
2017-11-13,QQQ Buy and Hold,14747.794399693157,10000.0,0.0012369791666666519
2017-11-14,QQQ Buy and Hold,14694.092827004242,10000.0,-0.003641329085116082
2017-11-15,QQQ Buy and Hold,14625.04794783278,10000.0,-0.004698818769170521
2017-11-16,QQQ Buy and Hold,14812.044495588823,10000.0,0.012786046816602302
2017-11-17,QQQ Buy and Hold,14755.466052934431,10000.0,-0.00381975916094784
2017-11-20,QQQ Buy and Hold,14743.95857307252,10000.0,-0.0007798791187366254
2017-11-21,QQQ Buy and Hold,14904.104334484104,10000.0,0.010861788617886097
2017-11-22,QQQ Buy and Hold,14922.32451093213,10000.0,0.0012224938875307306
2017-11-24,QQQ Buy and Hold,14976.985040276204,10000.0,0.0036630036630036188
2017-11-27,QQQ Buy and Hold,14970.27234369009,10000.0,-0.00044820079395564846
2017-11-28,QQQ Buy and Hold,15008.630609896456,10000.0,0.0025622958170519326
2017-11-29,QQQ Buy and Hold,14746.835443037999,10000.0,-0.017442974889783337
2017-11-30,QQQ Buy and Hold,14870.540851553535,10000.0,0.008388607101053401
2017-12-01,QQQ Buy and Hold,14807.249712313027,10000.0,-0.004256142387308935
2017-12-04,QQQ Buy and Hold,14636.555427694691,10000.0,-0.011527750793342407
2017-12-05,QQQ Buy and Hold,14646.144994246282,10000.0,0.0006551791915088405
2017-12-06,QQQ Buy and Hold,14712.313003452266,10000.0,0.004517776468277337
2017-12-07,QQQ Buy and Hold,14762.178749520546,10000.0,0.0033893886064399054
2017-12-08,QQQ Buy and Hold,14827.387802071371,10000.0,0.0044173054436794
2017-12-11,QQQ Buy and Hold,14942.462600690471,10000.0,0.007760962359332484
2017-12-12,QQQ Buy and Hold,14922.32451093213,10000.0,-0.0013477088948785749
2017-12-13,QQQ Buy and Hold,14951.093210586905,10000.0,0.0019278966647386603
2017-12-14,QQQ Buy and Hold,14940.544687380156,10000.0,-0.000705535244692356
2017-12-15,QQQ Buy and Hold,15110.280015343329,10000.0,0.011360718870346481
2017-12-18,QQQ Buy and Hold,15205.216724204089,10000.0,0.006282921875991681
2017-12-19,QQQ Buy and Hold,15115.074798619125,10000.0,-0.005928355196770924
2017-12-20,QQQ Buy and Hold,15098.772535481417,10000.0,-0.0010785433320645598
2017-12-21,QQQ Buy and Hold,15100.690448791736,10000.0,0.00012702445220711485
2017-12-22,QQQ Buy and Hold,15083.429228998872,10000.0,-0.0011430748714041203
2017-12-26,QQQ Buy and Hold,15001.917913310343,10000.0,-0.005404030771186944
2017-12-27,QQQ Buy and Hold,15003.835826620663,10000.0,0.0001278445410381631
2017-12-28,QQQ Buy and Hold,15022.056003068688,10000.0,0.0012143678895564216
2017-12-29,QQQ Buy and Hold,14929.037207518248,10000.0,-0.0061921481008617866
2018-01-02,QQQ Buy and Hold,15190.832374376703,10000.0,0.017535971223021515
2018-01-03,QQQ Buy and Hold,15338.511699271217,10000.0,0.009721608484312808
2018-01-04,QQQ Buy and Hold,15365.362485615673,10000.0,0.0017505470459518672
2018-01-05,QQQ Buy and Hold,15518.795550441146,10000.0,0.009985645634400691
2018-01-08,QQQ Buy and Hold,15579.209819716174,10000.0,0.003892974108632487
2018-01-09,QQQ Buy and Hold,15580.16877637133,10000.0,6.155361319703869e-05
2018-01-10,QQQ Buy and Hold,15543.728423475282,10000.0,-0.0023388933341539696
2018-01-11,QQQ Buy and Hold,15650.172612197952,10000.0,0.0068480473810844916
2018-01-12,QQQ Buy and Hold,15765.247410817057,10000.0,0.007352941176470693
2018-01-16,QQQ Buy and Hold,15720.176448024577,10000.0,-0.002858880778588801
2018-01-17,QQQ Buy and Hold,15889.91177598775,10000.0,0.010797291526871115
2018-01-18,QQQ Buy and Hold,15892.788645953227,10000.0,0.00018105009052505215
2018-01-19,QQQ Buy and Hold,15942.654392021504,10000.0,0.003137633500271588
2018-01-22,QQQ Buy and Hold,16113.348676639842,10000.0,0.01070676691729324
2018-01-23,QQQ Buy and Hold,16246.643651706969,10000.0,0.008272332321609155
2018-01-24,QQQ Buy and Hold,16141.158419639458,10000.0,-0.0064927399362530655
2018-01-25,QQQ Buy and Hold,16135.404679708503,10000.0,-0.0003564638783270097
2018-01-26,QQQ Buy and Hold,16382.815496739573,10000.0,0.015333412575775661
2018-01-29,QQQ Buy and Hold,16303.22209436136,10000.0,-0.004858346991336996
2018-01-30,QQQ Buy and Hold,16168.968162639074,10000.0,-0.008234809717075332
2018-01-31,QQQ Buy and Hold,16236.095128500216,10000.0,0.004151592432240013
2018-02-01,QQQ Buy and Hold,16098.005370157294,10000.0,-0.008505108971708687
2018-02-02,QQQ Buy and Hold,15776.754890678967,10000.0,-0.019955918270089915
2018-02-05,QQQ Buy and Hold,15155.350978135812,10000.0,-0.039387308533916955
2018-02-06,QQQ Buy and Hold,15556.194859992354,10000.0,0.026449000253100527
2018-02-07,QQQ Buy and Hold,15355.772919064082,10000.0,-0.012883738133399108
2018-02-08,QQQ Buy and Hold,14707.518220176471,10000.0,-0.04221569974395798
2018-02-09,QQQ Buy and Hold,14961.641733793658,10000.0,0.01727847688596209
2018-02-12,QQQ Buy and Hold,15227.272727272752,10000.0,0.017754134085373553
2018-02-13,QQQ Buy and Hold,15305.907172995809,10000.0,0.005164053151961847
2018-02-14,QQQ Buy and Hold,15591.676256233244,10000.0,0.018670509366580976
2018-02-15,QQQ Buy and Hold,15881.28116609132,10000.0,0.01857432806445667
2018-02-16,QQQ Buy and Hold,15810.318373609538,10000.0,-0.0044683292071735345
2018-02-20,QQQ Buy and Hold,15841.96394322979,10000.0,0.002001577000060557
2018-02-21,QQQ Buy and Hold,15796.892980437307,10000.0,-0.0028450363196125842
2018-02-22,QQQ Buy and Hold,15794.97506712699,10000.0,-0.00012141079341942458
2018-02-23,QQQ Buy and Hold,16118.143459915638,10000.0,0.020460202780644796
2018-02-26,QQQ Buy and Hold,16331.990794016137,10000.0,0.01326749167063297
2018-02-27,QQQ Buy and Hold,16129.650939777546,10000.0,-0.012389172685103714
2018-02-28,QQQ Buy and Hold,16026.083621020356,10000.0,-0.006420927467300738
2018-03-01,QQQ Buy and Hold,15764.288454161897,10000.0,-0.016335567257060903
2018-03-02,QQQ Buy and Hold,15909.090909090937,10000.0,0.009185473568952001
2018-03-05,QQQ Buy and Hold,16085.538933640228,10000.0,0.011091018685955415
2018-03-06,QQQ Buy and Hold,16153.624856156528,10000.0,0.0042327411470131126
2018-03-07,QQQ Buy and Hold,16191.02416570774,10000.0,0.002315227070347372
2018-03-08,QQQ Buy and Hold,16280.207134637547,10000.0,0.00550817341862122
2018-03-09,QQQ Buy and Hold,16596.662830840076,10000.0,0.019438063262060334
2018-03-12,QQQ Buy and Hold,16684.886843114724,10000.0,0.005315768186283099
2018-03-13,QQQ Buy and Hold,16457.614115841996,10000.0,-0.013621472498419475
2018-03-14,QQQ Buy and Hold,16454.73724587652,10000.0,-0.0001748048013052158
2018-03-15,QQQ Buy and Hold,16440.35289604913,10000.0,-0.0008741768168308507
2018-03-16,QQQ Buy and Hold,16391.446106636013,10000.0,-0.0029748016798879545
2018-03-19,QQQ Buy and Hold,16015.53509781361,10000.0,-0.022933364535189935
2018-03-20,QQQ Buy and Hold,16068.277713847367,10000.0,0.00329321597509138
2018-03-21,QQQ Buy and Hold,15998.273878020747,10000.0,-0.004356648364764799
2018-03-22,QQQ Buy and Hold,15603.183736095161,10000.0,-0.024695798117844538
2018-03-23,QQQ Buy and Hold,15192.750287687028,10000.0,-0.026304468072029998
2018-03-26,QQQ Buy and Hold,15756.61680092063,10000.0,0.037114182919901505
2018-03-27,QQQ Buy and Hold,15247.4108170311,10000.0,-0.032316961840423604
2018-03-28,QQQ Buy and Hold,15071.921749136967,10000.0,-0.01150943396226423
2018-03-29,QQQ Buy and Hold,15348.101265822817,10000.0,0.018324107654132622
2018-04-02,QQQ Buy and Hold,14905.063291139271,10000.0,-0.028865979381443325
2018-04-03,QQQ Buy and Hold,15072.88070579213,10000.0,0.011259087692208711
2018-04-04,QQQ Buy and Hold,15310.701956271609,10000.0,0.015778088815370846
2018-04-05,QQQ Buy and Hold,15397.967011891094,10000.0,0.005699611674808948
2018-04-06,QQQ Buy and Hold,15012.466436517101,10000.0,-0.025035809927134473
2018-04-09,QQQ Buy and Hold,15117.951668584614,10000.0,0.007026509102523119
2018-04-10,QQQ Buy and Hold,15451.668584580011,10000.0,0.02207421503330155
2018-04-11,QQQ Buy and Hold,15362.485615650206,10000.0,-0.005771737106684087
2018-04-12,QQQ Buy and Hold,15546.605293440774,10000.0,0.01198501872659186
2018-04-13,QQQ Buy and Hold,15467.01189106256,10000.0,-0.005119664446089393
2018-04-16,QQQ Buy and Hold,15584.004602991981,10000.0,0.007564015128030249
2018-04-17,QQQ Buy and Hold,15919.639432297698,10000.0,0.02153713617623531
2018-04-18,QQQ Buy and Hold,15952.243958573108,10000.0,0.0020480693934100563
2018-04-19,QQQ Buy and Hold,15805.523590333753,10000.0,-0.00919747520288549
2018-04-20,QQQ Buy and Hold,15555.235903337205,10000.0,-0.01583545686203122
2018-04-23,QQQ Buy and Hold,15516.877637130838,10000.0,-0.002465939214598395
2018-04-24,QQQ Buy and Hold,15187.955504411237,10000.0,-0.021197701007354346
2018-04-25,QQQ Buy and Hold,15206.175680859262,10000.0,0.0011996464200025112
2018-04-26,QQQ Buy and Hold,15525.508247027274,10000.0,0.021000189190893692
2018-04-27,QQQ Buy and Hold,15535.097813578865,10000.0,0.0006176652254477722
2018-04-30,QQQ Buy and Hold,15425.776754890718,10000.0,-0.007037037037036953
2018-05-01,QQQ Buy and Hold,15601.26582278485,10000.0,0.011376352107422504
2018-05-02,QQQ Buy and Hold,15510.164940544728,10000.0,-0.005839326326141672
2018-05-03,QQQ Buy and Hold,15508.247027234409,10000.0,-0.00012365524916539033
2018-05-04,QQQ Buy and Hold,15801.687763713122,10000.0,0.018921592876576812
2018-05-07,QQQ Buy and Hold,15933.064825469932,10000.0,0.008314115790751333
2018-05-08,QQQ Buy and Hold,15916.762562332224,10000.0,-0.0010231718326814078
2018-05-09,QQQ Buy and Hold,16090.333716916037,10000.0,0.010904928304615029
2018-05-10,QQQ Buy and Hold,16257.192174913736,10000.0,0.010370105489004166
2018-05-11,QQQ Buy and Hold,16241.848868431189,10000.0,-0.0009437857606323163
2018-05-14,QQQ Buy and Hold,16269.658611430807,10000.0,0.0017122276672373621
2018-05-15,QQQ Buy and Hold,16089.374760260878,10000.0,-0.011080985500412564
2018-05-16,QQQ Buy and Hold,16195.818948983548,10000.0,0.006615806413160003
2018-05-17,QQQ Buy and Hold,16133.486766398202,10000.0,-0.0038486588904019024
2018-05-18,QQQ Buy and Hold,16050.057537399352,10000.0,-0.005171184022824563
2018-05-21,QQQ Buy and Hold,16140.199462984316,10000.0,0.005616299217302968
2018-05-22,QQQ Buy and Hold,16119.102416570813,10000.0,-0.00130711187689382
2018-05-23,QQQ Buy and Hold,16255.274261603417,10000.0,0.008447855315604661
2018-05-24,QQQ Buy and Hold,16250.479478327625,10000.0,-0.00029496784850441244
2018-05-25,QQQ Buy and Hold,16266.781741465331,10000.0,0.0010031865927061696
2018-05-29,QQQ Buy and Hold,16194.859992328391,10000.0,-0.004421387726227672
2018-05-30,QQQ Buy and Hold,16310.893747602655,10000.0,0.007164850781620133
2018-05-31,QQQ Buy and Hold,16300.345224395902,10000.0,-0.000646716444235485
2018-06-01,QQQ Buy and Hold,16556.386651323406,10000.0,0.015707730321214357
2018-06-04,QQQ Buy and Hold,16705.98388952824,10000.0,0.009035621198957441
2018-06-05,QQQ Buy and Hold,16757.76754890684,10000.0,0.0030997072498707996
2018-06-06,QQQ Buy and Hold,16855.58112773308,10000.0,0.005836909871244694
2018-06-07,QQQ Buy and Hold,16718.450326045313,10000.0,-0.008135631791545809
2018-06-08,QQQ Buy and Hold,16719.40928270047,10000.0,5.735918320517899e-05
2018-06-11,QQQ Buy and Hold,16764.480245492952,10000.0,0.0026957269859478
2018-06-12,QQQ Buy and Hold,16852.7042577676,10000.0,0.005262555771650932
2018-06-13,QQQ Buy and Hold,16851.745301112438,10000.0,-5.690224194844274e-05
2018-06-14,QQQ Buy and Hold,17022.439585730775,10000.0,0.01012917543959484
2018-06-15,QQQ Buy and Hold,16962.984273110906,10000.0,-0.0034927609712129153
2018-06-18,QQQ Buy and Hold,16916.954353663266,10000.0,-0.0027135507942788726
2018-06-19,QQQ Buy and Hold,16869.006520905306,10000.0,-0.0028343064452128566
2018-06-20,QQQ Buy and Hold,16988.876102800205,10000.0,0.007105906429424137
2018-06-21,QQQ Buy and Hold,16841.19677790569,10000.0,-0.008692707157371823
2018-06-22,QQQ Buy and Hold,16803.79746835448,10000.0,-0.002220703792278868
2018-06-25,QQQ Buy and Hold,16425.0095895666,10000.0,-0.022541802202819088
2018-06-26,QQQ Buy and Hold,16492.136555427744,10000.0,0.004086875291919597
2018-06-27,QQQ Buy and Hold,16267.740698120493,10000.0,-0.013606233282939898
2018-06-28,QQQ Buy and Hold,16407.748369773737,10000.0,0.008606460740391465
2018-06-29,QQQ Buy and Hold,16451.860375911063,10000.0,0.002688486265341952
2018-07-02,QQQ Buy and Hold,16562.140391254372,10000.0,0.0067031942177664125
2018-07-03,QQQ Buy and Hold,16370.349060222534,10000.0,-0.011580105378958948
2018-07-05,QQQ Buy and Hold,16573.64787111628,10000.0,0.012418721808915732
2018-07-06,QQQ Buy and Hold,16831.6072113541,10000.0,0.015564427472082379
2018-07-09,QQQ Buy and Hold,16983.122362869253,10000.0,0.009001823154056426
2018-07-10,QQQ Buy and Hold,16995.58879938632,10000.0,0.000734048560135491
2018-07-11,QQQ Buy and Hold,16909.282700421998,10000.0,-0.005078147040568625
2018-07-12,QQQ Buy and Hold,17200.805523590392,10000.0,0.017240401519877456
2018-07-13,QQQ Buy and Hold,17215.18987341778,10000.0,0.000836260244188023
2018-07-16,QQQ Buy and Hold,17173.954737245935,10000.0,-0.002395276292335154
2018-07-17,QQQ Buy and Hold,17278.481012658285,10000.0,0.006086325311296015
2018-07-18,QQQ Buy and Hold,17245.876486382873,10000.0,-0.0018870018870019059
2018-07-19,QQQ Buy and Hold,17159.570387418546,10000.0,-0.005004448398576544
2018-07-20,QQQ Buy and Hold,17155.73456079791,10000.0,-0.00022353861629592067
2018-07-23,QQQ Buy and Hold,17210.395090141985,10000.0,0.0031861375069871054
2018-07-24,QQQ Buy and Hold,17281.357882623768,10000.0,0.00412325179695776
2018-07-25,QQQ Buy and Hold,17522.056003068723,10000.0,0.013928194883746688
2018-07-26,QQQ Buy and Hold,17257.383966244786,10000.0,-0.01510507880910678
2018-07-27,QQQ Buy and Hold,17024.357499041103,10000.0,-0.013503000666814886
2018-07-30,QQQ Buy and Hold,16783.65937859615,10000.0,-0.014138455472314487
2018-07-31,QQQ Buy and Hold,16912.159570387477,10000.0,0.007656267855102293
2018-08-01,QQQ Buy and Hold,16976.409666283143,10000.0,0.0037990474030391666
2018-08-02,QQQ Buy and Hold,17207.51822017651,10000.0,0.013613511834152384
2018-08-03,QQQ Buy and Hold,17260.260836210266,10000.0,0.0030650913954525824
2018-08-06,QQQ Buy and Hold,17360.951285001982,10000.0,0.005833657425412428
2018-08-07,QQQ Buy and Hold,17424.242424242486,10000.0,0.0036456031816173035
2018-08-08,QQQ Buy and Hold,17445.339470655985,10000.0,0.001210787011557506
2018-08-09,QQQ Buy and Hold,17434.790947449233,10000.0,-0.0006046613896217305
2018-08-10,QQQ Buy and Hold,17302.454929037267,10000.0,-0.007590341565370417
2018-08-13,QQQ Buy and Hold,17283.27579593408,10000.0,-0.0011084631158899132
2018-08-14,QQQ Buy and Hold,17390.67894131191,10000.0,0.006214281751095847
2018-08-15,QQQ Buy and Hold,17178.749520521727,10000.0,-0.012186379928315456
2018-08-16,QQQ Buy and Hold,17235.327963176118,10000.0,0.0032935134531651413
2018-08-17,QQQ Buy and Hold,17239.163789796756,10000.0,0.00022255605630679611
2018-08-20,QQQ Buy and Hold,17223.820483314208,10000.0,-0.0008900261445179762
2018-08-21,QQQ Buy and Hold,17287.111622554712,10000.0,0.0036746283614497886
2018-08-22,QQQ Buy and Hold,17353.279631760695,10000.0,0.0038275919454151975
2018-08-23,QQQ Buy and Hold,17329.305715381714,10000.0,-0.001381520778072502
2018-08-24,QQQ Buy and Hold,17489.451476793296,10000.0,0.009241325881246126
2018-08-27,QQQ Buy and Hold,17667.817414652905,10000.0,0.010198486676170708
2018-08-28,QQQ Buy and Hold,17693.709244342204,10000.0,0.0014654798089447558
2018-08-29,QQQ Buy and Hold,17897.96701189111,10000.0,0.011544089751232972
2018-08-30,QQQ Buy and Hold,17866.32144227086,10000.0,-0.0017681097299613378
2018-08-31,QQQ Buy and Hold,17889.33640199468,10000.0,0.001288175621276416
2018-09-04,QQQ Buy and Hold,17812.619869581944,10000.0,-0.004288394532297032
2018-09-05,QQQ Buy and Hold,17582.470272343737,10000.0,-0.012920592193808913
2018-09-06,QQQ Buy and Hold,17425.20138089763,10000.0,-0.008944641396236632
2018-09-07,QQQ Buy and Hold,17358.074415036484,10000.0,-0.0038522921138078093
2018-09-10,QQQ Buy and Hold,17416.570771001196,10000.0,0.0033699795591404544
2018-09-11,QQQ Buy and Hold,17550.824702723483,10000.0,0.007708402158352635
2018-09-12,QQQ Buy and Hold,17499.041043344885,10000.0,-0.00295049721341941
2018-09-13,QQQ Buy and Hold,17686.03759110093,10000.0,0.010686102586584926
2018-09-14,QQQ Buy and Hold,17634.25393172233,10000.0,-0.0029279401398905843
2018-09-17,QQQ Buy and Hold,17380.13041810515,10000.0,-0.01441078905867626
2018-09-18,QQQ Buy and Hold,17523.973916379025,10000.0,0.008276318693445155
2018-09-19,QQQ Buy and Hold,17510.548523206795,10000.0,-0.0007661157929299265
2018-09-20,QQQ Buy and Hold,17704.257767548952,10000.0,0.011062431544359312
2018-09-21,QQQ Buy and Hold,17607.403145377873,10000.0,-0.005470696565919136
2018-09-24,QQQ Buy and Hold,17624.664365170738,10000.0,0.000980338761505247
2018-09-25,QQQ Buy and Hold,17648.63828154972,10000.0,0.0013602481092551283
2018-09-26,QQQ Buy and Hold,17661.10471806679,10000.0,0.0007063681808302297
2018-09-27,QQQ Buy and Hold,17810.701956271623,10000.0,0.008470434924254778
2018-09-28,QQQ Buy and Hold,17806.86612965099,10000.0,-0.00021536639207447395
2018-10-01,QQQ Buy and Hold,17843.306482547036,10000.0,0.0020464214551133364
2018-10-02,QQQ Buy and Hold,17803.03030303035,10000.0,-0.0022572150266028245
2018-10-03,QQQ Buy and Hold,17822.209436133533,10000.0,0.001077295987072387
2018-10-04,QQQ Buy and Hold,17479.861910241703,10000.0,-0.019209039548022562
2018-10-05,QQQ Buy and Hold,17266.973532796364,10000.0,-0.012179065174456874
2018-10-08,QQQ Buy and Hold,17161.488300728855,10000.0,-0.006109074752860126
2018-10-09,QQQ Buy and Hold,17217.107786728087,10000.0,0.0032409476978094774
2018-10-10,QQQ Buy and Hold,16459.532029152328,10000.0,-0.044001336749470904
2018-10-11,QQQ Buy and Hold,16255.27426160342,10000.0,-0.012409694709857817
2018-10-12,QQQ Buy and Hold,16707.901802838554,10000.0,0.027844964898826024
2018-10-15,QQQ Buy and Hold,16505.561948599967,10000.0,-0.012110428743614678
2018-10-16,QQQ Buy and Hold,16985.999232834718,10000.0,0.02910759934929114
2018-10-17,QQQ Buy and Hold,16992.71192942083,10000.0,0.00039518997346577755
2018-10-18,QQQ Buy and Hold,16598.580744150408,10000.0,-0.02319413092550782
2018-10-19,QQQ Buy and Hold,16583.23743766786,10000.0,-0.0009243746028077682
2018-10-22,QQQ Buy and Hold,16668.584579977025,10000.0,0.005146591106227874
2018-10-23,QQQ Buy and Hold,16607.211354046838,10000.0,-0.003681969853871743
2018-10-24,QQQ Buy and Hold,15846.7587265056,10000.0,-0.04579050698695003
2018-10-25,QQQ Buy and Hold,16395.281933256658,10000.0,0.03461422087745839
2018-10-26,QQQ Buy and Hold,15973.341004986614,10000.0,-0.025735509153652723
2018-10-29,QQQ Buy and Hold,15644.418872267011,10000.0,-0.020591943327129776
2018-10-30,QQQ Buy and Hold,15902.378212504836,10000.0,0.016488905234767846
2018-10-31,QQQ Buy and Hold,16276.371308016916,10000.0,0.023518060664535833
2018-11-01,QQQ Buy and Hold,16491.177598772574,10000.0,0.01319743121428156
2018-11-02,QQQ Buy and Hold,16234.177215189911,10000.0,-0.015584113508170069
2018-11-05,QQQ Buy and Hold,16193.901035673225,10000.0,-0.002480949849370828
2018-11-06,QQQ Buy and Hold,16316.647487533603,10000.0,0.007579795108663475
2018-11-07,QQQ Buy and Hold,16828.730341388607,10000.0,0.031384072876873365
2018-11-08,QQQ Buy and Hold,16721.327196010778,10000.0,-0.006382130035899507
2018-11-09,QQQ Buy and Hold,16439.393939393976,10000.0,-0.016860698514652737
2018-11-12,QQQ Buy and Hold,15941.695435366359,10000.0,-0.030274747710435732
2018-11-13,QQQ Buy and Hold,15955.120828538586,10000.0,0.0008421559191529496
2018-11-14,QQQ Buy and Hold,15833.33333333337,10000.0,-0.00763312898184867
2018-11-15,QQQ Buy and Hold,16110.471806674377,10000.0,0.01750348252680023
2018-11-16,QQQ Buy and Hold,16053.893364019985,10000.0,-0.003511904761904782
2018-11-19,QQQ Buy and Hold,15532.220943613387,10000.0,-0.032495071978973764
2018-11-20,QQQ Buy and Hold,15255.082470272384,10000.0,-0.017842810396987013
2018-11-21,QQQ Buy and Hold,15371.116225546642,10000.0,0.0076062358561728655
2018-11-23,QQQ Buy and Hold,15259.877253548177,10000.0,-0.007236883149291887
2018-11-26,QQQ Buy and Hold,15611.814345991601,10000.0,0.023062904543455137
2018-11-27,QQQ Buy and Hold,15664.556962025355,10000.0,0.003378378378378273
2018-11-28,QQQ Buy and Hold,16168.96816263909,10000.0,0.032200795837159596
2018-11-29,QQQ Buy and Hold,16116.225546605334,10000.0,-0.0032619654824744162
2018-11-30,QQQ Buy and Hold,16233.218258534756,10000.0,0.007259312150422461
2018-12-03,QQQ Buy and Hold,16517.069428461877,10000.0,0.01748582230623823
2018-12-04,QQQ Buy and Hold,15883.199079401651,10000.0,-0.03837668369716682
2018-12-06,QQQ Buy and Hold,15995.397008055277,10000.0,0.007063937692447117
2018-12-07,QQQ Buy and Hold,15467.970847717723,10000.0,-0.0329736211031175
2018-12-10,QQQ Buy and Hold,15629.075565784464,10000.0,0.010415375077495216
2018-12-11,QQQ Buy and Hold,15680.859225163062,10000.0,0.0033132899742300925
2018-12-12,QQQ Buy and Hold,15818.948983505985,10000.0,0.00880626223091975
2018-12-13,QQQ Buy and Hold,15823.743766781778,10000.0,0.0003031037827351051
2018-12-14,QQQ Buy and Hold,15439.202148062943,10000.0,-0.024301557481364713
2018-12-17,QQQ Buy and Hold,15089.182968929837,10000.0,-0.022670807453416184
2018-12-18,QQQ Buy and Hold,15184.119677790599,10000.0,0.006291706387035329
2018-12-19,QQQ Buy and Hold,14811.085538933672,10000.0,-0.024567386636352245
2018-12-20,QQQ Buy and Hold,14596.279248178016,10000.0,-0.01450307542894128
2018-12-21,QQQ Buy and Hold,14143.65170694288,10000.0,-0.03100978910715458
2018-12-24,QQQ Buy and Hold,13753.356348293088,10000.0,-0.027595091192623374
2018-12-26,QQQ Buy and Hold,14612.58151131572,10000.0,0.06247385301910479
2018-12-27,QQQ Buy and Hold,14669.159953970113,10000.0,0.0038718991993700186
2018-12-28,QQQ Buy and Hold,14661.488300728837,10000.0,-0.0005229783617703636
2018-12-31,QQQ Buy and Hold,14785.193709244373,10000.0,0.008437438681405066
2019-01-02,QQQ Buy and Hold,14844.649021864243,10000.0,0.004021273835776395
2019-01-03,QQQ Buy and Hold,14359.416954353694,10000.0,-0.032687338501292004
2019-01-04,QQQ Buy and Hold,14974.108170310732,10000.0,0.04280753305729929
2019-01-07,QQQ Buy and Hold,15152.47410817034,10000.0,0.011911623439000865
2019-01-08,QQQ Buy and Hold,15289.604909858102,10000.0,0.009050060122777082
2019-01-09,QQQ Buy and Hold,15414.269275028799,10000.0,0.008153537380832987
2019-01-10,QQQ Buy and Hold,15458.381281166121,10000.0,0.0028617643399277064
2019-01-11,QQQ Buy and Hold,15401.80283851173,10000.0,-0.0036600496277914086
2019-01-14,QQQ Buy and Hold,15265.630993479124,10000.0,-0.008841292572069085
2019-01-15,QQQ Buy and Hold,15562.907556578473,10000.0,0.019473585024184902
2019-01-16,QQQ Buy and Hold,15560.030686612996,10000.0,-0.00018485427321462283
2019-01-17,QQQ Buy and Hold,15682.777138473373,10000.0,0.007888573893750778
2019-01-18,QQQ Buy and Hold,15838.128116609163,10000.0,0.009905833435245228
2019-01-22,QQQ Buy and Hold,15520.713463751472,10000.0,-0.0200411721966578
2019-01-23,QQQ Buy and Hold,15540.851553509818,10000.0,0.001297497683039901
2019-01-24,QQQ Buy and Hold,15641.542002301534,10000.0,0.006479081821547645
2019-01-25,QQQ Buy and Hold,15828.538550057574,10000.0,0.01195512231009741
2019-01-28,QQQ Buy and Hold,15632.9113924051,10000.0,-0.012359142130134448
2019-01-29,QQQ Buy and Hold,15486.191024165742,10000.0,-0.009385351490614655
2019-01-30,QQQ Buy and Hold,15879.363252781008,10000.0,0.025388568951637835
2019-01-31,QQQ Buy and Hold,16117.184503260487,10000.0,0.014976749803732047
2019-02-01,QQQ Buy and Hold,16049.098580744187,10000.0,-0.00422443029689998
2019-02-04,QQQ Buy and Hold,16248.561565017297,10000.0,0.012428298279158603
2019-02-05,QQQ Buy and Hold,16392.405063291175,10000.0,0.008852691218130312
2019-02-06,QQQ Buy and Hold,16343.498273878058,10000.0,-0.0029835029835029304
2019-02-07,QQQ Buy and Hold,16123.8971998466,10000.0,-0.013436601537288156
2019-02-08,QQQ Buy and Hold,16155.542769466856,10000.0,0.0019626501724753927
2019-02-11,QQQ Buy and Hold,16140.199462984308,10000.0,-0.000949723986466413
2019-02-12,QQQ Buy and Hold,16378.979670118946,10000.0,0.014794129879389276
2019-02-13,QQQ Buy and Hold,16390.487149980854,10000.0,0.0007025761124120381
2019-02-14,QQQ Buy and Hold,16410.625239739198,10000.0,0.0012286449801076993
2019-02-15,QQQ Buy and Hold,16479.670118910657,10000.0,0.004207327762519715
2019-02-19,QQQ Buy and Hold,16512.27464518607,10000.0,0.0019784695955775583
2019-02-20,QQQ Buy and Hold,16509.397775220594,10000.0,-0.0001742261455369135
2019-02-21,QQQ Buy and Hold,16448.983505945565,10000.0,-0.0036593866171003454
2019-02-22,QQQ Buy and Hold,16570.771001150784,10000.0,0.007403952661342099
2019-02-25,QQQ Buy and Hold,16631.185270425813,10000.0,0.003645833333333307
2019-02-26,QQQ Buy and Hold,16648.446490218677,10000.0,0.0010378827192527636
2019-02-27,QQQ Buy and Hold,16637.897967011926,10000.0,-0.0006336040550660309
2019-02-28,QQQ Buy and Hold,16599.53970080556,10000.0,-0.002305475504322799
2019-03-01,QQQ Buy and Hold,16714.614499424664,10000.0,0.006932409012131814
2019-03-04,QQQ Buy and Hold,16717.491369390144,10000.0,0.00017211703958692562
2019-03-05,QQQ Buy and Hold,16729.957805907212,10000.0,0.0007457121551081021
2019-03-06,QQQ Buy and Hold,16635.02109704645,10000.0,-0.005674653215636874
2019-03-07,QQQ Buy and Hold,16430.763329497542,10000.0,-0.012278780192540471
2019-03-08,QQQ Buy and Hold,16405.8304564634,10000.0,-0.0015174506828527542
2019-03-11,QQQ Buy and Hold,16747.21902570007,10000.0,0.020808978255786613
2019-03-12,QQQ Buy and Hold,16839.27886459535,10000.0,0.005497022446175034
2019-03-13,QQQ Buy and Hold,16965.861143076363,10000.0,0.007517084282460098
2019-03-14,QQQ Buy and Hold,16937.09244342159,10000.0,-0.0016956816640288433
2019-03-15,QQQ Buy and Hold,17094.361334867695,10000.0,0.009285471634016456
2019-03-18,QQQ Buy and Hold,17103.950901419288,10000.0,0.0005609783462359629
2019-03-19,QQQ Buy and Hold,17161.488300728837,10000.0,0.0033639829558196584
2019-03-20,QQQ Buy and Hold,17229.574223245138,10000.0,0.003967367009387458
2019-03-21,QQQ Buy and Hold,17498.082086689712,10000.0,0.01558412645405472
2019-03-22,QQQ Buy and Hold,17114.49942462604,10000.0,-0.021921411738915986
2019-03-25,QQQ Buy and Hold,17081.894898350627,10000.0,-0.0019050820866252222
2019-03-26,QQQ Buy and Hold,17161.48830072884,10000.0,0.004659518329310125
2019-03-27,QQQ Buy and Hold,17051.20828538553,10000.0,-0.006426016987036241
2019-03-28,QQQ Buy and Hold,17090.525508247058,10000.0,0.002305832067937667
2019-03-29,QQQ Buy and Hold,17219.98465669355,10000.0,0.007574907417798195
2019-04-01,QQQ Buy and Hold,17447.257383966276,10000.0,0.013198195689703205
2019-04-02,QQQ Buy and Hold,17513.42539317226,10000.0,0.003792459052434856
2019-04-03,QQQ Buy and Hold,17614.115841963976,10000.0,0.0057493292449214885
2019-04-04,QQQ Buy and Hold,17607.403145377863,10000.0,-0.0003810975609755726
2019-04-05,QQQ Buy and Hold,17698.504027617986,10000.0,0.00517401013016714
2019-04-08,QQQ Buy and Hold,17743.57499041047,10000.0,0.002546597312527085
2019-04-09,QQQ Buy and Hold,17681.24280782512,10000.0,-0.0035129438469437696
2019-04-10,QQQ Buy and Hold,17776.179516685883,10000.0,0.005369345916043004
2019-04-11,QQQ Buy and Hold,17733.985423858878,10000.0,-0.002373631116146074
2019-04-12,QQQ Buy and Hold,17810.701956271612,10000.0,0.004325961174498367
2019-04-15,QQQ Buy and Hold,17813.578826237088,10000.0,0.0001615247940558937
2019-04-16,QQQ Buy and Hold,17874.952052167275,10000.0,0.003445305770887246
2019-04-17,QQQ Buy and Hold,17937.28423475262,10000.0,0.003487124463519344
2019-04-18,QQQ Buy and Hold,17960.29919447644,10000.0,0.001283079390537186
2019-04-22,QQQ Buy and Hold,18011.123897199876,10000.0,0.002829836083079722
2019-04-23,QQQ Buy and Hold,18240.314537782924,10000.0,0.012724949419657197
2019-04-24,QQQ Buy and Hold,18182.77713847337,10000.0,-0.003154408285579067
2019-04-25,QQQ Buy and Hold,18256.616800920627,10000.0,0.004060967248562744
2019-04-26,QQQ Buy and Hold,18272.919064058333,10000.0,0.0008929509402248972
2019-04-29,QQQ Buy and Hold,18308.40046029922,10000.0,0.0019417475728154086
2019-04-30,QQQ Buy and Hold,18166.47487533566,10000.0,-0.007751937984496071
2019-05-01,QQQ Buy and Hold,18107.978519370954,10000.0,-0.003220016891891814
2019-05-02,QQQ Buy and Hold,18029.3440736479,10000.0,-0.004342530318275812
2019-05-03,QQQ Buy and Hold,18317.031070195655,10000.0,0.015956598053295037
2019-05-06,QQQ Buy and Hold,18204.833141542033,10000.0,-0.006125333752159508
2019-05-07,QQQ Buy and Hold,17850.01917913313,10000.0,-0.01949009692372533
2019-05-08,QQQ Buy and Hold,17804.94821634065,10000.0,-0.0025249811969485273
2019-05-09,QQQ Buy and Hold,17709.05255082473,10000.0,-0.005385899714547316
2019-05-10,QQQ Buy and Hold,17731.10855389339,10000.0,0.0012454648833054541
2019-05-13,QQQ Buy and Hold,17116.417337936353,10000.0,-0.03466738777717683
2019-05-14,QQQ Buy and Hold,17304.37284234755,10000.0,0.010981007339346626
2019-05-15,QQQ Buy and Hold,17547.94783275799,10000.0,0.014075921307841622
2019-05-16,QQQ Buy and Hold,17724.395857307278,10000.0,0.010055194272911107
2019-05-17,QQQ Buy and Hold,17543.15304948219,10000.0,-0.010225612725207027
2019-05-20,QQQ Buy and Hold,17247.79439969316,10000.0,-0.0168361211326117
2019-05-21,QQQ Buy and Hold,17427.119294207925,10000.0,0.01039697542533068
2019-05-22,QQQ Buy and Hold,17349.44380514003,10000.0,-0.004457161723435879
2019-05-23,QQQ Buy and Hold,17084.771768316095,10000.0,-0.015255361485739504
2019-05-24,QQQ Buy and Hold,17076.14115841966,10000.0,-0.0005051638976201359
2019-05-28,QQQ Buy and Hold,17011.891062523995,10000.0,-0.00376256528331548
2019-05-29,QQQ Buy and Hold,16871.883390870753,10000.0,-0.008229988726042886
2019-05-30,QQQ Buy and Hold,16942.846183352533,10000.0,0.004205979311128845
2019-05-31,QQQ Buy and Hold,16672.42040659764,10000.0,-0.015961059542675984
2019-06-03,QQQ Buy and Hold,16305.14000767167,10000.0,-0.02202921891176816
2019-06-04,QQQ Buy and Hold,16764.480245492923,10000.0,0.028171499147209268
2019-06-05,QQQ Buy and Hold,16889.144610663618,10000.0,0.007436220112115384
2019-06-06,QQQ Buy and Hold,17023.398542385905,10000.0,0.007949125596184452
2019-06-07,QQQ Buy and Hold,17351.361718450346,10000.0,0.019265434880576766
2019-06-10,QQQ Buy and Hold,17553.701572688933,10000.0,0.011661324195866109
2019-06-11,QQQ Buy and Hold,17577.675489067915,10000.0,0.0013657470636438131
2019-06-12,QQQ Buy and Hold,17476.02608362104,10000.0,-0.005782869612656859
2019-06-13,QQQ Buy and Hold,17579.593402378232,10000.0,0.005926251097453819
2019-06-14,QQQ Buy and Hold,17504.794783275815,10000.0,-0.004254854898538082
2019-06-17,QQQ Buy and Hold,17610.280015343324,10000.0,0.006026076476388706
2019-06-18,QQQ Buy and Hold,17866.321442270826,10000.0,0.01453931605314755
2019-06-19,QQQ Buy and Hold,17933.448408131968,10000.0,0.0037571788953893437
2019-06-20,QQQ Buy and Hold,18100.30686612967,10000.0,0.00930431527725795
2019-06-21,QQQ Buy and Hold,18073.456079785214,10000.0,-0.0014834437086092775
2019-06-24,QQQ Buy and Hold,18034.138856923688,10000.0,-0.002175412532498523
2019-06-25,QQQ Buy and Hold,17724.39585730727,10000.0,-0.017175369562905402
2019-06-26,QQQ Buy and Hold,17806.86612965096,10000.0,0.004652924308824245
2019-06-27,QQQ Buy and Hold,17874.95205216726,10000.0,0.003823576929290796
2019-06-28,QQQ Buy and Hold,17897.96701189108,10000.0,0.0012875536480685657
2019-07-01,QQQ Buy and Hold,18139.624088991197,10000.0,0.013501928846978196
2019-07-02,QQQ Buy and Hold,18211.545838128135,10000.0,0.003964897441319518
2019-07-03,QQQ Buy and Hold,18348.6766398159,10000.0,0.007529882575957068
2019-07-05,QQQ Buy and Hold,18311.27733026469,10000.0,-0.0020382565067420025
2019-07-08,QQQ Buy and Hold,18182.77713847336,10000.0,-0.007017543859648992
2019-07-09,QQQ Buy and Hold,18273.87802071348,10000.0,0.005010284267707339
2019-07-10,QQQ Buy and Hold,18456.079785193728,10000.0,0.009970612930310693
2019-07-11,QQQ Buy and Hold,18442.654392021497,10000.0,-0.0007274238802868897
2019-07-12,QQQ Buy and Hold,18549.098580744165,10000.0,0.00577163061564067
2019-07-15,QQQ Buy and Hold,18608.553893364035,10000.0,0.0032052939047717754
2019-07-16,QQQ Buy and Hold,18512.658227848115,10000.0,-0.0051533110023189894
2019-07-17,QQQ Buy and Hold,18421.55734560799,10000.0,-0.004921004921005009
2019-07-18,QQQ Buy and Hold,18442.654392021494,10000.0,0.0011452368558042627
2019-07-19,QQQ Buy and Hold,18307.441503644048,10000.0,-0.007331530782029932
2019-07-22,QQQ Buy and Hold,18453.202915228245,10000.0,0.007961866848253157
2019-07-23,QQQ Buy and Hold,18574.0314537783,10000.0,0.006547835576573252
2019-07-24,QQQ Buy and Hold,18704.44955887995,10000.0,0.007021529247767121
2019-07-25,QQQ Buy and Hold,18527.0425776755,10000.0,-0.009484747500640977
2019-07-26,QQQ Buy and Hold,18717.874952052178,10000.0,0.010300207039337522
2019-07-29,QQQ Buy and Hold,18653.624856156515,10000.0,-0.0034325528971770455
2019-07-30,QQQ Buy and Hold,18573.072497123143,10000.0,-0.004318322023442337
2019-07-31,QQQ Buy and Hold,18316.07211354048,10000.0,-0.013837257331681159
2019-08-01,QQQ Buy and Hold,18224.971231300355,10000.0,-0.0049738219895287365
2019-08-02,QQQ Buy and Hold,17956.46336785578,10000.0,-0.014732965009208163
2019-08-05,QQQ Buy and Hold,17322.593018795556,10000.0,-0.03530040053404547
2019-08-06,QQQ Buy and Hold,17564.250095895673,10000.0,0.013950398582816709
2019-08-07,QQQ Buy and Hold,17659.186804756435,10000.0,0.0054051102860887155
2019-08-08,QQQ Buy and Hold,18043.72842347527,10000.0,0.02177572631007326
2019-08-09,QQQ Buy and Hold,17873.99309551209,10000.0,-0.009406887755102095
2019-08-12,QQQ Buy and Hold,17668.776371308028,10000.0,-0.011481302644991611
2019-08-13,QQQ Buy and Hold,18056.194859992338,10000.0,0.021926729986431436
2019-08-14,QQQ Buy and Hold,17516.302263137713,10000.0,-0.0299006851133889
2019-08-15,QQQ Buy and Hold,17496.16417337937,10000.0,-0.0011496769955108286
2019-08-16,QQQ Buy and Hold,17777.138473341012,10000.0,0.016059194299808205
2019-08-19,QQQ Buy and Hold,18060.030686612976,10000.0,0.01591325925126776
2019-08-20,QQQ Buy and Hold,17920.023014959734,10000.0,-0.00775234959910799
2019-08-21,QQQ Buy and Hold,18079.20981971616,10000.0,0.00888318082089151
2019-08-22,QQQ Buy and Hold,18020.71346375145,10000.0,-0.003235559327428068
2019-08-23,QQQ Buy and Hold,17450.134253931734,10000.0,-0.0316624095359727
2019-08-26,QQQ Buy and Hold,17713.847334100512,10000.0,0.015112381161729955
2019-08-27,QQQ Buy and Hold,17676.448024549303,10000.0,-0.002111303594629636
2019-08-28,QQQ Buy and Hold,17739.73916378981,10000.0,0.003580534910215356
2019-08-29,QQQ Buy and Hold,18011.123897199857,10000.0,0.015298124222930882
2019-08-30,QQQ Buy and Hold,17967.970847717694,10000.0,-0.002395910978596468
2019-09-03,QQQ Buy and Hold,17793.440736478722,10000.0,-0.009713401291562113
2019-09-04,QQQ Buy and Hold,18050.441120061383,10000.0,0.014443546213958384
2019-09-05,QQQ Buy and Hold,18381.281166091303,10000.0,0.018328640493013956
2019-09-06,QQQ Buy and Hold,18363.06098964328,10000.0,-0.0009912353923205222
2019-09-09,QQQ Buy and Hold,18324.702723436912,10000.0,-0.0020888819259491653
2019-09-10,QQQ Buy and Hold,18271.960107403156,10000.0,-0.002878224920194732
2019-09-11,QQQ Buy and Hold,18443.613348676652,10000.0,0.00939435289178136
2019-09-12,QQQ Buy and Hold,18520.329881089383,10000.0,0.004159517495970378
2019-09-13,QQQ Buy and Hold,18454.1618718834,10000.0,-0.003572723036296783
2019-09-16,QQQ Buy and Hold,18371.69159953971,10000.0,-0.004468925379338938
2019-09-17,QQQ Buy and Hold,18459.91561181435,10000.0,0.0048021714166405025
2019-09-18,QQQ Buy and Hold,18452.243958573075,10000.0,-0.00041558441558448055
2019-09-19,QQQ Buy and Hold,18482.93057153817,10000.0,0.0016630287911860598
2019-09-20,QQQ Buy and Hold,18287.303413885693,10000.0,-0.010584206703331017
2019-09-23,QQQ Buy and Hold,18258.53471423092,10000.0,-0.0015731515469322652
2019-09-24,QQQ Buy and Hold,18015.918680475646,10000.0,-0.013287815126050425
2019-09-25,QQQ Buy and Hold,18218.258534714234,10000.0,0.011231170490232529
2019-09-26,QQQ Buy and Hold,18151.131568853092,10000.0,-0.0036845983787766536
2019-09-27,QQQ Buy and Hold,17925.776754890685,10000.0,-0.012415469146238346
2019-09-30,QQQ Buy and Hold,18096.47103950902,10000.0,0.009522281067779388
2019-10-01,QQQ Buy and Hold,17948.7917146145,10000.0,-0.008160669810820944
2019-10-02,QQQ Buy and Hold,17640.007671653242,10000.0,-0.017203611689907566
2019-10-03,QQQ Buy and Hold,17833.7169159954,10000.0,0.010981244903506444
2019-10-04,QQQ Buy and Hold,18096.471039509015,10000.0,0.014733559176211266
2019-10-07,QQQ Buy and Hold,18041.810510164938,10000.0,-0.0030205076572519824
2019-10-08,QQQ Buy and Hold,17771.384733410046,10000.0,-0.01498883809928773
2019-10-09,QQQ Buy and Hold,17944.95588799386,10000.0,0.009766889704295286
2019-10-10,QQQ Buy and Hold,18084.004602991943,10000.0,0.007748623951263919
2019-10-11,QQQ Buy and Hold,18317.031070195622,10000.0,0.012885777919185376
2019-10-14,QQQ Buy and Hold,18315.113156885305,10000.0,-0.00010470655986588038
2019-10-15,QQQ Buy and Hold,18548.139624088984,10000.0,0.01272317922404303
2019-10-16,QQQ Buy and Hold,18502.109704641345,10000.0,-0.0024816461586184974
2019-10-17,QQQ Buy and Hold,18551.016494054464,10000.0,0.0026433088006633716
2019-10-18,QQQ Buy and Hold,18372.650556194858,10000.0,-0.009614887567846913
2019-10-21,QQQ Buy and Hold,18535.67318757192,10000.0,0.008873114463176516
2019-10-22,QQQ Buy and Hold,18387.993862677406,10000.0,-0.007967303016193243
2019-10-23,QQQ Buy and Hold,18423.475258918294,10000.0,0.0019295958279009363
2019-10-24,QQQ Buy and Hold,18602.80015343306,10000.0,0.009733499895898421
2019-10-25,QQQ Buy and Hold,18751.438434982734,10000.0,0.007990102582607263
2019-10-28,QQQ Buy and Hold,18936.517069428457,10000.0,0.009870103303671919
2019-10-29,QQQ Buy and Hold,18789.7967011891,10000.0,-0.007748012356307293
2019-10-30,QQQ Buy and Hold,18880.897583429225,10000.0,0.004848422986628502
2019-10-31,QQQ Buy and Hold,18889.528193325656,10000.0,0.00045710802986440865
2019-11-01,QQQ Buy and Hold,19061.181434599155,10000.0,0.00908721697634288
2019-11-04,QQQ Buy and Hold,19178.174146528574,10000.0,0.006137747144941383
2019-11-05,QQQ Buy and Hold,19188.722669735325,10000.0,0.0005500275013749948
2019-11-06,QQQ Buy and Hold,19146.52857690832,10000.0,-0.0021989005497251263
2019-11-07,QQQ Buy and Hold,19209.819716148828,10000.0,0.0033056195532404917
2019-11-08,QQQ Buy and Hold,19286.536248561562,10000.0,0.00399361022364223
2019-11-11,QQQ Buy and Hold,19260.644418872263,10000.0,-0.0013424821002387143
2019-11-12,QQQ Buy and Hold,19316.2639048715,10000.0,0.0028877271595718823
2019-11-13,QQQ Buy and Hold,19321.058688147292,10000.0,0.0002482251898921856
2019-11-14,QQQ Buy and Hold,19305.715381664744,10000.0,-0.0007941234862020876
2019-11-15,QQQ Buy and Hold,19447.640966628303,10000.0,0.00735148023047893
2019-11-18,QQQ Buy and Hold,19462.98427311085,10000.0,0.0007889546351084644
2019-11-19,QQQ Buy and Hold,19491.752972765626,10000.0,0.001478123768230109
2019-11-20,QQQ Buy and Hold,19374.760260836207,10000.0,-0.006002164715143161
2019-11-21,QQQ Buy and Hold,19331.607211354043,10000.0,-0.0022272817263907577
2019-11-22,QQQ Buy and Hold,19344.07364787111,10000.0,0.0006448732576020411
2019-11-25,QQQ Buy and Hold,19573.26428845416,10000.0,0.011848106285940982
2019-11-26,QQQ Buy and Hold,19610.663598005365,10000.0,0.0019107344079172326
2019-11-27,QQQ Buy and Hold,19747.79439969313,10000.0,0.00699266503667485
2019-11-29,QQQ Buy and Hold,19657.652474108167,10000.0,-0.004564657893458932
2019-12-02,QQQ Buy and Hold,19456.271576524734,10000.0,-0.010244402165959425
2019-12-03,QQQ Buy and Hold,19303.797468354427,10000.0,-0.007836758834836487
2019-12-04,QQQ Buy and Hold,19401.61104718066,10000.0,0.005067064083457435
2019-12-05,QQQ Buy and Hold,19439.969313387028,10000.0,0.001977066034005564
2019-12-06,QQQ Buy and Hold,19648.06290755657,10000.0,0.0107044198895027
2019-12-09,QQQ Buy and Hold,19558.879938626767,10000.0,-0.004539020938064222
2019-12-10,QQQ Buy and Hold,19542.577675489058,10000.0,-0.0008334967640714646
2019-12-11,QQQ Buy and Hold,19646.144994246253,10000.0,0.005299573089945594
2019-12-12,QQQ Buy and Hold,19792.86536248561,10000.0,0.007468150534485289
2019-12-13,QQQ Buy and Hold,19858.074415036433,10000.0,0.0032945736434108856
2019-12-16,QQQ Buy and Hold,20057.537399309545,10000.0,0.010044427274483214
2019-12-17,QQQ Buy and Hold,20069.04487917146,10000.0,0.0005737234652897521
2019-12-18,QQQ Buy and Hold,20084.388185654007,10000.0,0.0007645259938837758
2019-12-19,QQQ Buy and Hold,20210.01150747986,10000.0,0.006254774637127589
2019-12-20,QQQ Buy and Hold,20291.52282316839,10000.0,0.004033214709371266
2019-12-23,QQQ Buy and Hold,20301.112389719983,10000.0,0.0004725897920604646
2019-12-24,QQQ Buy and Hold,20311.660912926734,10000.0,0.0005196032120926483
2019-12-26,QQQ Buy and Hold,20490.985807441502,10000.0,0.008828667201737427
2019-12-27,QQQ Buy and Hold,20473.724587648638,10000.0,-0.0008423811306627051
2019-12-30,QQQ Buy and Hold,20339.47065592635,10000.0,-0.006557377049180355
2019-12-31,QQQ Buy and Hold,20377.828922132718,10000.0,0.0018859028760019128
2020-01-02,QQQ Buy and Hold,20718.258534714227,10000.0,0.01670588235294123
2020-01-03,QQQ Buy and Hold,20528.385116992704,10000.0,-0.00916454524415653
2020-01-06,QQQ Buy and Hold,20660.72113540467,10000.0,0.006446489466062482
2020-01-07,QQQ Buy and Hold,20657.84426543919,10000.0,-0.00013924344395451908
2020-01-08,QQQ Buy and Hold,20813.195243574977,10000.0,0.007520193111131764
2020-01-09,QQQ Buy and Hold,20989.643268124266,10000.0,0.008477699963140451
2020-01-10,QQQ Buy and Hold,20935.94169543535,10000.0,-0.002558479532163753
2020-01-13,QQQ Buy and Hold,21176.639815880306,10000.0,0.011496885305972973
2020-01-14,QQQ Buy and Hold,21093.210586881454,10000.0,-0.003939682108409204
2020-01-15,QQQ Buy and Hold,21101.841196777885,10000.0,0.00040916530278233953
2020-01-16,QQQ Buy and Hold,21304.181051016472,10000.0,0.00958872983412854
2020-01-17,QQQ Buy and Hold,21409.66628308398,10000.0,0.004951386388188667
2020-01-21,QQQ Buy and Hold,21400.076716532392,10000.0,-0.00044790826838660895
2020-01-22,QQQ Buy and Hold,21456.655159186786,10000.0,0.002643842982613387
2020-01-23,QQQ Buy and Hold,21525.700038358245,10000.0,0.003217877094972062
2020-01-24,QQQ Buy and Hold,21344.45723053316,10000.0,-0.008419833385307553
2020-01-27,QQQ Buy and Hold,20904.296125815094,10000.0,-0.020621798903764952
2020-01-28,QQQ Buy and Hold,21224.587648638266,10000.0,0.015321803752465725
2020-01-29,QQQ Buy and Hold,21259.11008822399,10000.0,0.0016265305200378855
2020-01-30,QQQ Buy and Hold,21334.867663981564,10000.0,0.003563534665523894
2020-01-31,QQQ Buy and Hold,20996.355964710372,10000.0,-0.0158665947500899
2020-02-03,QQQ Buy and Hold,21313.770617568065,10000.0,0.015117606759534151
2020-02-04,QQQ Buy and Hold,21801.879555044092,10000.0,0.022901106811842004
2020-02-05,QQQ Buy and Hold,21873.80130418103,10000.0,0.003298878381350341
2020-02-06,QQQ Buy and Hold,22062.715765247387,10000.0,0.008636562911003941
2020-02-07,QQQ Buy and Hold,21967.77905638663,10000.0,-0.00430303820576338
2020-02-10,QQQ Buy and Hold,22233.410049865724,10000.0,0.012091845643443259
2020-02-11,QQQ Buy and Hold,22237.24587648636,10000.0,0.00017252533965922813
2020-02-12,QQQ Buy and Hold,22453.97008055234,10000.0,0.009746000258743453
2020-02-13,QQQ Buy and Hold,22425.20138089756,10000.0,-0.0012812299807815988
2020-02-14,QQQ Buy and Hold,22489.451476793227,10000.0,0.002865084455847834
2020-02-18,QQQ Buy and Hold,22498.082086689657,10000.0,0.00038376257888454463
2020-02-19,QQQ Buy and Hold,22713.847334100476,10000.0,0.009590384041600954
2020-02-20,QQQ Buy and Hold,22502.876869965454,10000.0,-0.009288187114751401
2020-02-21,QQQ Buy and Hold,22070.387418488663,10000.0,-0.01921929600272731
2020-02-24,QQQ Buy and Hold,21218.833908707304,10000.0,-0.03858353247881814
2020-02-25,QQQ Buy and Hold,20642.50095895663,10000.0,-0.027161386541329685
2020-02-26,QQQ Buy and Hold,20748.9451476793,10000.0,0.005156554863885597
2020-02-27,QQQ Buy and Hold,19709.436133486743,10000.0,-0.050099366825345486
2020-02-28,QQQ Buy and Hold,19724.779439969287,10000.0,0.0007784751617768529
2020-03-02,QQQ Buy and Hold,20743.19140774834,10000.0,0.05163109533764405
2020-03-03,QQQ Buy and Hold,20077.675489067868,10000.0,-0.032083583745550356
2020-03-04,QQQ Buy and Hold,20915.803605676996,10000.0,0.04174428046042895
2020-03-05,QQQ Buy and Hold,20280.01534330645,10000.0,-0.03039750584567431
2020-03-06,QQQ Buy and Hold,19937.667817414622,10000.0,-0.016881028938906723
2020-03-09,QQQ Buy and Hold,18552.93440736476,10000.0,-0.0694531287576355
2020-03-10,QQQ Buy and Hold,19562.71576524738,10000.0,0.05442704295239573
2020-03-11,QQQ Buy and Hold,18711.162255466024,10000.0,-0.04352941176470586
2020-03-12,QQQ Buy and Hold,16995.58879938624,10000.0,-0.0916871668716688
2020-03-13,QQQ Buy and Hold,18434.98273878018,10000.0,0.08469220786548565
2020-03-16,QQQ Buy and Hold,16226.505561948577,10000.0,-0.11979816895547232
2020-03-17,QQQ Buy and Hold,17456.84695051781,10000.0,0.07582294190650661
2020-03-18,QQQ Buy and Hold,16926.54392021478,10000.0,-0.030377938914524286
2020-03-19,QQQ Buy and Hold,17028.19332566165,10000.0,0.006005325477310081
2020-03-20,QQQ Buy and Hold,16360.75949367086,10000.0,-0.03919581010305784
2020-03-23,QQQ Buy and Hold,16337.744533947038,10000.0,-0.0014067170740285392
2020-03-24,QQQ Buy and Hold,17602.608362102,10000.0,0.07741973352115981
2020-03-25,QQQ Buy and Hold,17472.19025700035,10000.0,-0.007409021573327596
2020-03-26,QQQ Buy and Hold,18392.78864595317,10000.0,0.05268935236004404
2020-03-27,QQQ Buy and Hold,17759.877253548108,10000.0,-0.03441084462982285
2020-03-30,QQQ Buy and Hold,18406.2140391254,10000.0,0.03639308855291582
2020-03-31,QQQ Buy and Hold,18248.945147679296,10000.0,-0.008544336771907817
2020-04-01,QQQ Buy and Hold,17473.149213655517,10000.0,-0.04251182343667894
2020-04-02,QQQ Buy and Hold,17827.963176064415,10000.0,0.020306240052686397
2020-04-03,QQQ Buy and Hold,17574.798619102392,10000.0,-0.014200419557850499
2020-04-06,QQQ Buy and Hold,18831.99079401608,10000.0,0.07153380258634792
2020-04-07,QQQ Buy and Hold,18824.31914077481,10000.0,-0.0004073734596190248
2020-04-08,QQQ Buy and Hold,19223.24510932103,10000.0,0.021192052980132433
2020-04-09,QQQ Buy and Hold,19251.054852320645,10000.0,0.001446672652898294
2020-04-13,QQQ Buy and Hold,19459.148446490184,10000.0,0.010809464508094583
2020-04-14,QQQ Buy and Hold,20305.907172995747,10000.0,0.04351468559038051
2020-04-15,QQQ Buy and Hold,20072.880705792064,10000.0,-0.011475796930342418
2020-04-16,QQQ Buy and Hold,20439.202148062875,10000.0,0.018249570036308012
2020-04-17,QQQ Buy and Hold,20634.829305715353,10000.0,0.009571173876325516
2020-04-20,QQQ Buy and Hold,20390.29535864976,10000.0,-0.011850543730830056
2020-04-21,QQQ Buy and Hold,19637.5143843498,10000.0,-0.036918590979635964
2020-04-22,QQQ Buy and Hold,20220.56003068659,10000.0,0.02969039945307165
2020-04-23,QQQ Buy and Hold,20177.40698120442,10000.0,-0.002134117423883226
2020-04-24,QQQ Buy and Hold,20495.780590717273,10000.0,0.015778717741552175
2020-04-27,QQQ Buy and Hold,20660.721135404656,10000.0,0.008047536611612777
2020-04-28,QQQ Buy and Hold,20271.38473341003,10000.0,-0.018844279415177547
2020-04-29,QQQ Buy and Hold,20990.602224779417,10000.0,0.03547944557453049
2020-04-30,QQQ Buy and Hold,20981.971614882987,10000.0,-0.0004111654255561012
2020-05-01,QQQ Buy and Hold,20390.295358649768,10000.0,-0.02819926873857411
2020-05-04,QQQ Buy and Hold,20628.116609129247,10000.0,0.011663452946432857
2020-05-05,QQQ Buy and Hold,20862.10203298809,10000.0,0.011343033796662162
2020-05-06,QQQ Buy and Hold,20990.602224779417,10000.0,0.006159503562399333
2020-05-07,QQQ Buy and Hold,21260.069044879147,10000.0,0.012837498286810738
2020-05-08,QQQ Buy and Hold,21551.59186804754,10000.0,0.013712223725755618
2020-05-11,QQQ Buy and Hold,21744.342155734535,10000.0,0.008943668238853746
2020-05-12,QQQ Buy and Hold,21288.837744533925,10000.0,-0.020948180815876516
2020-05-13,QQQ Buy and Hold,21022.24779439967,10000.0,-0.012522522522522528
2020-05-14,QQQ Buy and Hold,21261.028001534305,10000.0,0.011358452695921947
2020-05-15,QQQ Buy and Hold,21399.117759877226,10000.0,0.006494970907942797
2020-05-18,QQQ Buy and Hold,21798.043728423447,10000.0,0.018642168944656045
2020-05-19,QQQ Buy and Hold,21743.383199079373,10000.0,-0.002507588755444077
2020-05-20,QQQ Buy and Hold,22177.790563866485,10000.0,0.01997883037840699
2020-05-21,QQQ Buy and Hold,21936.13348676637,10000.0,-0.010896354909845678
2020-05-22,QQQ Buy and Hold,22011.891062523948,10000.0,0.0034535519125682714
2020-05-26,QQQ Buy and Hold,21952.435749904078,10000.0,-0.0027010542824780193
2020-05-27,QQQ Buy and Hold,22072.305331798972,10000.0,0.005460422855145902
2020-05-28,QQQ Buy and Hold,22043.536632144198,10000.0,-0.001303384454967993
2020-05-29,QQQ Buy and Hold,22366.705024932842,10000.0,0.014660460260147059
2020-06-01,QQQ Buy and Hold,22433.831990793984,10000.0,0.003001200480192028
2020-06-02,QQQ Buy and Hold,22584.388185653977,10000.0,0.006711122510045282
2020-06-03,QQQ Buy and Hold,22686.037591100852,10000.0,0.004500870451360886
2020-06-04,QQQ Buy and Hold,22526.85078634443,10000.0,-0.007016950585450381
2020-06-05,QQQ Buy and Hold,22972.76563099345,10000.0,0.019794815035545553
2020-06-08,QQQ Buy and Hold,23151.13156885306,10000.0,0.007764234429787882
2020-06-09,QQQ Buy and Hold,23318.948983505918,10000.0,0.007248778063126502
2020-06-10,QQQ Buy and Hold,23598.964326812405,10000.0,0.012008060204795066
2020-06-11,QQQ Buy and Hold,22429.99616417336,10000.0,-0.04953472306879596
2020-06-12,QQQ Buy and Hold,22608.36210203297,10000.0,0.007952116289012335
2020-06-15,QQQ Buy and Hold,22882.623705408496,10000.0,0.01213098065829663
2020-06-16,QQQ Buy and Hold,23275.79593402376,10000.0,0.017182130584192417
2020-06-17,QQQ Buy and Hold,23349.63559647102,10000.0,0.0031723796967699828
2020-06-18,QQQ Buy and Hold,23412.926735711528,10000.0,0.00271058359686228
2020-06-19,QQQ Buy and Hold,23409.09090909089,10000.0,-0.00016383370878555003
2020-06-22,QQQ Buy and Hold,23648.830072880686,10000.0,0.010241284666748597
2020-06-23,QQQ Buy and Hold,23850.21097046411,10000.0,0.008515469770082293
2020-06-24,QQQ Buy and Hold,23358.26620636745,10000.0,-0.020626432391138254
2020-06-25,QQQ Buy and Hold,23580.744150364382,10000.0,0.00952459150997616
2020-06-26,QQQ Buy and Hold,23023.590333716897,10000.0,-0.02362749084993901
2020-06-29,QQQ Buy and Hold,23274.836977368603,10000.0,0.010912574451247468
2020-06-30,QQQ Buy and Hold,23731.300345224376,10000.0,0.019611882493510736
2020-07-01,QQQ Buy and Hold,24008.438818565384,10000.0,0.011678183214127025
2020-07-02,QQQ Buy and Hold,24171.461449942446,10000.0,0.00679022208020446
2020-07-06,QQQ Buy and Hold,24765.055619485982,10000.0,0.024557645005157492
2020-07-07,QQQ Buy and Hold,24595.320291522807,10000.0,-0.006853823814133521
2020-07-08,QQQ Buy and Hold,24918.48868431145,10000.0,0.013139426076107316
2020-07-09,QQQ Buy and Hold,25128.500191791314,10000.0,0.008427939195689812
2020-07-10,QQQ Buy and Hold,25300.153433064803,10000.0,0.006831018165165484
2020-07-13,QQQ Buy and Hold,24779.439969313364,10000.0,-0.02058143501497179
2020-07-14,QQQ Buy and Hold,24954.929037207497,10000.0,0.00708204334365341
2020-07-15,QQQ Buy and Hold,25005.753739930933,10000.0,0.002036659877800302
2020-07-16,QQQ Buy and Hold,24835.059455312603,10000.0,-0.006826200337474968
2020-07-17,QQQ Buy and Hold,24863.828154967374,10000.0,0.0011583906093132848
2020-07-20,QQQ Buy and Hold,25569.620253164536,10000.0,0.02838630052452952
2020-07-21,QQQ Buy and Hold,25303.030303030286,10000.0,-0.010426042604260324
2020-07-22,QQQ Buy and Hold,25392.213271960092,10000.0,0.003524596376866546
2020-07-23,QQQ Buy and Hold,24728.615266589935,10000.0,-0.026133917444012295
2020-07-24,QQQ Buy and Hold,24494.629842731094,10000.0,-0.009462132082056842
2020-07-27,QQQ Buy and Hold,24930.955120828527,10000.0,0.017813099479309445
2020-07-28,QQQ Buy and Hold,24614.499424625992,10000.0,-0.012693284098776871
2020-07-29,QQQ Buy and Hold,24897.391637897952,10000.0,0.011492909459248826
2020-07-30,QQQ Buy and Hold,25027.8097429996,10000.0,0.00523822362592926
2020-07-31,QQQ Buy and Hold,25474.683544303778,10000.0,0.01785509023334215
2020-08-03,QQQ Buy and Hold,25818.948983505932,10000.0,0.013514022209674504
2020-08-04,QQQ Buy and Hold,25914.844649021852,10000.0,0.00371415837171297
2020-08-05,QQQ Buy and Hold,25979.09474491752,10000.0,0.002479277679100118
2020-08-06,QQQ Buy and Hold,26323.36018411966,10000.0,0.013251633383780497
2020-08-07,QQQ Buy and Hold,26019.3709244342,10000.0,-0.011548269581056524
2020-08-10,QQQ Buy and Hold,25908.131952435735,10000.0,-0.004275236796520724
2020-08-11,QQQ Buy and Hold,25417.14614499423,10000.0,-0.01895103083243885
2020-08-12,QQQ Buy and Hold,26056.770233985408,10000.0,0.025165063195623526
2020-08-13,QQQ Buy and Hold,26116.225546605274,10000.0,0.002281760635948578
2020-08-14,QQQ Buy and Hold,26085.538933640182,10000.0,-0.0011750018359403438
2020-08-17,QQQ Buy and Hold,26388.569236670486,10000.0,0.011616792882876353
2020-08-18,QQQ Buy and Hold,26641.73379363251,10000.0,0.009593720473871598
2020-08-19,QQQ Buy and Hold,26463.3678557729,10000.0,-0.006694982362680922
2020-08-20,QQQ Buy and Hold,26829.68929804371,10000.0,0.013842585882011862
2020-08-21,QQQ Buy and Hold,27015.726889144596,10000.0,0.00693401958681841
2020-08-24,QQQ Buy and Hold,27184.50326045261,10000.0,0.006247337782195055
2020-08-25,QQQ Buy and Hold,27398.350594553103,10000.0,0.007866516156342462
2020-08-26,QQQ Buy and Hold,27983.314154200212,10000.0,0.021350320254803903
2020-08-27,QQQ Buy and Hold,27896.049098580726,10000.0,-0.003118467495973493
2020-08-28,QQQ Buy and Hold,28037.974683544286,10000.0,0.00508765898934348
2020-08-31,QQQ Buy and Hold,28263.329497506696,10000.0,0.008037485464122111
2020-09-01,QQQ Buy and Hold,28745.68469505177,10000.0,0.01706646761442667
2020-09-02,QQQ Buy and Hold,29018.02838511698,10000.0,0.009474246063517587
2020-09-03,QQQ Buy and Hold,27546.988876102787,10000.0,-0.05069398545935238
2020-09-04,QQQ Buy and Hold,27179.70847717682,10000.0,-0.013332869177748327
2020-09-08,QQQ Buy and Hold,25873.60951285001,10000.0,-0.048054193275235524
2020-09-09,QQQ Buy and Hold,26633.103183736082,10000.0,0.02935398984470559
2020-09-10,QQQ Buy and Hold,26102.80015343305,10000.0,-0.019911424765059697
2020-09-11,QQQ Buy and Hold,25921.557345607966,10000.0,-0.006943423952975703
2020-09-14,QQQ Buy and Hold,26373.225930187942,10000.0,0.017424438607524618
2020-09-15,QQQ Buy and Hold,26746.26006904487,10000.0,0.014144425859937616
2020-09-16,QQQ Buy and Hold,26320.483314154193,10000.0,-0.015919113692589
2020-09-17,QQQ Buy and Hold,25909.0909090909,10000.0,-0.015630123510766276
2020-09-18,QQQ Buy and Hold,25578.250863060985,10000.0,-0.012769264934488076
2020-09-21,QQQ Buy and Hold,25639.624088991168,10000.0,0.002399430135342805
2020-09-22,QQQ Buy and Hold,26116.22554660528,10000.0,0.018588472902718967
2020-09-23,QQQ Buy and Hold,25318.373609512837,10000.0,-0.030550047734449564
2020-09-24,QQQ Buy and Hold,25436.325278097418,10000.0,0.004658737974395948
2020-09-25,QQQ Buy and Hold,26028.00153433064,10000.0,0.023261074458058497
2020-09-28,QQQ Buy and Hold,26567.89413118526,10000.0,0.020742760297693594
2020-09-29,QQQ Buy and Hold,26448.98350594552,10000.0,-0.0044757264031763545
2020-09-30,QQQ Buy and Hold,26629.26735711545,10000.0,0.006816286574090843
2020-10-01,QQQ Buy and Hold,27052.16724204065,10000.0,0.015881018401815064
2020-10-02,QQQ Buy and Hold,26291.714614499415,10000.0,-0.028110599078341035
2020-10-05,QQQ Buy and Hold,26851.74530111238,10000.0,0.021300652879600156
2020-10-06,QQQ Buy and Hold,26373.225930187946,10000.0,-0.01782079211456737
2020-10-07,QQQ Buy and Hold,26828.730341388557,10000.0,0.017271471165733403
2020-10-08,QQQ Buy and Hold,26971.614883007278,10000.0,0.005325803338456623
2020-10-09,QQQ Buy and Hold,27383.96624472573,10000.0,0.015288345303278147
2020-10-12,QQQ Buy and Hold,28229.766014576133,10000.0,0.030886678806555518
2020-10-13,QQQ Buy and Hold,28228.807057920974,10000.0,-3.3969699028435714e-05
2020-10-14,QQQ Buy and Hold,27992.903720751816,10000.0,-0.008356829839997212
2020-10-15,QQQ Buy and Hold,27804.948216340614,10000.0,-0.006714398273440568
2020-10-16,QQQ Buy and Hold,27652.474108170307,10000.0,-0.00548370408691145
2020-10-19,QQQ Buy and Hold,27200.805523590327,10000.0,-0.01633374947981702
2020-10-20,QQQ Buy and Hold,27259.301879555038,10000.0,0.0021505376344086503
2020-10-21,QQQ Buy and Hold,27238.20483314154,10000.0,-0.0007739393512980035
2020-10-22,QQQ Buy and Hold,27237.245876486377,10000.0,-3.520630897073563e-05
2020-10-23,QQQ Buy and Hold,27290.94744917529,10000.0,0.0019716227159102995
2020-10-26,QQQ Buy and Hold,26881.47295742232,10000.0,-0.015004040900945157
2020-10-27,QQQ Buy and Hold,27091.484464902183,10000.0,0.007812499999999992
2020-10-28,QQQ Buy and Hold,26035.67318757192,10000.0,-0.03897207178506953
2020-10-29,QQQ Buy and Hold,26490.218642117376,10000.0,0.017458563535911634
2020-10-30,QQQ Buy and Hold,25818.948983505943,10000.0,-0.025340283811178685
2020-11-02,QQQ Buy and Hold,25876.48638281549,10000.0,0.0022284950230276553
2020-11-03,QQQ Buy and Hold,26324.319140774827,10000.0,0.017306552030833148
2020-11-04,QQQ Buy and Hold,27499.04104334483,10000.0,0.04462496812502277
2020-11-05,QQQ Buy and Hold,28216.340621403906,10000.0,0.02608453061793841
2020-11-06,QQQ Buy and Hold,28237.437667817405,10000.0,0.0007476889613919604
2020-11-09,QQQ Buy and Hold,27660.145761411575,10000.0,-0.020444202947768737
2020-11-10,QQQ Buy and Hold,27164.365170694276,10000.0,-0.01792400499237282
2020-11-11,QQQ Buy and Hold,27772.3436900652,10000.0,0.022381473505842596
2020-11-12,QQQ Buy and Hold,27641.925584963552,10000.0,-0.0046959704430096115
2020-11-13,QQQ Buy and Hold,27884.541618718824,10000.0,0.008777103209019853
2020-11-16,QQQ Buy and Hold,28102.224779439963,10000.0,0.007806589173946072
2020-11-17,QQQ Buy and Hold,28013.041810510156,10000.0,-0.0031735198771540925
2020-11-18,QQQ Buy and Hold,27805.907172995772,10000.0,-0.007394221552786612
2020-11-19,QQQ Buy and Hold,28023.59033371691,10000.0,0.007828666022899845
2020-11-20,QQQ Buy and Hold,27831.799002685075,10000.0,-0.006843924306197173
2020-11-23,QQQ Buy and Hold,27832.75795934023,10000.0,3.445543189880751e-05
2020-11-24,QQQ Buy and Hold,28224.012274645178,10000.0,0.014057331863285501
2020-11-25,QQQ Buy and Hold,28396.624472573832,10000.0,0.006115792334873645
2020-11-27,QQQ Buy and Hold,28658.419639432293,10000.0,0.00921923544508989
2020-11-30,QQQ Buy and Hold,28716.915995397,10000.0,0.0020411577714571083
2020-12-01,QQQ Buy and Hold,29085.15535097813,10000.0,0.01282308154678432
2020-12-02,QQQ Buy and Hold,29122.55466052934,10000.0,0.0012858555885261666
2020-12-03,QQQ Buy and Hold,29163.78979670118,10000.0,0.001415917547499117
2020-12-04,QQQ Buy and Hold,29282.70042194092,10000.0,0.0040773378929370285
2020-12-07,QQQ Buy and Hold,29448.599923283455,10000.0,0.005665444066020308
2020-12-08,QQQ Buy and Hold,29548.331415420016,10000.0,0.003386629326907488
2020-12-09,QQQ Buy and Hold,28878.9796701189,10000.0,-0.022652776425534735
2020-12-10,QQQ Buy and Hold,28995.013425393165,10000.0,0.004017931263490076
2020-12-11,QQQ Buy and Hold,28930.763329497495,10000.0,-0.002215901574282365
2020-12-14,QQQ Buy and Hold,29140.774836977354,10000.0,0.007259107030395432
2020-12-15,QQQ Buy and Hold,29452.43574990409,10000.0,0.01069501118862709
2020-12-16,QQQ Buy and Hold,29614.499424625996,10000.0,0.0055025559209455205
2020-12-17,QQQ Buy and Hold,29808.20866896815,10000.0,0.006541027135548157
2020-12-18,QQQ Buy and Hold,29718.066743383188,10000.0,-0.003024063827049279
2020-12-21,QQQ Buy and Hold,29608.74568469504,10000.0,-0.0036786060019360647
2020-12-22,QQQ Buy and Hold,29689.298043728417,10000.0,0.002720559657986889
2020-12-23,QQQ Buy and Hold,29539.700805523582,10000.0,-0.0050387596899224875
2020-12-24,QQQ Buy and Hold,29670.118910625224,10000.0,0.004415011037527453
2020-12-28,QQQ Buy and Hold,29969.31338703489,10000.0,0.010084033613445394
2020-12-29,QQQ Buy and Hold,29996.16417337935,10000.0,0.0008959426596698757
2020-12-30,QQQ Buy and Hold,29997.123130034506,10000.0,3.196930946288652e-05
2020-12-31,QQQ Buy and Hold,30070.962792481758,10000.0,0.002461558134330686
2021-01-04,QQQ Buy and Hold,29646.14499424624,10000.0,-0.014127176478091738
2021-01-05,QQQ Buy and Hold,29890.678941311828,10000.0,0.008248423095584705
2021-01-06,QQQ Buy and Hold,29476.40966628306,10000.0,-0.013859480269489874
2021-01-07,QQQ Buy and Hold,30188.914461066335,10000.0,0.024172034615134383
2021-01-08,QQQ Buy and Hold,30577.291906405804,10000.0,0.012864902639687467
2021-01-11,QQQ Buy and Hold,30135.212888377417,10000.0,-0.01445775575487679
2021-01-12,QQQ Buy and Hold,30088.224012274615,10000.0,-0.0015592680986476026
2021-01-13,QQQ Buy and Hold,30290.563866513206,10000.0,0.006724885262621156
2021-01-14,QQQ Buy and Hold,30128.500191791303,10000.0,-0.005350302339570069
2021-01-15,QQQ Buy and Hold,29890.67894131182,10000.0,-0.00789356419886695
2021-01-19,QQQ Buy and Hold,30326.045262754094,10000.0,0.014565287135065835
2021-01-20,QQQ Buy and Hold,31031.837360951256,10000.0,0.02327346319251206
2021-01-21,QQQ Buy and Hold,31280.207134637483,10000.0,0.008003708281829341
2021-01-22,QQQ Buy and Hold,31190.06520905252,10000.0,-0.0028817560317606233
2021-01-25,QQQ Buy and Hold,31448.02454929034,10000.0,0.008270561106840884
2021-01-26,QQQ Buy and Hold,31494.05446873798,10000.0,0.001463682380923395
2021-01-27,QQQ Buy and Hold,30615.650172612164,10000.0,-0.027891115035625188
2021-01-28,QQQ Buy and Hold,30796.892980437253,10000.0,0.005919939860928355
2021-01-29,QQQ Buy and Hold,30148.638281549644,10000.0,-0.021049353884477633
2021-02-01,QQQ Buy and Hold,30902.378212504766,10000.0,0.02500079519068677
2021-02-02,QQQ Buy and Hold,31406.789413118495,10000.0,0.016322730799069016
2021-02-03,QQQ Buy and Hold,31282.125047947797,10000.0,-0.0039693444474978214
2021-02-04,QQQ Buy and Hold,31652.282316839246,10000.0,0.011832868397657993
2021-02-05,QQQ Buy and Hold,31759.685462217072,10000.0,0.003393219620080603
2021-02-08,QQQ Buy and Hold,31971.61488300725,10000.0,0.006672906790663908
2021-02-09,QQQ Buy and Hold,31964.902186421135,10000.0,-0.0002099580083982999
2021-02-10,QQQ Buy and Hold,31892.980437284197,10000.0,-0.0022500225002250024
2021-02-11,QQQ Buy and Hold,32067.51054852317,10000.0,0.005472367550664482
2021-02-12,QQQ Buy and Hold,32246.83544303794,10000.0,0.005592105263157909
2021-02-16,QQQ Buy and Hold,32159.57038741846,10000.0,-0.0027061587414874007
2021-02-17,QQQ Buy and Hold,32005.178365937827,10000.0,-0.004800811068702331
2021-02-18,QQQ Buy and Hold,31866.129650939747,10000.0,-0.004344569288389479
2021-02-19,QQQ Buy and Hold,31727.080935941663,10000.0,-0.0043635269334937965
2021-02-22,QQQ Buy and Hold,30904.296125815075,10000.0,-0.025933202357563974
2021-02-23,QQQ Buy and Hold,30812.236286919797,10000.0,-0.002978868650510378
2021-02-24,QQQ Buy and Hold,31066.359800536975,10000.0,0.008247486850704856
2021-02-25,QQQ Buy and Hold,29983.697736862257,10000.0,-0.03484998147919485
2021-02-26,QQQ Buy and Hold,30109.321058688114,10000.0,0.004189720791889219
2021-03-01,QQQ Buy and Hold,31014.576141158384,10000.0,0.030065609274476074
2021-03-02,QQQ Buy and Hold,30516.877637130765,10000.0,-0.016047245068332192
2021-03-03,QQQ Buy and Hold,29631.760644418835,10000.0,-0.02900417936712446
2021-03-04,QQQ Buy and Hold,29146.528576908288,10000.0,-0.016375404530744344
2021-03-05,QQQ Buy and Hold,29585.730724971192,10000.0,0.01506876357175753
2021-03-08,QQQ Buy and Hold,28747.602608362064,10000.0,-0.02832879553999744
2021-03-09,QQQ Buy and Hold,29882.048331415386,10000.0,0.03946227233304437
2021-03-10,QQQ Buy and Hold,29796.701189106217,10000.0,-0.002856134270402061
2021-03-11,QQQ Buy and Hold,30482.355197545035,10000.0,0.023011071060762025
2021-03-12,QQQ Buy and Hold,30234.944380513967,10000.0,-0.008116525623682588
2021-03-15,QQQ Buy and Hold,30558.112773302615,10000.0,0.010688572425386166
2021-03-16,QQQ Buy and Hold,30725.93018795547,10000.0,0.005491746689261281
2021-03-17,QQQ Buy and Hold,30852.512466436485,10000.0,0.004119721606691405
2021-03-18,QQQ Buy and Hold,29907.940161104685,10000.0,-0.030615733689739914
2021-03-19,QQQ Buy and Hold,30013.425393172194,10000.0,0.003526997563165393
2021-03-22,QQQ Buy and Hold,30537.01572688911,10000.0,0.017445204166400344
2021-03-23,QQQ Buy and Hold,30403.720751821984,10000.0,-0.0043650295189046175
2021-03-24,QQQ Buy and Hold,29891.637897966975,10000.0,-0.016842769279293585
2021-03-25,QQQ Buy and Hold,29839.85423858838,10000.0,-0.001732379455262788
2021-03-26,QQQ Buy and Hold,30286.728039892558,10000.0,0.014975736735546382
2021-03-29,QQQ Buy and Hold,30278.097429996127,10000.0,-0.0002849634296931102
2021-03-30,QQQ Buy and Hold,30125.623321825813,10000.0,-0.005035788940267409
2021-03-31,QQQ Buy and Hold,30586.88147295738,10000.0,0.015311157090561842
2021-04-01,QQQ Buy and Hold,31108.553893363973,10000.0,0.017055430147980933
2021-04-05,QQQ Buy and Hold,31729.95780590713,10000.0,0.0199753390875463
2021-04-06,QQQ Buy and Hold,31707.901802838467,10000.0,-0.0006951160541586623
2021-04-07,QQQ Buy and Hold,31784.618335251205,10000.0,0.0024194767881445985
2021-04-08,QQQ Buy and Hold,32115.45838128112,10000.0,0.010408809775230015
2021-04-09,QQQ Buy and Hold,32310.126582278437,10000.0,0.006061510898775843
2021-04-12,QQQ Buy and Hold,32267.932489451432,10000.0,-0.0013059092393078614
2021-04-13,QQQ Buy and Hold,32644.80245492899,10000.0,0.011679396118755406
2021-04-14,QQQ Buy and Hold,32252.58918296888,10000.0,-0.01201457023676644
2021-04-15,QQQ Buy and Hold,32741.65707710007,10000.0,0.015163678530015231
2021-04-16,QQQ Buy and Hold,32780.01534330643,10000.0,0.0011715432153002877
2021-04-19,QQQ Buy and Hold,32479.86191024161,10000.0,-0.009156598309101002
2021-04-20,QQQ Buy and Hold,32242.99961641729,10000.0,-0.007292589312075496
2021-04-21,QQQ Buy and Hold,32519.179133103138,10000.0,0.00856556523808106
2021-04-22,QQQ Buy and Hold,32126.965861143028,10000.0,-0.012060983161805996
2021-04-23,QQQ Buy and Hold,32531.64556962021,10000.0,0.012596262909677117
2021-04-26,QQQ Buy and Hold,32743.57499041039,10000.0,0.0065145619620327186
2021-04-27,QQQ Buy and Hold,32601.649405446835,10000.0,-0.004334455996485463
2021-04-28,QQQ Buy and Hold,32491.369390103522,10000.0,-0.0033826514104186665
2021-04-29,QQQ Buy and Hold,32608.362102032945,10000.0,0.003600731952069026
2021-04-30,QQQ Buy and Hold,32394.514767932444,10000.0,-0.006558051993883126
2021-05-03,QQQ Buy and Hold,32221.90257000379,10000.0,-0.005328439063378856
2021-05-04,QQQ Buy and Hold,31642.692750287646,10000.0,-0.017975655486443747
2021-05-05,QQQ Buy and Hold,31536.248561564975,10000.0,-0.0033639421765615466
2021-05-06,QQQ Buy and Hold,31774.069812044447,10000.0,0.007541202943501676
2021-05-07,QQQ Buy and Hold,32031.070195627108,10000.0,0.0080883684432909
2021-05-10,QQQ Buy and Hold,31222.669735327912,10000.0,-0.025238009700017983
2021-05-11,QQQ Buy and Hold,31179.51668584575,10000.0,-0.001382106330046957
2021-05-12,QQQ Buy and Hold,30372.07518220172,10000.0,-0.02589653687642234
2021-05-13,QQQ Buy and Hold,30607.01956271572,10000.0,0.007735539277595316
2021-05-14,QQQ Buy and Hold,31283.084004602948,10000.0,0.022088542156217725
2021-05-17,QQQ Buy and Hold,31093.21058688143,10000.0,-0.006069523634357237
2021-05-18,QQQ Buy and Hold,30883.199079401566,10000.0,-0.006754256106587706
2021-05-19,QQQ Buy and Hold,30918.680475642457,10000.0,0.0011488899239248704
2021-05-20,QQQ Buy and Hold,31517.069428461786,10000.0,0.019353638111779693
2021-05-21,QQQ Buy and Hold,31342.53931722281,10000.0,-0.005537637680277642
2021-05-24,QQQ Buy and Hold,31869.96547756036,10000.0,0.0168278056541427
2021-05-25,QQQ Buy and Hold,31914.07748369769,10000.0,0.0013841246915810208
2021-05-26,QQQ Buy and Hold,32024.35749904099,10000.0,0.0034555288461537775
2021-05-27,QQQ Buy and Hold,31905.44687380125,10000.0,-0.0037131307081898763
2021-05-28,QQQ Buy and Hold,32005.178365937805,10000.0,0.003125845330768599
2021-06-01,QQQ Buy and Hold,31899.693133870293,10000.0,-0.003295880149812802
2021-06-02,QQQ Buy and Hold,31961.066359800483,10000.0,0.0019239440853751487
2021-06-03,QQQ Buy and Hold,31629.2673571154,10000.0,-0.010381349575444917
2021-06-04,QQQ Buy and Hold,32165.32412734939,10000.0,0.016948124791559386
2021-06-07,QQQ Buy and Hold,32261.21979286531,10000.0,0.0029813368314352156
2021-06-08,QQQ Buy and Hold,32276.56309934786,10000.0,0.0004755959812138641
2021-06-09,QQQ Buy and Hold,32284.23475258914,10000.0,0.00023768494860075147
2021-06-10,QQQ Buy and Hold,32620.82853855001,10000.0,0.01042594902869361
2021-06-11,QQQ Buy and Hold,32706.175680859174,10000.0,0.0026163388893788
2021-06-14,QQQ Buy and Hold,33019.75450709623,10000.0,0.009587755820090253
2021-06-15,QQQ Buy and Hold,32803.98925968541,10000.0,-0.006534429181308628
2021-06-16,QQQ Buy and Hold,32684.119677790513,10000.0,-0.003654115996258185
2021-06-17,QQQ Buy and Hold,33099.34790947444,10000.0,0.012704280726461993
2021-06-18,QQQ Buy and Hold,32839.4706559263,10000.0,-0.007851431220303733
2021-06-21,QQQ Buy and Hold,33005.37015726884,10000.0,0.00505183238428973
2021-06-22,QQQ Buy and Hold,33313.19524357493,10000.0,0.00932651519553716
2021-06-23,QQQ Buy and Hold,33329.49750671264,10000.0,0.0004893635395377412
2021-06-24,QQQ Buy and Hold,33535.67318757187,10000.0,0.006185982276441412
2021-06-25,QQQ Buy and Hold,33494.43805140002,10000.0,-0.0012295902319064563
2021-06-28,QQQ Buy and Hold,33901.03567318752,10000.0,0.012139257901969793
2021-06-29,QQQ Buy and Hold,34023.782125047896,10000.0,0.0036207286716452526
2021-06-30,QQQ Buy and Hold,33970.08055235898,10000.0,-0.0015783540022547978
2021-07-01,QQQ Buy and Hold,33983.505945531215,10000.0,0.00039521228545614937
2021-07-02,QQQ Buy and Hold,34373.801304181005,10000.0,0.011484846774648663
2021-07-06,QQQ Buy and Hold,34522.43958573068,10000.0,0.004324173524898902
2021-07-07,QQQ Buy and Hold,34595.32029152278,10000.0,0.0021111111111110858
2021-07-08,QQQ Buy and Hold,34386.26774069808,10000.0,-0.006042798536423126
2021-07-09,QQQ Buy and Hold,34601.07403145374,10000.0,0.006246862624797839
2021-07-12,QQQ Buy and Hold,34736.28691983119,10000.0,0.003907765644919974
2021-07-13,QQQ Buy and Hold,34736.28691983119,10000.0,0.0
2021-07-14,QQQ Buy and Hold,34798.61910241654,10000.0,0.0017944399966871249
2021-07-15,QQQ Buy and Hold,34554.08515535095,10000.0,-0.007027116402116434
2021-07-16,QQQ Buy and Hold,34274.06981204447,10000.0,-0.008103682735270333
2021-07-19,QQQ Buy and Hold,33993.09551208283,10000.0,-0.008197867994739953
2021-07-20,QQQ Buy and Hold,34388.18565400841,10000.0,0.011622658542089834
2021-07-21,QQQ Buy and Hold,34653.8166474875,10000.0,0.0077244841048521515
2021-07-22,QQQ Buy and Hold,34883.00728807055,10000.0,0.006613720009962051
2021-07-23,QQQ Buy and Hold,35290.5638665132,10000.0,0.01168352760061579
2021-07-26,QQQ Buy and Hold,35318.37360951282,10000.0,0.000788022064617865
2021-07-27,QQQ Buy and Hold,34929.03720751819,10000.0,-0.0110236220472441
2021-07-28,QQQ Buy and Hold,35063.29113924047,10000.0,0.003843619591478084
2021-07-29,QQQ Buy and Hold,35125.62332182582,10000.0,0.0017777048462969975
2021-07-30,QQQ Buy and Hold,34942.462600690415,10000.0,-0.005214447568866267
2021-08-02,QQQ Buy and Hold,34945.3394706559,10000.0,8.233163181302365e-05
2021-08-03,QQQ Buy and Hold,35157.268891446074,10000.0,0.006064597568672592
2021-08-04,QQQ Buy and Hold,35208.093594169506,10000.0,0.0014456385358135747
2021-08-05,QQQ Buy and Hold,35431.5304948216,10000.0,0.006346180035407984
2021-08-06,QQQ Buy and Hold,35276.179516685814,10000.0,-0.004384540435206248
2021-08-09,QQQ Buy and Hold,35341.388569236646,10000.0,0.0018485293318110335
2021-08-10,QQQ Buy and Hold,35160.14576141156,10000.0,-0.0051283442774191215
2021-08-11,QQQ Buy and Hold,35099.73149213653,10000.0,-0.0017182599209054834
2021-08-12,QQQ Buy and Hold,35226.31377061755,10000.0,0.0036063603081798626
2021-08-13,QQQ Buy and Hold,35350.01917913309,10000.0,0.0035117329994011556
2021-08-16,QQQ Buy and Hold,35365.36248561564,10000.0,0.00043403955185423055
2021-08-17,QQQ Buy and Hold,35053.7015726889,10000.0,-0.008812603378616557
2021-08-18,QQQ Buy and Hold,34716.14883007287,10000.0,-0.009629589101056078
2021-08-19,QQQ Buy and Hold,34883.96624472572,10000.0,0.004833987072537429
2021-08-20,QQQ Buy and Hold,35245.49290372073,10000.0,0.010363691343431396
2021-08-23,QQQ Buy and Hold,35771.96010740312,10000.0,0.014937149697991925
2021-08-24,QQQ Buy and Hold,35881.28116609127,10000.0,0.0030560544728307193
2021-08-25,QQQ Buy and Hold,35922.51630226312,10000.0,0.001149210252024499
2021-08-26,QQQ Buy and Hold,35694.28461833523,10000.0,-0.006353443673251456
2021-08-27,QQQ Buy and Hold,36041.42692750285,10000.0,0.009725431196604017
2021-08-30,QQQ Buy and Hold,36446.10663598003,10000.0,0.011228182205193773
2021-08-31,QQQ Buy and Hold,36416.3789796701,10000.0,-0.0008156606851549815
2021-09-01,QQQ Buy and Hold,36476.793248945134,10000.0,0.0016589861751151954
2021-09-02,QQQ Buy and Hold,36459.532029152266,10000.0,-0.0004732109995268069
2021-09-03,QQQ Buy and Hold,36571.729957805896,10000.0,0.0030773277222514886
2021-09-07,QQQ Buy and Hold,36623.51361718449,10000.0,0.0014159477672601947
2021-09-08,QQQ Buy and Hold,36495.97238204832,10000.0,-0.003482495875991833
2021-09-09,QQQ Buy and Hold,36370.34906022246,10000.0,-0.003442114667087084
2021-09-10,QQQ Buy and Hold,36094.16954353662,10000.0,-0.007593534948717261
2021-09-13,QQQ Buy and Hold,36069.23667050248,10000.0,-0.0006907728685671535
2021-09-14,QQQ Buy and Hold,35966.62830840045,10000.0,-0.0028447611198255743
2021-09-15,QQQ Buy and Hold,36234.17721518987,10000.0,0.007438809790433585
2021-09-16,QQQ Buy and Hold,36259.110088224006,10000.0,0.0006881037448722798
2021-09-17,QQQ Buy and Hold,35829.49750671269,10000.0,-0.011848403903625977
2021-09-20,QQQ Buy and Hold,35050.82470272343,10000.0,-0.021732730241147673
2021-09-21,QQQ Buy and Hold,35093.97775220559,10000.0,0.0012311564663073202
2021-09-22,QQQ Buy and Hold,35421.94092827003,10000.0,0.009345283637556061
2021-09-23,QQQ Buy and Hold,35747.98619102415,10000.0,0.00920461313552433
2021-09-24,QQQ Buy and Hold,35781.54967395473,10000.0,0.0009388915714362969
2021-09-27,QQQ Buy and Hold,35496.739547372454,10000.0,-0.007959692332430978
2021-09-28,QQQ Buy and Hold,34491.75297276563,10000.0,-0.028312081262156952
2021-09-29,QQQ Buy and Hold,34435.17453011123,10000.0,-0.0016403469750890564
2021-09-30,QQQ Buy and Hold,34308.59225163022,10000.0,-0.003675958673313078
2021-10-01,QQQ Buy and Hold,34521.480629075566,10000.0,0.006205103837661144
2021-10-04,QQQ Buy and Hold,33796.50939777522,10000.0,-0.021000583349537492
2021-10-05,QQQ Buy and Hold,34252.97276563099,10000.0,0.013506228187157708
2021-10-06,QQQ Buy and Hold,34472.57383966245,10000.0,0.006411153727708
2021-10-07,QQQ Buy and Hold,34789.02953586498,10000.0,0.009179926560587389
2021-10-08,QQQ Buy and Hold,34615.458381281176,10000.0,-0.0049892496830033235
2021-10-11,QQQ Buy and Hold,34349.82738780208,10000.0,-0.007673767903149953
2021-10-12,QQQ Buy and Hold,34229.95780590718,10000.0,-0.003489670575097711
2021-10-13,QQQ Buy and Hold,34504.219409282705,10000.0,0.008012326656394491
2021-10-14,QQQ Buy and Hold,35140.00767165324,10000.0,0.0184263917067341
2021-10-15,QQQ Buy and Hold,35361.52665899501,10000.0,0.0063038969544809585
2021-10-18,QQQ Buy and Hold,35716.34062140391,10000.0,0.010033898305084716
2021-10-19,QQQ Buy and Hold,35986.766398158805,10000.0,0.007571486105517501
2021-10-20,QQQ Buy and Hold,35939.77752205601,10000.0,-0.001305726543555331
2021-10-21,QQQ Buy and Hold,36159.37859608746,10000.0,0.00611025134745723
2021-10-22,QQQ Buy and Hold,35855.389336402,10000.0,-0.008406927095764755
2021-10-25,QQQ Buy and Hold,36222.669735327974,10000.0,0.010243380583043705
2021-10-26,QQQ Buy and Hold,36336.78557729192,10000.0,0.0031503984327429582
2021-10-27,QQQ Buy and Hold,36421.173762945924,10000.0,0.0023223899503852937
2021-10-28,QQQ Buy and Hold,36825.8534714231,10000.0,0.011111111111111033
2021-10-29,QQQ Buy and Hold,37007.09627924819,10000.0,0.004921618665694608
2021-11-01,QQQ Buy and Hold,37133.6785577292,10000.0,0.003420486641963134
2021-11-02,QQQ Buy and Hold,37289.02953586499,10000.0,0.004183560158045618
2021-11-03,QQQ Buy and Hold,37684.11967779057,10000.0,0.010595345248810607
2021-11-04,QQQ Buy and Hold,38167.4338319908,10000.0,0.012825406519581554
2021-11-05,QQQ Buy and Hold,38203.87418488685,10000.0,0.0009547498806562535
2021-11-08,QQQ Buy and Hold,38152.09052550826,10000.0,-0.001355455709229558
2021-11-09,QQQ Buy and Hold,37889.336401994646,10000.0,-0.0068870177202463466
2021-11-10,QQQ Buy and Hold,37333.14154200232,10000.0,-0.014679456353926782
2021-11-11,QQQ Buy and Hold,37435.74990410435,10000.0,0.002748452390126103
2021-11-12,QQQ Buy and Hold,37829.88108937478,10000.0,0.01052820328910296
2021-11-15,QQQ Buy and Hold,37821.250479478345,10000.0,-0.00022814266521339408
2021-11-16,QQQ Buy and Hold,38090.71729957808,10000.0,0.007124746450304266
2021-11-17,QQQ Buy and Hold,38110.85538933642,10000.0,0.0005286875959820659
2021-11-18,QQQ Buy and Hold,38505.945531262005,10000.0,0.01036686628755474
2021-11-19,QQQ Buy and Hold,38720.75182201766,10000.0,0.005578522687652418
2021-11-22,QQQ Buy and Hold,38271.001150747994,10000.0,-0.011615236019614637
2021-11-23,QQQ Buy and Hold,38096.47103950902,10000.0,-0.004560374852790081
2021-11-24,QQQ Buy and Hold,38219.2174913694,10000.0,0.0032219900823118523
2021-11-26,QQQ Buy and Hold,37494.246260069056,10000.0,-0.018968761761385025
2021-11-29,QQQ Buy and Hold,38308.400460299206,10000.0,0.021714110335302714
2021-11-30,QQQ Buy and Hold,37745.49290372076,10000.0,-0.014694102333032954
2021-12-01,QQQ Buy and Hold,37103.950901419266,10000.0,-0.01699651939737303
2021-12-02,QQQ Buy and Hold,37371.49980820868,10000.0,0.007210792928770711
2021-12-03,QQQ Buy and Hold,36721.32719601075,10000.0,-0.017397552025865317
2021-12-06,QQQ Buy and Hold,37015.72688914462,10000.0,0.008017131068341454
2021-12-07,QQQ Buy and Hold,38130.0345224396,10000.0,0.030103626943005193
2021-12-08,QQQ Buy and Hold,38300.72880705793,10000.0,0.0044766359841053585
2021-12-09,QQQ Buy and Hold,37736.86229382433,10000.0,-0.01472208312468702
2021-12-10,QQQ Buy and Hold,38147.29574223246,10000.0,0.010876194348444881
2021-12-13,QQQ Buy and Hold,37595.895665515935,10000.0,-0.014454499748617395
2021-12-14,QQQ Buy and Hold,37207.51822017646,10000.0,-0.010330315010840483
2021-12-15,QQQ Buy and Hold,38055.235903337176,10000.0,0.02278350515463911
2021-12-16,QQQ Buy and Hold,37077.100115074805,10000.0,-0.025703054127608076
2021-12-17,QQQ Buy and Hold,36892.02148062908,10000.0,-0.004991723567142579
2021-12-20,QQQ Buy and Hold,36487.34177215191,10000.0,-0.010969301551818177
2021-12-21,QQQ Buy and Hold,37304.372842347526,10000.0,0.022392178506662412
2021-12-22,QQQ Buy and Hold,37757.95934023782,10000.0,0.012159070460913649
2021-12-23,QQQ Buy and Hold,38042.7694668201,10000.0,0.0075430487123481745
2021-12-27,QQQ Buy and Hold,38671.84503260452,10000.0,0.016536008671321628
2021-12-28,QQQ Buy and Hold,38492.520138089756,10000.0,-0.0046370917747414996
2021-12-29,QQQ Buy and Hold,38486.7663981588,10000.0,-0.00014947683109118654
2021-12-30,QQQ Buy and Hold,38371.6915995397,10000.0,-0.002989983555090419
2021-12-31,QQQ Buy and Hold,38131.9524357499,10000.0,-0.006247813265357125
2022-01-03,QQQ Buy and Hold,38499.23283467588,10000.0,0.009631827783925262
2022-01-04,QQQ Buy and Hold,37999.61641733794,10000.0,-0.012977308391660737
2022-01-05,QQQ Buy and Hold,36832.5661680092,10000.0,-0.030712158683692568
2022-01-06,QQQ Buy and Hold,36806.67433831991,10000.0,-0.0007029602436928372
2022-01-07,QQQ Buy and Hold,36407.74836977369,10000.0,-0.010838413839820666
2022-01-10,QQQ Buy and Hold,36431.72228615267,10000.0,0.0006584839066533214
2022-01-11,QQQ Buy and Hold,36979.28653624856,10000.0,0.015029875496828141
2022-01-12,QQQ Buy and Hold,37126.00690448791,10000.0,0.003967636533374754
2022-01-13,QQQ Buy and Hold,36196.777905638664,10000.0,-0.025029058504455633
2022-01-14,QQQ Buy and Hold,36422.132719601075,10000.0,0.006225825253007002
2022-01-18,QQQ Buy and Hold,35515.91868047565,10000.0,-0.024880861483373234
2022-01-19,QQQ Buy and Hold,35125.62332182586,10000.0,-0.010989307700615599
2022-01-20,QQQ Buy and Hold,34669.15995397008,10000.0,-0.01299516776324783
2022-01-21,QQQ Buy and Hold,33708.285385500574,10000.0,-0.027715542278649027
2022-01-24,QQQ Buy and Hold,33861.71845032604,10000.0,0.004551790845210728
2022-01-25,QQQ Buy and Hold,33077.29190640583,10000.0,-0.02316558579479484
2022-01-26,QQQ Buy and Hold,33025.50824702723,10000.0,-0.0015655350360943394
2022-01-27,QQQ Buy and Hold,32692.750287686995,10000.0,-0.010075786172653011
2022-01-28,QQQ Buy and Hold,33718.833908707325,10000.0,0.03138566232547221
2022-01-31,QQQ Buy and Hold,34796.70118910625,10000.0,0.03196632728513739
2022-02-01,QQQ Buy and Hold,35033.56348293056,10000.0,0.0068070330154879856
2022-02-02,QQQ Buy and Hold,35318.37360951284,10000.0,0.008129636219308645
2022-02-03,QQQ Buy and Hold,33885.692366705014,10000.0,-0.04056475699158294
2022-02-04,QQQ Buy and Hold,34313.38703490601,10000.0,0.012621688929137365
2022-02-07,QQQ Buy and Hold,34037.207518220166,10000.0,-0.008048739589737845
2022-02-08,QQQ Buy and Hold,34419.83122362868,10000.0,0.011241336563926323
2022-02-09,QQQ Buy and Hold,35149.59723820482,10000.0,0.021201905664057098
2022-02-10,QQQ Buy and Hold,34353.6632144227,10000.0,-0.022644186173405387
2022-02-11,QQQ Buy and Hold,33264.288454161855,10000.0,-0.03171058508262621
2022-02-14,QQQ Buy and Hold,33305.5235903337,10000.0,0.0012396217712177318
2022-02-15,QQQ Buy and Hold,34133.10318373608,10000.0,0.024848118395669562
2022-02-16,QQQ Buy and Hold,34124.47257383965,10000.0,-0.00025285160420288527
2022-02-17,QQQ Buy and Hold,33109.89643268123,10000.0,-0.029731628495152564
2022-02-18,QQQ Buy and Hold,32732.067510548506,10000.0,-0.011411359226112892
2022-02-22,QQQ Buy and Hold,32403.145377828903,10000.0,-0.010048926259045519
2022-02-23,QQQ Buy and Hold,31573.64787111621,10000.0,-0.02559928973068949
2022-02-24,QQQ Buy and Hold,32634.253931722273,10000.0,0.03359149582384207
2022-02-25,QQQ Buy and Hold,33140.58304564632,10000.0,0.015515265493226684
2022-02-28,QQQ Buy and Hold,33239.35558112772,10000.0,0.0029804103127984887
2022-03-01,QQQ Buy and Hold,32730.14959723819,10000.0,-0.015319369915180896
2022-03-02,QQQ Buy and Hold,33279.631760644406,10000.0,0.01678825700975658
2022-03-03,QQQ Buy and Hold,32803.98925968545,10000.0,-0.014292300599354645
2022-03-04,QQQ Buy and Hold,32328.346758726497,10000.0,-0.01449953227315242
2022-03-07,QQQ Buy and Hold,31136.363636363625,10000.0,-0.03687114380635977
2022-03-08,QQQ Buy and Hold,30991.56118143459,10000.0,-0.004650589793341313
2022-03-09,QQQ Buy and Hold,32106.827771384727,10000.0,0.035986137756049245
2022-03-10,QQQ Buy and Hold,31751.05485232067,10000.0,-0.011080911561781247
2022-03-11,QQQ Buy and Hold,31092.25163022631,10000.0,-0.02074901842343704
2022-03-14,QQQ Buy and Hold,30494.821634062137,10000.0,-0.01921475495790031
2022-03-15,QQQ Buy and Hold,31451.860375911005,10000.0,0.0313836477987422
2022-03-16,QQQ Buy and Hold,32617.951668584574,10000.0,0.03707543142874556
2022-03-17,QQQ Buy and Hold,33013.04181051016,10000.0,0.012112659493149894
2022-03-18,QQQ Buy and Hold,33689.10625239739,10000.0,0.02047870795329115
2022-03-21,QQQ Buy and Hold,33553.89336401994,10000.0,-0.004013549286954613
2022-03-22,QQQ Buy and Hold,34212.696586114296,10000.0,0.01963418119462705
2022-03-23,QQQ Buy and Hold,33721.710778672794,10000.0,-0.014350982425652395
2022-03-24,QQQ Buy and Hold,34470.65592635212,10000.0,0.022209583392577854
2022-03-25,QQQ Buy and Hold,34441.88722669735,10000.0,-0.000834585211149932
2022-03-28,QQQ Buy and Hold,34975.067126965856,10000.0,0.015480565764561761
2022-03-29,QQQ Buy and Hold,35577.29190640582,10000.0,0.017218688308839582
2022-03-30,QQQ Buy and Hold,35184.11967779055,10000.0,-0.011051212938005452
2022-03-31,QQQ Buy and Hold,34747.79439969313,10000.0,-0.012401199236849155
2022-04-01,QQQ Buy and Hold,34681.626390487145,10000.0,-0.0019042362356837248
2022-04-04,QQQ Buy and Hold,35396.04909858074,10000.0,0.02059945805452632
2022-04-05,QQQ Buy and Hold,34609.70464135021,10000.0,-0.02221559968573051
2022-04-06,QQQ Buy and Hold,33857.8826237054,10000.0,-0.021722867196808156
2022-04-07,QQQ Buy and Hold,33938.43498273878,10000.0,0.0023791316169599
2022-04-08,QQQ Buy and Hold,33464.710395090144,10000.0,-0.013958350993190352
2022-04-11,QQQ Buy and Hold,32672.61219792865,10000.0,-0.023669656417457222
2022-04-12,QQQ Buy and Hold,32534.52243958573,10000.0,-0.0042264682574623515
2022-04-13,QQQ Buy and Hold,33196.20253164557,10000.0,0.02033778406578841
2022-04-14,QQQ Buy and Hold,32436.708860759492,10000.0,-0.02287893231649194
2022-04-18,QQQ Buy and Hold,32461.64173379363,10000.0,0.0007686622320768393
2022-04-19,QQQ Buy and Hold,33187.571921749135,10000.0,0.022362707157838745
2022-04-20,QQQ Buy and Hold,32703.298810893746,10000.0,-0.014592001849283436
2022-04-21,QQQ Buy and Hold,32026.275412351366,10000.0,-0.0207019910271822
2022-04-22,QQQ Buy and Hold,31188.147295742237,10000.0,-0.026170015270832736
2022-04-25,QQQ Buy and Hold,31588.99117759878,10000.0,0.0128524428865726
2022-04-26,QQQ Buy and Hold,30396.049098580752,10000.0,-0.037764488024042975
2022-04-27,QQQ Buy and Hold,30359.608745684698,10000.0,-0.0011988516263370423
2022-04-28,QQQ Buy and Hold,31438.43498273878,10000.0,0.03553491898038473
2022-04-29,QQQ Buy and Hold,30023.97391637898,10000.0,-0.04499145924841386
2022-05-02,QQQ Buy and Hold,30524.54929037208,10000.0,0.01667252227793934
2022-05-03,QQQ Buy and Hold,30557.153816647493,10000.0,0.0010681411202914611
2022-05-04,QQQ Buy and Hold,31590.9090909091,10000.0,0.033830221245881156
2022-05-05,QQQ Buy and Hold,30000.000000000004,10000.0,-0.050359712230215924
2022-05-06,QQQ Buy and Hold,29640.39125431531,10000.0,-0.011986958189489836
2022-05-09,QQQ Buy and Hold,28480.053701572695,10000.0,-0.03914717396227625
2022-05-10,QQQ Buy and Hold,28826.237054085166,10000.0,0.012155291423953715
2022-05-11,QQQ Buy and Hold,27971.806674338328,10000.0,-0.029640718562874334
2022-05-12,QQQ Buy and Hold,27905.638665132345,10000.0,-0.002365525043710781
2022-05-13,QQQ Buy and Hold,28939.393939393947,10000.0,0.037044673539518805
2022-05-16,QQQ Buy and Hold,28603.75911008823,10000.0,-0.01159785274040692
2022-05-17,QQQ Buy and Hold,29345.03260452628,10000.0,0.025915247418532985
2022-05-18,QQQ Buy and Hold,27904.679708477182,10000.0,-0.04908336328878136
2022-05-19,QQQ Buy and Hold,27755.082470272348,10000.0,-0.0053610089693803984
2022-05-20,QQQ Buy and Hold,27668.776371308017,10000.0,-0.003109560169989407
2022-05-23,QQQ Buy and Hold,28129.075565784427,10000.0,0.016636051710394107
2022-05-24,QQQ Buy and Hold,27530.686612965095,10000.0,-0.02127296901101152
2022-05-25,QQQ Buy and Hold,27916.18718833909,10000.0,0.014002577588909538
2022-05-26,QQQ Buy and Hold,28689.106252397392,10000.0,0.027687128576826637
2022-05-27,QQQ Buy and Hold,29626.00690448792,10000.0,0.032657017749105795
2022-05-31,QQQ Buy and Hold,29547.372458764865,10000.0,-0.0026542370686864544
2022-06-01,QQQ Buy and Hold,29328.730341388567,10000.0,-0.0073997143969882825
2022-06-02,QQQ Buy and Hold,30131.377061756808,10000.0,0.027367250850117725
2022-06-03,QQQ Buy and Hold,29347.909474491757,10000.0,-0.026001718595843416
2022-06-06,QQQ Buy and Hold,29445.723053317994,10000.0,0.0033328976604364846
2022-06-07,QQQ Buy and Hold,29699.846566935175,10000.0,0.00863023513319865
2022-06-08,QQQ Buy and Hold,29485.99923283468,10000.0,-0.007200284136772986
2022-06-09,QQQ Buy and Hold,28695.818948983513,10000.0,-0.026798490958761575
2022-06-10,QQQ Buy and Hold,27684.119677790568,10000.0,-0.03525598182061226
2022-06-13,QQQ Buy and Hold,26397.19984656694,10000.0,-0.04648584987356686
2022-06-14,QQQ Buy and Hold,26445.1476793249,10000.0,0.0018163984451629311
2022-06-15,QQQ Buy and Hold,27104.90985807442,10000.0,0.024948326503970684
2022-06-16,QQQ Buy and Hold,26011.699271192952,10000.0,-0.0403325667787015
2022-06-17,QQQ Buy and Hold,26328.154967395483,10000.0,0.012165898617511562
2022-06-21,QQQ Buy and Hold,26939.969313387042,10000.0,0.02323802586049898
2022-06-22,QQQ Buy and Hold,26900.652090525513,10000.0,-0.0014594382942370876
2022-06-23,QQQ Buy and Hold,27301.495972382054,10000.0,0.014900898331669781
2022-06-24,QQQ Buy and Hold,28237.437667817423,10000.0,0.034281700035124665
2022-06-27,QQQ Buy and Hold,28030.30303030304,10000.0,-0.007335461522787368
2022-06-28,QQQ Buy and Hold,27175.8726505562,10000.0,-0.03048238111529259
2022-06-29,QQQ Buy and Hold,27200.805523590338,10000.0,0.0009174635661102753
2022-06-30,QQQ Buy and Hold,26863.252780974304,10000.0,-0.012409659791997117
2022-07-01,QQQ Buy and Hold,27040.65976217876,10000.0,0.0066040766786849775
2022-07-05,QQQ Buy and Hold,27503.835826620645,10000.0,0.017128874388254427
2022-07-06,QQQ Buy and Hold,27680.283851169934,10000.0,0.006415396952686361
2022-07-07,QQQ Buy and Hold,28272.919064058315,10000.0,0.021410012125411423
2022-07-08,QQQ Buy and Hold,28307.441503644048,10000.0,0.0012210426347387094
2022-07-11,QQQ Buy and Hold,27703.29881089376,10000.0,-0.02134218638842783
2022-07-12,QQQ Buy and Hold,27434.790947449186,10000.0,-0.0096922704143446
2022-07-13,QQQ Buy and Hold,27378.212504794796,10000.0,-0.002062288091160037
2022-07-14,QQQ Buy and Hold,27476.026083621033,10000.0,0.0035726795096321603
2022-07-15,QQQ Buy and Hold,27974.683544303814,10000.0,0.018148820326678927
2022-07-18,QQQ Buy and Hold,27737.821250479494,10000.0,-0.00846702317290562
2022-07-19,QQQ Buy and Hold,28590.33371691601,10000.0,0.030734658599827092
2022-07-20,QQQ Buy and Hold,29043.92021480631,10000.0,0.015865029851747564
2022-07-21,QQQ Buy and Hold,29461.06635980056,10000.0,0.014362597814243809
2022-07-22,QQQ Buy and Hold,28944.188722669754,10000.0,-0.01754443070112637
2022-07-25,QQQ Buy and Hold,28779.248177982376,10000.0,-0.005698572043865655
2022-07-26,QQQ Buy and Hold,28214.422708093614,10000.0,-0.019626137083069494
2022-07-27,QQQ Buy and Hold,29406.40583045648,10000.0,0.0422472979403166
2022-07-28,QQQ Buy and Hold,29694.092827004235,10000.0,0.00978314038806457
2022-07-29,QQQ Buy and Hold,30234.944380514018,10000.0,0.018214112707896152
2022-08-01,QQQ Buy and Hold,30216.72420406599,10000.0,-0.0006026198103333367
2022-08-02,QQQ Buy and Hold,30126.58227848103,10000.0,-0.0029831799428752703
2022-08-03,QQQ Buy and Hold,30947.449175297294,10000.0,0.027247262541380192
2022-08-04,QQQ Buy and Hold,31092.25163022633,10000.0,0.004678978681209689
2022-08-05,QQQ Buy and Hold,30838.128116609143,10000.0,-0.008173210375350936
2022-08-08,QQQ Buy and Hold,30738.396624472593,10000.0,-0.003234031967162024
2022-08-09,QQQ Buy and Hold,30390.295358649808,10000.0,-0.011324639670555922
2022-08-10,QQQ Buy and Hold,31238.971998465684,10000.0,0.02792590956422948
2022-08-11,QQQ Buy and Hold,31061.56501726124,10000.0,-0.0056790275049114864
2022-08-12,QQQ Buy and Hold,31666.666666666686,10000.0,0.01948071995307339
2022-08-15,QQQ Buy and Hold,31922.70809359419,10000.0,0.008085518745078913
2022-08-16,QQQ Buy and Hold,31847.909474491775,10000.0,-0.0023431163447384202
2022-08-17,QQQ Buy and Hold,31484.46490218644,10000.0,-0.011411881605492218
2022-08-18,QQQ Buy and Hold,31560.22247794402,10000.0,0.002406189083820725
2022-08-19,QQQ Buy and Hold,30944.57230533182,10000.0,-0.019507155662240636
2022-08-22,QQQ Buy and Hold,30130.41810510167,10000.0,-0.026310080882580834
2022-08-23,QQQ Buy and Hold,30105.48523206753,10000.0,-0.0008274984086568775
2022-08-24,QQQ Buy and Hold,30191.791331031854,10000.0,0.0028667898324519886
2022-08-25,QQQ Buy and Hold,30725.930187955524,10000.0,0.017691525854402396
2022-08-26,QQQ Buy and Hold,29466.820099731503,10000.0,-0.04097874598171109
2022-08-29,QQQ Buy and Hold,29176.256233218275,10000.0,-0.009860713355896814
2022-08-30,QQQ Buy and Hold,28851.16992711931,10000.0,-0.011142152834839726
2022-08-31,QQQ Buy and Hold,28683.352512466452,10000.0,-0.0058166589111214514
2022-09-01,QQQ Buy and Hold,28695.81894898352,10000.0,0.00043462271405167143
2022-09-02,QQQ Buy and Hold,28291.13924050634,10000.0,-0.014102392728244978
2022-09-06,QQQ Buy and Hold,28087.840429612595,10000.0,-0.007185953494678343
2022-09-07,QQQ Buy and Hold,28654.58381281168,10000.0,0.020177534994878885
2022-09-08,QQQ Buy and Hold,28803.222094361354,10000.0,0.005187242729493696
2022-09-09,QQQ Buy and Hold,29433.25661680094,10000.0,0.021873751498202133
2022-09-12,QQQ Buy and Hold,29783.27579593404,10000.0,0.011891962336689073
2022-09-13,QQQ Buy and Hold,28150.17261219795,10000.0,-0.054832893296413075
2022-09-14,QQQ Buy and Hold,28372.65055619488,10000.0,0.007903253278828114
2022-09-15,QQQ Buy and Hold,27900.84388185656,10000.0,-0.01662892486565051
2022-09-16,QQQ Buy and Hold,27730.149597238225,10000.0,-0.006117889671764814
2022-09-19,QQQ Buy and Hold,27896.049098580763,10000.0,0.00598263996956794
2022-09-20,QQQ Buy and Hold,27673.57115458383,10000.0,-0.007975249226538306
2022-09-21,QQQ Buy and Hold,27177.790563866532,10000.0,-0.01791530944625393
2022-09-22,QQQ Buy and Hold,26843.114691215975,10000.0,-0.012314314950072364
2022-09-23,QQQ Buy and Hold,26406.789413118542,10000.0,-0.016254644184052626
2022-09-26,QQQ Buy and Hold,26297.468354430395,10000.0,-0.004139884519010736
2022-09-27,QQQ Buy and Hold,26308.016877637143,10000.0,0.0004011231448052977
2022-09-28,QQQ Buy and Hold,26830.648254698906,10000.0,0.019865859881898543
2022-09-29,QQQ Buy and Hold,26057.729190640603,10000.0,-0.028807319775545952
2022-09-30,QQQ Buy and Hold,25615.650172612215,10000.0,-0.016965370036433274
2022-10-03,QQQ Buy and Hold,26216.915995397023,10000.0,0.023472596585804063
2022-10-04,QQQ Buy and Hold,27040.65976217877,10000.0,0.031420315300486605
2022-10-05,QQQ Buy and Hold,27026.27541235138,10000.0,-0.0005319526207533658
2022-10-06,QQQ Buy and Hold,26813.387034906045,10000.0,-0.007877089025298835
2022-10-07,QQQ Buy and Hold,25792.098197161507,10000.0,-0.038088766496191244
2022-10-10,QQQ Buy and Hold,25534.138856923684,10000.0,-0.010001487209994043
2022-10-11,QQQ Buy and Hold,25183.160721135424,10000.0,-0.01374544635144766
2022-10-12,QQQ Buy and Hold,25174.530111238986,10000.0,-0.00034271352956868293
2022-10-13,QQQ Buy and Hold,25765.24741081705,10000.0,0.023464878866372184
2022-10-14,QQQ Buy and Hold,24990.41043344843,10000.0,-0.030072949233288612
2022-10-17,QQQ Buy and Hold,25816.072113540486,10000.0,0.033039140445126465
2022-10-18,QQQ Buy and Hold,26020.32988108939,10000.0,0.007912038928717342
2022-10-19,QQQ Buy and Hold,25925.393172228636,10000.0,-0.0036485590034641127
2022-10-20,QQQ Buy and Hold,25793.05715381667,10000.0,-0.0051044941742185886
2022-10-21,QQQ Buy and Hold,26398.15880322211,10000.0,0.02345986541249933
2022-10-24,QQQ Buy and Hold,26687.76371308019,10000.0,0.010970648067422402
2022-10-25,QQQ Buy and Hold,27240.12274645188,10000.0,0.020697089471792995
2022-10-26,QQQ Buy and Hold,26637.897967011908,10000.0,-0.022108005350982292
2022-10-27,QQQ Buy and Hold,26153.624856156523,10000.0,-0.018179854561163347
2022-10-28,QQQ Buy and Hold,26953.39470655928,10000.0,0.030579694203057877
2022-10-31,QQQ Buy and Hold,26639.81588032223,10000.0,-0.011634112498665748
2022-11-01,QQQ Buy and Hold,26368.431146912182,10000.0,-0.010187185025197927
2022-11-02,QQQ Buy and Hold,25464.135021097067,10000.0,-0.034294650325490075
2022-11-03,QQQ Buy and Hold,24966.43651706945,10000.0,-0.01954507795435715
2022-11-04,QQQ Buy and Hold,25368.239355581154,10000.0,0.016093719992318022
2022-11-07,QQQ Buy and Hold,25647.295742232476,10000.0,0.01100022680880006
2022-11-08,QQQ Buy and Hold,25834.292289988512,10000.0,0.00729108244531684
2022-11-09,QQQ Buy and Hold,25237.8212504795,10000.0,-0.023088344469190687
2022-11-10,QQQ Buy and Hold,27100.115074798647,10000.0,0.0737898016566609
2022-11-11,QQQ Buy and Hold,27599.73149213658,10000.0,0.01843595187544225
2022-11-14,QQQ Buy and Hold,27358.074415036466,10000.0,-0.008755776380250796
2022-11-15,QQQ Buy and Hold,27736.862293824346,10000.0,0.01384556065757646
2022-11-16,QQQ Buy and Hold,27358.07441503647,10000.0,-0.013656479048540964
2022-11-17,QQQ Buy and Hold,27297.66014576144,10000.0,-0.0022082792947526915
2022-11-18,QQQ Buy and Hold,27298.6191024166,10000.0,3.512962832850033e-05
2022-11-21,QQQ Buy and Hold,27017.644802454957,10000.0,-0.010292619524361564
2022-11-22,QQQ Buy and Hold,27406.981204449585,10000.0,0.014410449350464975
2022-11-23,QQQ Buy and Hold,27682.201764480273,10000.0,0.010041987403778882
2022-11-25,QQQ Buy and Hold,27500.000000000025,10000.0,-0.006581910139605896
2022-11-28,QQQ Buy and Hold,27096.27924817801,10000.0,-0.014680754611709663
2022-11-29,QQQ Buy and Hold,26891.062523973942,10000.0,-0.007573612684031662
2022-11-30,QQQ Buy and Hold,28117.56808592254,10000.0,0.045610156194279876
2022-12-01,QQQ Buy and Hold,28152.090525508273,10000.0,0.0012277889567204859
2022-12-02,QQQ Buy and Hold,28039.892596854646,10000.0,-0.0039854208536295125
2022-12-05,QQQ Buy and Hold,27569.044879171488,10000.0,-0.016792065663474586
2022-12-06,QQQ Buy and Hold,26997.50671269661,10000.0,-0.020731155866291127
2022-12-07,QQQ Buy and Hold,26887.226697353304,10000.0,-0.0040848222214328045
2022-12-08,QQQ Buy and Hold,27205.600306866156,10000.0,0.011841072829731056
2022-12-09,QQQ Buy and Hold,27032.029152282343,10000.0,-0.006379978850898845
2022-12-12,QQQ Buy and Hold,27371.499808208697,10000.0,0.012558090035120156
2022-12-13,QQQ Buy and Hold,27665.899501342563,10000.0,0.010755701923413772
2022-12-14,QQQ Buy and Hold,27460.6827771385,10000.0,-0.007417677642980888
2022-12-15,QQQ Buy and Hold,26538.16647487536,10000.0,-0.033594077385109666
2022-12-16,QQQ Buy and Hold,26285.960874568493,10000.0,-0.009503505095035034
2022-12-19,QQQ Buy and Hold,25854.430379746856,10000.0,-0.016416766991353835
2022-12-20,QQQ Buy and Hold,25834.29228998851,10000.0,-0.0007789028596863483
2022-12-21,QQQ Buy and Hold,26209.244342155755,10000.0,0.014513734224202024
2022-12-22,QQQ Buy and Hold,25567.70233985426,10000.0,-0.024477699315795243
2022-12-23,QQQ Buy and Hold,25625.239739163815,10000.0,0.002250393818918396
2022-12-27,QQQ Buy and Hold,25262.75412351364,10000.0,-0.014145647780854836
2022-12-28,QQQ Buy and Hold,24929.037207518242,10000.0,-0.013209839052535751
2022-12-29,QQQ Buy and Hold,25537.01572688917,10000.0,0.024388367441144917
2022-12-30,QQQ Buy and Hold,25521.67242040662,10000.0,-0.0006008261359370071
2023-01-03,QQQ Buy and Hold,25349.060222477965,10000.0,-0.006763357631321904
2023-01-04,QQQ Buy and Hold,25469.888761028025,10000.0,0.004766588484527683
2023-01-05,QQQ Buy and Hold,25070.9627924818,10000.0,-0.01566265060240973
2023-01-06,QQQ Buy and Hold,25763.32949750674,10000.0,0.027616279069767546
2023-01-09,QQQ Buy and Hold,25930.187955504436,10000.0,0.00647658750837472
2023-01-10,QQQ Buy and Hold,26149.789029535896,10000.0,0.00846893491124268
2023-01-11,QQQ Buy and Hold,26601.457614115872,10000.0,0.01727236055594257
2023-01-12,QQQ Buy and Hold,26745.30111238975,10000.0,0.005407354001441962
2023-01-13,QQQ Buy and Hold,26929.420790180313,10000.0,0.006884187880960975
2023-01-17,QQQ Buy and Hold,26984.081319524383,10000.0,0.0020297699594045765
2023-01-18,QQQ Buy and Hold,26633.103183736122,10000.0,-0.013006858808059876
2023-01-19,QQQ Buy and Hold,26372.266973532824,10000.0,-0.00979368451373646
2023-01-20,QQQ Buy and Hold,27093.402378212533,10000.0,0.027344460201447155
2023-01-23,QQQ Buy and Hold,27695.627157652507,10000.0,0.022227728028881996
2023-01-24,QQQ Buy and Hold,27639.048714998116,10000.0,-0.0020428655517467365
2023-01-25,QQQ Buy and Hold,27577.675489067926,10000.0,-0.0022205259870933425
2023-01-26,QQQ Buy and Hold,28115.650172612233,10000.0,0.019507615272272114
2023-01-27,QQQ Buy and Hold,28394.70655926356,10000.0,0.00992530441010957
2023-01-30,QQQ Buy and Hold,27821.250479478364,10000.0,-0.020195879770347914
2023-01-31,QQQ Buy and Hold,28238.396624472614,10000.0,0.014993795670757006
2023-02-01,QQQ Buy and Hold,28841.58036056774,10000.0,0.021360410228546078
2023-02-02,QQQ Buy and Hold,29877.253548139666,10000.0,0.03590903045617772
2023-02-03,QQQ Buy and Hold,29345.991561181476,10000.0,-0.01778148671202985
2023-02-06,QQQ Buy and Hold,29097.62178749525,10000.0,-0.008463499117704644
2023-02-07,QQQ Buy and Hold,29700.805523590378,10000.0,0.02072965758164987
2023-02-08,QQQ Buy and Hold,29172.420406597663,10000.0,-0.017790262172284795
2023-02-09,QQQ Buy and Hold,28914.46106635984,10000.0,-0.00884257585220735
2023-02-10,QQQ Buy and Hold,28724.587648638324,10000.0,-0.006566728575218763
2023-02-13,QQQ Buy and Hold,29184.88684311473,10000.0,0.01602457100888013
2023-02-14,QQQ Buy and Hold,29400.65209052555,10000.0,0.007393047249786424
2023-02-15,QQQ Buy and Hold,29626.006904487964,10000.0,0.007664959718190492
2023-02-16,QQQ Buy and Hold,29069.812044495633,10000.0,-0.018773871949245846
2023-02-17,QQQ Buy and Hold,28864.59532029157,10000.0,-0.007059444481097798
2023-02-21,QQQ Buy and Hold,28181.818181818227,10000.0,-0.023654485049833904
2023-02-22,QQQ Buy and Hold,28202.91522823173,10000.0,0.0007486048727372644
2023-02-23,QQQ Buy and Hold,28448.40813195248,10000.0,0.008704522271336288
2023-02-24,QQQ Buy and Hold,27972.76563099352,10000.0,-0.01671947684217635
2023-02-27,QQQ Buy and Hold,28173.187571921793,10000.0,0.0071648954405211926
2023-02-28,QQQ Buy and Hold,28136.747219025743,10000.0,-0.0012934408931549591
2023-03-01,QQQ Buy and Hold,27910.433448408174,10000.0,-0.008043352305647433
2023-03-02,QQQ Buy and Hold,28141.542002301532,10000.0,0.008280364198591197
2023-03-03,QQQ Buy and Hold,28722.669735328003,10000.0,0.0206501737885913
2023-03-06,QQQ Buy and Hold,28755.27426160342,10000.0,0.001135149572649679
2023-03-07,QQQ Buy and Hold,28402.37821250484,10000.0,-0.01227239378376578
2023-03-08,QQQ Buy and Hold,28544.303797468398,10000.0,0.004996961307313182
2023-03-09,QQQ Buy and Hold,28050.441120061412,10000.0,-0.01730161929718482
2023-03-10,QQQ Buy and Hold,27656.309934790985,10000.0,-0.014050801681993826
2023-03-13,QQQ Buy and Hold,27861.52665899506,10000.0,0.007420249653259513
2023-03-14,QQQ Buy and Hold,28501.150747986234,10000.0,0.022957252013491976
2023-03-15,QQQ Buy and Hold,28650.74798619107,10000.0,0.005248813969920266
2023-03-16,QQQ Buy and Hold,29406.40583045651,10000.0,0.026374803360444475
2023-03-17,QQQ Buy and Hold,29267.35711545843,10000.0,-0.004728517854231172
2023-03-20,QQQ Buy and Hold,29325.853471423143,10000.0,0.0019986893840105296
2023-03-21,QQQ Buy and Hold,29744.917529727707,10000.0,0.014289918576894165
2023-03-22,QQQ Buy and Hold,29340.23782125053,10000.0,-0.013605003546328025
2023-03-23,QQQ Buy and Hold,29688.339087073313,10000.0,0.011864295986403437
2023-03-24,QQQ Buy and Hold,29797.660145761463,10000.0,0.003682289479634495
2023-03-27,QQQ Buy and Hold,29593.40237821256,10000.0,-0.006854825732951422
2023-03-28,QQQ Buy and Hold,29436.13348676645,10000.0,-0.005314322747893853
2023-03-29,QQQ Buy and Hold,29973.149213655593,10000.0,0.018243419338024574
2023-03-30,QQQ Buy and Hold,30256.04142692755,10000.0,0.009438187867929321
2023-03-31,QQQ Buy and Hold,30759.49367088612,10000.0,0.01663972615764952
2023-04-03,QQQ Buy and Hold,30684.695051783707,10000.0,-0.0024317246539467914
2023-04-04,QQQ Buy and Hold,30581.12773302651,10000.0,-0.0033752109506845454
2023-04-05,QQQ Buy and Hold,30279.05638665137,10000.0,-0.009877704609595413
2023-04-06,QQQ Buy and Hold,30483.314154200274,10000.0,0.006745843230403786
2023-04-10,QQQ Buy and Hold,30466.052934407406,10000.0,-0.0005662514156285606
2023-04-11,QQQ Buy and Hold,30270.425776754935,10000.0,-0.006421152030217071
2023-04-12,QQQ Buy and Hold,30003.835826620678,10000.0,-0.00880694418044741
2023-04-13,QQQ Buy and Hold,30590.7172995781,10000.0,0.01956021477882896
2023-04-14,QQQ Buy and Hold,30533.179900268547,10000.0,-0.0018808777429467798
2023-04-17,QQQ Buy and Hold,30559.07172995785,10000.0,0.0008479899497488652
2023-04-18,QQQ Buy and Hold,30560.989643268167,10000.0,6.276084978184896e-05
2023-04-19,QQQ Buy and Hold,30546.60529344078,10000.0,-0.0004706768332861943
2023-04-20,QQQ Buy and Hold,30313.5788262371,10000.0,-0.007628555283480902
2023-04-21,QQQ Buy and Hold,30345.22439585735,10000.0,0.0010439404004934487
2023-04-24,QQQ Buy and Hold,30281.93325661684,10000.0,-0.002085703450891243
2023-04-25,QQQ Buy and Hold,29711.354046797125,10000.0,-0.01884223193362464
2023-04-26,QQQ Buy and Hold,29891.63789796705,10000.0,0.006067843656198546
2023-04-27,QQQ Buy and Hold,30703.87418488689,10000.0,0.027172692566808983
2023-04-28,QQQ Buy and Hold,30915.803605677065,10000.0,0.006902367418327127
2023-05-01,QQQ Buy and Hold,30880.322209436174,10000.0,-0.0011476782778622307
2023-05-02,QQQ Buy and Hold,30610.85538933644,10000.0,-0.00872616607664121
2023-05-03,QQQ Buy and Hold,30410.433448408174,10000.0,-0.006547413928135006
2023-05-04,QQQ Buy and Hold,30303.030303030344,10000.0,-0.0035317860746720627
2023-05-05,QQQ Buy and Hold,30947.44917529732,10000.0,0.021265822784810214
2023-05-08,QQQ Buy and Hold,31024.16570771005,10000.0,0.0024789291026275236
2023-05-09,QQQ Buy and Hold,30827.57959340242,10000.0,-0.006336547972304508
2023-05-10,QQQ Buy and Hold,31163.214422708137,10000.0,0.01088748561296544
2023-05-11,QQQ Buy and Hold,31264.863828155005,10000.0,0.0032618395544202396
2023-05-12,QQQ Buy and Hold,31152.665899501386,10000.0,-0.0035886268134832965
2023-05-15,QQQ Buy and Hold,31321.4422708094,10000.0,0.005417718401773043
2023-05-16,QQQ Buy and Hold,31356.92366705029,10000.0,0.0011328148919233498
2023-05-17,QQQ Buy and Hold,31736.670502493325,10000.0,0.012110462093641944
2023-05-18,QQQ Buy and Hold,32325.46988876107,10000.0,0.01855265145792412
2023-05-19,QQQ Buy and Hold,32252.58918296897,10000.0,-0.0022545907621109823
2023-05-22,QQQ Buy and Hold,32360.951285001964,10000.0,0.0033597954390033463
2023-05-23,QQQ Buy and Hold,31950.517836593834,10000.0,-0.012682984650032517
2023-05-24,QQQ Buy and Hold,31787.495205216772,10000.0,-0.005102347079656608
2023-05-25,QQQ Buy and Hold,32560.414269275076,10000.0,0.024315192470133952
2023-05-26,QQQ Buy and Hold,33392.78864595325,10000.0,0.025563998350709802
2023-05-30,QQQ Buy and Hold,33544.303797468405,10000.0,0.004537361438171225
2023-05-31,QQQ Buy and Hold,33353.47142309172,10000.0,-0.005688965122927413
2023-06-01,QQQ Buy and Hold,33738.97199846571,10000.0,0.011558034559098306
2023-06-02,QQQ Buy and Hold,33991.177598772585,10000.0,0.007475201091436193
2023-06-05,QQQ Buy and Hold,34015.15151515156,10000.0,0.0007052982000789934
2023-06-06,QQQ Buy and Hold,34009.39777522061,10000.0,-0.0001691522652307583
2023-06-07,QQQ Buy and Hold,33433.06482546994,10000.0,-0.01694628506978709
2023-06-08,QQQ Buy and Hold,33847.33410049871,10000.0,0.012391005048187223
2023-06-09,QQQ Buy and Hold,33976.7932489452,10000.0,0.0038247960108794845
2023-06-12,QQQ Buy and Hold,34551.20828538555,10000.0,0.01690609917868536
2023-06-13,QQQ Buy and Hold,34816.839278864645,10000.0,0.007688037746322459
2023-06-14,QQQ Buy and Hold,35070.003835826676,10000.0,0.007271325088825809
2023-06-15,QQQ Buy and Hold,35488.10893747608,10000.0,0.011922014711109933
2023-06-16,QQQ Buy and Hold,35264.67203682399,10000.0,-0.006296106142081185
2023-06-20,QQQ Buy and Hold,35165.89950134259,10000.0,-0.002800891934519034
2023-06-21,QQQ Buy and Hold,34686.421173762996,10000.0,-0.013634752256551499
2023-06-22,QQQ Buy and Hold,35095.89566551597,10000.0,0.011805037184484916
2023-06-23,QQQ Buy and Hold,34747.794399693186,10000.0,-0.009918574785507391
2023-06-26,QQQ Buy and Hold,34281.74146528582,10000.0,-0.013412446529598492
2023-06-27,QQQ Buy and Hold,34871.49980820872,10000.0,0.01720327841338213
2023-06-28,QQQ Buy and Hold,34939.585730725026,10000.0,0.001952480475195348
2023-06-29,QQQ Buy and Hold,34869.5818948984,10000.0,-0.002003567997804359
2023-06-30,QQQ Buy and Hold,35407.55657844271,10000.0,0.01542819426874213
2023-07-03,QQQ Buy and Hold,35490.98580744156,10000.0,0.0023562549088644055
2023-07-05,QQQ Buy and Hold,35490.0268507864,10000.0,-2.7019724398940145e-05
2023-07-06,QQQ Buy and Hold,35219.60107403151,10000.0,-0.0076197681645005086
2023-07-07,QQQ Buy and Hold,35102.60836210209,10000.0,-0.0033218068451002546
2023-07-10,QQQ Buy and Hold,35114.115841964,10000.0,0.00032782406775031973
2023-07-11,QQQ Buy and Hold,35287.68699654781,10000.0,0.004943059234781665
2023-07-12,QQQ Buy and Hold,35732.642884541674,10000.0,0.012609380944616517
2023-07-13,QQQ Buy and Hold,36339.66244725744,10000.0,0.01698781600558205
2023-07-14,QQQ Buy and Hold,36331.990794016165,10000.0,-0.00021110964507186722
2023-07-17,QQQ Buy and Hold,36671.46144994252,10000.0,0.009343574313088977
2023-07-18,QQQ Buy and Hold,36971.61488300734,10000.0,0.008184932402395323
2023-07-19,QQQ Buy and Hold,36962.98427311091,10000.0,-0.0002334388130934062
2023-07-20,QQQ Buy and Hold,36110.47180667439,10000.0,-0.02306395122583989
2023-07-21,QQQ Buy and Hold,36002.1097046414,10000.0,-0.0030008497981729217
2023-07-24,QQQ Buy and Hold,36059.64710395095,10000.0,0.0015981674346748152
2023-07-25,QQQ Buy and Hold,36304.181051016545,10000.0,0.0067813738265564225
2023-07-26,QQQ Buy and Hold,36183.35251246649,10000.0,-0.0033282265307200353
2023-07-27,QQQ Buy and Hold,36097.04641350216,10000.0,-0.002385243294816011
2023-07-28,QQQ Buy and Hold,36754.89067894136,10000.0,0.018224323893523076
2023-07-31,QQQ Buy and Hold,36774.069812044545,10000.0,0.0005218117303278164
2023-08-01,QQQ Buy and Hold,36688.72266973537,10000.0,-0.002320851152602595
2023-08-02,QQQ Buy and Hold,35883.19907940165,10000.0,-0.021955618285893458
2023-08-03,QQQ Buy and Hold,35825.6616800921,10000.0,-0.0016034634811192784
2023-08-04,QQQ Buy and Hold,35657.844265439235,10000.0,-0.00468427955780401
2023-08-07,QQQ Buy and Hold,35959.91561181438,10000.0,0.008471385542168766
2023-08-08,QQQ Buy and Hold,35654.0084388186,10000.0,-0.008506893517160451
2023-08-09,QQQ Buy and Hold,35262.75412351365,10000.0,-0.01097364174287247
2023-08-10,QQQ Buy and Hold,35327.96317606448,10000.0,0.0018492331121504131
2023-08-11,QQQ Buy and Hold,35102.608362102066,10000.0,-0.006378935939196433
2023-08-14,QQQ Buy and Hold,35496.73954737249,10000.0,0.011227974320448064
2023-08-15,QQQ Buy and Hold,35119.86958189493,10000.0,-0.010617030473308857
2023-08-16,QQQ Buy and Hold,34747.794399693164,10000.0,-0.010594435191000178
2023-08-17,QQQ Buy and Hold,34368.047564250126,10000.0,-0.01092866013522847
2023-08-18,QQQ Buy and Hold,34324.89451476796,10000.0,-0.0012556153910544062
2023-08-21,QQQ Buy and Hold,34878.212504794814,10000.0,0.01612002011510304
2023-08-22,QQQ Buy and Hold,34828.34675872653,10000.0,-0.0014297104836270157
2023-08-23,QQQ Buy and Hold,35377.82892213275,10000.0,0.015776866103141655
2023-08-24,QQQ Buy and Hold,34621.21212121215,10000.0,-0.02138675051501692
2023-08-25,QQQ Buy and Hold,34889.719984656724,10000.0,0.007755588178267766
2023-08-28,QQQ Buy and Hold,35152.47410817034,10000.0,0.007530989747959237
2023-08-29,QQQ Buy and Hold,35919.639432297685,10000.0,0.021823935401151212
2023-08-30,QQQ Buy and Hold,36120.06137322596,10000.0,0.00557973142536784
2023-08-31,QQQ Buy and Hold,36228.42347525895,10000.0,0.003000053098284913
2023-09-01,QQQ Buy and Hold,36190.06520905258,10000.0,-0.0010587892744647399
2023-09-05,QQQ Buy and Hold,36236.09512850022,10000.0,0.0012718937968680098
2023-09-06,QQQ Buy and Hold,35916.76256233222,10000.0,-0.0088125545822637
2023-09-07,QQQ Buy and Hold,35659.76217874955,10000.0,-0.007155444011320571
2023-09-08,QQQ Buy and Hold,35709.62792481783,10000.0,0.0013983757328026188
2023-09-11,QQQ Buy and Hold,36130.60989643272,10000.0,0.011789032708523516
2023-09-12,QQQ Buy and Hold,35729.76601457618,10000.0,-0.011094301563287966
2023-09-13,QQQ Buy and Hold,35865.937859608784,10000.0,0.0038111597197992863
2023-09-14,QQQ Buy and Hold,36159.378596087496,10000.0,0.00818159942247534
2023-09-15,QQQ Buy and Hold,35540.85155350982,10000.0,-0.017105577213779904
2023-09-18,QQQ Buy and Hold,35526.467203682434,10000.0,-0.00040472721385779846
2023-09-19,QQQ Buy and Hold,35450.70962792486,10000.0,-0.00213242637730456
2023-09-20,QQQ Buy and Hold,34939.58573072501,10000.0,-0.01441787491884869
2023-09-21,QQQ Buy and Hold,34299.002685078674,10000.0,-0.018334019486757256
2023-09-22,QQQ Buy and Hold,34303.79746835447,10000.0,0.00013979366455115432
2023-09-25,QQQ Buy and Hold,34466.82009973152,10000.0,0.0047523202504752
2023-09-26,QQQ Buy and Hold,33948.98350594556,10000.0,-0.015024205664682082
2023-09-27,QQQ Buy and Hold,34028.576908323776,10000.0,0.0023445003107170244
2023-09-28,QQQ Buy and Hold,34313.387034906045,10000.0,0.008369733690291589
2023-09-29,QQQ Buy and Hold,34338.31990794019,10000.0,0.0007266223240735311
2023-10-02,QQQ Buy and Hold,34625.04794783278,10000.0,0.00835008936550494
2023-10-03,QQQ Buy and Hold,34017.06942846186,10000.0,-0.017558922092668943
2023-10-04,QQQ Buy and Hold,34480.24549290375,10000.0,0.01361598962591262
2023-10-05,QQQ Buy and Hold,34378.59608745688,10000.0,-0.0029480476137501454
2023-10-06,QQQ Buy and Hold,34954.92903720755,10000.0,0.016764295676429543
2023-10-09,QQQ Buy and Hold,35133.29497506716,10000.0,0.0051027406655510515
2023-10-10,QQQ Buy and Hold,35327.96317606447,10000.0,0.005540846685045098
2023-10-11,QQQ Buy and Hold,35580.168776371334,10000.0,0.0071389793702497165
2023-10-12,QQQ Buy and Hold,35456.4633678558,10000.0,-0.003476807805298665
2023-10-13,QQQ Buy and Hold,35010.54852320678,10000.0,-0.012576405041380521
2023-10-16,QQQ Buy and Hold,35406.59762178753,10000.0,0.011312279164041887
2023-10-17,QQQ Buy and Hold,35290.563866513265,10000.0,-0.0032771789177185318
2023-10-18,QQQ Buy and Hold,34827.38780207138,10000.0,-0.013124643352082781
2023-10-19,QQQ Buy and Hold,34501.34253931726,10000.0,-0.009361748994988804
2023-10-20,QQQ Buy and Hold,33986.38281549678,10000.0,-0.014925787981544134
2023-10-23,QQQ Buy and Hold,34088.991177598815,10000.0,0.0030191021698033156
2023-10-24,QQQ Buy and Hold,34420.79018028389,10000.0,0.009733318330145098
2023-10-25,QQQ Buy and Hold,33578.82623705413,10000.0,-0.02446091268735714
2023-10-26,QQQ Buy and Hold,32938.24319140779,10000.0,-0.01907699337445741
2023-10-27,QQQ Buy and Hold,33096.47103950906,10000.0,0.004803773145452362
2023-10-30,QQQ Buy and Hold,33469.50517836598,10000.0,0.011271115231941548
2023-10-31,QQQ Buy and Hold,33629.650939777566,10000.0,0.00478482608446512
2023-11-01,QQQ Buy and Hold,34212.696586114354,10000.0,0.017337249422566894
2023-11-02,QQQ Buy and Hold,34834.10049865751,10000.0,0.018162962132466348
2023-11-03,QQQ Buy and Hold,35243.57499041048,10000.0,0.011754989676531264
2023-11-06,QQQ Buy and Hold,35387.418488684365,10000.0,0.004081410535481063
2023-11-07,QQQ Buy and Hold,35721.135404679764,10000.0,0.009430383177063623
2023-11-08,QQQ Buy and Hold,35744.150364403584,10000.0,0.0006442953020134473
2023-11-09,QQQ Buy and Hold,35469.88876102805,10000.0,-0.007672908729945843
2023-11-10,QQQ Buy and Hold,36266.78174146534,10000.0,0.022466745971666494
2023-11-13,QQQ Buy and Hold,36153.62485615655,10000.0,-0.0031201248049922176
2023-11-14,QQQ Buy and Hold,36932.297660145814,10000.0,0.021537890241638165
2023-11-15,QQQ Buy and Hold,36960.10740314543,10000.0,0.0007529924960403512
2023-11-16,QQQ Buy and Hold,36991.75297276569,10000.0,0.0008562088111669972
2023-11-17,QQQ Buy and Hold,37000.383582662114,10000.0,0.00023331173039526894
2023-11-20,QQQ Buy and Hold,37450.13425393177,10000.0,0.012155297532656019
2023-11-21,QQQ Buy and Hold,37233.41004986579,10000.0,-0.005787007400199706
2023-11-22,QQQ Buy and Hold,37385.88415803611,10000.0,0.004095088469364185
2023-11-24,QQQ Buy and Hold,37333.141542002355,10000.0,-0.0014107628379418544
2023-11-27,QQQ Buy and Hold,37300.53701572694,10000.0,-0.0008733400118157124
2023-11-28,QQQ Buy and Hold,37398.35059455318,10000.0,0.002622310203871717
2023-11-29,QQQ Buy and Hold,37361.91024165713,10000.0,-0.0009743839585630284
2023-11-30,QQQ Buy and Hold,37267.93248945153,10000.0,-0.0025153358486692287
2023-12-01,QQQ Buy and Hold,37374.3766781742,10000.0,0.002856187118853443
2023-12-04,QQQ Buy and Hold,37027.234369006575,10000.0,-0.009288243444347526
2023-12-05,QQQ Buy and Hold,37120.25316455702,10000.0,0.002512172381642936
2023-12-06,QQQ Buy and Hold,36905.44687380137,10000.0,-0.005786767935105408
2023-12-07,QQQ Buy and Hold,37421.36555427701,10000.0,0.013979472521761713
2023-12-08,QQQ Buy and Hold,37587.265055619544,10000.0,0.0044332829357044854
2023-12-11,QQQ Buy and Hold,37908.515535097875,10000.0,0.00854679048882545
2023-12-12,QQQ Buy and Hold,38210.58688147301,10000.0,0.007968429839872447
2023-12-13,QQQ Buy and Hold,38696.77790563872,10000.0,0.012723987351302498
2023-12-14,QQQ Buy and Hold,38663.21442270815,10000.0,-0.0008673456744231307
2023-12-15,QQQ Buy and Hold,38850.21097046419,10000.0,0.0048365494320154485
2023-12-18,QQQ Buy and Hold,39017.069428461895,10000.0,0.004294917680744475
2023-12-19,QQQ Buy and Hold,39216.532412735,10000.0,0.005112197999360936
2023-12-20,QQQ Buy and Hold,38633.486766398215,10000.0,-0.014867343195989691
2023-12-21,QQQ Buy and Hold,39083.23743766788,10000.0,0.011641472435276882
2023-12-22,QQQ Buy and Hold,39141.73379363259,10000.0,0.001496712140543757
2023-12-26,QQQ Buy and Hold,39380.51400076723,10000.0,0.006100399343410856
2023-12-27,QQQ Buy and Hold,39461.0663598006,10000.0,0.002045487751424475
2023-12-28,QQQ Buy and Hold,39441.887226697414,10000.0,-0.0004860267314702032
2023-12-29,QQQ Buy and Hold,39271.19294207908,10000.0,-0.004327741308047726
2024-01-02,QQQ Buy and Hold,38606.63598005376,10000.0,-0.01692225043953899
2024-01-03,QQQ Buy and Hold,38198.120444955945,10000.0,-0.010581484885367224
2024-01-04,QQQ Buy and Hold,38001.53433064831,10000.0,-0.005146486581477698
2024-01-05,QQQ Buy and Hold,38046.6052934408,10000.0,0.0011860300797416658
2024-01-08,QQQ Buy and Hold,38832.94975067133,10000.0,0.020667926906112133
2024-01-09,QQQ Buy and Hold,38909.66628308407,10000.0,0.001975552537350318
2024-01-10,QQQ Buy and Hold,39173.37936325285,10000.0,0.006777572396796057
2024-01-11,QQQ Buy and Hold,39275.02876869972,10000.0,0.0025948592411260767
2024-01-12,QQQ Buy and Hold,39275.02876869972,10000.0,0.0
2024-01-15,QQQ Buy and Hold,39271.19294207908,10000.0,-9.766578767462756e-05
2024-01-16,QQQ Buy and Hold,39049.67395473731,10000.0,-0.005640750146512997
2024-01-17,QQQ Buy and Hold,39603.950901419325,10000.0,0.014194150438348837
2024-01-18,QQQ Buy and Hold,40389.336401994704,10000.0,0.019830988643792822
2024-01-19,QQQ Buy and Hold,40389.336401994704,10000.0,0.0
2024-01-21,QQQ Buy and Hold,40442.07901802846,10000.0,0.001305854978868919
2024-01-22,QQQ Buy and Hold,40609.896432681315,10000.0,0.004149574372228677
2024-01-23,QQQ Buy and Hold,40835.25124664372,10000.0,0.005549258524605568
2024-01-24,QQQ Buy and Hold,40885.116992712,10000.0,0.0012211445882160455
2024-01-25,QQQ Buy and Hold,40641.54200230156,10000.0,-0.0059575466166295775
2024-01-26,QQQ Buy and Hold,40641.54200230156,10000.0,0.0
2024-01-28,QQQ Buy and Hold,41057.729190640646,10000.0,0.010240437932092152
2024-01-29,QQQ Buy and Hold,40784.42654392028,10000.0,-0.006656545603176378
2024-01-30,QQQ Buy and Hold,39985.61565017267,10000.0,-0.01958617446508343
2024-01-31,QQQ Buy and Hold,40456.46336785583,10000.0,0.011775427488788084
2024-02-01,QQQ Buy and Hold,41140.19946298434,10000.0,0.016900540438039242
2024-02-02,QQQ Buy and Hold,41140.19946298434,10000.0,0.0
2024-02-04,QQQ Buy and Hold,41086.497890295424,10000.0,-0.0013053308780681156
2024-02-05,QQQ Buy and Hold,41004.02761795173,10000.0,-0.00200723538335865
2024-02-06,QQQ Buy and Hold,41425.968546221775,10000.0,0.010290231296335354
2024-02-07,QQQ Buy and Hold,41502.68507863451,10000.0,0.0018518947197852065
2024-02-08,QQQ Buy and Hold,41911.20061373232,10000.0,0.009843110977610366
2024-02-09,QQQ Buy and Hold,41911.20061373232,10000.0,0.0
2024-02-11,QQQ Buy and Hold,41747.2190257001,10000.0,-0.0039125958128361435
2024-02-12,QQQ Buy and Hold,41096.08745684702,10000.0,-0.01559700464005137
2024-02-13,QQQ Buy and Hold,41543.920214806356,10000.0,0.010897211527243066
2024-02-14,QQQ Buy and Hold,41667.62562332188,10000.0,0.0029777018604865047
2024-02-15,QQQ Buy and Hold,41289.79670118916,10000.0,-0.009067685438770104
2024-02-16,QQQ Buy and Hold,41289.79670118916,10000.0,0.0
2024-02-19,QQQ Buy and Hold,40978.13578826242,10000.0,-0.007548133869057296
2024-02-20,QQQ Buy and Hold,40814.1542002302,10000.0,-0.0040016849199662535
2024-02-21,QQQ Buy and Hold,42009.01419255854,10000.0,0.029275627922276212
2024-02-22,QQQ Buy and Hold,41885.308784043,10000.0,-0.0029447348597256614
2024-02-23,QQQ Buy and Hold,41885.308784043,10000.0,0.0
2024-02-25,QQQ Buy and Hold,41863.25278097434,10000.0,-0.0005265808874031809
2024-02-26,QQQ Buy and Hold,41963.94322976605,10000.0,0.0024052227694422433
2024-02-27,QQQ Buy and Hold,41740.50632911396,10000.0,-0.005324497257769746
2024-02-28,QQQ Buy and Hold,42098.197161488344,10000.0,0.008569393709651523
2024-02-29,QQQ Buy and Hold,42732.06751054857,10000.0,0.015056947608200486
2024-03-01,QQQ Buy and Hold,42732.06751054857,10000.0,0.0
2024-03-03,QQQ Buy and Hold,42579.593402378254,10000.0,-0.0035681425461727336
2024-03-04,QQQ Buy and Hold,41815.304948216384,10000.0,-0.017949641908022094
2024-03-05,QQQ Buy and Hold,42078.05907173,10000.0,0.006283683063868843
2024-03-06,QQQ Buy and Hold,42716.72420406602,10000.0,0.015178103420770682
2024-03-07,QQQ Buy and Hold,42100.11507479866,10000.0,-0.014434841171848707
2024-03-08,QQQ Buy and Hold,42100.11507479866,10000.0,0.0
2024-03-10,QQQ Buy and Hold,41943.80514000772,10000.0,-0.0037128149059268267
2024-03-11,QQQ Buy and Hold,42545.07096279253,10000.0,0.01433503280824902
2024-03-12,QQQ Buy and Hold,42218.06674338325,10000.0,-0.007686065906324719
2024-03-13,QQQ Buy and Hold,42111.62255466058,10000.0,-0.0025212947189097415
2024-03-14,QQQ Buy and Hold,41611.04718066748,10000.0,-0.011886869790954982
2024-03-15,QQQ Buy and Hold,41611.04718066748,10000.0,0.0
2024-03-17,QQQ Buy and Hold,41952.43574990416,10000.0,0.008204277286135698
2024-03-18,QQQ Buy and Hold,42056.96202531651,10000.0,0.0024915424705128806
2024-03-19,QQQ Buy and Hold,42555.61948599928,10000.0,0.011856716145655172
2024-03-20,QQQ Buy and Hold,42757.000383582716,10000.0,0.004732181084796229
2024-03-21,QQQ Buy and Hold,42805.90717299583,10000.0,0.00114383116154931
2024-03-22,QQQ Buy and Hold,42805.90717299583,10000.0,0.0
2024-03-24,QQQ Buy and Hold,42650.556194860044,10000.0,-0.0036291948564003865
2024-03-25,QQQ Buy and Hold,42512.46643651712,10000.0,-0.003237701232125186
2024-03-26,QQQ Buy and Hold,42657.268891446154,10000.0,0.0034061174772173396
2024-03-27,QQQ Buy and Hold,42578.6344457231,10000.0,-0.0018434008497628155
2024-03-28,QQQ Buy and Hold,42578.6344457231,10000.0,0.0
2024-03-31,QQQ Buy and Hold,42668.77637130807,10000.0,0.0021170694353730723
2024-04-01,QQQ Buy and Hold,42300.53701572694,10000.0,-0.008630183166647883
2024-04-02,QQQ Buy and Hold,42395.473724587704,10000.0,0.002244338146947494
2024-04-03,QQQ Buy and Hold,41747.219025700084,10000.0,-0.015290658222121799
2024-04-04,QQQ Buy and Hold,42239.16378979675,10000.0,0.01178389304911116
2024-04-05,QQQ Buy and Hold,42239.16378979675,10000.0,0.0
2024-04-07,QQQ Buy and Hold,42251.63022631382,10000.0,0.0002951392830385621
2024-04-08,QQQ Buy and Hold,42407.94016110477,10000.0,0.0036995006808896854
2024-04-09,QQQ Buy and Hold,42037.78289221333,10000.0,-0.00872848969992993
2024-04-10,QQQ Buy and Hold,42709.05255082475,10000.0,0.015968246002235554
2024-04-11,QQQ Buy and Hold,42028.19332566173,10000.0,-0.01594180119900313
2024-04-12,QQQ Buy and Hold,42028.19332566173,10000.0,0.0
2024-04-14,QQQ Buy and Hold,41336.78557729195,10000.0,-0.016451046158760536
2024-04-15,QQQ Buy and Hold,41340.621403912584,10000.0,9.279450656525881e-05
2024-04-16,QQQ Buy and Hold,40836.21020329885,10000.0,-0.012201345395499994
2024-04-17,QQQ Buy and Hold,40603.18373609517,10000.0,-0.005706368589141344
2024-04-18,QQQ Buy and Hold,39763.137706175716,10000.0,-0.020689166528896453
2024-04-19,QQQ Buy and Hold,39763.137706175716,10000.0,0.0
2024-04-21,QQQ Buy and Hold,40163.0226313771,10000.0,0.010056674303629606
2024-04-22,QQQ Buy and Hold,40762.37054085159,10000.0,0.014922878563583401
2024-04-23,QQQ Buy and Hold,40900.460299194514,10000.0,0.003387677323734909
2024-04-24,QQQ Buy and Hold,40702.91522823172,10000.0,-0.004829898478347524
2024-04-25,QQQ Buy and Hold,41331.031837360984,10000.0,0.015431735186712243
2024-04-26,QQQ Buy and Hold,41331.031837360984,10000.0,0.0
2024-04-28,QQQ Buy and Hold,41498.84925201384,10000.0,0.004060324825986079
2024-04-29,QQQ Buy and Hold,40716.34062140394,10000.0,-0.018856152512998325
2024-04-30,QQQ Buy and Hold,40421.94092827007,10000.0,-0.0072305047222025794
2024-05-01,QQQ Buy and Hold,40937.85960874571,10000.0,0.01276333270070221
2024-05-02,QQQ Buy and Hold,41760.644418872296,10000.0,0.02009838369641612
2024-05-03,QQQ Buy and Hold,41760.644418872296,10000.0,0.0
2024-05-05,QQQ Buy and Hold,42218.06674338323,10000.0,0.01095343069716171
2024-05-06,QQQ Buy and Hold,42224.77943996934,10000.0,0.00015900056785915544
2024-05-07,QQQ Buy and Hold,42199.8465669352,10000.0,-0.0005904796511627701
2024-05-08,QQQ Buy and Hold,42291.90640583048,10000.0,0.002181520701722446
2024-05-09,QQQ Buy and Hold,42391.63789796704,10000.0,0.0023581696975194335
2024-05-10,QQQ Buy and Hold,42391.63789796704,10000.0,0.0
2024-05-12,QQQ Buy and Hold,42489.45147679328,10000.0,0.002307379088811432
2024-05-13,QQQ Buy and Hold,42762.754123513645,10000.0,0.0064322469982847855
2024-05-14,QQQ Buy and Hold,43431.146912159595,10000.0,0.015630255869755277
2024-05-15,QQQ Buy and Hold,43342.92289988495,10000.0,-0.002031353499668711
2024-05-16,QQQ Buy and Hold,43321.82585347145,10000.0,-0.00048674720120365345
2024-05-17,QQQ Buy and Hold,43321.82585347145,10000.0,0.0
2024-05-19,QQQ Buy and Hold,43623.8971998466,10000.0,0.006972728882592602
2024-05-20,QQQ Buy and Hold,43709.24434215576,10000.0,0.001956430942384178
2024-05-21,QQQ Buy and Hold,43700.61373225933,10000.0,-0.00019745502413346167
2024-05-22,QQQ Buy and Hold,43504.0276179517,10000.0,-0.00449847490728743
2024-05-23,QQQ Buy and Hold,43915.420023014995,10000.0,0.009456421108318925
2024-05-24,QQQ Buy and Hold,43915.420023014995,10000.0,0.0
2024-05-27,QQQ Buy and Hold,44081.31952435753,10000.0,0.0037777049896277285
2024-05-28,QQQ Buy and Hold,43770.61756808595,10000.0,-0.007048381482770642
2024-05-29,QQQ Buy and Hold,43301.68776371311,10000.0,-0.01071334677065986
2024-05-30,QQQ Buy and Hold,43221.135404679735,10000.0,-0.0018602591075186177
2024-05-31,QQQ Buy and Hold,43221.135404679735,10000.0,0.0
2024-06-02,QQQ Buy and Hold,43453.202915228256,10000.0,0.0053693062057642744
2024-06-03,QQQ Buy and Hold,43572.113540467995,10000.0,0.0027365215280383314
2024-06-04,QQQ Buy and Hold,44450.51783659381,10000.0,0.02015978167572676
2024-06-05,QQQ Buy and Hold,44435.17453011127,10000.0,-0.00034517722693238446
2024-06-06,QQQ Buy and Hold,44395.85730724974,10000.0,-0.0008848220644409975
2024-06-07,QQQ Buy and Hold,44395.85730724974,10000.0,0.0
2024-06-09,QQQ Buy and Hold,44575.18220176451,10000.0,0.004039225851045457
2024-06-10,QQQ Buy and Hold,44881.08937476029,10000.0,0.0068627240066260736
2024-06-11,QQQ Buy and Hold,45468.92980437288,10000.0,0.01309773086620229
2024-06-12,QQQ Buy and Hold,45715.38166474879,10000.0,0.005420225666983128
2024-06-13,QQQ Buy and Hold,45952.24395857311,10000.0,0.005181238462829272
2024-06-14,QQQ Buy and Hold,45952.24395857311,10000.0,0.0
2024-06-16,QQQ Buy and Hold,46515.151515151556,10000.0,0.012249838268745183
2024-06-17,QQQ Buy and Hold,46529.53586497894,10000.0,0.0003092400940089417
2024-06-18,QQQ Buy and Hold,46529.53586497894,10000.0,0.0
2024-06-19,QQQ Buy and Hold,46170.88607594941,10000.0,-0.00770800272047145
2024-06-20,QQQ Buy and Hold,46047.18066743387,10000.0,-0.0026792946601034754
2024-06-21,QQQ Buy and Hold,46047.18066743387,10000.0,0.0
2024-06-23,QQQ Buy and Hold,45450.70962792486,10000.0,-0.01295347577991592
2024-06-24,QQQ Buy and Hold,45970.464135021146,10000.0,0.01143556418263148
2024-06-25,QQQ Buy and Hold,46065.40084388191,10000.0,0.002065167508031226
2024-06-26,QQQ Buy and Hold,46184.31146912165,10000.0,0.002581343547682014
2024-06-27,QQQ Buy and Hold,45944.57230533185,10000.0,-0.005190922115404581
2024-06-28,QQQ Buy and Hold,45944.57230533185,10000.0,0.0
2024-06-30,QQQ Buy and Hold,46214.039125431584,10000.0,0.005865041430986625
2024-07-01,QQQ Buy and Hold,46699.27119294213,10000.0,0.01049966799468792
2024-07-02,QQQ Buy and Hold,47088.60759493676,10000.0,0.008337098032773424
2024-07-03,QQQ Buy and Hold,47088.60759493676,10000.0,0.0
2024-07-04,QQQ Buy and Hold,47579.59340237826,10000.0,0.010426849136526565
2024-07-05,QQQ Buy and Hold,47579.59340237826,10000.0,0.0
2024-07-07,QQQ Buy and Hold,47692.75028768704,10000.0,0.0023782650757819047
2024-07-08,QQQ Buy and Hold,47733.98542385888,10000.0,0.0008645996702457209
2024-07-09,QQQ Buy and Hold,48231.6839278865,10000.0,0.010426502199811154
2024-07-10,QQQ Buy and Hold,47173.95473724592,10000.0,-0.021930173373628067
2024-07-11,QQQ Buy and Hold,47451.09321058693,10000.0,0.005874819588152758
2024-07-12,QQQ Buy and Hold,47451.09321058693,10000.0,0.0
2024-07-14,QQQ Buy and Hold,47578.634445723095,10000.0,0.0026878460854451803
2024-07-15,QQQ Buy and Hold,47596.854622171115,10000.0,0.0003829487050287166
2024-07-16,QQQ Buy and Hold,46199.65477560418,10000.0,-0.029354877704799116
2024-07-17,QQQ Buy and Hold,45981.01265822788,10000.0,-0.004732548726570714
2024-07-18,QQQ Buy and Hold,45573.456079785225,10000.0,-0.00886358422490563
2024-07-19,QQQ Buy and Hold,45573.456079785225,10000.0,0.0
2024-07-21,QQQ Buy and Hold,46252.397391637925,10000.0,0.014897735880818079
2024-07-22,QQQ Buy and Hold,46089.374760260864,10000.0,-0.0035246309504063456
2024-07-23,QQQ Buy and Hold,44436.133486766426,10000.0,-0.035870334151720716
2024-07-24,QQQ Buy and Hold,43946.10663598008,10000.0,-0.011027666278216611
2024-07-25,QQQ Buy and Hold,44396.816263904904,10000.0,0.010255962642110646
2024-07-26,QQQ Buy and Hold,44396.816263904904,10000.0,0.0
2024-07-28,QQQ Buy and Hold,44485.9992328347,10000.0,0.002008769466703998
2024-07-29,QQQ Buy and Hold,43875.1438434983,10000.0,-0.013731407630954958
2024-07-30,QQQ Buy and Hold,45173.57115458384,10000.0,0.029593687845605798
2024-07-31,QQQ Buy and Hold,44079.401611047215,10000.0,-0.024221453287197166
2024-08-01,QQQ Buy and Hold,43033.17990026854,10000.0,-0.02373493451681683
2024-08-02,QQQ Buy and Hold,43033.17990026854,10000.0,0.0
2024-08-04,QQQ Buy and Hold,41750.095895665545,10000.0,-0.02981615598885793
2024-08-05,QQQ Buy and Hold,42149.02186421176,10000.0,0.009555091071961706
2024-08-06,QQQ Buy and Hold,41692.55849635599,10000.0,-0.010829749960184723
2024-08-07,QQQ Buy and Hold,42967.97084771771,10000.0,0.030590887135726965
2024-08-08,QQQ Buy and Hold,43192.36670502497,10000.0,0.0052223982859821725
2024-08-09,QQQ Buy and Hold,43192.36670502497,10000.0,0.0
2024-08-11,QQQ Buy and Hold,43285.38550057541,10000.0,0.0021535933926865973
2024-08-12,QQQ Buy and Hold,44359.4169543537,10000.0,0.02481279631352738
2024-08-13,QQQ Buy and Hold,44373.80130418109,10000.0,0.00032426823468380413
2024-08-14,QQQ Buy and Hold,45494.82163406219,10000.0,0.025263112398158746
2024-08-15,QQQ Buy and Hold,45553.31799002689,10000.0,0.001285780532017952
2024-08-16,QQQ Buy and Hold,45553.31799002689,10000.0,0.0
2024-08-18,QQQ Buy and Hold,46151.70694284622,10000.0,0.013136012462370818
2024-08-19,QQQ Buy and Hold,46054.85232067515,10000.0,-0.002098614083570534
2024-08-20,QQQ Buy and Hold,46269.65861143081,10000.0,0.004664140257360615
2024-08-21,QQQ Buy and Hold,45536.056770234034,10000.0,-0.0158549222797927
2024-08-22,QQQ Buy and Hold,46029.91944764102,10000.0,0.010845530167421243
2024-08-23,QQQ Buy and Hold,46029.91944764102,10000.0,0.0
2024-08-25,QQQ Buy and Hold,45583.04564633683,10000.0,-0.009708333333333385
2024-08-26,QQQ Buy and Hold,45719.21749136943,10000.0,0.0029873353809904825
2024-08-27,QQQ Buy and Hold,45200.42194092832,10000.0,-0.011347428475543184
2024-08-28,QQQ Buy and Hold,45134.253931722335,10000.0,-0.0014638803436936411
2024-08-29,QQQ Buy and Hold,45672.22861526663,10000.0,0.011919432286576204
2024-08-30,QQQ Buy and Hold,45672.22861526663,10000.0,0.0
2024-09-02,QQQ Buy and Hold,44285.57729190645,10000.0,-0.030360929724735926
2024-09-03,QQQ Buy and Hold,44170.50249328735,10000.0,-0.002598471232758036
2024-09-04,QQQ Buy and Hold,44211.737629459196,10000.0,0.0009335446473155312
2024-09-05,QQQ Buy and Hold,43027.42616033759,10000.0,-0.026787263577997617
2024-09-06,QQQ Buy and Hold,43027.42616033759,10000.0,0.0
2024-09-08,QQQ Buy and Hold,43580.74415036444,10000.0,0.012859658115848318
2024-09-09,QQQ Buy and Hold,43983.505945531295,10000.0,0.009241737446640069
2024-09-10,QQQ Buy and Hold,44938.62677406984,10000.0,0.02171543191034749
2024-09-11,QQQ Buy and Hold,45379.74683544307,10000.0,0.00981605565276775
2024-09-12,QQQ Buy and Hold,45583.04564633681,10000.0,0.004479945902539934
2024-09-13,QQQ Buy and Hold,45583.04564633681,10000.0,0.0
2024-09-15,QQQ Buy and Hold,45381.664748753385,10000.0,-0.004417890352168902
2024-09-16,QQQ Buy and Hold,45405.63866513236,10000.0,0.0005282731806271659
2024-09-17,QQQ Buy and Hold,45209.05255082472,10000.0,-0.004329552894464532
2024-09-18,QQQ Buy and Hold,46352.12888377447,10000.0,0.025284235533684064
2024-09-19,QQQ Buy and Hold,46263.90487149983,10000.0,-0.00190334326381996
2024-09-20,QQQ Buy and Hold,46263.90487149983,10000.0,0.0
2024-09-22,QQQ Buy and Hold,46321.44227080938,10000.0,0.0012436779703175996
2024-09-23,QQQ Buy and Hold,46544.87917146146,10000.0,0.004823617091752203
2024-09-24,QQQ Buy and Hold,46588.03222094363,10000.0,0.0009271277582050573
2024-09-25,QQQ Buy and Hold,46938.051400076736,10000.0,0.007513070684615771
2024-09-26,QQQ Buy and Hold,46677.21518987344,10000.0,-0.005557031074427498
2024-09-27,QQQ Buy and Hold,46677.21518987344,10000.0,0.0
2024-09-29,QQQ Buy and Hold,46803.797468354445,10000.0,0.002711864406779647
2024-09-30,QQQ Buy and Hold,46151.7069428462,10000.0,-0.013932427725531197
2024-10-01,QQQ Buy and Hold,46216.91599539702,10000.0,0.0014129282938890994
2024-10-02,QQQ Buy and Hold,46182.39355581129,10000.0,-0.0007469654528478341
2024-10-03,QQQ Buy and Hold,46731.87571921751,10000.0,0.01189808758487514
2024-10-04,QQQ Buy and Hold,46731.87571921751,10000.0,0.0
2024-10-06,QQQ Buy and Hold,46231.300345224416,10000.0,-0.010711647377493168
2024-10-07,QQQ Buy and Hold,46921.74913693903,10000.0,0.014934660858742975
2024-10-08,QQQ Buy and Hold,47290.94744917532,10000.0,0.007868383404864022
2024-10-09,QQQ Buy and Hold,47237.245876486406,10000.0,-0.0011355571327182445
2024-10-10,QQQ Buy and Hold,47311.08553893367,10000.0,0.0015631661219270361
2024-10-11,QQQ Buy and Hold,47311.08553893367,10000.0,0.0
2024-10-13,QQQ Buy and Hold,47708.09359416957,10000.0,0.00839143830063237
2024-10-14,QQQ Buy and Hold,47070.38741848871,10000.0,-0.013366834170854226
2024-10-15,QQQ Buy and Hold,47076.14115841967,10000.0,0.00012223693592747738
2024-10-16,QQQ Buy and Hold,47108.74568469507,10000.0,0.0006925913100160416
2024-10-17,QQQ Buy and Hold,47417.529727656336,10000.0,0.006554707379134915
2024-10-18,QQQ Buy and Hold,47417.529727656336,10000.0,0.0
2024-10-20,QQQ Buy and Hold,47508.630609896456,10000.0,0.0019212490140958776
2024-10-21,QQQ Buy and Hold,47560.414269275054,10000.0,0.0010899842557828986
2024-10-22,QQQ Buy and Hold,46831.60721135407,10000.0,-0.015323816436809351
2024-10-23,QQQ Buy and Hold,47211.35404679711,10000.0,0.008108772217216766
2024-10-24,QQQ Buy and Hold,47499.04104334486,10000.0,0.006093597660058498
2024-10-25,QQQ Buy and Hold,47499.04104334486,10000.0,0.0
2024-10-27,QQQ Buy and Hold,47506.71269658614,10000.0,0.0001615117499797789
2024-10-28,QQQ Buy and Hold,47963.17606444192,10000.0,0.009608397254743738
2024-10-29,QQQ Buy and Hold,47600.69044879174,10000.0,-0.007557581573896412
2024-10-30,QQQ Buy and Hold,46399.117759877285,10000.0,-0.02524275756476887
2024-10-31,QQQ Buy and Hold,46742.42424242427,10000.0,0.0073989872894491765
2024-11-01,QQQ Buy and Hold,46742.42424242427,10000.0,0.0
2024-11-03,QQQ Buy and Hold,46606.25239739166,10000.0,-0.0029132388240363043
2024-11-04,QQQ Buy and Hold,47200.80552359036,10000.0,0.012756939157630478
2024-11-05,QQQ Buy and Hold,48482.930571538185,10000.0,0.0271632026980354
2024-11-06,QQQ Buy and Hold,49246.260069044896,10000.0,0.015744293682503224
2024-11-07,QQQ Buy and Hold,49303.797468354445,10000.0,0.0011683607898119383
2024-11-08,QQQ Buy and Hold,49303.797468354445,10000.0,0.0
2024-11-10,QQQ Buy and Hold,49275.028768699674,10000.0,-0.0005834986579529983
2024-11-11,QQQ Buy and Hold,49185.845799769864,10000.0,-0.0018099019149931178
2024-11-12,QQQ Buy and Hold,49122.554660529364,10000.0,-0.0012867754576825724
2024-11-13,QQQ Buy and Hold,48781.1660912927,10000.0,-0.006949731576378726
2024-11-14,QQQ Buy and Hold,47618.91062523976,10000.0,-0.023825905757927233
2024-11-15,QQQ Buy and Hold,47618.91062523976,10000.0,0.0
2024-11-17,QQQ Buy and Hold,47949.750671269685,10000.0,0.006947660954145415
2024-11-18,QQQ Buy and Hold,48279.63176064444,10000.0,0.006879724811007556
2024-11-19,QQQ Buy and Hold,48251.82201764483,10000.0,-0.0005760139832359346
2024-11-20,QQQ Buy and Hold,48425.39317222864,10000.0,0.0035971937913627646
2024-11-21,QQQ Buy and Hold,48503.06866129654,10000.0,0.0016040239217394792
2024-11-22,QQQ Buy and Hold,48503.06866129654,10000.0,0.0
2024-11-24,QQQ Buy and Hold,48579.785193709264,10000.0,0.0015816840981434084
2024-11-25,QQQ Buy and Hold,48840.62140391257,10000.0,0.005369233502437923
2024-11-26,QQQ Buy and Hold,48456.07978519373,10000.0,-0.007873397341501229
2024-11-27,QQQ Buy and Hold,48456.07978519373,10000.0,0.0
2024-11-28,QQQ Buy and Hold,48881.85654008441,10000.0,0.008786859291509989
2024-11-29,QQQ Buy and Hold,48881.85654008441,10000.0,0.0
2024-12-01,QQQ Buy and Hold,49414.07748369776,10000.0,0.01088790363714826
2024-12-02,QQQ Buy and Hold,49565.59263521292,10000.0,0.0030662345475364183
2024-12-03,QQQ Buy and Hold,50178.36593785964,10000.0,0.012362876545359542
2024-12-04,QQQ Buy and Hold,50039.31722286156,10000.0,-0.002771088942399659
2024-12-05,QQQ Buy and Hold,50487.149980820905,10000.0,0.008949617676932357
2024-12-06,QQQ Buy and Hold,50487.149980820905,10000.0,0.0
2024-12-08,QQQ Buy and Hold,50093.97775220563,10000.0,-0.007787570278073284
2024-12-09,QQQ Buy and Hold,49923.2834675873,10000.0,-0.003407481143994741
2024-12-10,QQQ Buy and Hold,50817.031070195655,10000.0,0.01790242028428724
2024-12-11,QQQ Buy and Hold,50489.067894131214,10000.0,-0.00645380434782601
2024-12-12,QQQ Buy and Hold,50875.52742616036,10000.0,0.007654320987654269
2024-12-13,QQQ Buy and Hold,50875.52742616036,10000.0,0.0
2024-12-15,QQQ Buy and Hold,51608.17031070198,10000.0,0.01440069364597664
2024-12-16,QQQ Buy and Hold,51380.89758342925,10000.0,-0.004403812921567544
2024-12-17,QQQ Buy and Hold,49527.23436900655,10000.0,-0.03607689436356836
2024-12-18,QQQ Buy and Hold,49306.674338319935,10000.0,-0.00445330803338058
2024-12-19,QQQ Buy and Hold,49737.24587648641,10000.0,0.008732520372639418
2024-12-20,QQQ Buy and Hold,49737.24587648641,10000.0,0.0
2024-12-22,QQQ Buy and Hold,50140.96662830843,10000.0,0.008117070913507956
2024-12-23,QQQ Buy and Hold,50820.86689681629,10000.0,0.01355977585250642
2024-12-24,QQQ Buy and Hold,50820.86689681629,10000.0,0.0
2024-12-25,QQQ Buy and Hold,50786.34445723056,10000.0,-0.0006792965506830962
2024-12-26,QQQ Buy and Hold,50111.238971998486,10000.0,-0.013293051359516762
2024-12-27,QQQ Buy and Hold,50111.238971998486,10000.0,0.0
2024-12-29,QQQ Buy and Hold,49444.76409666285,10000.0,-0.01329990814451916
2024-12-30,QQQ Buy and Hold,49024.74108170313,10000.0,-0.008494792575784013
2024-12-31,QQQ Buy and Hold,49024.74108170313,10000.0,0.0
2025-01-01,QQQ Buy and Hold,48928.84541618721,10000.0,-0.0019560667409972026
2025-01-02,QQQ Buy and Hold,49729.57422324513,10000.0,0.016365168649432653
2025-01-03,QQQ Buy and Hold,49729.57422324513,10000.0,0.0
2025-01-05,QQQ Buy and Hold,50301.11238972,10000.0,0.011492922981989128
2025-01-06,QQQ Buy and Hold,49403.528960491,10000.0,-0.01784420635223246
2025-01-07,QQQ Buy and Hold,49412.159570387426,10000.0,0.00017469622267951365
2025-01-08,QQQ Buy and Hold,49412.159570387426,10000.0,0.0
2025-01-09,QQQ Buy and Hold,48637.322593018805,10000.0,-0.015681099229530118
2025-01-10,QQQ Buy and Hold,48637.322593018805,10000.0,0.0
2025-01-12,QQQ Buy and Hold,48481.01265822786,10000.0,-0.0032137857607602584
2025-01-13,QQQ Buy and Hold,48434.982738780214,10000.0,-0.0009494422027059462
2025-01-14,QQQ Buy and Hold,49549.29037207519,10000.0,0.02300625643462434
2025-01-15,QQQ Buy and Hold,49202.14806290757,10000.0,-0.007005999612928206
2025-01-16,QQQ Buy and Hold,50032.60452627543,10000.0,0.016878459499493192
2025-01-17,QQQ Buy and Hold,50032.60452627543,10000.0,0.0
2025-01-20,QQQ Buy and Hold,50326.04526275413,10000.0,0.005864990225016187
2025-01-21,QQQ Buy and Hold,50969.50517836595,10000.0,0.012785823170731778
2025-01-22,QQQ Buy and Hold,51077.86728039893,10000.0,0.002126018325149095
2025-01-23,QQQ Buy and Hold,50789.22132719602,10000.0,-0.005651096425352942
2025-01-24,QQQ Buy and Hold,50789.22132719602,10000.0,0.0
2025-01-26,QQQ Buy and Hold,49310.51016494056,10000.0,-0.029114664954779674
2025-01-27,QQQ Buy and Hold,50039.31722286153,10000.0,0.014779953715407924
2025-01-28,QQQ Buy and Hold,49945.339470655934,10000.0,-0.0018780782277072203
2025-01-29,QQQ Buy and Hold,50158.22784810126,10000.0,0.004262427279534423
2025-01-30,QQQ Buy and Hold,50085.34714230916,10000.0,-0.0014530159640569562
2025-01-31,QQQ Buy and Hold,50085.34714230916,10000.0,0.0
2025-02-02,QQQ Buy and Hold,49684.50326045262,10000.0,-0.00800321660380239
2025-02-03,QQQ Buy and Hold,50294.39969313387,10000.0,0.012275385535890087
2025-02-04,QQQ Buy and Hold,50522.63137706176,10000.0,0.004537914466032367
2025-02-05,QQQ Buy and Hold,50786.344457230545,10000.0,0.0052197020024674955
2025-02-06,QQQ Buy and Hold,50145.7614115842,10000.0,-0.012613293051359636
2025-02-07,QQQ Buy and Hold,50145.7614115842,10000.0,0.0
2025-02-09,QQQ Buy and Hold,50752.78097429997,10000.0,0.012105102118871034
2025-02-10,QQQ Buy and Hold,50631.95243574991,10000.0,-0.0023807274444969124
2025-02-11,QQQ Buy and Hold,50661.68009205984,10000.0,0.0005871323320516401
2025-02-12,QQQ Buy and Hold,51390.48714998082,10000.0,0.014385765663448843
2025-02-13,QQQ Buy and Hold,51606.25239739164,10000.0,0.004198544504571748
2025-02-14,QQQ Buy and Hold,51606.25239739164,10000.0,0.0
2025-02-17,QQQ Buy and Hold,51723.24510932106,10000.0,0.0022670259221407177
2025-02-18,QQQ Buy and Hold,51737.629459148455,10000.0,0.0002781022303798455
2025-02-19,QQQ Buy and Hold,51518.028385117,10000.0,-0.004244513641755567
2025-02-20,QQQ Buy and Hold,50448.79171461451,10000.0,-0.020754611618859664
2025-02-21,QQQ Buy and Hold,50448.79171461451,10000.0,0.0
2025-02-23,QQQ Buy and Hold,49853.279631760655,10000.0,-0.011804288321167951
2025-02-24,QQQ Buy and Hold,49225.163022631394,10000.0,-0.012599303672071776
2025-02-25,QQQ Buy and Hold,49344.073647871126,10000.0,0.002415647159666281
2025-02-26,QQQ Buy and Hold,47973.72458764865,10000.0,-0.027771299751243712
2025-02-27,QQQ Buy and Hold,48731.30034522441,10000.0,0.01579147260479348
2025-02-28,QQQ Buy and Hold,48731.30034522441,10000.0,0.0
2025-03-02,QQQ Buy and Hold,47664.94054468739,10000.0,-0.02188244091544169
2025-03-03,QQQ Buy and Hold,47521.09704641352,10000.0,-0.0030178050497937834
2025-03-04,QQQ Buy and Hold,48140.583045646345,10000.0,0.013036020583190353
2025-03-05,QQQ Buy and Hold,46816.26390487151,10000.0,-0.027509412163104326
2025-03-06,QQQ Buy and Hold,47160.529344073664,10000.0,0.007353543629660041
2025-03-07,QQQ Buy and Hold,47160.529344073664,10000.0,0.0
2025-03-09,QQQ Buy and Hold,45332.757959340255,10000.0,-0.03875637975558674
2025-03-10,QQQ Buy and Hold,45224.39585730727,10000.0,-0.0023903708247836933
2025-03-11,QQQ Buy and Hold,45734.560797851955,10000.0,0.011280746395250197
2025-03-12,QQQ Buy and Hold,44911.77598772537,10000.0,-0.017990438647991363
2025-03-13,QQQ Buy and Hold,45997.31492136558,10000.0,0.02417047444164507
2025-03-14,QQQ Buy and Hold,45997.31492136558,10000.0,0.0
2025-03-16,QQQ Buy and Hold,46295.55044112008,10000.0,0.00648375932952499
2025-03-17,QQQ Buy and Hold,45506.329113924076,10000.0,-0.0170474553099819
2025-03-18,QQQ Buy and Hold,46115.26658995015,10000.0,0.013381379862603713
2025-03-19,QQQ Buy and Hold,45958.95665515921,10000.0,-0.003389548545405385
2025-03-20,QQQ Buy and Hold,46110.47180667436,10000.0,0.0032967491549471773
2025-03-21,QQQ Buy and Hold,46110.47180667436,10000.0,0.0
2025-03-23,QQQ Buy and Hold,47052.16724204068,10000.0,0.0204225937941936
2025-03-24,QQQ Buy and Hold,47320.67510548525,10000.0,0.005706599274446571
2025-03-25,QQQ Buy and Hold,46449.94246260071,10000.0,-0.01840068090625377
2025-03-26,QQQ Buy and Hold,46185.27042577678,10000.0,-0.005698005698005679
2025-03-27,QQQ Buy and Hold,44969.31338703493,10000.0,-0.026327810306880958
2025-03-28,QQQ Buy and Hold,44969.31338703493,10000.0,0.0
2025-03-30,QQQ Buy and Hold,44967.39547372461,10000.0,-4.264937945149019e-05
2025-03-31,QQQ Buy and Hold,45329.88108937478,10000.0,0.008061076516250048
2025-04-01,QQQ Buy and Hold,45660.721135404696,10000.0,0.007298497990268646
2025-04-02,QQQ Buy and Hold,43216.340621403935,10000.0,-0.053533550351779806
2025-04-03,QQQ Buy and Hold,40532.22094361337,10000.0,-0.06210890693649316
2025-04-04,QQQ Buy and Hold,40532.22094361337,10000.0,0.0
2025-04-06,QQQ Buy and Hold,40630.03452243961,10000.0,0.0024132301795726733
2025-04-07,QQQ Buy and Hold,39898.35059455315,10000.0,-0.018008449573980966
2025-04-08,QQQ Buy and Hold,44687.38013041813,10000.0,0.12003076479353939
2025-04-09,QQQ Buy and Hold,42786.72803989262,10000.0,-0.042532188841201704
2025-04-10,QQQ Buy and Hold,43574.99041043347,10000.0,0.018423057958671323
2025-04-11,QQQ Buy and Hold,43574.99041043347,10000.0,0.0
2025-04-13,QQQ Buy and Hold,43870.34906022251,10000.0,0.006778169014084598
2025-04-14,QQQ Buy and Hold,43919.25584963562,10000.0,0.0011148028329107083
2025-04-15,QQQ Buy and Hold,42594.93670886078,10000.0,-0.030153496801240205
2025-04-16,QQQ Buy and Hold,42587.265055619515,10000.0,-0.00018010716376240282
2025-04-17,QQQ Buy and Hold,42587.265055619515,10000.0,0.0
2025-04-20,QQQ Buy and Hold,41533.37169159957,10000.0,-0.0247466786759739
2025-04-21,QQQ Buy and Hold,42623.70540851557,10000.0,0.026251991410957964
2025-04-22,QQQ Buy and Hold,43590.33371691603,10000.0,0.022678185745140352
2025-04-23,QQQ Buy and Hold,44816.83927886464,10000.0,0.028137099612812435
2025-04-24,QQQ Buy and Hold,45316.45569620257,10000.0,0.011147961912913189
2025-04-25,QQQ Buy and Hold,45316.45569620257,10000.0,0.0
2025-04-27,QQQ Buy and Hold,45302.07134637518,10000.0,-0.0003174200101573922
2025-04-28,QQQ Buy and Hold,45601.265822784844,10000.0,0.006604432590334556
2025-04-29,QQQ Buy and Hold,45595.51208285389,10000.0,-0.00012617500473144792
2025-04-30,QQQ Buy and Hold,46191.02416570774,10000.0,0.013060760931288997
2025-05-01,QQQ Buy and Hold,46876.67817414656,10000.0,0.014843879754193608
2025-05-02,QQQ Buy and Hold,46876.67817414656,10000.0,0.0
2025-05-04,QQQ Buy and Hold,46598.5807441504,10000.0,-0.005932532782357829
2025-05-05,QQQ Buy and Hold,46165.13233601845,10000.0,-0.009301751281048673
2025-05-06,QQQ Buy and Hold,46346.37514384353,10000.0,0.003925967470555215
2025-05-07,QQQ Buy and Hold,46824.89451476796,10000.0,0.010324849989654477
2025-05-08,QQQ Buy and Hold,46794.20790180287,10000.0,-0.0006553482561592357
2025-05-09,QQQ Buy and Hold,46794.20790180287,10000.0,0.0
2025-05-11,QQQ Buy and Hold,48700.613732259335,10000.0,0.04074020943910485
2025-05-12,QQQ Buy and Hold,49442.84618335254,10000.0,0.015240720685241722
2025-05-13,QQQ Buy and Hold,49739.16378979672,10000.0,0.005993134079404019
2025-05-14,QQQ Buy and Hold,49793.8243191408,10000.0,0.0010989434718902793
2025-05-15,QQQ Buy and Hold,50010.548523206766,10000.0,0.00435243139142993
2025-05-16,QQQ Buy and Hold,50010.548523206766,10000.0,0.0
2025-05-18,QQQ Buy and Hold,50058.49635596472,10000.0,0.0009587543863013174
2025-05-19,QQQ Buy and Hold,49891.63789796702,10000.0,-0.003333269477596232
2025-05-20,QQQ Buy and Hold,49198.312236286925,10000.0,-0.013896630595652293
2025-05-21,QQQ Buy and Hold,49290.37207518222,10000.0,0.001871199126773812
2025-05-22,QQQ Buy and Hold,48833.908707326445,10000.0,-0.00926070038910504
2025-05-23,QQQ Buy and Hold,48833.908707326445,10000.0,0.0
2025-05-26,QQQ Buy and Hold,49982.73878020715,10000.0,0.023525253318670995
2025-05-27,QQQ Buy and Hold,49761.21979286538,10000.0,-0.004431909750201564
2025-05-28,QQQ Buy and Hold,49859.033371691614,10000.0,0.0019656587847603282
2025-05-29,QQQ Buy and Hold,49780.39892596856,10000.0,-0.0015771353836092096
2025-05-30,QQQ Buy and Hold,49780.39892596856,10000.0,0.0
2025-06-01,QQQ Buy and Hold,50173.571154583835,10000.0,0.007898133343607372
2025-06-02,QQQ Buy and Hold,50565.784426543934,10000.0,0.007817128877506007
2025-06-03,QQQ Buy and Hold,50706.75105485234,10000.0,0.002787786838611848
2025-06-04,QQQ Buy and Hold,50325.08630609898,10000.0,-0.007526902055714239
2025-06-05,QQQ Buy and Hold,50817.03107019564,10000.0,0.009775338706911328
2025-06-06,QQQ Buy and Hold,50817.03107019564,10000.0,0.0
2025-06-08,QQQ Buy and Hold,50891.829689298065,10000.0,0.0014719202898552356
2025-06-09,QQQ Buy and Hold,51228.42347525894,10000.0,0.006613906161673244
2025-06-10,QQQ Buy and Hold,51055.81127733028,10000.0,-0.003369461447745396
2025-06-11,QQQ Buy and Hold,51175.680859225184,10000.0,0.0023478146541199454
2025-06-12,QQQ Buy and Hold,50533.17990026854,10000.0,-0.012554810178765379
2025-06-13,QQQ Buy and Hold,50533.17990026854,10000.0,0.0
2025-06-15,QQQ Buy and Hold,51236.095128500216,10000.0,0.013909974191589356
2025-06-16,QQQ Buy and Hold,50736.478711162286,10000.0,-0.009751258679743066
2025-06-17,QQQ Buy and Hold,50727.84810126585,10000.0,-0.00017010660013614542
2025-06-18,QQQ Buy and Hold,50727.84810126585,10000.0,0.0
2025-06-19,QQQ Buy and Hold,50520.71346375147,10000.0,-0.004083252991549874
2025-06-20,QQQ Buy and Hold,50520.71346375147,10000.0,0.0
2025-06-22,QQQ Buy and Hold,50982.930571538185,10000.0,0.009149061367044277
2025-06-23,QQQ Buy and Hold,51762.562332182606,10000.0,0.015292015423680985
2025-06-24,QQQ Buy and Hold,51894.89835059458,10000.0,0.0025565971321649477
2025-06-25,QQQ Buy and Hold,52380.13041810513,10000.0,0.009350284573878445
2025-06-26,QQQ Buy and Hold,52559.4553126199,10000.0,0.003423528980996676
2025-06-27,QQQ Buy and Hold,52559.4553126199,10000.0,0.0
2025-06-29,QQQ Buy and Hold,52899.884925201404,10000.0,0.006477038442591462
2025-06-30,QQQ Buy and Hold,52453.97008055238,10000.0,-0.008429410485098937
2025-07-01,QQQ Buy and Hold,52819.33256616802,10000.0,0.006965392420336653
2025-07-02,QQQ Buy and Hold,53339.08707326431,10000.0,0.00984023238925213
2025-07-03,QQQ Buy and Hold,53339.08707326431,10000.0,0.0
2025-07-06,QQQ Buy and Hold,52937.28423475261,10000.0,-0.0075329905433102985
2025-07-07,QQQ Buy and Hold,52967.01189106255,10000.0,0.0005615636831332702
2025-07-08,QQQ Buy and Hold,53341.96394322979,10000.0,0.007078973096281218
2025-07-09,QQQ Buy and Hold,53265.247410817065,10000.0,-0.0014382022471909296
2025-07-10,QQQ Buy and Hold,53145.37782892217,10000.0,-0.0022504275812404357
2025-07-11,QQQ Buy and Hold,53145.37782892217,10000.0,0.0
2025-07-13,QQQ Buy and Hold,53338.128116609165,10000.0,0.003626849512811243
2025-07-14,QQQ Buy and Hold,53387.03490602228,10000.0,0.0009169198683950142
2025-07-15,QQQ Buy and Hold,53441.69543536635,10000.0,0.0010238540020116689
2025-07-16,QQQ Buy and Hold,53874.18488684315,10000.0,0.008092734482944232
2025-07-17,QQQ Buy and Hold,53822.40122746456,10000.0,-0.0009611961552153144
2025-07-18,QQQ Buy and Hold,53822.40122746456,10000.0,0.0
2025-07-20,QQQ Buy and Hold,54101.45761411588,10000.0,0.005184762855004754
2025-07-21,QQQ Buy and Hold,53821.442270809406,10000.0,-0.005175744899586931
2025-07-22,QQQ Buy and Hold,54066.93517453015,10000.0,0.004561247216035538
2025-07-23,QQQ Buy and Hold,54182.00997314926,10000.0,0.002128376580763104
2025-07-24,QQQ Buy and Hold,54312.428078250916,10000.0,0.002407037043592173
2025-07-25,QQQ Buy and Hold,54312.428078250916,10000.0,0.0
2025-07-27,QQQ Buy and Hold,54482.16340621409,10000.0,0.0031251655278351285
2025-07-28,QQQ Buy and Hold,54397.77522056008,10000.0,-0.0015489140000703972
2025-07-29,QQQ Buy and Hold,54470.65592635217,10000.0,0.0013397736487677449
2025-07-30,QQQ Buy and Hold,54182.00997314925,10000.0,-0.005299109186296241
2025-07-31,QQQ Buy and Hold,53114.69121595707,10000.0,-0.01969876639351515
2025-08-01,QQQ Buy and Hold,53114.69121595707,10000.0,0.0
2025-08-03,QQQ Buy and Hold,54094.74491752976,10000.0,0.018451650176933683
2025-08-04,QQQ Buy and Hold,53727.46451860378,10000.0,-0.0067895763162560555
2025-08-05,QQQ Buy and Hold,54403.528960491014,10000.0,0.012583218805219034
2025-08-06,QQQ Buy and Hold,54587.64863828157,10000.0,0.003384333356835576
2025-08-07,QQQ Buy and Hold,55096.85462217109,10000.0,0.009328227109830556
2025-08-08,QQQ Buy and Hold,55096.85462217109,10000.0,0.0
2025-08-10,QQQ Buy and Hold,54933.83199079404,10000.0,-0.002958837350970206
2025-08-11,QQQ Buy and Hold,55624.28078250865,10000.0,0.012568735271013235
2025-08-12,QQQ Buy and Hold,55652.09052550827,10000.0,0.0004999569002673516
2025-08-13,QQQ Buy and Hold,55608.9374760261,10000.0,-0.0007754075197298919
2025-08-14,QQQ Buy and Hold,55364.40352896051,10000.0,-0.004397385711083058
2025-08-15,QQQ Buy and Hold,55364.40352896051,10000.0,0.0
2025-08-17,QQQ Buy and Hold,55342.34752589185,10000.0,-0.00039837877160774966
2025-08-18,QQQ Buy and Hold,54591.4844649022,10000.0,-0.013567604096272879
2025-08-19,QQQ Buy and Hold,54267.35711545839,10000.0,-0.0059373243395165745
2025-08-20,QQQ Buy and Hold,54016.11047180668,10000.0,-0.004629793249690766
2025-08-21,QQQ Buy and Hold,54849.443805140014,10000.0,0.015427496094304884
2025-08-22,QQQ Buy and Hold,54849.443805140014,10000.0,0.0
2025-08-24,QQQ Buy and Hold,54691.21595703875,10000.0,-0.00288476668356728
2025-08-25,QQQ Buy and Hold,54910.817031070204,10000.0,0.004015289661944107
2025-08-26,QQQ Buy and Hold,54995.205216724215,10000.0,0.0015368226192347242
2025-08-27,QQQ Buy and Hold,55339.470655926365,10000.0,0.0062599173481665445
2025-08-28,QQQ Buy and Hold,54698.88761028002,10000.0,-0.011575518125736576
2025-08-29,QQQ Buy and Hold,54698.88761028002,10000.0,0.0
2025-09-01,QQQ Buy and Hold,54240.50632911393,10000.0,-0.008380084151472603
2025-09-02,QQQ Buy and Hold,54667.24204065977,10000.0,0.007867472861638636
2025-09-03,QQQ Buy and Hold,55162.0636747219,10000.0,0.009051519988773252
2025-09-04,QQQ Buy and Hold,55241.65707710011,10000.0,0.001442901100429267
2025-09-05,QQQ Buy and Hold,55241.65707710011,10000.0,0.0
2025-09-07,QQQ Buy and Hold,55511.12389719985,10000.0,0.004877964100961809
2025-09-08,QQQ Buy and Hold,55668.39278864594,10000.0,0.0028331058786946746
2025-09-09,QQQ Buy and Hold,55686.61296509397,10000.0,0.0003272984100188706
2025-09-10,QQQ Buy and Hold,56010.740314537776,10000.0,0.0058205613914241346
2025-09-11,QQQ Buy and Hold,56258.15113156884,10000.0,0.004417203122859758
2025-09-12,QQQ Buy and Hold,56258.15113156884,10000.0,0.0
2025-09-14,QQQ Buy and Hold,56739.54737245875,10000.0,0.008556915419493372
2025-09-15,QQQ Buy and Hold,56691.599539700794,10000.0,-0.0008450513791238508
2025-09-16,QQQ Buy and Hold,56578.44265439201,10000.0,-0.001996007984031852
2025-09-17,QQQ Buy and Hold,57088.60759493671,10000.0,0.009016949152542458
2025-09-18,QQQ Buy and Hold,57475.067126965856,10000.0,0.006769468521131446
2025-09-19,QQQ Buy and Hold,57475.067126965856,10000.0,0.0
2025-09-21,QQQ Buy and Hold,57748.36977368622,10000.0,0.004755151414031906
2025-09-22,QQQ Buy and Hold,57364.78711162254,10000.0,-0.006642311524410495
2025-09-23,QQQ Buy and Hold,57163.40621403911,10000.0,-0.003510531594784391
2025-09-24,QQQ Buy and Hold,56916.9543536632,10000.0,-0.004311357154839875
2025-09-25,QQQ Buy and Hold,57150.93977752204,10000.0,0.0041109969167524045
2025-09-26,QQQ Buy and Hold,57150.93977752204,10000.0,0.0
2025-09-28,QQQ Buy and Hold,57415.61181434598,10000.0,0.004631105592563369
2025-09-29,QQQ Buy and Hold,57572.880705792086,10000.0,0.002739131160957337
2025-09-30,QQQ Buy and Hold,57849.060222477936,10000.0,0.004797041824208397
2025-10-01,QQQ Buy and Hold,58086.88147295742,10000.0,0.004111065064235421
2025-10-02,QQQ Buy and Hold,57842.347525891826,10000.0,-0.004209796443960293
2025-10-03,QQQ Buy and Hold,57842.347525891826,10000.0,0.0
2025-10-05,QQQ Buy and Hold,58276.75489067895,10000.0,0.0075101959614047
2025-10-06,QQQ Buy and Hold,57969.88876102801,10000.0,-0.005265669480508869
2025-10-07,QQQ Buy and Hold,58634.44572305333,10000.0,0.011463830209591346
2025-10-08,QQQ Buy and Hold,58563.482930571554,10000.0,-0.0012102577521915627
2025-10-09,QQQ Buy and Hold,56530.49482163407,10000.0,-0.03471426232192573
2025-10-10,QQQ Buy and Hold,56530.49482163407,10000.0,0.0
2025-10-12,QQQ Buy and Hold,57730.14959723822,10000.0,0.02122137404580151
2025-10-13,QQQ Buy and Hold,57345.60797851938,10000.0,-0.006661018919951481
2025-10-14,QQQ Buy and Hold,57750.28768699656,10000.0,0.007056856187291015
2025-10-15,QQQ Buy and Hold,57536.44035289606,10000.0,-0.0037029656936003754
2025-10-16,QQQ Buy and Hold,57914.269275028775,10000.0,0.006566776112935117
2025-10-17,QQQ Buy and Hold,57914.269275028775,10000.0,0.0
2025-10-19,QQQ Buy and Hold,58644.035289604915,10000.0,0.012600798105740755
2025-10-20,QQQ Buy and Hold,58628.69198312237,10000.0,-0.00026163456192557834
2025-10-21,QQQ Buy and Hold,58063.86651323362,10000.0,-0.009633942883313137
2025-10-22,QQQ Buy and Hold,58551.975450709644,10000.0,0.008406414639383032
2025-10-23,QQQ Buy and Hold,59177.21518987343,10000.0,0.010678371384585118
2025-10-24,QQQ Buy and Hold,59177.21518987343,10000.0,0.0
2025-10-26,QQQ Buy and Hold,60231.10855389338,10000.0,0.01780910711391996
2025-10-27,QQQ Buy and Hold,60694.28461833526,10000.0,0.007689980735244833
2025-10-28,QQQ Buy and Hold,60967.58726505563,10000.0,0.0045029387600329
2025-10-29,QQQ Buy and Hold,60035.481396240895,10000.0,-0.01528854774525383
2025-10-30,QQQ Buy and Hold,60325.08630609898,10000.0,0.004823895854963814
2025-10-31,QQQ Buy and Hold,60325.08630609898,10000.0,0.0
2025-11-02,QQQ Buy and Hold,60613.7322593019,10000.0,0.004784841114661311
2025-11-03,QQQ Buy and Hold,59383.390870732655,10000.0,-0.020298063536261297
2025-11-04,QQQ Buy and Hold,59769.850402761804,10000.0,0.00650787242632212
2025-11-05,QQQ Buy and Hold,58656.501726121984,10000.0,-0.018627262225644998
2025-11-06,QQQ Buy and Hold,58471.42309167626,10000.0,-0.003155296156424134
2025-11-07,QQQ Buy and Hold,58471.42309167626,10000.0,0.0
2025-11-09,QQQ Buy and Hold,59765.055619486004,10000.0,0.022124184078459685
2025-11-10,QQQ Buy and Hold,59605.86881472958,10000.0,-0.0026635431542126795
2025-11-11,QQQ Buy and Hold,59558.879938626786,10000.0,-0.0007883263349260888
2025-11-12,QQQ Buy and Hold,58342.92289988493,10000.0,-0.02041604946222719
2025-11-13,QQQ Buy and Hold,58387.03490602225,10000.0,0.0007560815253123544
2025-11-14,QQQ Buy and Hold,58387.03490602225,10000.0,0.0
2025-11-16,QQQ Buy and Hold,57888.377445339465,10000.0,-0.008540551194034829
2025-11-17,QQQ Buy and Hold,57183.54430379746,10000.0,-0.012175728058841108
2025-11-18,QQQ Buy and Hold,57524.93287303414,10000.0,0.0059700491355168615
2025-11-19,QQQ Buy and Hold,56163.21442270809,10000.0,-0.023671795555703812
2025-11-20,QQQ Buy and Hold,56585.155350978144,10000.0,0.007512763160141532
2025-11-21,QQQ Buy and Hold,56585.155350978144,10000.0,0.0
2025-11-23,QQQ Buy and Hold,58032.220943613356,10000.0,0.0255732370735674
2025-11-24,QQQ Buy and Hold,58389.91177598773,10000.0,0.006163659197567616
2025-11-25,QQQ Buy and Hold,58905.83045646338,10000.0,0.008835750299725723
2025-11-26,QQQ Buy and Hold,58905.83045646338,10000.0,0.0
2025-11-27,QQQ Buy and Hold,59383.390870732655,10000.0,0.008107184137268658
2025-11-28,QQQ Buy and Hold,59383.390870732655,10000.0,0.0
2025-11-30,QQQ Buy and Hold,59183.92788645954,10000.0,-0.0033589018974566668
2025-12-01,QQQ Buy and Hold,59647.10395090144,10000.0,0.007826044687849443
2025-12-02,QQQ Buy and Hold,59792.86536248563,10000.0,0.0024437299035369483
2025-12-03,QQQ Buy and Hold,59737.245876486406,10000.0,-0.0009302027200409406
2025-12-04,QQQ Buy and Hold,59980.82086689683,10000.0,0.004077439239734105
2025-12-05,QQQ Buy and Hold,59980.82086689683,10000.0,0.0
2025-12-07,QQQ Buy and Hold,59865.746068277724,10000.0,-0.0019185265715930893
2025-12-08,QQQ Buy and Hold,59939.585730724975,10000.0,0.0012334209008777821
2025-12-09,QQQ Buy and Hold,60185.07863444574,10000.0,0.004095672346212398
2025-12-10,QQQ Buy and Hold,59990.41043344843,10000.0,-0.0032344927582415397
2025-12-11,QQQ Buy and Hold,58843.49827387804,10000.0,-0.019118258256338175
2025-12-12,QQQ Buy and Hold,58843.49827387804,10000.0,0.0
2025-12-14,QQQ Buy and Hold,58548.13962408901,10000.0,-0.005019393109742252
2025-12-15,QQQ Buy and Hold,58664.173379363274,10000.0,0.001981852130900574
2025-12-16,QQQ Buy and Hold,57576.716532412756,10000.0,-0.01853698406211693
2025-12-17,QQQ Buy and Hold,58411.00882240125,10000.0,0.014490098432737707
2025-12-18,QQQ Buy and Hold,59172.420406597645,10000.0,0.013035412322897245
2025-12-19,QQQ Buy and Hold,59172.420406597645,10000.0,0.0
2025-12-21,QQQ Buy and Hold,59379.555044112036,10000.0,0.0035005266996192886
2025-12-22,QQQ Buy and Hold,59657.652474108196,10000.0,0.004683386896206419
2025-12-23,QQQ Buy and Hold,59832.18258534716,10000.0,0.0029255276398063627
2025-12-24,QQQ Buy and Hold,59832.18258534716,10000.0,0.0
2025-12-25,QQQ Buy and Hold,59828.346758726526,10000.0,-6.41097559020461e-05
2025-12-26,QQQ Buy and Hold,59828.346758726526,10000.0,0.0
2025-12-28,QQQ Buy and Hold,59538.741848868456,10000.0,-0.004840596900094539
2025-12-29,QQQ Buy and Hold,59400.65209052553,10000.0,-0.0023193261069145788
2025-12-30,QQQ Buy and Hold,58909.66628308403,10000.0,-0.008265663593949283
2025-12-31,QQQ Buy and Hold,58909.66628308403,10000.0,0.0
2026-01-01,QQQ Buy and Hold,58795.55044112009,10000.0,-0.0019371327180087267
2026-01-04,QQQ Buy and Hold,59262.56233218261,10000.0,0.007942980167014621
2026-01-05,QQQ Buy and Hold,59783.275795934045,10000.0,0.008786549944173773
2026-01-06,QQQ Buy and Hold,59840.8131952436,10000.0,0.0009624330307016503
2026-01-07,QQQ Buy and Hold,59500.3835826621,10000.0,-0.005688920226915731
2026-01-08,QQQ Buy and Hold,60093.01879555047,10000.0,0.009960191467758232
