Date,Strategy_Name,Portfolio_Value,Total_Invested,Daily_Return
2016-01-11,TQQQ Buy and Hold,10000.0,10000.0,0.0
2016-01-12,TQQQ Buy and Hold,10364.583333333334,10000.0,0.03645833333333337
2016-01-13,TQQQ Buy and Hold,9270.833333333334,10000.0,-0.10552763819095476
2016-01-14,TQQQ Buy and Hold,9843.750000000002,10000.0,0.06179775280898869
2016-01-15,TQQQ Buy and Hold,8958.333333333336,10000.0,-0.08994708994708991
2016-01-19,TQQQ Buy and Hold,9010.41666666667,10000.0,0.005813953488372098
2016-01-20,TQQQ Buy and Hold,8906.250000000004,10000.0,-0.011560693641618507
2016-01-21,TQQQ Buy and Hold,8958.333333333336,10000.0,0.005847953216374275
2016-01-22,TQQQ Buy and Hold,9687.500000000004,10000.0,0.08139534883720938
2016-01-25,TQQQ Buy and Hold,9270.833333333336,10000.0,-0.04301075268817208
2016-01-26,TQQQ Buy and Hold,9531.250000000002,10000.0,0.02808988764044946
2016-01-27,TQQQ Buy and Hold,8854.166666666668,10000.0,-0.07103825136612028
2016-01-28,TQQQ Buy and Hold,9166.666666666668,10000.0,0.03529411764705886
2016-01-29,TQQQ Buy and Hold,9791.666666666668,10000.0,0.06818181818181812
2016-02-01,TQQQ Buy and Hold,9843.75,10000.0,0.005319148936170218
2016-02-02,TQQQ Buy and Hold,9218.75,10000.0,-0.06349206349206343
2016-02-03,TQQQ Buy and Hold,9062.5,10000.0,-0.016949152542372895
2016-02-04,TQQQ Buy and Hold,9062.5,10000.0,0.0
2016-02-05,TQQQ Buy and Hold,8125.0,10000.0,-0.10344827586206894
2016-02-08,TQQQ Buy and Hold,7760.416666666666,10000.0,-0.04487179487179491
2016-02-09,TQQQ Buy and Hold,7656.25,10000.0,-0.01342281879194632
2016-02-10,TQQQ Buy and Hold,7760.416666666667,10000.0,0.01360544217687076
2016-02-11,TQQQ Buy and Hold,7760.416666666667,10000.0,0.0
2016-02-12,TQQQ Buy and Hold,8072.916666666667,10000.0,0.040268456375838965
2016-02-16,TQQQ Buy and Hold,8593.75,10000.0,0.06451612903225798
2016-02-17,TQQQ Buy and Hold,9218.75,10000.0,0.0727272727272728
2016-02-18,TQQQ Buy and Hold,8906.25,10000.0,-0.03389830508474579
2016-02-19,TQQQ Buy and Hold,8958.333333333332,10000.0,0.005847953216374275
2016-02-22,TQQQ Buy and Hold,9427.083333333332,10000.0,0.05232558139534888
2016-02-23,TQQQ Buy and Hold,8958.333333333332,10000.0,-0.04972375690607739
2016-02-24,TQQQ Buy and Hold,9218.75,10000.0,0.029069767441860492
2016-02-25,TQQQ Buy and Hold,9479.166666666668,10000.0,0.028248587570621493
2016-02-26,TQQQ Buy and Hold,9427.083333333334,10000.0,-0.005494505494505499
2016-02-29,TQQQ Buy and Hold,9166.666666666666,10000.0,-0.027624309392265217
2016-03-01,TQQQ Buy and Hold,10052.083333333332,10000.0,0.09659090909090905
2016-03-02,TQQQ Buy and Hold,10052.083333333332,10000.0,0.0
2016-03-03,TQQQ Buy and Hold,9999.999999999998,10000.0,-0.005181347150259072
2016-03-04,TQQQ Buy and Hold,10052.08333333333,10000.0,0.005208333333333338
2016-03-07,TQQQ Buy and Hold,9843.749999999996,10000.0,-0.020725388601036288
2016-03-08,TQQQ Buy and Hold,9583.33333333333,10000.0,-0.026455026455026363
2016-03-09,TQQQ Buy and Hold,9791.666666666662,10000.0,0.021739130434782507
2016-03-10,TQQQ Buy and Hold,9739.58333333333,10000.0,-0.0053191489361701
2016-03-11,TQQQ Buy and Hold,10260.416666666664,10000.0,0.05347593582887693
2016-03-14,TQQQ Buy and Hold,10312.499999999996,10000.0,0.0050761421319797
2016-03-15,TQQQ Buy and Hold,10312.499999999996,10000.0,0.0
2016-03-16,TQQQ Buy and Hold,10572.91666666666,10000.0,0.025252525252525162
2016-03-17,TQQQ Buy and Hold,10520.833333333328,10000.0,-0.0049261083743841316
2016-03-18,TQQQ Buy and Hold,10572.916666666662,10000.0,0.004950495049504845
2016-03-21,TQQQ Buy and Hold,10729.166666666664,10000.0,0.014778325123152834
2016-03-22,TQQQ Buy and Hold,10781.249999999998,10000.0,0.004854368932038731
2016-03-23,TQQQ Buy and Hold,10572.916666666666,10000.0,-0.01932367149758456
2016-03-24,TQQQ Buy and Hold,10520.833333333334,10000.0,-0.0049261083743841316
2016-03-28,TQQQ Buy and Hold,10520.833333333334,10000.0,0.0
2016-03-29,TQQQ Buy and Hold,10989.583333333334,10000.0,0.04455445544554448
2016-03-30,TQQQ Buy and Hold,11197.916666666668,10000.0,0.018957345971564
2016-03-31,TQQQ Buy and Hold,11093.750000000002,10000.0,-0.009302325581395357
2016-04-01,TQQQ Buy and Hold,11458.333333333336,10000.0,0.03286384976525835
2016-04-04,TQQQ Buy and Hold,11354.166666666668,10000.0,-0.009090909090909097
2016-04-05,TQQQ Buy and Hold,11041.666666666668,10000.0,-0.027522935779816536
2016-04-06,TQQQ Buy and Hold,11562.500000000002,10000.0,0.047169811320754755
2016-04-07,TQQQ Buy and Hold,11041.666666666668,10000.0,-0.045045045045045085
2016-04-08,TQQQ Buy and Hold,11041.666666666668,10000.0,0.0
2016-04-11,TQQQ Buy and Hold,10937.500000000002,10000.0,-0.009433962264150952
2016-04-12,TQQQ Buy and Hold,11197.916666666668,10000.0,0.023809523809523725
2016-04-13,TQQQ Buy and Hold,11614.583333333336,10000.0,0.03720930232558143
2016-04-14,TQQQ Buy and Hold,11614.583333333336,10000.0,0.0
2016-04-15,TQQQ Buy and Hold,11510.416666666668,10000.0,-0.00896860986547086
2016-04-18,TQQQ Buy and Hold,11718.75,10000.0,0.018099547511312233
2016-04-19,TQQQ Buy and Hold,11510.416666666666,10000.0,-0.017777777777777795
2016-04-20,TQQQ Buy and Hold,11510.416666666666,10000.0,0.0
2016-04-21,TQQQ Buy and Hold,11510.416666666666,10000.0,0.0
2016-04-22,TQQQ Buy and Hold,10989.583333333332,10000.0,-0.04524886877828058
2016-04-25,TQQQ Buy and Hold,10989.583333333332,10000.0,0.0
2016-04-26,TQQQ Buy and Hold,10833.333333333332,10000.0,-0.014218009478672893
2016-04-27,TQQQ Buy and Hold,10572.916666666664,10000.0,-0.024038461538461665
2016-04-28,TQQQ Buy and Hold,10208.333333333332,10000.0,-0.03448275862068958
2016-04-29,TQQQ Buy and Hold,10052.083333333332,10000.0,-0.015306122448979605
2016-05-02,TQQQ Buy and Hold,10312.5,10000.0,0.02590673575129536
2016-05-03,TQQQ Buy and Hold,10052.083333333332,10000.0,-0.025252525252525276
2016-05-04,TQQQ Buy and Hold,9843.749999999998,10000.0,-0.020725388601036288
2016-05-05,TQQQ Buy and Hold,9843.749999999998,10000.0,0.0
2016-05-06,TQQQ Buy and Hold,9999.999999999998,10000.0,0.01587301587301589
2016-05-09,TQQQ Buy and Hold,10052.08333333333,10000.0,0.005208333333333338
2016-05-10,TQQQ Buy and Hold,10468.749999999996,10000.0,0.041450777202072464
2016-05-11,TQQQ Buy and Hold,10208.33333333333,10000.0,-0.024875621890547178
2016-05-12,TQQQ Buy and Hold,10052.08333333333,10000.0,-0.015306122448979605
2016-05-13,TQQQ Buy and Hold,9947.916666666662,10000.0,-0.010362694300518144
2016-05-16,TQQQ Buy and Hold,10312.499999999996,10000.0,0.036649214659685896
2016-05-17,TQQQ Buy and Hold,9947.916666666662,10000.0,-0.03535353535353539
2016-05-18,TQQQ Buy and Hold,10052.083333333328,10000.0,0.010471204188481685
2016-05-19,TQQQ Buy and Hold,9895.833333333328,10000.0,-0.015544041450777216
2016-05-20,TQQQ Buy and Hold,10208.333333333328,10000.0,0.03157894736842108
2016-05-23,TQQQ Buy and Hold,10156.249999999996,10000.0,-0.005102040816326535
2016-05-24,TQQQ Buy and Hold,10781.249999999996,10000.0,0.06153846153846148
2016-05-25,TQQQ Buy and Hold,10989.58333333333,10000.0,0.01932367149758456
2016-05-26,TQQQ Buy and Hold,11093.749999999998,10000.0,0.009478672985782
2016-05-27,TQQQ Buy and Hold,11250.0,10000.0,0.01408450704225364
2016-05-31,TQQQ Buy and Hold,11354.166666666668,10000.0,0.009259259259259267
2016-06-01,TQQQ Buy and Hold,11354.166666666668,10000.0,0.0
2016-06-02,TQQQ Buy and Hold,11406.25,10000.0,0.0045871559633026545
2016-06-03,TQQQ Buy and Hold,11250.0,10000.0,-0.013698630136986212
2016-06-06,TQQQ Buy and Hold,11354.166666666668,10000.0,0.009259259259259267
2016-06-07,TQQQ Buy and Hold,11302.083333333334,10000.0,-0.0045871559633028575
2016-06-08,TQQQ Buy and Hold,11354.166666666668,10000.0,0.004608294930875683
2016-06-09,TQQQ Buy and Hold,11302.083333333334,10000.0,-0.0045871559633028575
2016-06-10,TQQQ Buy and Hold,10885.416666666666,10000.0,-0.03686635944700464
2016-06-13,TQQQ Buy and Hold,10625.0,10000.0,-0.02392344497607647
2016-06-14,TQQQ Buy and Hold,10625.0,10000.0,0.0
2016-06-15,TQQQ Buy and Hold,10520.833333333334,10000.0,-0.00980392156862746
2016-06-16,TQQQ Buy and Hold,10625.0,10000.0,0.00990099009900991
2016-06-17,TQQQ Buy and Hold,10260.416666666666,10000.0,-0.03431372549019611
2016-06-20,TQQQ Buy and Hold,10416.666666666666,10000.0,0.0152284263959391
2016-06-21,TQQQ Buy and Hold,10520.833333333332,10000.0,0.010000000000000009
2016-06-22,TQQQ Buy and Hold,10468.749999999998,10000.0,-0.004950495049505065
2016-06-23,TQQQ Buy and Hold,10937.5,10000.0,0.04477611940298523
2016-06-24,TQQQ Buy and Hold,9583.333333333334,10000.0,-0.12380952380952381
2016-06-27,TQQQ Buy and Hold,9010.416666666666,10000.0,-0.059782608695652224
2016-06-28,TQQQ Buy and Hold,9583.333333333334,10000.0,0.06358381502890179
2016-06-29,TQQQ Buy and Hold,10104.166666666668,10000.0,0.054347826086956444
2016-06-30,TQQQ Buy and Hold,10468.75,10000.0,0.036082474226804044
2016-07-01,TQQQ Buy and Hold,10572.916666666666,10000.0,0.009950248756218916
2016-07-05,TQQQ Buy and Hold,10416.666666666668,10000.0,-0.014778325123152615
2016-07-06,TQQQ Buy and Hold,10677.083333333334,10000.0,0.02499999999999991
2016-07-07,TQQQ Buy and Hold,10729.166666666668,10000.0,0.004878048780487918
2016-07-08,TQQQ Buy and Hold,11250.000000000002,10000.0,0.04854368932038839
2016-07-11,TQQQ Buy and Hold,11458.333333333336,10000.0,0.018518518518518535
2016-07-12,TQQQ Buy and Hold,11614.583333333334,10000.0,0.013636363636363547
2016-07-13,TQQQ Buy and Hold,11562.500000000002,10000.0,-0.0044843049327353305
2016-07-14,TQQQ Buy and Hold,11770.833333333334,10000.0,0.018018018018017834
2016-07-15,TQQQ Buy and Hold,11718.750000000002,10000.0,-0.004424778761061853
2016-07-18,TQQQ Buy and Hold,11927.083333333336,10000.0,0.017777777777777795
2016-07-19,TQQQ Buy and Hold,11822.91666666667,10000.0,-0.00873362445414848
2016-07-20,TQQQ Buy and Hold,12239.583333333338,10000.0,0.03524229074889871
2016-07-21,TQQQ Buy and Hold,12135.416666666672,10000.0,-0.008510638297872348
2016-07-22,TQQQ Buy and Hold,12291.66666666667,10000.0,0.01287553648068661
2016-07-25,TQQQ Buy and Hold,12291.66666666667,10000.0,0.0
2016-07-26,TQQQ Buy and Hold,12343.750000000004,10000.0,0.004237288135593318
2016-07-27,TQQQ Buy and Hold,12604.16666666667,10000.0,0.021097046413502032
2016-07-28,TQQQ Buy and Hold,12708.333333333336,10000.0,0.008264462809917363
2016-07-29,TQQQ Buy and Hold,12812.500000000002,10000.0,0.008196721311475417
2016-08-01,TQQQ Buy and Hold,13020.833333333336,10000.0,0.016260162601626032
2016-08-02,TQQQ Buy and Hold,12708.333333333336,10000.0,-0.02400000000000002
2016-08-03,TQQQ Buy and Hold,12812.500000000002,10000.0,0.008196721311475417
2016-08-04,TQQQ Buy and Hold,12968.750000000002,10000.0,0.012195121951219613
2016-08-05,TQQQ Buy and Hold,13333.333333333334,10000.0,0.02811244979919672
2016-08-08,TQQQ Buy and Hold,13281.25,10000.0,-0.00390625000000009
2016-08-09,TQQQ Buy and Hold,13385.416666666666,10000.0,0.007843137254901968
2016-08-10,TQQQ Buy and Hold,13281.25,10000.0,-0.007782101167315182
2016-08-11,TQQQ Buy and Hold,13437.500000000002,10000.0,0.01176470588235304
2016-08-12,TQQQ Buy and Hold,13437.500000000002,10000.0,0.0
2016-08-15,TQQQ Buy and Hold,13645.833333333336,10000.0,0.015503875968992262
2016-08-16,TQQQ Buy and Hold,13437.500000000002,10000.0,-0.015267175572519097
2016-08-17,TQQQ Buy and Hold,13489.583333333336,10000.0,0.003875968992247979
2016-08-18,TQQQ Buy and Hold,13489.583333333336,10000.0,0.0
2016-08-19,TQQQ Buy and Hold,13489.583333333336,10000.0,0.0
2016-08-22,TQQQ Buy and Hold,13489.583333333336,10000.0,0.0
2016-08-23,TQQQ Buy and Hold,13541.66666666667,10000.0,0.0038610038610039504
2016-08-24,TQQQ Buy and Hold,13281.25,10000.0,-0.019230769230769332
2016-08-25,TQQQ Buy and Hold,13229.166666666668,10000.0,-0.003921568627450897
2016-08-26,TQQQ Buy and Hold,13281.250000000002,10000.0,0.003937007874015664
2016-08-29,TQQQ Buy and Hold,13333.333333333336,10000.0,0.003921568627451071
2016-08-30,TQQQ Buy and Hold,13229.16666666667,10000.0,-0.007812500000000007
2016-08-31,TQQQ Buy and Hold,13177.083333333336,10000.0,-0.003937007874015839
2016-09-01,TQQQ Buy and Hold,13229.166666666672,10000.0,0.003952569169960566
2016-09-02,TQQQ Buy and Hold,13385.416666666672,10000.0,0.011811023622047168
2016-09-06,TQQQ Buy and Hold,13645.833333333341,10000.0,0.019455252918288042
2016-09-07,TQQQ Buy and Hold,13697.916666666673,10000.0,0.0038167938931296893
2016-09-08,TQQQ Buy and Hold,13437.500000000007,10000.0,-0.019011406844106397
2016-09-09,TQQQ Buy and Hold,12395.83333333334,10000.0,-0.07751937984496131
2016-09-12,TQQQ Buy and Hold,13072.916666666673,10000.0,0.05462184873949576
2016-09-13,TQQQ Buy and Hold,12760.416666666675,10000.0,-0.02390438247011937
2016-09-14,TQQQ Buy and Hold,12916.666666666675,10000.0,0.012244897959183593
2016-09-15,TQQQ Buy and Hold,13489.58333333334,10000.0,0.044354838709677366
2016-09-16,TQQQ Buy and Hold,13489.58333333334,10000.0,0.0
2016-09-19,TQQQ Buy and Hold,13333.33333333334,10000.0,-0.011583011583011508
2016-09-20,TQQQ Buy and Hold,13385.416666666673,10000.0,0.0039062499999999167
2016-09-21,TQQQ Buy and Hold,13802.083333333341,10000.0,0.03112840466926073
2016-09-22,TQQQ Buy and Hold,14114.583333333341,10000.0,0.022641509433962283
2016-09-23,TQQQ Buy and Hold,13854.166666666675,10000.0,-0.018450184501844952
2016-09-26,TQQQ Buy and Hold,13489.583333333341,10000.0,-0.026315789473684317
2016-09-27,TQQQ Buy and Hold,13906.250000000007,10000.0,0.030888030888030917
2016-09-28,TQQQ Buy and Hold,13958.333333333341,10000.0,0.003745318352060012
2016-09-29,TQQQ Buy and Hold,13645.83333333334,10000.0,-0.022388059701492557
2016-09-30,TQQQ Buy and Hold,13958.33333333334,10000.0,0.022900763358778647
2016-10-03,TQQQ Buy and Hold,13906.250000000005,10000.0,-0.0037313432835821753
2016-10-04,TQQQ Buy and Hold,13854.166666666673,10000.0,-0.0037453183520598453
2016-10-05,TQQQ Buy and Hold,14010.416666666673,10000.0,0.011278195488721731
2016-10-06,TQQQ Buy and Hold,13958.333333333341,10000.0,-0.0037174721189590287
2016-10-07,TQQQ Buy and Hold,13854.166666666673,10000.0,-0.007462686567164185
2016-10-10,TQQQ Buy and Hold,14114.583333333341,10000.0,0.01879699248120294
2016-10-11,TQQQ Buy and Hold,13541.666666666673,10000.0,-0.040590405904059
2016-10-12,TQQQ Buy and Hold,13489.58333333334,10000.0,-0.003846153846153935
2016-10-13,TQQQ Buy and Hold,13333.33333333334,10000.0,-0.011583011583011508
2016-10-14,TQQQ Buy and Hold,13385.416666666673,10000.0,0.0039062499999999167
2016-10-17,TQQQ Buy and Hold,13281.250000000007,10000.0,-0.007782101167315182
2016-10-18,TQQQ Buy and Hold,13645.833333333343,10000.0,0.027450980392156977
2016-10-19,TQQQ Buy and Hold,13645.833333333343,10000.0,0.0
2016-10-20,TQQQ Buy and Hold,13593.75000000001,10000.0,-0.003816793893129859
2016-10-21,TQQQ Buy and Hold,13750.000000000011,10000.0,0.011494252873563314
2016-10-24,TQQQ Buy and Hold,14218.75000000001,10000.0,0.03409090909090903
2016-10-25,TQQQ Buy and Hold,14062.50000000001,10000.0,-0.010989010989010917
2016-10-26,TQQQ Buy and Hold,13802.083333333341,10000.0,-0.018518518518518615
2016-10-27,TQQQ Buy and Hold,13645.833333333343,10000.0,-0.011320754716981058
2016-10-28,TQQQ Buy and Hold,13385.416666666675,10000.0,-0.019083969465648956
2016-10-31,TQQQ Buy and Hold,13333.333333333343,10000.0,-0.0038910505836575048
2016-11-01,TQQQ Buy and Hold,13020.833333333343,10000.0,-0.02343750000000002
2016-11-02,TQQQ Buy and Hold,12708.333333333343,10000.0,-0.02400000000000002
2016-11-03,TQQQ Buy and Hold,12343.75000000001,10000.0,-0.02868852459016387
2016-11-04,TQQQ Buy and Hold,12187.500000000007,10000.0,-0.01265822784810137
2016-11-07,TQQQ Buy and Hold,13072.916666666673,10000.0,0.07264957264957263
2016-11-08,TQQQ Buy and Hold,13333.333333333343,10000.0,0.01992031872509971
2016-11-09,TQQQ Buy and Hold,13489.583333333343,10000.0,0.011718749999999924
2016-11-10,TQQQ Buy and Hold,12864.583333333343,10000.0,-0.046332046332046205
2016-11-11,TQQQ Buy and Hold,12864.583333333343,10000.0,0.0
2016-11-14,TQQQ Buy and Hold,12395.833333333341,10000.0,-0.036437246963562875
2016-11-15,TQQQ Buy and Hold,12968.75000000001,10000.0,0.04621848739495812
2016-11-16,TQQQ Buy and Hold,13229.166666666677,10000.0,0.02008032128514049
2016-11-17,TQQQ Buy and Hold,13489.583333333343,10000.0,0.01968503937007867
2016-11-18,TQQQ Buy and Hold,13385.416666666677,10000.0,-0.007722007722007729
2016-11-21,TQQQ Buy and Hold,13750.000000000013,10000.0,0.027237354085603224
2016-11-22,TQQQ Buy and Hold,13906.250000000011,10000.0,0.01136363636363629
2016-11-23,TQQQ Buy and Hold,13697.916666666677,10000.0,-0.014981273408239714
2016-11-25,TQQQ Buy and Hold,13854.166666666677,10000.0,0.011406844106463974
2016-11-28,TQQQ Buy and Hold,13750.00000000001,10000.0,-0.0075187969924812095
2016-11-29,TQQQ Buy and Hold,13906.250000000007,10000.0,0.01136363636363629
2016-11-30,TQQQ Buy and Hold,13437.500000000007,10000.0,-0.033707865168539276
2016-12-01,TQQQ Buy and Hold,12708.33333333334,10000.0,-0.054263565891472916
2016-12-02,TQQQ Buy and Hold,12760.416666666675,10000.0,0.0040983606557378
2016-12-05,TQQQ Buy and Hold,13072.916666666673,10000.0,0.024489795918367186
2016-12-06,TQQQ Buy and Hold,13177.08333333334,10000.0,0.00796812749003985
2016-12-07,TQQQ Buy and Hold,13645.83333333334,10000.0,0.03557312252964439
2016-12-08,TQQQ Buy and Hold,13750.000000000005,10000.0,0.007633587786259549
2016-12-09,TQQQ Buy and Hold,14062.500000000005,10000.0,0.022727272727272745
2016-12-12,TQQQ Buy and Hold,13854.166666666672,10000.0,-0.014814814814814828
2016-12-13,TQQQ Buy and Hold,14375.000000000002,10000.0,0.03759398496240588
2016-12-14,TQQQ Buy and Hold,14270.833333333338,10000.0,-0.007246376811594049
2016-12-15,TQQQ Buy and Hold,14375.000000000002,10000.0,0.007299270072992544
2016-12-16,TQQQ Buy and Hold,14218.750000000002,10000.0,-0.010869565217391235
2016-12-19,TQQQ Buy and Hold,14375.000000000002,10000.0,0.010989010989010917
2016-12-20,TQQQ Buy and Hold,14531.250000000002,10000.0,0.010869565217391396
2016-12-21,TQQQ Buy and Hold,14479.166666666668,10000.0,-0.0035842293906810864
2016-12-22,TQQQ Buy and Hold,14375.000000000002,10000.0,-0.007194244604316554
2016-12-23,TQQQ Buy and Hold,14427.083333333336,10000.0,0.003623188405797185
2016-12-27,TQQQ Buy and Hold,14635.41666666667,10000.0,0.014440433212996403
2016-12-28,TQQQ Buy and Hold,14270.833333333338,10000.0,-0.024911032028469695
2016-12-29,TQQQ Buy and Hold,14218.750000000004,10000.0,-0.0036496350364964344
2016-12-30,TQQQ Buy and Hold,13802.083333333338,10000.0,-0.029304029304029332
2017-01-03,TQQQ Buy and Hold,14114.583333333338,10000.0,0.022641509433962283
2017-01-04,TQQQ Buy and Hold,14375.000000000004,10000.0,0.018450184501844952
2017-01-05,TQQQ Buy and Hold,14635.416666666672,10000.0,0.018115942028985605
2017-01-06,TQQQ Buy and Hold,15000.000000000005,10000.0,0.024911032028469695
2017-01-09,TQQQ Buy and Hold,15156.250000000007,10000.0,0.010416666666666753
2017-01-10,TQQQ Buy and Hold,15260.416666666673,10000.0,0.006872852233676982
2017-01-11,TQQQ Buy and Hold,15364.583333333341,10000.0,0.006825938566552906
2017-01-12,TQQQ Buy and Hold,15260.416666666675,10000.0,-0.006779661016949158
2017-01-13,TQQQ Buy and Hold,15468.75000000001,10000.0,0.013651877133105813
2017-01-17,TQQQ Buy and Hold,15312.500000000007,10000.0,-0.010101010101010183
2017-01-18,TQQQ Buy and Hold,15416.666666666673,10000.0,0.00680272108843538
2017-01-19,TQQQ Buy and Hold,15364.583333333341,10000.0,-0.0033783783783783066
2017-01-20,TQQQ Buy and Hold,15468.75000000001,10000.0,0.006779661016949158
2017-01-23,TQQQ Buy and Hold,15520.833333333341,10000.0,0.003367003367003295
2017-01-24,TQQQ Buy and Hold,15833.333333333343,10000.0,0.020134228187919483
2017-01-25,TQQQ Buy and Hold,16302.083333333343,10000.0,0.02960526315789469
2017-01-26,TQQQ Buy and Hold,16354.166666666679,10000.0,0.003194888178913812
2017-01-27,TQQQ Buy and Hold,16458.333333333347,10000.0,0.006369426751592362
2017-01-30,TQQQ Buy and Hold,16093.750000000011,10000.0,-0.022151898734177305
2017-01-31,TQQQ Buy and Hold,15989.583333333343,10000.0,-0.00647249190938512
2017-02-01,TQQQ Buy and Hold,16302.083333333343,10000.0,0.019543973941368097
2017-02-02,TQQQ Buy and Hold,16250.000000000011,10000.0,-0.0031948881789136702
2017-02-03,TQQQ Buy and Hold,16406.25000000001,10000.0,0.009615384615384552
2017-02-06,TQQQ Buy and Hold,16458.333333333343,10000.0,0.003174603174603248
2017-02-07,TQQQ Buy and Hold,16614.58333333334,10000.0,0.009493670886075887
2017-02-08,TQQQ Buy and Hold,16718.750000000007,10000.0,0.006269592476489034
2017-02-09,TQQQ Buy and Hold,16875.00000000001,10000.0,0.009345794392523442
2017-02-10,TQQQ Buy and Hold,17031.25000000001,10000.0,0.009259259259259198
2017-02-13,TQQQ Buy and Hold,17343.750000000015,10000.0,0.018348623853211024
2017-02-14,TQQQ Buy and Hold,17500.000000000015,10000.0,0.00900900900900895
2017-02-15,TQQQ Buy and Hold,17812.500000000015,10000.0,0.017857142857142873
2017-02-16,TQQQ Buy and Hold,17812.500000000015,10000.0,0.0
2017-02-17,TQQQ Buy and Hold,18020.83333333335,10000.0,0.01169590643274855
2017-02-21,TQQQ Buy and Hold,18281.25000000002,10000.0,0.01445086705202307
2017-02-22,TQQQ Buy and Hold,18333.333333333354,10000.0,0.002849002849002915
2017-02-23,TQQQ Buy and Hold,18125.000000000022,10000.0,-0.011363636363636374
2017-02-24,TQQQ Buy and Hold,18229.16666666669,10000.0,0.005747126436781614
2017-02-27,TQQQ Buy and Hold,18281.250000000025,10000.0,0.0028571428571427964
2017-02-28,TQQQ Buy and Hold,18125.000000000025,10000.0,-0.008547008547008492
2017-03-01,TQQQ Buy and Hold,18697.916666666693,10000.0,0.03160919540229881
2017-03-02,TQQQ Buy and Hold,18385.416666666693,10000.0,-0.016713091922005586
2017-03-03,TQQQ Buy and Hold,18489.58333333336,10000.0,0.005665722379603405
2017-03-06,TQQQ Buy and Hold,18385.416666666693,10000.0,-0.005633802816901414
2017-03-07,TQQQ Buy and Hold,18281.250000000025,10000.0,-0.005665722379603405
2017-03-08,TQQQ Buy and Hold,18385.41666666669,10000.0,0.0056980056980057035
2017-03-09,TQQQ Buy and Hold,18437.500000000025,10000.0,0.0028328611898017653
2017-03-10,TQQQ Buy and Hold,18645.83333333336,10000.0,0.011299435028248598
2017-03-13,TQQQ Buy and Hold,18750.00000000003,10000.0,0.005586592178770954
2017-03-14,TQQQ Buy and Hold,18593.75000000003,10000.0,-0.008333333333333403
2017-03-15,TQQQ Buy and Hold,18958.333333333365,10000.0,0.01960784313725498
2017-03-16,TQQQ Buy and Hold,18906.25000000003,10000.0,-0.002747252747252811
2017-03-17,TQQQ Buy and Hold,18854.166666666697,10000.0,-0.00275482093663906
2017-03-20,TQQQ Buy and Hold,18958.333333333365,10000.0,0.005524861878453044
2017-03-21,TQQQ Buy and Hold,18072.916666666697,10000.0,-0.04670329670329668
2017-03-22,TQQQ Buy and Hold,18437.50000000003,10000.0,0.02017291066282416
2017-03-23,TQQQ Buy and Hold,18281.250000000025,10000.0,-0.00847457627118651
2017-03-24,TQQQ Buy and Hold,18385.41666666669,10000.0,0.0056980056980057035
2017-03-27,TQQQ Buy and Hold,18489.583333333358,10000.0,0.005665722379603405
2017-03-28,TQQQ Buy and Hold,18854.16666666669,10000.0,0.01971830985915501
2017-03-29,TQQQ Buy and Hold,19114.583333333354,10000.0,0.013812154696132548
2017-03-30,TQQQ Buy and Hold,19166.66666666669,10000.0,0.0027247956403270383
2017-03-31,TQQQ Buy and Hold,19166.66666666669,10000.0,0.0
2017-04-03,TQQQ Buy and Hold,19114.583333333354,10000.0,-0.002717391304347889
2017-04-04,TQQQ Buy and Hold,19166.66666666669,10000.0,0.0027247956403270383
2017-04-05,TQQQ Buy and Hold,18958.333333333354,10000.0,-0.010869565217391313
2017-04-06,TQQQ Buy and Hold,18958.333333333354,10000.0,0.0
2017-04-07,TQQQ Buy and Hold,18958.333333333354,10000.0,0.0
2017-04-10,TQQQ Buy and Hold,18958.333333333354,10000.0,0.0
2017-04-11,TQQQ Buy and Hold,18750.000000000022,10000.0,-0.010989010989010999
2017-04-12,TQQQ Buy and Hold,18489.583333333354,10000.0,-0.013888888888888963
2017-04-13,TQQQ Buy and Hold,18281.250000000022,10000.0,-0.011267605633802828
2017-04-17,TQQQ Buy and Hold,18697.91666666669,10000.0,0.022792022792022814
2017-04-18,TQQQ Buy and Hold,18645.833333333358,10000.0,-0.0027855153203342024
2017-04-19,TQQQ Buy and Hold,18697.91666666669,10000.0,0.002793296089385415
2017-04-20,TQQQ Buy and Hold,19166.66666666669,10000.0,0.025069637883008443
2017-04-21,TQQQ Buy and Hold,19166.66666666669,10000.0,0.0
2017-04-24,TQQQ Buy and Hold,19843.750000000025,10000.0,0.03532608695652171
2017-04-25,TQQQ Buy and Hold,20312.500000000025,10000.0,0.02362204724409445
2017-04-26,TQQQ Buy and Hold,20208.333333333358,10000.0,-0.0051282051282051325
2017-04-27,TQQQ Buy and Hold,20572.916666666693,10000.0,0.018041237113402137
2017-04-28,TQQQ Buy and Hold,20677.08333333336,10000.0,0.005063291139240511
2017-05-01,TQQQ Buy and Hold,21197.916666666697,10000.0,0.02518891687657433
2017-05-02,TQQQ Buy and Hold,21354.166666666693,10000.0,0.007371007371007213
2017-05-03,TQQQ Buy and Hold,21145.83333333336,10000.0,-0.009756097560975618
2017-05-04,TQQQ Buy and Hold,21145.83333333336,10000.0,0.0
2017-05-05,TQQQ Buy and Hold,21354.166666666693,10000.0,0.009852216748768483
2017-05-08,TQQQ Buy and Hold,21510.416666666693,10000.0,0.0073170731707317685
2017-05-09,TQQQ Buy and Hold,21718.75000000003,10000.0,0.009685230024213084
2017-05-10,TQQQ Buy and Hold,21770.83333333336,10000.0,0.0023980815347721313
2017-05-11,TQQQ Buy and Hold,21718.75000000003,10000.0,-0.0023923444976076047
2017-05-12,TQQQ Buy and Hold,21875.00000000003,10000.0,0.007194244604316606
2017-05-15,TQQQ Buy and Hold,22083.33333333336,10000.0,0.009523809523809532
2017-05-16,TQQQ Buy and Hold,22343.75000000003,10000.0,0.011792452830188637
2017-05-17,TQQQ Buy and Hold,20677.08333333336,10000.0,-0.07459207459207455
2017-05-18,TQQQ Buy and Hold,21197.916666666697,10000.0,0.02518891687657433
2017-05-19,TQQQ Buy and Hold,21458.33333333336,10000.0,0.012285012285012241
2017-05-22,TQQQ Buy and Hold,21979.166666666693,10000.0,0.024271844660194088
2017-05-23,TQQQ Buy and Hold,22031.25000000003,10000.0,0.002369668246445658
2017-05-24,TQQQ Buy and Hold,22343.750000000025,10000.0,0.014184397163120473
2017-05-25,TQQQ Buy and Hold,22916.666666666697,10000.0,0.025641025641025716
2017-05-26,TQQQ Buy and Hold,23020.83333333336,10000.0,0.004545454545454448
2017-05-30,TQQQ Buy and Hold,23072.916666666693,10000.0,0.0022624434389139788
2017-05-31,TQQQ Buy and Hold,23072.916666666693,10000.0,0.0
2017-06-01,TQQQ Buy and Hold,23333.33333333336,10000.0,0.011286681715575782
2017-06-02,TQQQ Buy and Hold,24114.58333333336,10000.0,0.03348214285714274
2017-06-05,TQQQ Buy and Hold,24114.58333333336,10000.0,0.0
2017-06-06,TQQQ Buy and Hold,23854.166666666697,10000.0,-0.010799136069114432
2017-06-07,TQQQ Buy and Hold,24114.583333333365,10000.0,0.01091703056768555
2017-06-08,TQQQ Buy and Hold,24166.666666666697,10000.0,0.0021598272138228483
2017-06-09,TQQQ Buy and Hold,22395.83333333336,10000.0,-0.0732758620689655
2017-06-12,TQQQ Buy and Hold,21979.166666666693,10000.0,-0.018604651162790715
2017-06-13,TQQQ Buy and Hold,22500.00000000003,10000.0,0.023696682464455103
2017-06-14,TQQQ Buy and Hold,22239.583333333358,10000.0,-0.011574074074074238
2017-06-15,TQQQ Buy and Hold,21927.083333333358,10000.0,-0.01405152224824347
2017-06-16,TQQQ Buy and Hold,21666.666666666693,10000.0,-0.01187648456057003
2017-06-19,TQQQ Buy and Hold,22708.33333333336,10000.0,0.04807692307692312
2017-06-20,TQQQ Buy and Hold,22187.500000000025,10000.0,-0.02293577981651388
2017-06-21,TQQQ Buy and Hold,22812.500000000025,10000.0,0.028169014084507067
2017-06-22,TQQQ Buy and Hold,22812.500000000025,10000.0,0.0
2017-06-23,TQQQ Buy and Hold,23072.916666666693,10000.0,0.01141552511415521
2017-06-26,TQQQ Buy and Hold,22760.416666666693,10000.0,-0.013544018058690658
2017-06-27,TQQQ Buy and Hold,21510.41666666669,10000.0,-0.05491990846681927
2017-06-28,TQQQ Buy and Hold,22395.833333333358,10000.0,0.041162227602905554
2017-06-29,TQQQ Buy and Hold,21250.000000000025,10000.0,-0.05116279069767436
2017-06-30,TQQQ Buy and Hold,21197.916666666693,10000.0,-0.0024509803921568107
2017-07-03,TQQQ Buy and Hold,20625.000000000025,10000.0,-0.027027027027027105
2017-07-05,TQQQ Buy and Hold,21197.916666666697,10000.0,0.02777777777777786
2017-07-06,TQQQ Buy and Hold,20625.00000000003,10000.0,-0.027027027027027105
2017-07-07,TQQQ Buy and Hold,21250.00000000003,10000.0,0.03030303030303033
2017-07-10,TQQQ Buy and Hold,21718.75000000003,10000.0,0.022058823529411728
2017-07-11,TQQQ Buy and Hold,21875.00000000003,10000.0,0.007194244604316606
2017-07-12,TQQQ Buy and Hold,22656.25000000003,10000.0,0.03571428571428559
2017-07-13,TQQQ Buy and Hold,22812.50000000003,10000.0,0.006896551724137989
2017-07-14,TQQQ Buy and Hold,23333.33333333337,10000.0,0.022831050228310626
2017-07-17,TQQQ Buy and Hold,23385.4166666667,10000.0,0.0022321428571428093
2017-07-18,TQQQ Buy and Hold,23802.083333333372,10000.0,0.017817371937639215
2017-07-19,TQQQ Buy and Hold,24270.833333333372,10000.0,0.01969365426695839
2017-07-20,TQQQ Buy and Hold,24375.000000000036,10000.0,0.00429184549356214
2017-07-21,TQQQ Buy and Hold,24322.916666666704,10000.0,-0.0021367521367520914
2017-07-24,TQQQ Buy and Hold,24635.416666666708,10000.0,0.012847965738758137
2017-07-25,TQQQ Buy and Hold,24479.166666666704,10000.0,-0.00634249471458779
2017-07-26,TQQQ Buy and Hold,24687.50000000004,10000.0,0.008510638297872348
2017-07-27,TQQQ Buy and Hold,24270.833333333372,10000.0,-0.016877637130801704
2017-07-28,TQQQ Buy and Hold,24166.666666666704,10000.0,-0.004291845493562331
2017-07-31,TQQQ Buy and Hold,23854.166666666704,10000.0,-0.012931034482758537
2017-08-01,TQQQ Buy and Hold,24010.416666666708,10000.0,0.006550218340611408
2017-08-02,TQQQ Buy and Hold,24166.666666666704,10000.0,0.006507592190889232
2017-08-03,TQQQ Buy and Hold,23958.333333333372,10000.0,-0.008620689655172422
2017-08-04,TQQQ Buy and Hold,24010.416666666708,10000.0,0.002173913043478408
2017-08-07,TQQQ Buy and Hold,24479.166666666704,10000.0,0.01952277657266808
2017-08-08,TQQQ Buy and Hold,24375.000000000036,10000.0,-0.004255319148936268
2017-08-09,TQQQ Buy and Hold,24270.833333333372,10000.0,-0.004273504273504183
2017-08-10,TQQQ Buy and Hold,22708.333333333372,10000.0,-0.06437768240343343
2017-08-11,TQQQ Buy and Hold,23229.166666666704,10000.0,0.02293577981651368
2017-08-14,TQQQ Buy and Hold,24114.583333333372,10000.0,0.038116591928251106
2017-08-15,TQQQ Buy and Hold,24166.666666666704,10000.0,0.0021598272138228483
2017-08-16,TQQQ Buy and Hold,24270.833333333372,10000.0,0.004310344827586307
2017-08-17,TQQQ Buy and Hold,22812.500000000033,10000.0,-0.06008583690987129
2017-08-18,TQQQ Buy and Hold,22708.33333333337,10000.0,-0.004566210045662003
2017-08-21,TQQQ Buy and Hold,22656.250000000033,10000.0,-0.0022935779816515307
2017-08-22,TQQQ Buy and Hold,23697.9166666667,10000.0,0.04597701149425292
2017-08-23,TQQQ Buy and Hold,23437.500000000033,10000.0,-0.01098901098901095
2017-08-24,TQQQ Buy and Hold,23229.166666666697,10000.0,-0.008888888888888898
2017-08-25,TQQQ Buy and Hold,23072.916666666697,10000.0,-0.006726457399103195
2017-08-28,TQQQ Buy and Hold,23281.250000000033,10000.0,0.009029345372460505
2017-08-29,TQQQ Buy and Hold,23541.666666666697,10000.0,0.011185682326621885
2017-08-30,TQQQ Buy and Hold,24375.000000000033,10000.0,0.03539823008849561
2017-08-31,TQQQ Buy and Hold,25052.083333333365,10000.0,0.027777777777777755
2017-09-01,TQQQ Buy and Hold,25052.083333333365,10000.0,0.0
2017-09-05,TQQQ Buy and Hold,24375.000000000033,10000.0,-0.027027027027027008
2017-09-06,TQQQ Buy and Hold,24583.333333333365,10000.0,0.008547008547008555
2017-09-07,TQQQ Buy and Hold,24739.58333333337,10000.0,0.006355932203389884
2017-09-08,TQQQ Buy and Hold,24114.58333333337,10000.0,-0.025263157894736866
2017-09-11,TQQQ Buy and Hold,24895.833333333372,10000.0,0.03239740820734349
2017-09-12,TQQQ Buy and Hold,25104.166666666704,10000.0,0.00836820083682009
2017-09-13,TQQQ Buy and Hold,25208.333333333372,10000.0,0.004149377593360907
2017-09-14,TQQQ Buy and Hold,24791.666666666704,10000.0,-0.016528925619834725
2017-09-15,TQQQ Buy and Hold,25000.000000000036,10000.0,0.008403361344537823
2017-09-18,TQQQ Buy and Hold,24895.833333333372,10000.0,-0.004166666666666578
2017-09-19,TQQQ Buy and Hold,25000.000000000036,10000.0,0.004184100418409952
2017-09-20,TQQQ Buy and Hold,24791.666666666704,10000.0,-0.008333333333333342
2017-09-21,TQQQ Buy and Hold,24322.916666666704,10000.0,-0.018907563025210055
2017-09-22,TQQQ Buy and Hold,24270.833333333372,10000.0,-0.002141327623126293
2017-09-25,TQQQ Buy and Hold,23541.6666666667,10000.0,-0.030042918454935744
2017-09-26,TQQQ Buy and Hold,23697.9166666667,10000.0,0.006637168141592976
2017-09-27,TQQQ Buy and Hold,24322.916666666704,10000.0,0.026373626373626398
2017-09-28,TQQQ Buy and Hold,24270.833333333372,10000.0,-0.002141327623126293
2017-09-29,TQQQ Buy and Hold,24791.666666666704,10000.0,0.021459227467811082
2017-10-02,TQQQ Buy and Hold,24843.750000000036,10000.0,0.002100840336134409
2017-10-03,TQQQ Buy and Hold,25000.000000000036,10000.0,0.006289308176100681
2017-10-04,TQQQ Buy and Hold,25104.166666666708,10000.0,0.004166666666666763
2017-10-05,TQQQ Buy and Hold,25781.25000000004,10000.0,0.02697095435684645
2017-10-06,TQQQ Buy and Hold,25885.4166666667,10000.0,0.0040404040404039545
2017-10-09,TQQQ Buy and Hold,25833.33333333337,10000.0,-0.002012072434607603
2017-10-10,TQQQ Buy and Hold,25885.4166666667,10000.0,0.0020161290322580215
2017-10-11,TQQQ Buy and Hold,26093.750000000036,10000.0,0.008048289738430591
2017-10-12,TQQQ Buy and Hold,25989.583333333372,10000.0,-0.003992015968063787
2017-10-13,TQQQ Buy and Hold,26250.000000000036,10000.0,0.010020040080160284
2017-10-16,TQQQ Buy and Hold,26510.416666666704,10000.0,0.009920634920634885
2017-10-17,TQQQ Buy and Hold,26614.583333333376,10000.0,0.003929273084479462
2017-10-18,TQQQ Buy and Hold,26510.416666666704,10000.0,-0.003913894324853319
2017-10-19,TQQQ Buy and Hold,26250.000000000036,10000.0,-0.009823182711198393
2017-10-20,TQQQ Buy and Hold,26406.250000000036,10000.0,0.0059523809523810015
2017-10-23,TQQQ Buy and Hold,25937.500000000036,10000.0,-0.0177514792899408
2017-10-24,TQQQ Buy and Hold,26041.666666666697,10000.0,0.004016064257028026
2017-10-25,TQQQ Buy and Hold,25729.1666666667,10000.0,-0.011999999999999922
2017-10-26,TQQQ Buy and Hold,25520.83333333337,10000.0,-0.008097165991902841
2017-10-27,TQQQ Buy and Hold,27708.33333333337,10000.0,0.08571428571428569
2017-10-30,TQQQ Buy and Hold,27916.666666666704,10000.0,0.0075187969924812095
2017-10-31,TQQQ Buy and Hold,28177.08333333337,10000.0,0.00932835820895519
2017-11-01,TQQQ Buy and Hold,28177.08333333337,10000.0,0.0
2017-11-02,TQQQ Buy and Hold,28020.833333333365,10000.0,-0.005545286506469547
2017-11-03,TQQQ Buy and Hold,28802.08333333337,10000.0,0.027881040892193374
2017-11-06,TQQQ Buy and Hold,29114.58333333337,10000.0,0.010849909584086728
2017-11-07,TQQQ Buy and Hold,29166.6666666667,10000.0,0.0017889087656529135
2017-11-08,TQQQ Buy and Hold,29531.250000000033,10000.0,0.012500000000000051
2017-11-09,TQQQ Buy and Hold,29010.4166666667,10000.0,-0.017636684303350907
2017-11-10,TQQQ Buy and Hold,29010.4166666667,10000.0,0.0
2017-11-13,TQQQ Buy and Hold,29114.583333333365,10000.0,0.003590664272890408
2017-11-14,TQQQ Buy and Hold,28802.083333333365,10000.0,-0.01073345259391764
2017-11-15,TQQQ Buy and Hold,28385.416666666697,10000.0,-0.014466546112115744
2017-11-16,TQQQ Buy and Hold,29479.166666666697,10000.0,0.038532110091743114
2017-11-17,TQQQ Buy and Hold,29114.58333333336,10000.0,-0.012367491166077788
2017-11-20,TQQQ Buy and Hold,29062.50000000003,10000.0,-0.0017889087656529135
2017-11-21,TQQQ Buy and Hold,29947.916666666693,10000.0,0.030465949820788516
2017-11-22,TQQQ Buy and Hold,30104.166666666693,10000.0,0.005217391304347869
2017-11-24,TQQQ Buy and Hold,30416.666666666693,10000.0,0.010380622837370174
2017-11-27,TQQQ Buy and Hold,30364.58333333336,10000.0,-0.0017123287671232511
2017-11-28,TQQQ Buy and Hold,30625.00000000003,10000.0,0.008576329331046281
2017-11-29,TQQQ Buy and Hold,29010.416666666697,10000.0,-0.05272108843537408
2017-11-30,TQQQ Buy and Hold,29739.583333333365,10000.0,0.025134649910233335
2017-12-01,TQQQ Buy and Hold,29375.00000000003,10000.0,-0.012259194395796898
2017-12-04,TQQQ Buy and Hold,28333.333333333365,10000.0,-0.035460992907801296
2017-12-05,TQQQ Buy and Hold,28385.416666666693,10000.0,0.0018382352941176078
2017-12-06,TQQQ Buy and Hold,28750.000000000022,10000.0,0.012844036697247594
2017-12-07,TQQQ Buy and Hold,29062.500000000022,10000.0,0.010869565217391396
2017-12-08,TQQQ Buy and Hold,29427.083333333358,10000.0,0.012544802867383563
2017-12-11,TQQQ Buy and Hold,30104.16666666669,10000.0,0.023008849557522103
2017-12-12,TQQQ Buy and Hold,30000.000000000022,10000.0,-0.0034602076124568273
2017-12-13,TQQQ Buy and Hold,30156.250000000025,10000.0,0.005208333333333376
2017-12-14,TQQQ Buy and Hold,30104.166666666693,10000.0,-0.0017271157167529857
2017-12-15,TQQQ Buy and Hold,31093.750000000025,10000.0,0.032871972318339014
2017-12-18,TQQQ Buy and Hold,31875.000000000025,10000.0,0.025125628140703578
2017-12-19,TQQQ Buy and Hold,31354.16666666669,10000.0,-0.01633986928104584
2017-12-20,TQQQ Buy and Hold,31197.916666666693,10000.0,-0.004983388704318831
2017-12-21,TQQQ Buy and Hold,31197.916666666693,10000.0,0.0
2017-12-22,TQQQ Buy and Hold,31093.750000000022,10000.0,-0.003338898163606087
2017-12-26,TQQQ Buy and Hold,30625.000000000022,10000.0,-0.015075376884422087
2017-12-27,TQQQ Buy and Hold,30625.000000000022,10000.0,0.0
2017-12-28,TQQQ Buy and Hold,30677.083333333358,10000.0,0.0017006802721088073
2017-12-29,TQQQ Buy and Hold,30104.166666666693,10000.0,-0.018675721561969345
2018-01-02,TQQQ Buy and Hold,31666.666666666693,10000.0,0.05190311418685118
2018-01-03,TQQQ Buy and Hold,32552.083333333358,10000.0,0.02796052631578946
2018-01-04,TQQQ Buy and Hold,32760.41666666669,10000.0,0.0064000000000000055
2018-01-05,TQQQ Buy and Hold,33750.00000000002,10000.0,0.030206677265500855
2018-01-08,TQQQ Buy and Hold,34114.58333333335,10000.0,0.010802469135802375
2018-01-09,TQQQ Buy and Hold,34166.666666666686,10000.0,0.0015267175572518759
2018-01-10,TQQQ Buy and Hold,33906.25000000002,10000.0,-0.007621951219512168
2018-01-11,TQQQ Buy and Hold,34583.33333333335,10000.0,0.019969278033794148
2018-01-12,TQQQ Buy and Hold,35312.50000000002,10000.0,0.021084337349397676
2018-01-16,TQQQ Buy and Hold,35052.08333333336,10000.0,-0.007374631268436552
2018-01-17,TQQQ Buy and Hold,36145.83333333336,10000.0,0.03120356612184249
2018-01-18,TQQQ Buy and Hold,36197.916666666686,10000.0,0.0014409221902016982
2018-01-19,TQQQ Buy and Hold,36562.50000000002,10000.0,0.010071942446043078
2018-01-22,TQQQ Buy and Hold,37656.25000000003,10000.0,0.029914529914530037
2018-01-23,TQQQ Buy and Hold,38645.83333333336,10000.0,0.02627939142461957
2018-01-24,TQQQ Buy and Hold,37864.58333333336,10000.0,-0.02021563342318064
2018-01-25,TQQQ Buy and Hold,37812.50000000003,10000.0,-0.0013755158184318827
2018-01-26,TQQQ Buy and Hold,39479.1666666667,10000.0,0.04407713498622594
2018-01-29,TQQQ Buy and Hold,38958.333333333365,10000.0,-0.01319261213720312
2018-01-30,TQQQ Buy and Hold,37968.75000000003,10000.0,-0.025401069518716627
2018-01-31,TQQQ Buy and Hold,38437.50000000003,10000.0,0.01234567901234566
2018-02-01,TQQQ Buy and Hold,37500.00000000003,10000.0,-0.024390243902438987
2018-02-02,TQQQ Buy and Hold,35208.33333333336,10000.0,-0.061111111111111165
2018-02-05,TQQQ Buy and Hold,31145.833333333358,10000.0,-0.1153846153846153
2018-02-06,TQQQ Buy and Hold,33541.66666666669,10000.0,0.07692307692307691
2018-02-07,TQQQ Buy and Hold,32187.500000000022,10000.0,-0.04037267080745352
2018-02-08,TQQQ Buy and Hold,28229.166666666686,10000.0,-0.12297734627831712
2018-02-09,TQQQ Buy and Hold,29531.25000000002,10000.0,0.046125461254612546
2018-02-12,TQQQ Buy and Hold,31197.916666666686,10000.0,0.056437389770723156
2018-02-13,TQQQ Buy and Hold,31562.50000000002,10000.0,0.011686143572620935
2018-02-14,TQQQ Buy and Hold,33437.50000000002,10000.0,0.059405940594059466
2018-02-15,TQQQ Buy and Hold,35156.25000000002,10000.0,0.05140186915887852
2018-02-16,TQQQ Buy and Hold,34791.666666666686,10000.0,-0.010370370370370412
2018-02-20,TQQQ Buy and Hold,34947.916666666686,10000.0,0.004491017964071893
2018-02-21,TQQQ Buy and Hold,34635.416666666686,10000.0,-0.008941877794336752
2018-02-22,TQQQ Buy and Hold,34635.416666666686,10000.0,0.0
2018-02-23,TQQQ Buy and Hold,36718.75000000002,10000.0,0.06015037593984954
2018-02-26,TQQQ Buy and Hold,38177.08333333336,10000.0,0.039716312056737625
2018-02-27,TQQQ Buy and Hold,36822.91666666669,10000.0,-0.035470668485675275
2018-02-28,TQQQ Buy and Hold,36093.75000000002,10000.0,-0.019801980198019882
2018-03-01,TQQQ Buy and Hold,34322.916666666686,10000.0,-0.04906204906204904
2018-03-02,TQQQ Buy and Hold,35260.416666666686,10000.0,0.027314112291350487
2018-03-05,TQQQ Buy and Hold,36406.25000000002,10000.0,0.03249630723781398
2018-03-06,TQQQ Buy and Hold,36822.91666666669,10000.0,0.011444921316165962
2018-03-07,TQQQ Buy and Hold,37135.416666666686,10000.0,0.008486562942008431
2018-03-08,TQQQ Buy and Hold,37656.25000000002,10000.0,0.014025245441795306
2018-03-09,TQQQ Buy and Hold,39895.83333333336,10000.0,0.05947441217150756
2018-03-12,TQQQ Buy and Hold,40468.75000000002,10000.0,0.014360313315926819
2018-03-13,TQQQ Buy and Hold,39010.416666666686,10000.0,-0.03603603603603595
2018-03-14,TQQQ Buy and Hold,38854.166666666686,10000.0,-0.004005340453938618
2018-03-15,TQQQ Buy and Hold,38697.916666666686,10000.0,-0.004021447721179658
2018-03-16,TQQQ Buy and Hold,38437.50000000002,10000.0,-0.006729475100942103
2018-03-19,TQQQ Buy and Hold,36041.666666666686,10000.0,-0.06233062330623306
2018-03-20,TQQQ Buy and Hold,36302.08333333335,10000.0,0.007225433526011535
2018-03-21,TQQQ Buy and Hold,35781.25000000002,10000.0,-0.014347202295552317
2018-03-22,TQQQ Buy and Hold,33125.00000000002,10000.0,-0.07423580786026197
2018-03-23,TQQQ Buy and Hold,30468.750000000015,10000.0,-0.08018867924528313
2018-03-26,TQQQ Buy and Hold,33906.250000000015,10000.0,0.11282051282051285
2018-03-27,TQQQ Buy and Hold,30625.00000000001,10000.0,-0.09677419354838708
2018-03-28,TQQQ Buy and Hold,29583.333333333343,10000.0,-0.0340136054421769
2018-03-29,TQQQ Buy and Hold,31250.000000000015,10000.0,0.056338028169014134
2018-04-02,TQQQ Buy and Hold,28437.500000000015,10000.0,-0.09000000000000001
2018-04-03,TQQQ Buy and Hold,29427.08333333335,10000.0,0.03479853479853487
2018-04-04,TQQQ Buy and Hold,30781.25000000002,10000.0,0.046017699115044206
2018-04-05,TQQQ Buy and Hold,31302.08333333335,10000.0,0.016920473773265592
2018-04-06,TQQQ Buy and Hold,28958.333333333347,10000.0,-0.07487520798668888
2018-04-09,TQQQ Buy and Hold,29531.25000000002,10000.0,0.01978417266187056
2018-04-10,TQQQ Buy and Hold,31458.33333333335,10000.0,0.06525573192239861
2018-04-11,TQQQ Buy and Hold,30937.50000000002,10000.0,-0.01655629139072842
2018-04-12,TQQQ Buy and Hold,32031.250000000015,10000.0,0.035353535353535345
2018-04-13,TQQQ Buy and Hold,31562.50000000001,10000.0,-0.014634146341463535
2018-04-16,TQQQ Buy and Hold,32239.583333333347,10000.0,0.021452145214521583
2018-04-17,TQQQ Buy and Hold,34322.91666666668,10000.0,0.06462035541195467
2018-04-18,TQQQ Buy and Hold,34583.33333333334,10000.0,0.00758725341426401
2018-04-19,TQQQ Buy and Hold,33645.83333333334,10000.0,-0.027108433734939718
2018-04-20,TQQQ Buy and Hold,32031.250000000015,10000.0,-0.047987616099071144
2018-04-23,TQQQ Buy and Hold,31770.833333333343,10000.0,-0.008130081300813123
2018-04-24,TQQQ Buy and Hold,29739.583333333343,10000.0,-0.06393442622950815
2018-04-25,TQQQ Buy and Hold,29843.750000000015,10000.0,0.003502626970227752
2018-04-26,TQQQ Buy and Hold,31718.75000000001,10000.0,0.06282722513088995
2018-04-27,TQQQ Buy and Hold,31770.83333333334,10000.0,0.0016420361247947105
2018-04-30,TQQQ Buy and Hold,31093.750000000007,10000.0,-0.02131147540983605
2018-05-01,TQQQ Buy and Hold,32135.416666666675,10000.0,0.033500837520938055
2018-05-02,TQQQ Buy and Hold,31562.500000000004,10000.0,-0.01782820097244738
2018-05-03,TQQQ Buy and Hold,31562.500000000004,10000.0,0.0
2018-05-04,TQQQ Buy and Hold,33333.33333333334,10000.0,0.05610561056105623
2018-05-07,TQQQ Buy and Hold,34114.58333333334,10000.0,0.023437499999999917
2018-05-08,TQQQ Buy and Hold,34010.41666666668,10000.0,-0.0030534351145037517
2018-05-09,TQQQ Buy and Hold,35156.25000000001,10000.0,0.03369065849923426
2018-05-10,TQQQ Buy and Hold,36250.00000000001,10000.0,0.031111111111111107
2018-05-11,TQQQ Buy and Hold,36145.83333333334,10000.0,-0.0028735632183907434
2018-05-14,TQQQ Buy and Hold,36302.08333333334,10000.0,0.004322766570605095
2018-05-15,TQQQ Buy and Hold,35104.16666666668,10000.0,-0.03299856527977038
2018-05-16,TQQQ Buy and Hold,35781.250000000015,10000.0,0.019287833827893158
2018-05-17,TQQQ Buy and Hold,35364.58333333335,10000.0,-0.011644832605531306
2018-05-18,TQQQ Buy and Hold,34791.66666666668,10000.0,-0.01620029455081006
2018-05-21,TQQQ Buy and Hold,35416.66666666668,10000.0,0.017964071856287442
2018-05-22,TQQQ Buy and Hold,35208.33333333334,10000.0,-0.005882352941176476
2018-05-23,TQQQ Buy and Hold,36093.75000000001,10000.0,0.02514792899408283
2018-05-24,TQQQ Buy and Hold,36093.75000000001,10000.0,0.0
2018-05-25,TQQQ Buy and Hold,36145.83333333334,10000.0,0.0014430014430015404
2018-05-29,TQQQ Buy and Hold,35729.16666666668,10000.0,-0.011527377521613843
2018-05-30,TQQQ Buy and Hold,36458.33333333334,10000.0,0.020408163265306076
2018-05-31,TQQQ Buy and Hold,36406.25000000001,10000.0,-0.0014285714285713982
2018-06-01,TQQQ Buy and Hold,38072.91666666667,10000.0,0.045779685264663715
2018-06-04,TQQQ Buy and Hold,39062.50000000001,10000.0,0.02599179206566353
2018-06-05,TQQQ Buy and Hold,39479.16666666667,10000.0,0.010666666666666677
2018-06-06,TQQQ Buy and Hold,40104.16666666667,10000.0,0.015831134564643815
2018-06-07,TQQQ Buy and Hold,39166.666666666664,10000.0,-0.023376623376623454
2018-06-08,TQQQ Buy and Hold,39166.666666666664,10000.0,0.0
2018-06-11,TQQQ Buy and Hold,39479.16666666667,10000.0,0.007978723404255386
2018-06-12,TQQQ Buy and Hold,40104.16666666667,10000.0,0.015831134564643815
2018-06-13,TQQQ Buy and Hold,40052.08333333334,10000.0,-0.001298701298701271
2018-06-14,TQQQ Buy and Hold,41250.000000000015,10000.0,0.029908972691807482
2018-06-15,TQQQ Buy and Hold,40833.33333333334,10000.0,-0.01010101010101011
2018-06-18,TQQQ Buy and Hold,40729.16666666668,10000.0,-0.002551020408163211
2018-06-19,TQQQ Buy and Hold,40416.66666666668,10000.0,-0.007672634271099808
2018-06-20,TQQQ Buy and Hold,41250.00000000001,10000.0,0.020618556701030948
2018-06-21,TQQQ Buy and Hold,40156.25000000001,10000.0,-0.026515151515151512
2018-06-22,TQQQ Buy and Hold,39791.66666666667,10000.0,-0.009079118028534408
2018-06-25,TQQQ Buy and Hold,37239.58333333334,10000.0,-0.06413612565445018
2018-06-26,TQQQ Buy and Hold,37656.25000000001,10000.0,0.011188811188811197
2018-06-27,TQQQ Buy and Hold,36145.83333333334,10000.0,-0.040110650069156296
2018-06-28,TQQQ Buy and Hold,37031.250000000015,10000.0,0.024495677233429384
2018-06-29,TQQQ Buy and Hold,37187.500000000015,10000.0,0.004219409282700331
2018-07-02,TQQQ Buy and Hold,38020.83333333334,10000.0,0.022408963585434195
2018-07-03,TQQQ Buy and Hold,36718.75000000001,10000.0,-0.03424657534246575
2018-07-05,TQQQ Buy and Hold,38072.91666666668,10000.0,0.036879432624113445
2018-07-06,TQQQ Buy and Hold,39791.66666666668,10000.0,0.045143638850889206
2018-07-09,TQQQ Buy and Hold,40885.41666666668,10000.0,0.027486910994764396
2018-07-10,TQQQ Buy and Hold,40989.58333333334,10000.0,0.0025477707006370015
2018-07-11,TQQQ Buy and Hold,40364.58333333334,10000.0,-0.015247776365946646
2018-07-12,TQQQ Buy and Hold,42343.750000000015,10000.0,0.04903225806451623
2018-07-13,TQQQ Buy and Hold,42500.000000000015,10000.0,0.0036900369003689247
2018-07-16,TQQQ Buy and Hold,42187.50000000001,10000.0,-0.007352941176470649
2018-07-17,TQQQ Buy and Hold,42968.75000000001,10000.0,0.018518518518518563
2018-07-18,TQQQ Buy and Hold,42708.333333333336,10000.0,-0.0060606060606061465
2018-07-19,TQQQ Buy and Hold,42083.33333333334,10000.0,-0.01463414634146332
2018-07-20,TQQQ Buy and Hold,42031.25000000001,10000.0,-0.0012376237623762112
2018-07-23,TQQQ Buy and Hold,42395.83333333334,10000.0,0.00867410161090462
2018-07-24,TQQQ Buy and Hold,42916.66666666667,10000.0,0.012285012285012241
2018-07-25,TQQQ Buy and Hold,44739.58333333334,10000.0,0.04247572815533976
2018-07-26,TQQQ Buy and Hold,42760.41666666668,10000.0,-0.04423748544819546
2018-07-27,TQQQ Buy and Hold,40989.583333333336,10000.0,-0.041412911084043935
2018-07-30,TQQQ Buy and Hold,39218.75,10000.0,-0.043202033036848775
2018-07-31,TQQQ Buy and Hold,40000.0,10000.0,0.019920318725099532
2018-08-01,TQQQ Buy and Hold,40520.833333333336,10000.0,0.013020833333333403
2018-08-02,TQQQ Buy and Hold,42135.41666666667,10000.0,0.039845758354755734
2018-08-03,TQQQ Buy and Hold,42552.083333333336,10000.0,0.009888751545117438
2018-08-06,TQQQ Buy and Hold,43333.333333333336,10000.0,0.018359853121175076
2018-08-07,TQQQ Buy and Hold,43750.0,10000.0,0.009615384615384623
2018-08-08,TQQQ Buy and Hold,43854.166666666664,10000.0,0.00238095238095233
2018-08-09,TQQQ Buy and Hold,43802.08333333333,10000.0,-0.0011876484560569818
2018-08-10,TQQQ Buy and Hold,42812.5,10000.0,-0.022592152199762128
2018-08-13,TQQQ Buy and Hold,42656.24999999999,10000.0,-0.0036496350364964886
2018-08-14,TQQQ Buy and Hold,43437.49999999999,10000.0,0.01831501831501836
2018-08-15,TQQQ Buy and Hold,41874.999999999985,10000.0,-0.03597122302158282
2018-08-16,TQQQ Buy and Hold,42239.583333333314,10000.0,0.008706467661691579
2018-08-17,TQQQ Buy and Hold,42239.583333333314,10000.0,0.0
2018-08-20,TQQQ Buy and Hold,42187.499999999985,10000.0,-0.0012330456226880132
2018-08-21,TQQQ Buy and Hold,42604.16666666666,10000.0,0.009876543209876552
2018-08-22,TQQQ Buy and Hold,43072.91666666666,10000.0,0.011002444987775044
2018-08-23,TQQQ Buy and Hold,42864.58333333333,10000.0,-0.004836759371221179
2018-08-24,TQQQ Buy and Hold,44062.5,10000.0,0.027946537059538326
2018-08-27,TQQQ Buy and Hold,45416.666666666664,10000.0,0.030732860520094534
2018-08-28,TQQQ Buy and Hold,45624.99999999999,10000.0,0.0045871559633026545
2018-08-29,TQQQ Buy and Hold,47187.5,10000.0,0.034246575342465835
2018-08-30,TQQQ Buy and Hold,46927.08333333333,10000.0,-0.005518763796909571
2018-08-31,TQQQ Buy and Hold,47083.33333333333,10000.0,0.0033296337402884974
2018-09-04,TQQQ Buy and Hold,46510.416666666664,10000.0,-0.012168141592920293
2018-09-05,TQQQ Buy and Hold,44635.416666666664,10000.0,-0.04031354983202681
2018-09-06,TQQQ Buy and Hold,43437.49999999999,10000.0,-0.026837806301050225
2018-09-07,TQQQ Buy and Hold,43020.83333333332,10000.0,-0.009592326139088737
2018-09-10,TQQQ Buy and Hold,43385.41666666666,10000.0,0.008474576271186475
2018-09-11,TQQQ Buy and Hold,44374.999999999985,10000.0,0.022809123649459723
2018-09-12,TQQQ Buy and Hold,43958.33333333332,10000.0,-0.009389671361502356
2018-09-13,TQQQ Buy and Hold,45260.41666666666,10000.0,0.02962085308056872
2018-09-14,TQQQ Buy and Hold,44947.916666666664,10000.0,-0.006904487917145998
2018-09-17,TQQQ Buy and Hold,43020.83333333332,10000.0,-0.0428736964078796
2018-09-18,TQQQ Buy and Hold,44062.499999999985,10000.0,0.02421307506053282
2018-09-19,TQQQ Buy and Hold,43958.333333333314,10000.0,-0.0023640661938535874
2018-09-20,TQQQ Buy and Hold,45312.49999999998,10000.0,0.030805687203791447
2018-09-21,TQQQ Buy and Hold,44635.41666666665,10000.0,-0.014942528735632071
2018-09-24,TQQQ Buy and Hold,44999.999999999985,10000.0,0.008168028004667477
2018-09-25,TQQQ Buy and Hold,45208.333333333314,10000.0,0.0046296296296295305
2018-09-26,TQQQ Buy and Hold,45156.249999999985,10000.0,-0.0011520737327188695
2018-09-27,TQQQ Buy and Hold,46406.249999999985,10000.0,0.027681660899654004
2018-09-28,TQQQ Buy and Hold,46302.08333333332,10000.0,-0.00224466891133553
2018-10-01,TQQQ Buy and Hold,46562.49999999998,10000.0,0.00562429696287952
2018-10-02,TQQQ Buy and Hold,46302.08333333332,10000.0,-0.0055928411633108435
2018-10-03,TQQQ Buy and Hold,46458.333333333314,10000.0,0.003374578177727712
2018-10-04,TQQQ Buy and Hold,43802.083333333314,10000.0,-0.05717488789237666
2018-10-05,TQQQ Buy and Hold,42135.41666666664,10000.0,-0.03804994054696793
2018-10-08,TQQQ Buy and Hold,41406.24999999998,10000.0,-0.017305315203955462
2018-10-09,TQQQ Buy and Hold,41718.74999999998,10000.0,0.007547169811320705
2018-10-10,TQQQ Buy and Hold,36302.083333333314,10000.0,-0.12983770287141075
2018-10-11,TQQQ Buy and Hold,34843.749999999985,10000.0,-0.040172166427546535
2018-10-12,TQQQ Buy and Hold,37760.41666666665,10000.0,0.08370702541106122
2018-10-15,TQQQ Buy and Hold,36354.16666666665,10000.0,-0.03724137931034477
2018-10-16,TQQQ Buy and Hold,39479.16666666664,10000.0,0.08595988538681942
2018-10-17,TQQQ Buy and Hold,39635.41666666665,10000.0,0.003957783641160982
2018-10-18,TQQQ Buy and Hold,36874.99999999998,10000.0,-0.06964520367936929
2018-10-19,TQQQ Buy and Hold,36718.74999999998,10000.0,-0.004237288135593255
2018-10-22,TQQQ Buy and Hold,37291.66666666665,10000.0,0.01560283687943267
2018-10-23,TQQQ Buy and Hold,36874.999999999985,10000.0,-0.011173184357541908
2018-10-24,TQQQ Buy and Hold,31822.916666666657,10000.0,-0.13700564971751408
2018-10-25,TQQQ Buy and Hold,35104.16666666665,10000.0,0.10310965630114564
2018-10-26,TQQQ Buy and Hold,32395.833333333314,10000.0,-0.07715133531157277
2018-10-29,TQQQ Buy and Hold,30677.083333333314,10000.0,-0.05305466237942123
2018-10-30,TQQQ Buy and Hold,31822.91666666665,10000.0,0.03735144312393899
2018-10-31,TQQQ Buy and Hold,34010.41666666665,10000.0,0.06873977086743042
2018-11-01,TQQQ Buy and Hold,35468.749999999985,10000.0,0.04287901990811629
2018-11-02,TQQQ Buy and Hold,33906.249999999985,10000.0,-0.04405286343612332
2018-11-05,TQQQ Buy and Hold,33541.66666666666,10000.0,-0.010752688172042918
2018-11-06,TQQQ Buy and Hold,34270.83333333332,10000.0,0.021739130434782556
2018-11-07,TQQQ Buy and Hold,37395.833333333314,10000.0,0.09118541033434645
2018-11-08,TQQQ Buy and Hold,36770.833333333314,10000.0,-0.016713091922005586
2018-11-09,TQQQ Buy and Hold,34895.83333333332,10000.0,-0.05099150141643052
2018-11-12,TQQQ Buy and Hold,31822.916666666657,10000.0,-0.08805970149253729
2018-11-13,TQQQ Buy and Hold,31822.916666666657,10000.0,0.0
2018-11-14,TQQQ Buy and Hold,31041.666666666653,10000.0,-0.0245499181669395
2018-11-15,TQQQ Buy and Hold,32708.333333333325,10000.0,0.05369127516778528
2018-11-16,TQQQ Buy and Hold,32343.74999999999,10000.0,-0.011146496815286669
2018-11-19,TQQQ Buy and Hold,29218.74999999999,10000.0,-0.09661835748792265
2018-11-20,TQQQ Buy and Hold,27604.166666666657,10000.0,-0.05525846702317299
2018-11-21,TQQQ Buy and Hold,28229.166666666657,10000.0,0.022641509433962283
2018-11-23,TQQQ Buy and Hold,27604.166666666657,10000.0,-0.02214022140221404
2018-11-26,TQQQ Buy and Hold,29479.166666666657,10000.0,0.06792452830188686
2018-11-27,TQQQ Buy and Hold,29791.666666666653,10000.0,0.01060070671378085
2018-11-28,TQQQ Buy and Hold,32604.16666666665,10000.0,0.09440559440559441
2018-11-29,TQQQ Buy and Hold,32343.749999999985,10000.0,-0.007987220447284317
2018-11-30,TQQQ Buy and Hold,33020.83333333332,10000.0,0.020933977455716568
2018-12-03,TQQQ Buy and Hold,34687.49999999999,10000.0,0.050473186119873864
2018-12-04,TQQQ Buy and Hold,30885.41666666666,10000.0,-0.10960960960960967
2018-12-06,TQQQ Buy and Hold,31302.08333333333,10000.0,0.013490725126475561
2018-12-07,TQQQ Buy and Hold,28281.249999999996,10000.0,-0.09650582362728787
2018-12-10,TQQQ Buy and Hold,29166.666666666664,10000.0,0.03130755064456721
2018-12-11,TQQQ Buy and Hold,29479.166666666668,10000.0,0.010714285714285805
2018-12-12,TQQQ Buy and Hold,30208.333333333332,10000.0,0.02473498233215542
2018-12-13,TQQQ Buy and Hold,30208.333333333332,10000.0,0.0
2018-12-14,TQQQ Buy and Hold,27916.666666666668,10000.0,-0.07586206896551716
2018-12-17,TQQQ Buy and Hold,26145.833333333332,10000.0,-0.06343283582089566
2018-12-18,TQQQ Buy and Hold,26562.5,10000.0,0.0159362549800797
2018-12-19,TQQQ Buy and Hold,24635.41666666667,10000.0,-0.07254901960784299
2018-12-20,TQQQ Buy and Hold,23645.833333333336,10000.0,-0.040169133192389087
2018-12-21,TQQQ Buy and Hold,21354.166666666668,10000.0,-0.09691629955947145
2018-12-24,TQQQ Buy and Hold,19791.666666666668,10000.0,-0.07317073170731704
2018-12-26,TQQQ Buy and Hold,23333.333333333336,10000.0,0.1789473684210528
2018-12-27,TQQQ Buy and Hold,23697.916666666664,10000.0,0.015624999999999863
2018-12-28,TQQQ Buy and Hold,23593.75,10000.0,-0.004395604395604302
2018-12-31,TQQQ Buy and Hold,24114.583333333332,10000.0,0.02207505518763789
2019-01-02,TQQQ Buy and Hold,24479.166666666664,10000.0,0.01511879049676032
2019-01-03,TQQQ Buy and Hold,22083.333333333332,10000.0,-0.0978723404255319
2019-01-04,TQQQ Buy and Hold,24895.83333333333,10000.0,0.12735849056603774
2019-01-07,TQQQ Buy and Hold,25729.166666666664,10000.0,0.03347280334728036
2019-01-08,TQQQ Buy and Hold,26458.33333333333,10000.0,0.028340080971659853
2019-01-09,TQQQ Buy and Hold,27083.33333333333,10000.0,0.02362204724409451
2019-01-10,TQQQ Buy and Hold,27343.749999999993,10000.0,0.009615384615384581
2019-01-11,TQQQ Buy and Hold,27031.249999999996,10000.0,-0.011428571428571354
2019-01-14,TQQQ Buy and Hold,26302.083333333325,10000.0,-0.026974951830443267
2019-01-15,TQQQ Buy and Hold,27760.41666666666,10000.0,0.055445544554455495
2019-01-16,TQQQ Buy and Hold,27812.499999999996,10000.0,0.0018761726078798848
2019-01-17,TQQQ Buy and Hold,28437.499999999996,10000.0,0.02247191011235957
2019-01-18,TQQQ Buy and Hold,29218.75,10000.0,0.027472527472527538
2019-01-22,TQQQ Buy and Hold,27604.166666666664,10000.0,-0.05525846702317299
2019-01-23,TQQQ Buy and Hold,27656.249999999993,10000.0,0.0018867924528301486
2019-01-24,TQQQ Buy and Hold,28124.999999999996,10000.0,0.016949152542373024
2019-01-25,TQQQ Buy and Hold,29114.583333333325,10000.0,0.03518518518518509
2019-01-28,TQQQ Buy and Hold,28072.916666666657,10000.0,-0.03577817531305907
2019-01-29,TQQQ Buy and Hold,27291.66666666666,10000.0,-0.02782931354359916
2019-01-30,TQQQ Buy and Hold,29322.91666666666,10000.0,0.07442748091603046
2019-01-31,TQQQ Buy and Hold,30624.999999999993,10000.0,0.04440497335701599
2019-02-01,TQQQ Buy and Hold,30208.333333333325,10000.0,-0.01360544217687076
2019-02-04,TQQQ Buy and Hold,31302.083333333325,10000.0,0.036206896551724134
2019-02-05,TQQQ Buy and Hold,32135.416666666657,10000.0,0.02662229617304495
2019-02-06,TQQQ Buy and Hold,31874.999999999993,10000.0,-0.008103727714748757
2019-02-07,TQQQ Buy and Hold,30572.91666666666,10000.0,-0.04084967320261438
2019-02-08,TQQQ Buy and Hold,30729.166666666664,10000.0,0.005110732538330536
2019-02-11,TQQQ Buy and Hold,30677.08333333333,10000.0,-0.0016949152542374024
2019-02-12,TQQQ Buy and Hold,31979.166666666664,10000.0,0.04244482173174873
2019-02-13,TQQQ Buy and Hold,32083.333333333332,10000.0,0.0032573289902280886
2019-02-14,TQQQ Buy and Hold,32187.5,10000.0,0.0032467532467531776
2019-02-15,TQQQ Buy and Hold,32552.08333333334,10000.0,0.011326860841423994
2019-02-19,TQQQ Buy and Hold,32760.41666666667,10000.0,0.0064000000000000055
2019-02-20,TQQQ Buy and Hold,32760.41666666667,10000.0,0.0
2019-02-21,TQQQ Buy and Hold,32395.833333333336,10000.0,-0.011128775834658232
2019-02-22,TQQQ Buy and Hold,33072.916666666664,10000.0,0.020900321543408342
2019-02-25,TQQQ Buy and Hold,33437.5,10000.0,0.01102362204724414
2019-02-26,TQQQ Buy and Hold,33541.66666666667,10000.0,0.00311526479750786
2019-02-27,TQQQ Buy and Hold,33437.5,10000.0,-0.0031055900621118726
2019-02-28,TQQQ Buy and Hold,33229.166666666664,10000.0,-0.006230529595015582
2019-03-01,TQQQ Buy and Hold,33906.25,10000.0,0.020376175548589327
2019-03-04,TQQQ Buy and Hold,33906.25,10000.0,0.0
2019-03-05,TQQQ Buy and Hold,34010.41666666667,10000.0,0.0030721966205837885
2019-03-06,TQQQ Buy and Hold,33385.41666666667,10000.0,-0.01837672281776418
2019-03-07,TQQQ Buy and Hold,32187.5,10000.0,-0.03588143525741036
2019-03-08,TQQQ Buy and Hold,31979.166666666664,10000.0,-0.00647249190938512
2019-03-11,TQQQ Buy and Hold,34010.416666666664,10000.0,0.06351791530944635
2019-03-12,TQQQ Buy and Hold,34531.24999999999,10000.0,0.015313935681470082
2019-03-13,TQQQ Buy and Hold,35312.5,10000.0,0.022624434389140326
2019-03-14,TQQQ Buy and Hold,35156.25,10000.0,-0.004424778761061983
2019-03-15,TQQQ Buy and Hold,35989.583333333336,10000.0,0.023703703703703723
2019-03-18,TQQQ Buy and Hold,36354.16666666667,10000.0,0.010130246020260534
2019-03-19,TQQQ Buy and Hold,36718.75,10000.0,0.010028653295128852
2019-03-20,TQQQ Buy and Hold,37135.416666666664,10000.0,0.011347517730496465
2019-03-21,TQQQ Buy and Hold,38854.166666666664,10000.0,0.046283309957924276
2019-03-22,TQQQ Buy and Hold,36302.08333333333,10000.0,-0.06568364611260057
2019-03-25,TQQQ Buy and Hold,36093.74999999999,10000.0,-0.005738880918220952
2019-03-26,TQQQ Buy and Hold,36562.499999999985,10000.0,0.012987012987012967
2019-03-27,TQQQ Buy and Hold,35833.33333333332,10000.0,-0.019943019943019898
2019-03-28,TQQQ Buy and Hold,36093.749999999985,10000.0,0.00726744186046509
2019-03-29,TQQQ Buy and Hold,36874.999999999985,10000.0,0.021645021645021696
2019-04-01,TQQQ Buy and Hold,38333.333333333314,10000.0,0.039548022598870095
2019-04-02,TQQQ Buy and Hold,38749.999999999985,10000.0,0.010869565217391313
2019-04-03,TQQQ Buy and Hold,39427.08333333332,10000.0,0.017473118279569877
2019-04-04,TQQQ Buy and Hold,39374.999999999985,10000.0,-0.0013210039630119782
2019-04-05,TQQQ Buy and Hold,39947.91666666666,10000.0,0.014550264550264593
2019-04-08,TQQQ Buy and Hold,40260.41666666666,10000.0,0.007822685788787549
2019-04-09,TQQQ Buy and Hold,39843.74999999999,10000.0,-0.010349288486416567
2019-04-10,TQQQ Buy and Hold,40468.74999999999,10000.0,0.015686274509803817
2019-04-11,TQQQ Buy and Hold,40156.24999999999,10000.0,-0.007722007722007672
2019-04-12,TQQQ Buy and Hold,40677.08333333332,10000.0,0.012970168612191912
2019-04-15,TQQQ Buy and Hold,40729.16666666666,10000.0,0.001280409731114043
2019-04-16,TQQQ Buy and Hold,41093.74999999999,10000.0,0.00895140664961629
2019-04-17,TQQQ Buy and Hold,41510.41666666666,10000.0,0.010139416983523457
2019-04-18,TQQQ Buy and Hold,41614.58333333333,10000.0,0.002509410288582241
2019-04-22,TQQQ Buy and Hold,41979.166666666664,10000.0,0.008760951188986269
2019-04-23,TQQQ Buy and Hold,43593.74999999999,10000.0,0.0384615384615383
2019-04-24,TQQQ Buy and Hold,43177.08333333332,10000.0,-0.00955794504181602
2019-04-25,TQQQ Buy and Hold,43645.833333333336,10000.0,0.01085645355850442
2019-04-26,TQQQ Buy and Hold,43802.08333333333,10000.0,0.003579952267303026
2019-04-29,TQQQ Buy and Hold,44010.41666666666,10000.0,0.004756242568370886
2019-04-30,TQQQ Buy and Hold,43020.83333333333,10000.0,-0.02248520710059166
2019-05-01,TQQQ Buy and Hold,42552.08333333333,10000.0,-0.010895883777239693
2019-05-02,TQQQ Buy and Hold,42031.25,10000.0,-0.012239902080783311
2019-05-03,TQQQ Buy and Hold,44010.41666666666,10000.0,0.047087980173481904
2019-05-06,TQQQ Buy and Hold,43229.166666666664,10000.0,-0.017751479289940662
2019-05-07,TQQQ Buy and Hold,40677.08333333332,10000.0,-0.05903614457831338
2019-05-08,TQQQ Buy and Hold,40312.49999999999,10000.0,-0.008962868117797618
2019-05-09,TQQQ Buy and Hold,39687.49999999999,10000.0,-0.015503875968992262
2019-05-10,TQQQ Buy and Hold,39791.66666666665,10000.0,0.0026246719160104427
2019-05-13,TQQQ Buy and Hold,35677.083333333314,10000.0,-0.10340314136125656
2019-05-14,TQQQ Buy and Hold,36822.91666666665,10000.0,0.03211678832116798
2019-05-15,TQQQ Buy and Hold,38333.333333333314,10000.0,0.04101838755304102
2019-05-16,TQQQ Buy and Hold,39531.24999999998,10000.0,0.031249999999999938
2019-05-17,TQQQ Buy and Hold,38333.333333333314,10000.0,-0.03030303030303024
2019-05-20,TQQQ Buy and Hold,36406.24999999998,10000.0,-0.0502717391304348
2019-05-21,TQQQ Buy and Hold,37499.99999999998,10000.0,0.030042918454935615
2019-05-22,TQQQ Buy and Hold,36979.16666666664,10000.0,-0.013888888888888963
2019-05-23,TQQQ Buy and Hold,35260.41666666664,10000.0,-0.046478873239436634
2019-05-24,TQQQ Buy and Hold,35208.33333333331,10000.0,-0.0014771048744460543
2019-05-28,TQQQ Buy and Hold,34791.666666666635,10000.0,-0.011834319526627229
2019-05-29,TQQQ Buy and Hold,33958.33333333331,10000.0,-0.023952095808383256
2019-05-30,TQQQ Buy and Hold,34322.91666666664,10000.0,0.010736196319018449
2019-05-31,TQQQ Buy and Hold,32708.33333333331,10000.0,-0.04704097116843697
2019-06-03,TQQQ Buy and Hold,30624.999999999975,10000.0,-0.06369426751592362
2019-06-04,TQQQ Buy and Hold,33072.91666666664,10000.0,0.07993197278911561
2019-06-05,TQQQ Buy and Hold,33802.083333333314,10000.0,0.02204724409448828
2019-06-06,TQQQ Buy and Hold,34583.33333333331,10000.0,0.0231124807395993
2019-06-07,TQQQ Buy and Hold,36562.49999999997,10000.0,0.05722891566265059
2019-06-10,TQQQ Buy and Hold,37916.66666666664,10000.0,0.03703703703703713
2019-06-11,TQQQ Buy and Hold,38020.83333333331,10000.0,0.0027472527472526885
2019-06-12,TQQQ Buy and Hold,37395.83333333331,10000.0,-0.016438356164383577
2019-06-13,TQQQ Buy and Hold,38020.83333333331,10000.0,0.016713091922005586
2019-06-14,TQQQ Buy and Hold,37499.99999999998,10000.0,-0.013698630136986254
2019-06-17,TQQQ Buy and Hold,38229.16666666664,10000.0,0.0194444444444444
2019-06-18,TQQQ Buy and Hold,39843.74999999998,10000.0,0.04223433242506819
2019-06-19,TQQQ Buy and Hold,40312.49999999998,10000.0,0.011764705882352922
2019-06-20,TQQQ Buy and Hold,41406.24999999998,10000.0,0.02713178294573643
2019-06-21,TQQQ Buy and Hold,41249.99999999998,10000.0,-0.0037735849056604086
2019-06-24,TQQQ Buy and Hold,41249.99999999998,10000.0,0.0
2019-06-25,TQQQ Buy and Hold,39114.583333333314,10000.0,-0.05176767676767679
2019-06-26,TQQQ Buy and Hold,39635.41666666665,10000.0,0.013315579227696476
2019-06-27,TQQQ Buy and Hold,40052.08333333332,10000.0,0.010512483574244424
2019-06-28,TQQQ Buy and Hold,40208.333333333314,10000.0,0.0039011703511052484
2019-07-01,TQQQ Buy and Hold,41822.91666666664,10000.0,0.04015544041450772
2019-07-02,TQQQ Buy and Hold,42343.749999999985,10000.0,0.01245330012453318
2019-07-03,TQQQ Buy and Hold,43281.249999999985,10000.0,0.022140221402213986
2019-07-05,TQQQ Buy and Hold,42968.74999999998,10000.0,-0.007220216606498254
2019-07-08,TQQQ Buy and Hold,42083.333333333314,10000.0,-0.020606060606060597
2019-07-09,TQQQ Buy and Hold,42708.333333333314,10000.0,0.014851485148514755
2019-07-10,TQQQ Buy and Hold,43958.333333333314,10000.0,0.02926829268292686
2019-07-11,TQQQ Buy and Hold,43854.16666666665,10000.0,-0.002369668246445447
2019-07-12,TQQQ Buy and Hold,44583.33333333332,10000.0,0.01662707838479817
2019-07-15,TQQQ Buy and Hold,44947.91666666665,10000.0,0.008177570093457976
2019-07-16,TQQQ Buy and Hold,44322.91666666664,10000.0,-0.01390498261877184
2019-07-17,TQQQ Buy and Hold,43697.91666666665,10000.0,-0.014101057579318357
2019-07-18,TQQQ Buy and Hold,43854.16666666664,10000.0,0.0035756853396900308
2019-07-19,TQQQ Buy and Hold,42812.49999999998,10000.0,-0.02375296912114006
2019-07-22,TQQQ Buy and Hold,43802.08333333331,10000.0,0.02311435523114349
2019-07-23,TQQQ Buy and Hold,44635.41666666664,10000.0,0.019024970273483963
2019-07-24,TQQQ Buy and Hold,45624.99999999997,10000.0,0.022170361726954434
2019-07-25,TQQQ Buy and Hold,44322.916666666635,10000.0,-0.02853881278538813
2019-07-26,TQQQ Buy and Hold,45624.99999999997,10000.0,0.02937720329024677
2019-07-29,TQQQ Buy and Hold,45208.33333333331,10000.0,-0.009132420091324209
2019-07-30,TQQQ Buy and Hold,44583.33333333331,10000.0,-0.013824884792626639
2019-07-31,TQQQ Buy and Hold,42708.3333333333,10000.0,-0.04205607476635528
2019-08-01,TQQQ Buy and Hold,42135.416666666635,10000.0,-0.013414634146341396
2019-08-02,TQQQ Buy and Hold,40208.33333333331,10000.0,-0.045735475896168123
2019-08-05,TQQQ Buy and Hold,35989.583333333314,10000.0,-0.10492227979274607
2019-08-06,TQQQ Buy and Hold,37447.91666666665,10000.0,0.040520984081042
2019-08-07,TQQQ Buy and Hold,37968.74999999998,10000.0,0.013908205841446404
2019-08-08,TQQQ Buy and Hold,40520.833333333314,10000.0,0.06721536351165984
2019-08-09,TQQQ Buy and Hold,39322.91666666665,10000.0,-0.02956298200514144
2019-08-12,TQQQ Buy and Hold,37968.749999999985,10000.0,-0.0344370860927152
2019-08-13,TQQQ Buy and Hold,40468.74999999998,10000.0,0.06584362139917689
2019-08-14,TQQQ Buy and Hold,36874.999999999985,10000.0,-0.08880308880308875
2019-08-15,TQQQ Buy and Hold,36718.749999999985,10000.0,-0.004237288135593255
2019-08-16,TQQQ Buy and Hold,38385.41666666666,10000.0,0.04539007092198586
2019-08-19,TQQQ Buy and Hold,40208.33333333332,10000.0,0.047489823609226545
2019-08-20,TQQQ Buy and Hold,39374.999999999985,10000.0,-0.020725388601036288
2019-08-21,TQQQ Buy and Hold,40364.58333333332,10000.0,0.025132275132275186
2019-08-22,TQQQ Buy and Hold,39999.999999999985,10000.0,-0.009032258064516166
2019-08-23,TQQQ Buy and Hold,36302.08333333332,10000.0,-0.09244791666666667
2019-08-26,TQQQ Buy and Hold,37812.499999999985,10000.0,0.04160688665710187
2019-08-27,TQQQ Buy and Hold,37552.08333333332,10000.0,-0.006887052341597772
2019-08-28,TQQQ Buy and Hold,37916.66666666666,10000.0,0.009708737864077709
2019-08-29,TQQQ Buy and Hold,39635.41666666666,10000.0,0.045329670329670335
2019-08-30,TQQQ Buy and Hold,39374.999999999985,10000.0,-0.006570302233902853
2019-09-03,TQQQ Buy and Hold,38229.16666666666,10000.0,-0.029100529100529068
2019-09-04,TQQQ Buy and Hold,39843.74999999999,10000.0,0.04223433242506819
2019-09-05,TQQQ Buy and Hold,42031.24999999999,10000.0,0.05490196078431371
2019-09-06,TQQQ Buy and Hold,41927.08333333333,10000.0,-0.0024783147459726857
2019-09-09,TQQQ Buy and Hold,41666.66666666666,10000.0,-0.0062111801242236905
2019-09-10,TQQQ Buy and Hold,41302.08333333332,10000.0,-0.008750000000000036
2019-09-11,TQQQ Buy and Hold,42447.91666666666,10000.0,0.027742749054224546
2019-09-12,TQQQ Buy and Hold,42968.749999999985,10000.0,0.012269938650306704
2019-09-13,TQQQ Buy and Hold,42499.999999999985,10000.0,-0.010909090909090893
2019-09-16,TQQQ Buy and Hold,41927.08333333332,10000.0,-0.013480392156862675
2019-09-17,TQQQ Buy and Hold,42447.91666666666,10000.0,0.012422360248447159
2019-09-18,TQQQ Buy and Hold,42447.91666666666,10000.0,0.0
2019-09-19,TQQQ Buy and Hold,42656.249999999985,10000.0,0.004907975460122595
2019-09-20,TQQQ Buy and Hold,41302.08333333332,10000.0,-0.03174603174603172
2019-09-23,TQQQ Buy and Hold,41302.08333333332,10000.0,0.0
2019-09-24,TQQQ Buy and Hold,39687.499999999985,10000.0,-0.03909205548549806
2019-09-25,TQQQ Buy and Hold,40937.499999999985,10000.0,0.03149606299212601
2019-09-26,TQQQ Buy and Hold,40572.91666666665,10000.0,-0.008905852417302835
2019-09-27,TQQQ Buy and Hold,39062.499999999985,10000.0,-0.037227214377406934
2019-09-30,TQQQ Buy and Hold,40104.16666666665,10000.0,0.02666666666666669
2019-10-01,TQQQ Buy and Hold,39166.66666666664,10000.0,-0.023376623376623454
2019-10-02,TQQQ Buy and Hold,37135.41666666665,10000.0,-0.05186170212765954
2019-10-03,TQQQ Buy and Hold,38385.41666666665,10000.0,0.03366058906030859
2019-10-04,TQQQ Buy and Hold,39999.99999999998,10000.0,0.0420624151967435
2019-10-07,TQQQ Buy and Hold,39635.41666666665,10000.0,-0.009114583333333256
2019-10-08,TQQQ Buy and Hold,37812.49999999998,10000.0,-0.045992115637319385
2019-10-09,TQQQ Buy and Hold,38958.33333333332,10000.0,0.03030303030303039
2019-10-10,TQQQ Buy and Hold,39791.66666666665,10000.0,0.0213903743315507
2019-10-11,TQQQ Buy and Hold,41302.083333333314,10000.0,0.03795811518324608
2019-10-14,TQQQ Buy and Hold,41354.16666666665,10000.0,0.001261034047919379
2019-10-15,TQQQ Buy and Hold,42916.66666666665,10000.0,0.037783375314861437
2019-10-16,TQQQ Buy and Hold,42604.16666666664,10000.0,-0.0072815533980583125
2019-10-17,TQQQ Buy and Hold,42864.583333333314,10000.0,0.006112469437652899
2019-10-18,TQQQ Buy and Hold,41666.66666666665,10000.0,-0.027946537059538326
2019-10-21,TQQQ Buy and Hold,42760.41666666666,10000.0,0.026250000000000107
2019-10-22,TQQQ Buy and Hold,41770.83333333332,10000.0,-0.023142509135201127
2019-10-23,TQQQ Buy and Hold,41979.16666666666,10000.0,0.004987531172069941
2019-10-24,TQQQ Buy and Hold,43177.083333333314,10000.0,0.028535980148883207
2019-10-25,TQQQ Buy and Hold,44166.66666666666,10000.0,0.022919179734620182
2019-10-28,TQQQ Buy and Hold,45520.83333333332,10000.0,0.03066037735849054
2019-10-29,TQQQ Buy and Hold,44427.083333333314,10000.0,-0.024027459954233506
2019-10-30,TQQQ Buy and Hold,45052.08333333332,10000.0,0.014067995310668347
2019-10-31,TQQQ Buy and Hold,45104.16666666666,10000.0,0.001156069364161825
2019-11-01,TQQQ Buy and Hold,46354.16666666666,10000.0,0.027713625866050834
2019-11-04,TQQQ Buy and Hold,47187.49999999999,10000.0,0.017977528089887656
2019-11-05,TQQQ Buy and Hold,47239.58333333332,10000.0,0.0011037527593818748
2019-11-06,TQQQ Buy and Hold,46927.08333333332,10000.0,-0.006615214994487376
2019-11-07,TQQQ Buy and Hold,47395.833333333314,10000.0,0.00998890122086569
2019-11-08,TQQQ Buy and Hold,47968.749999999985,10000.0,0.012087912087912222
2019-11-11,TQQQ Buy and Hold,47760.41666666665,10000.0,-0.004343105320304117
2019-11-12,TQQQ Buy and Hold,48124.999999999985,10000.0,0.007633587786259573
2019-11-13,TQQQ Buy and Hold,48072.91666666666,10000.0,-0.001082251082251059
2019-11-14,TQQQ Buy and Hold,48072.91666666666,10000.0,0.0
2019-11-15,TQQQ Buy and Hold,48958.33333333332,10000.0,0.01841820151679306
2019-11-18,TQQQ Buy and Hold,49218.749999999985,10000.0,0.005319148936170099
2019-11-19,TQQQ Buy and Hold,49427.08333333333,10000.0,0.004232804232804331
2019-11-20,TQQQ Buy and Hold,48541.666666666664,10000.0,-0.017913593256059002
2019-11-21,TQQQ Buy and Hold,48177.08333333333,10000.0,-0.007510729613733936
2019-11-22,TQQQ Buy and Hold,48281.24999999999,10000.0,0.0021621621621621162
2019-11-25,TQQQ Buy and Hold,49999.999999999985,10000.0,0.03559870550161813
2019-11-26,TQQQ Buy and Hold,50260.41666666666,10000.0,0.005208333333333408
2019-11-27,TQQQ Buy and Hold,51302.083333333314,10000.0,0.020725388601036194
2019-11-29,TQQQ Buy and Hold,50624.999999999985,10000.0,-0.013197969543147108
2019-12-02,TQQQ Buy and Hold,48958.333333333314,10000.0,-0.0329218106995885
2019-12-03,TQQQ Buy and Hold,47864.583333333314,10000.0,-0.022340425531914985
2019-12-04,TQQQ Buy and Hold,48593.749999999985,10000.0,0.015233949945593099
2019-12-05,TQQQ Buy and Hold,48854.16666666666,10000.0,0.00535905680600222
2019-12-06,TQQQ Buy and Hold,50364.58333333332,10000.0,0.030916844349680075
2019-12-09,TQQQ Buy and Hold,49739.58333333333,10000.0,-0.012409513960703125
2019-12-10,TQQQ Buy and Hold,49635.41666666666,10000.0,-0.0020942408376964762
2019-12-11,TQQQ Buy and Hold,50364.58333333332,10000.0,0.014690451206715695
2019-12-12,TQQQ Buy and Hold,51510.41666666666,10000.0,0.02275077559462261
2019-12-13,TQQQ Buy and Hold,51979.16666666665,10000.0,0.009100101112234565
2019-12-16,TQQQ Buy and Hold,53489.58333333331,10000.0,0.029058116232464844
2019-12-17,TQQQ Buy and Hold,53541.66666666664,10000.0,0.0009737098344693075
2019-12-18,TQQQ Buy and Hold,53697.91666666666,10000.0,0.0029182879377433013
2019-12-19,TQQQ Buy and Hold,54791.66666666665,10000.0,0.020368574199805922
2019-12-20,TQQQ Buy and Hold,55416.66666666665,10000.0,0.011406844106463974
2019-12-23,TQQQ Buy and Hold,55833.33333333332,10000.0,0.0075187969924812095
2019-12-24,TQQQ Buy and Hold,55885.41666666666,10000.0,0.0009328358208955024
2019-12-26,TQQQ Buy and Hold,57343.74999999999,10000.0,0.02609506057781914
2019-12-27,TQQQ Buy and Hold,57187.5,10000.0,-0.0027247956403269173
2019-12-30,TQQQ Buy and Hold,56041.666666666664,10000.0,-0.020036429872495504
2019-12-31,TQQQ Buy and Hold,56354.16666666667,10000.0,0.005576208178438708
2020-01-02,TQQQ Buy and Hold,59114.58333333333,10000.0,0.04898336414048053
2020-01-03,TQQQ Buy and Hold,57552.083333333336,10000.0,-0.026431718061673916
2020-01-06,TQQQ Buy and Hold,58645.83333333333,10000.0,0.019004524886877743
2020-01-07,TQQQ Buy and Hold,58541.666666666664,10000.0,-0.0017761989342806016
2020-01-08,TQQQ Buy and Hold,59895.83333333333,10000.0,0.02313167259786475
2020-01-09,TQQQ Buy and Hold,61406.25,10000.0,0.02521739130434775
2020-01-10,TQQQ Buy and Hold,60885.41666666667,10000.0,-0.008481764206955017
2020-01-13,TQQQ Buy and Hold,63020.833333333336,10000.0,0.03507271171941832
2020-01-14,TQQQ Buy and Hold,62291.66666666668,10000.0,-0.011570247933884198
2020-01-15,TQQQ Buy and Hold,62343.750000000015,10000.0,0.0008361204013377747
2020-01-16,TQQQ Buy and Hold,64062.50000000002,10000.0,0.027568922305764416
2020-01-17,TQQQ Buy and Hold,65052.08333333335,10000.0,0.015447154471544674
2020-01-21,TQQQ Buy and Hold,65000.000000000015,10000.0,-0.0008006405124099109
2020-01-22,TQQQ Buy and Hold,65468.75000000002,10000.0,0.00721153846153845
2020-01-23,TQQQ Buy and Hold,66041.66666666667,10000.0,0.008750994431185316
2020-01-24,TQQQ Buy and Hold,64322.916666666664,10000.0,-0.02602523659305994
2020-01-27,TQQQ Buy and Hold,60364.58333333333,10000.0,-0.06153846153846152
2020-01-28,TQQQ Buy and Hold,63177.08333333333,10000.0,0.046591889559965564
2020-01-29,TQQQ Buy and Hold,63385.41666666665,10000.0,0.0032976092333057826
2020-01-30,TQQQ Buy and Hold,64114.58333333332,10000.0,0.011503697617091255
2020-01-31,TQQQ Buy and Hold,60937.49999999998,10000.0,-0.04955320877335509
2020-02-03,TQQQ Buy and Hold,63749.99999999998,10000.0,0.04615384615384623
2020-02-04,TQQQ Buy and Hold,68124.99999999997,10000.0,0.06862745098039215
2020-02-05,TQQQ Buy and Hold,68906.24999999997,10000.0,0.011467889908256907
2020-02-06,TQQQ Buy and Hold,70572.91666666664,10000.0,0.024187452758881352
2020-02-07,TQQQ Buy and Hold,69687.49999999999,10000.0,-0.012546125461254607
2020-02-10,TQQQ Buy and Hold,72187.49999999997,10000.0,0.0358744394618833
2020-02-11,TQQQ Buy and Hold,72239.5833333333,10000.0,0.0007215007215007061
2020-02-12,TQQQ Buy and Hold,74374.99999999996,10000.0,0.0295602018745494
2020-02-13,TQQQ Buy and Hold,74062.49999999997,10000.0,-0.004201680672268818
2020-02-14,TQQQ Buy and Hold,74583.33333333331,10000.0,0.007032348804500678
2020-02-18,TQQQ Buy and Hold,74687.49999999999,10000.0,0.0013966480446927076
2020-02-19,TQQQ Buy and Hold,76874.99999999999,10000.0,0.02928870292887029
2020-02-20,TQQQ Buy and Hold,74687.49999999999,10000.0,-0.028455284552845524
2020-02-21,TQQQ Buy and Hold,70416.66666666666,10000.0,-0.05718270571827059
2020-02-24,TQQQ Buy and Hold,62291.666666666664,10000.0,-0.1153846153846153
2020-02-25,TQQQ Buy and Hold,57239.58333333333,10000.0,-0.08110367892976593
2020-02-26,TQQQ Buy and Hold,58020.83333333333,10000.0,0.013648771610555083
2020-02-27,TQQQ Buy and Hold,49374.99999999999,10000.0,-0.14901256732495513
2020-02-28,TQQQ Buy and Hold,50156.25,10000.0,0.015822784810126618
2020-03-02,TQQQ Buy and Hold,56979.16666666666,10000.0,0.13603322949117327
2020-03-03,TQQQ Buy and Hold,51614.58333333333,10000.0,-0.0941499085923217
2020-03-04,TQQQ Buy and Hold,57864.58333333333,10000.0,0.12108980827447016
2020-03-05,TQQQ Buy and Hold,52812.5,10000.0,-0.08730873087308721
2020-03-06,TQQQ Buy and Hold,50000.0,10000.0,-0.05325443786982258
2020-03-09,TQQQ Buy and Hold,39843.75,10000.0,-0.20312499999999994
2020-03-10,TQQQ Buy and Hold,46093.74999999999,10000.0,0.1568627450980391
2020-03-11,TQQQ Buy and Hold,40156.24999999999,10000.0,-0.12881355932203387
2020-03-12,TQQQ Buy and Hold,29114.58333333333,10000.0,-0.27496757457846954
2020-03-13,TQQQ Buy and Hold,37031.24999999999,10000.0,0.2719141323792488
2020-03-16,TQQQ Buy and Hold,24270.833333333332,10000.0,-0.34458509142053445
2020-03-17,TQQQ Buy and Hold,28177.083333333332,10000.0,0.1609442060085837
2020-03-18,TQQQ Buy and Hold,25572.916666666664,10000.0,-0.09242144177449169
2020-03-19,TQQQ Buy and Hold,26197.916666666664,10000.0,0.024439918533604908
2020-03-20,TQQQ Buy and Hold,23125.0,10000.0,-0.11729622266401588
2020-03-23,TQQQ Buy and Hold,23177.08333333333,10000.0,0.002252252252252204
2020-03-24,TQQQ Buy and Hold,28385.416666666664,10000.0,0.2247191011235955
2020-03-25,TQQQ Buy and Hold,27708.333333333332,10000.0,-0.023853211009174292
2020-03-26,TQQQ Buy and Hold,32187.499999999996,10000.0,0.16165413533834574
2020-03-27,TQQQ Buy and Hold,28854.166666666664,10000.0,-0.10355987055016176
2020-03-30,TQQQ Buy and Hold,31927.08333333333,10000.0,0.10649819494584835
2020-03-31,TQQQ Buy and Hold,30989.58333333333,10000.0,-0.029363784665579075
2020-04-01,TQQQ Buy and Hold,27187.499999999996,10000.0,-0.12268907563025216
2020-04-02,TQQQ Buy and Hold,28802.083333333332,10000.0,0.05938697318007673
2020-04-03,TQQQ Buy and Hold,27604.166666666664,10000.0,-0.04159132007233281
2020-04-06,TQQQ Buy and Hold,33385.416666666664,10000.0,0.209433962264151
2020-04-07,TQQQ Buy and Hold,33333.33333333333,10000.0,-0.0015600624024960665
2020-04-08,TQQQ Buy and Hold,35468.74999999999,10000.0,0.06406249999999988
2020-04-09,TQQQ Buy and Hold,35572.91666666666,10000.0,0.002936857562408291
2020-04-13,TQQQ Buy and Hold,36822.91666666666,10000.0,0.03513909224011716
2020-04-14,TQQQ Buy and Hold,41614.58333333332,10000.0,0.13012729844413012
2020-04-15,TQQQ Buy and Hold,40208.33333333332,10000.0,-0.033792240300375524
2020-04-16,TQQQ Buy and Hold,42395.83333333333,10000.0,0.05440414507772032
2020-04-17,TQQQ Buy and Hold,43437.49999999999,10000.0,0.024570024570024482
2020-04-20,TQQQ Buy and Hold,42031.25,10000.0,-0.03237410071942441
2020-04-21,TQQQ Buy and Hold,37395.83333333333,10000.0,-0.11028500619578693
2020-04-22,TQQQ Buy and Hold,40677.08333333333,10000.0,0.08774373259052924
2020-04-23,TQQQ Buy and Hold,40416.66666666666,10000.0,-0.0064020486555697595
2020-04-24,TQQQ Buy and Hold,42395.83333333333,10000.0,0.04896907216494856
2020-04-27,TQQQ Buy and Hold,43229.16666666666,10000.0,0.019656019656019673
2020-04-28,TQQQ Buy and Hold,40885.41666666665,10000.0,-0.054216867469879644
2020-04-29,TQQQ Buy and Hold,45104.16666666665,10000.0,0.10318471337579625
2020-04-30,TQQQ Buy and Hold,45416.66666666665,10000.0,0.00692840646651276
2020-05-01,TQQQ Buy and Hold,41354.16666666665,10000.0,-0.08944954128440369
2020-05-04,TQQQ Buy and Hold,42812.499999999985,10000.0,0.03526448362720406
2020-05-05,TQQQ Buy and Hold,44166.66666666666,10000.0,0.03163017031630167
2020-05-06,TQQQ Buy and Hold,45052.08333333332,10000.0,0.020047169811320747
2020-05-07,TQQQ Buy and Hold,46822.91666666666,10000.0,0.03930635838150287
2020-05-08,TQQQ Buy and Hold,48697.91666666666,10000.0,0.04004449388209115
2020-05-11,TQQQ Buy and Hold,49895.83333333333,10000.0,0.02459893048128347
2020-05-12,TQQQ Buy and Hold,46927.08333333332,10000.0,-0.059498956158663914
2020-05-13,TQQQ Buy and Hold,45156.249999999985,10000.0,-0.03773584905660376
2020-05-14,TQQQ Buy and Hold,46666.66666666666,10000.0,0.033448673587082
2020-05-15,TQQQ Buy and Hold,47447.91666666664,10000.0,0.01674107142857127
2020-05-18,TQQQ Buy and Hold,50208.333333333314,10000.0,0.058177826564215274
2020-05-19,TQQQ Buy and Hold,49791.66666666665,10000.0,-0.008298755186721999
2020-05-20,TQQQ Buy and Hold,52760.41666666665,10000.0,0.05962343096234312
2020-05-21,TQQQ Buy and Hold,51093.749999999985,10000.0,-0.031589338598223125
2020-05-22,TQQQ Buy and Hold,51562.499999999985,10000.0,0.00917431192660549
2020-05-26,TQQQ Buy and Hold,51354.16666666664,10000.0,-0.004040404040404133
2020-05-27,TQQQ Buy and Hold,52083.333333333314,10000.0,0.014198782961460505
2020-05-28,TQQQ Buy and Hold,51770.833333333314,10000.0,-0.0060000000000000496
2020-05-29,TQQQ Buy and Hold,53906.249999999985,10000.0,0.041247484909456754
2020-06-01,TQQQ Buy and Hold,54531.249999999985,10000.0,0.011594202898550822
2020-06-02,TQQQ Buy and Hold,55624.999999999985,10000.0,0.02005730659025779
2020-06-03,TQQQ Buy and Hold,56406.24999999999,10000.0,0.014044943820224753
2020-06-04,TQQQ Buy and Hold,55260.41666666666,10000.0,-0.02031394275161594
2020-06-05,TQQQ Buy and Hold,58541.666666666664,10000.0,0.059377945334590086
2020-06-08,TQQQ Buy and Hold,59843.75,10000.0,0.02224199288256228
2020-06-09,TQQQ Buy and Hold,61145.833333333336,10000.0,0.02175805047867711
2020-06-10,TQQQ Buy and Hold,63385.41666666667,10000.0,0.03662691652470185
2020-06-11,TQQQ Buy and Hold,54062.500000000015,10000.0,-0.14708299096138036
2020-06-12,TQQQ Buy and Hold,55208.33333333334,10000.0,0.0211946050096338
2020-06-15,TQQQ Buy and Hold,57135.41666666668,10000.0,0.03490566037735859
2020-06-16,TQQQ Buy and Hold,60156.25000000001,10000.0,0.0528714676390155
2020-06-17,TQQQ Buy and Hold,60781.25000000001,10000.0,0.010389610389610322
2020-06-18,TQQQ Buy and Hold,61250.00000000001,10000.0,0.007712082262210785
2020-06-19,TQQQ Buy and Hold,61145.83333333334,10000.0,-0.0017006802721088073
2020-06-22,TQQQ Buy and Hold,63333.333333333336,10000.0,0.03577512776831345
2020-06-23,TQQQ Buy and Hold,65000.00000000001,10000.0,0.026315789473684233
2020-06-24,TQQQ Buy and Hold,61145.83333333334,10000.0,-0.05929487179487181
2020-06-25,TQQQ Buy and Hold,62760.41666666668,10000.0,0.026405451448040927
2020-06-26,TQQQ Buy and Hold,58281.25000000001,10000.0,-0.07136929460580922
2020-06-29,TQQQ Buy and Hold,60104.166666666664,10000.0,0.03127792672028594
2020-06-30,TQQQ Buy and Hold,63593.75000000001,10000.0,0.058058925476603275
2020-07-01,TQQQ Buy and Hold,65833.33333333333,10000.0,0.03521703521703519
2020-07-02,TQQQ Buy and Hold,67239.58333333333,10000.0,0.02136075949367085
2020-07-06,TQQQ Buy and Hold,72187.49999999999,10000.0,0.07358636715724239
2020-07-07,TQQQ Buy and Hold,70781.24999999999,10000.0,-0.01948051948051945
2020-07-08,TQQQ Buy and Hold,73489.58333333331,10000.0,0.03826342899190578
2020-07-09,TQQQ Buy and Hold,75312.49999999999,10000.0,0.024805102763997267
2020-07-10,TQQQ Buy and Hold,76927.08333333331,10000.0,0.021438450899031722
2020-07-13,TQQQ Buy and Hold,72187.49999999999,10000.0,-0.06161137440758295
2020-07-14,TQQQ Buy and Hold,73697.91666666666,10000.0,0.02092352092352099
2020-07-15,TQQQ Buy and Hold,74062.49999999999,10000.0,0.0049469964664311155
2020-07-16,TQQQ Buy and Hold,72447.91666666666,10000.0,-0.021800281293952214
2020-07-17,TQQQ Buy and Hold,72812.49999999999,10000.0,0.0050323508267433705
2020-07-20,TQQQ Buy and Hold,79010.41666666664,10000.0,0.08512160228898423
2020-07-21,TQQQ Buy and Hold,76510.41666666664,10000.0,-0.03164139749505606
2020-07-22,TQQQ Buy and Hold,77343.74999999997,10000.0,0.010891763104152494
2020-07-23,TQQQ Buy and Hold,71302.0833333333,10000.0,-0.07811447811447812
2020-07-24,TQQQ Buy and Hold,69218.74999999997,10000.0,-0.029218407596786
2020-07-27,TQQQ Buy and Hold,72916.66666666664,10000.0,0.053423626787058004
2020-07-28,TQQQ Buy and Hold,70156.24999999999,10000.0,-0.03785714285714281
2020-07-29,TQQQ Buy and Hold,72552.08333333331,10000.0,0.03414996288047506
2020-07-30,TQQQ Buy and Hold,73749.99999999999,10000.0,0.016511127063890914
2020-07-31,TQQQ Buy and Hold,77708.33333333331,10000.0,0.053672316384180775
2020-08-03,TQQQ Buy and Hold,80624.99999999999,10000.0,0.037533512064343195
2020-08-04,TQQQ Buy and Hold,81666.66666666664,10000.0,0.012919896640826828
2020-08-05,TQQQ Buy and Hold,82343.74999999999,10000.0,0.008290816326530663
2020-08-06,TQQQ Buy and Hold,85468.74999999997,10000.0,0.03795066413662237
2020-08-07,TQQQ Buy and Hold,82656.24999999997,10000.0,-0.03290676416819018
2020-08-10,TQQQ Buy and Hold,81562.49999999999,10000.0,-0.013232514177693704
2020-08-11,TQQQ Buy and Hold,76927.08333333331,10000.0,-0.056832694763729284
2020-08-12,TQQQ Buy and Hold,82708.33333333331,10000.0,0.075152335815843
2020-08-13,TQQQ Buy and Hold,83281.24999999999,10000.0,0.006926952141057898
2020-08-14,TQQQ Buy and Hold,83020.83333333331,10000.0,-0.003126954346466586
2020-08-17,TQQQ Buy and Hold,85781.24999999999,10000.0,0.03324968632371389
2020-08-18,TQQQ Buy and Hold,88281.24999999999,10000.0,0.02914389799635704
2020-08-19,TQQQ Buy and Hold,86562.5,10000.0,-0.019469026548672465
2020-08-20,TQQQ Buy and Hold,90104.16666666667,10000.0,0.04091456077015642
2020-08-21,TQQQ Buy and Hold,92031.25000000001,10000.0,0.021387283236994275
2020-08-24,TQQQ Buy and Hold,93697.91666666666,10000.0,0.018109790605545937
2020-08-25,TQQQ Buy and Hold,95885.41666666667,10000.0,0.023346303501945623
2020-08-26,TQQQ Buy and Hold,102031.25,10000.0,0.0640956002172732
2020-08-27,TQQQ Buy and Hold,101093.75,10000.0,-0.009188361408882068
2020-08-28,TQQQ Buy and Hold,102656.25000000001,10000.0,0.015455950540958305
2020-08-31,TQQQ Buy and Hold,105052.08333333336,10000.0,0.02333840690005078
2020-09-01,TQQQ Buy and Hold,110520.83333333334,10000.0,0.05205751115518081
2020-09-02,TQQQ Buy and Hold,113645.83333333336,10000.0,0.02827521206409055
2020-09-03,TQQQ Buy and Hold,96197.91666666669,10000.0,-0.15352887259395057
2020-09-04,TQQQ Buy and Hold,92187.50000000003,10000.0,-0.041689225771521364
2020-09-08,TQQQ Buy and Hold,79166.66666666669,10000.0,-0.14124293785310735
2020-09-09,TQQQ Buy and Hold,85989.58333333337,10000.0,0.08618421052631595
2020-09-10,TQQQ Buy and Hold,80989.58333333337,10000.0,-0.058146577831617245
2020-09-11,TQQQ Buy and Hold,79218.75000000004,10000.0,-0.021864951768488735
2020-09-14,TQQQ Buy and Hold,83333.33333333337,10000.0,0.05193951347797496
2020-09-15,TQQQ Buy and Hold,86875.00000000004,10000.0,0.04249999999999998
2020-09-16,TQQQ Buy and Hold,82708.33333333339,10000.0,-0.04796163069544358
2020-09-17,TQQQ Buy and Hold,78906.25000000004,10000.0,-0.045969773299748135
2020-09-18,TQQQ Buy and Hold,75833.33333333337,10000.0,-0.03894389438943893
2020-09-21,TQQQ Buy and Hold,76718.75000000003,10000.0,0.01167582417582417
2020-09-22,TQQQ Buy and Hold,80937.50000000001,10000.0,0.054989816700610906
2020-09-23,TQQQ Buy and Hold,73437.50000000001,10000.0,-0.09266409266409263
2020-09-24,TQQQ Buy and Hold,74531.25000000001,10000.0,0.014893617021276657
2020-09-25,TQQQ Buy and Hold,79739.58333333336,10000.0,0.06988120195667365
2020-09-28,TQQQ Buy and Hold,84479.16666666669,10000.0,0.05943827563683856
2020-09-29,TQQQ Buy and Hold,83593.75000000003,10000.0,-0.010480887792848222
2020-09-30,TQQQ Buy and Hold,85208.33333333336,10000.0,0.019314641744548205
2020-10-01,TQQQ Buy and Hold,89218.75000000003,10000.0,0.047066014669926624
2020-10-02,TQQQ Buy and Hold,81875.00000000003,10000.0,-0.08231173380035017
2020-10-05,TQQQ Buy and Hold,87031.25000000003,10000.0,0.06297709923664123
2020-10-06,TQQQ Buy and Hold,82343.75000000003,10000.0,-0.05385996409335729
2020-10-07,TQQQ Buy and Hold,86666.6666666667,10000.0,0.05249841872232764
2020-10-08,TQQQ Buy and Hold,87968.75000000004,10000.0,0.01502403846153846
2020-10-09,TQQQ Buy and Hold,91875.00000000004,10000.0,0.04440497335701599
2020-10-12,TQQQ Buy and Hold,100416.66666666672,10000.0,0.09297052154195014
2020-10-13,TQQQ Buy and Hold,100416.66666666672,10000.0,0.0
2020-10-14,TQQQ Buy and Hold,97968.75000000003,10000.0,-0.024377593360995976
2020-10-15,TQQQ Buy and Hold,95937.50000000004,10000.0,-0.020733652312599524
2020-10-16,TQQQ Buy and Hold,94479.16666666672,10000.0,-0.015200868621064121
2020-10-19,TQQQ Buy and Hold,89791.6666666667,10000.0,-0.049614112458655026
2020-10-20,TQQQ Buy and Hold,90364.58333333339,10000.0,0.006380510440835441
2020-10-21,TQQQ Buy and Hold,90104.16666666672,10000.0,-0.002881844380403499
2020-10-22,TQQQ Buy and Hold,90156.25000000003,10000.0,0.0005780346820808099
2020-10-23,TQQQ Buy and Hold,90677.08333333337,10000.0,0.005777007510109846
2020-10-26,TQQQ Buy and Hold,86562.50000000004,10000.0,-0.04537622056289484
2020-10-27,TQQQ Buy and Hold,88593.75000000006,10000.0,0.023465703971119165
2020-10-28,TQQQ Buy and Hold,78229.16666666672,10000.0,-0.11699000587889487
2020-10-29,TQQQ Buy and Hold,82187.50000000004,10000.0,0.050599201065246326
2020-10-30,TQQQ Buy and Hold,76458.33333333337,10000.0,-0.06970849176172368
2020-11-02,TQQQ Buy and Hold,76510.4166666667,10000.0,0.0006811989100817293
2020-11-03,TQQQ Buy and Hold,80364.58333333336,10000.0,0.05037440435670526
2020-11-04,TQQQ Buy and Hold,91197.9166666667,10000.0,0.13480233311730408
2020-11-05,TQQQ Buy and Hold,98229.1666666667,10000.0,0.07709880068532254
2020-11-06,TQQQ Buy and Hold,98541.66666666672,10000.0,0.0031813361611878195
2020-11-09,TQQQ Buy and Hold,92552.08333333337,10000.0,-0.06078224101479926
2020-11-10,TQQQ Buy and Hold,87552.08333333337,10000.0,-0.0540236353404615
2020-11-11,TQQQ Buy and Hold,93437.50000000004,10000.0,0.06722189173111259
2020-11-12,TQQQ Buy and Hold,92083.33333333337,10000.0,-0.014492753623188493
2020-11-13,TQQQ Buy and Hold,94479.16666666672,10000.0,0.026018099547511362
2020-11-16,TQQQ Buy and Hold,96666.6666666667,10000.0,0.02315325248070552
2020-11-17,TQQQ Buy and Hold,95781.25000000004,10000.0,-0.00915948275862059
2020-11-18,TQQQ Buy and Hold,93541.66666666672,10000.0,-0.023382272974442616
2020-11-19,TQQQ Buy and Hold,95885.41666666672,10000.0,0.025055679287305083
2020-11-20,TQQQ Buy and Hold,93906.25000000006,10000.0,-0.020640956002172677
2020-11-23,TQQQ Buy and Hold,93958.33333333339,10000.0,0.0005546311702716588
2020-11-24,TQQQ Buy and Hold,97760.41666666673,10000.0,0.04046563192904659
2020-11-25,TQQQ Buy and Hold,99635.41666666673,10000.0,0.01917954182205644
2020-11-27,TQQQ Buy and Hold,102343.75000000006,10000.0,0.027182435964453716
2020-11-30,TQQQ Buy and Hold,102864.5833333334,10000.0,0.0050890585241731
2020-12-01,TQQQ Buy and Hold,106927.08333333342,10000.0,0.039493670886076006
2020-12-02,TQQQ Buy and Hold,107343.75000000007,10000.0,0.003896736483195241
2020-12-03,TQQQ Buy and Hold,107760.41666666674,10000.0,0.0038816108685105215
2020-12-04,TQQQ Buy and Hold,109114.58333333339,10000.0,0.012566457225712807
2020-12-07,TQQQ Buy and Hold,110937.50000000006,10000.0,0.016706443914081215
2020-12-08,TQQQ Buy and Hold,111979.16666666672,10000.0,0.009389671361502313
2020-12-09,TQQQ Buy and Hold,104479.1666666667,10000.0,-0.06697674418604657
2020-12-10,TQQQ Buy and Hold,105781.25000000003,10000.0,0.012462612163509473
2020-12-11,TQQQ Buy and Hold,105000.00000000003,10000.0,-0.007385524372230359
2020-12-14,TQQQ Buy and Hold,107239.58333333337,10000.0,0.021329365079365066
2020-12-15,TQQQ Buy and Hold,110572.9166666667,10000.0,0.03108305002428366
2020-12-16,TQQQ Buy and Hold,112447.91666666672,10000.0,0.016957136128120557
2020-12-17,TQQQ Buy and Hold,114739.58333333339,10000.0,0.020379805465493343
2020-12-18,TQQQ Buy and Hold,113489.58333333337,10000.0,-0.010894235133908397
2020-12-21,TQQQ Buy and Hold,113072.91666666672,10000.0,-0.003671408903166512
2020-12-22,TQQQ Buy and Hold,113958.33333333337,10000.0,0.007830492860432895
2020-12-23,TQQQ Buy and Hold,112239.58333333339,10000.0,-0.015082266910420397
2020-12-24,TQQQ Buy and Hold,113697.91666666672,10000.0,0.01299303944315534
2020-12-28,TQQQ Buy and Hold,117135.41666666672,10000.0,0.030233623453962445
2020-12-29,TQQQ Buy and Hold,117447.91666666672,10000.0,0.002667852378835139
2020-12-30,TQQQ Buy and Hold,117447.91666666672,10000.0,0.0
2020-12-31,TQQQ Buy and Hold,118385.41666666673,10000.0,0.007982261640798214
2021-01-04,TQQQ Buy and Hold,113177.0833333334,10000.0,-0.04399472063352398
2021-01-05,TQQQ Buy and Hold,116041.66666666673,10000.0,0.025310630464795245
2021-01-06,TQQQ Buy and Hold,111197.91666666673,10000.0,-0.04174147217235187
2021-01-07,TQQQ Buy and Hold,119270.83333333339,10000.0,0.07259953161592492
2021-01-08,TQQQ Buy and Hold,123854.16666666674,10000.0,0.03842794759825339
2021-01-11,TQQQ Buy and Hold,118385.41666666674,10000.0,-0.044154751892346536
2021-01-12,TQQQ Buy and Hold,117916.66666666674,10000.0,-0.0039595248570171515
2021-01-13,TQQQ Buy and Hold,120208.3333333334,10000.0,0.019434628975264916
2021-01-14,TQQQ Buy and Hold,118333.3333333334,10000.0,-0.015597920277296336
2021-01-15,TQQQ Buy and Hold,115468.75000000007,10000.0,-0.024207746478873117
2021-01-19,TQQQ Buy and Hold,120468.75000000006,10000.0,0.043301759133964696
2021-01-20,TQQQ Buy and Hold,128906.25000000006,10000.0,0.07003891050583662
2021-01-21,TQQQ Buy and Hold,132083.33333333337,10000.0,0.024646464646464625
2021-01-22,TQQQ Buy and Hold,130885.4166666667,10000.0,-0.009069400630914843
2021-01-25,TQQQ Buy and Hold,134531.25000000003,10000.0,0.02785515320334259
2021-01-26,TQQQ Buy and Hold,134635.41666666672,10000.0,0.0007742934572204076
2021-01-27,TQQQ Buy and Hold,123802.08333333337,10000.0,-0.08046421663442947
2021-01-28,TQQQ Buy and Hold,125625.00000000004,10000.0,0.01472444257467402
2021-01-29,TQQQ Buy and Hold,117812.50000000004,10000.0,-0.062189054726368154
2021-02-01,TQQQ Buy and Hold,126458.33333333339,10000.0,0.07338638373121133
2021-02-02,TQQQ Buy and Hold,132552.0833333334,10000.0,0.04818780889621079
2021-02-03,TQQQ Buy and Hold,131041.66666666674,10000.0,-0.011394891944990144
2021-02-04,TQQQ Buy and Hold,135677.08333333343,10000.0,0.03537360890302069
2021-02-05,TQQQ Buy and Hold,137135.41666666674,10000.0,0.010748560460652498
2021-02-08,TQQQ Buy and Hold,139791.66666666674,10000.0,0.019369540448158057
2021-02-09,TQQQ Buy and Hold,139739.5833333334,10000.0,-0.00037257824143075867
2021-02-10,TQQQ Buy and Hold,138750.00000000006,10000.0,-0.0070816250465895545
2021-02-11,TQQQ Buy and Hold,140989.5833333334,10000.0,0.01614114114114113
2021-02-12,TQQQ Buy and Hold,143385.41666666672,10000.0,0.016992981159955702
2021-02-16,TQQQ Buy and Hold,142187.50000000006,10000.0,-0.008354522339266271
2021-02-17,TQQQ Buy and Hold,140208.3333333334,10000.0,-0.013919413919413882
2021-02-18,TQQQ Buy and Hold,138333.3333333334,10000.0,-0.01337295690936118
2021-02-19,TQQQ Buy and Hold,136458.3333333334,10000.0,-0.013554216867469859
2021-02-22,TQQQ Buy and Hold,125885.41666666673,10000.0,-0.07748091603053427
2021-02-23,TQQQ Buy and Hold,124791.66666666673,10000.0,-0.00868845676458423
2021-02-24,TQQQ Buy and Hold,127812.50000000006,10000.0,0.0242070116861435
2021-02-25,TQQQ Buy and Hold,114479.16666666673,10000.0,-0.10431947840260794
2021-02-26,TQQQ Buy and Hold,116197.91666666672,10000.0,0.015013648771610478
2021-03-01,TQQQ Buy and Hold,126302.0833333334,10000.0,0.0869565217391305
2021-03-02,TQQQ Buy and Hold,120260.41666666673,10000.0,-0.04783505154639176
2021-03-03,TQQQ Buy and Hold,109791.66666666672,10000.0,-0.08705067128627118
2021-03-04,TQQQ Buy and Hold,104375.00000000004,10000.0,-0.04933586337760907
2021-03-05,TQQQ Buy and Hold,109062.50000000006,10000.0,0.044910179640718674
2021-03-08,TQQQ Buy and Hold,99739.58333333337,10000.0,-0.08548233046800395
2021-03-09,TQQQ Buy and Hold,111510.41666666672,10000.0,0.11801566579634473
2021-03-10,TQQQ Buy and Hold,110520.83333333337,10000.0,-0.008874357776739901
2021-03-11,TQQQ Buy and Hold,118177.0833333334,10000.0,0.06927426955702179
2021-03-12,TQQQ Buy and Hold,115260.41666666672,10000.0,-0.024680475980608296
2021-03-15,TQQQ Buy and Hold,118958.33333333339,10000.0,0.032083145051965696
2021-03-16,TQQQ Buy and Hold,120885.41666666672,10000.0,0.01619964973730302
2021-03-17,TQQQ Buy and Hold,122395.83333333339,10000.0,0.01249461439034895
2021-03-18,TQQQ Buy and Hold,111197.91666666672,10000.0,-0.0914893617021276
2021-03-19,TQQQ Buy and Hold,112604.16666666672,10000.0,0.012646370023419184
2021-03-22,TQQQ Buy and Hold,118593.75000000004,10000.0,0.05319148936170206
2021-03-23,TQQQ Buy and Hold,117083.33333333337,10000.0,-0.012736056214317046
2021-03-24,TQQQ Buy and Hold,111145.83333333337,10000.0,-0.05071174377224202
2021-03-25,TQQQ Buy and Hold,110572.9166666667,10000.0,-0.005154639175257705
2021-03-26,TQQQ Buy and Hold,115416.66666666669,10000.0,0.043805934997644826
2021-03-29,TQQQ Buy and Hold,115364.58333333334,10000.0,-0.00045126353790620773
2021-03-30,TQQQ Buy and Hold,113697.91666666669,10000.0,-0.014446952595936808
2021-03-31,TQQQ Buy and Hold,118854.1666666667,10000.0,0.04535043518094375
2021-04-01,TQQQ Buy and Hold,124895.83333333337,10000.0,0.05083260297984225
2021-04-05,TQQQ Buy and Hold,132395.83333333337,10000.0,0.0600500417014179
2021-04-06,TQQQ Buy and Hold,132031.25000000003,10000.0,-0.0027537372147915136
2021-04-07,TQQQ Buy and Hold,133020.83333333334,10000.0,0.007495069033530482
2021-04-08,TQQQ Buy and Hold,137187.5,10000.0,0.031323414252153514
2021-04-09,TQQQ Buy and Hold,139687.5,10000.0,0.018223234624145802
2021-04-12,TQQQ Buy and Hold,139114.58333333334,10000.0,-0.004101416853094684
2021-04-13,TQQQ Buy and Hold,143906.25,10000.0,0.034444028453762564
2021-04-14,TQQQ Buy and Hold,138854.16666666666,10000.0,-0.03510676800579077
2021-04-15,TQQQ Buy and Hold,144947.91666666666,10000.0,0.04388597149287315
2021-04-16,TQQQ Buy and Hold,145572.91666666666,10000.0,0.004311893639956917
2021-04-19,TQQQ Buy and Hold,141614.5833333333,10000.0,-0.027191413237924796
2021-04-20,TQQQ Buy and Hold,138489.5833333333,10000.0,-0.02206693637366684
2021-04-21,TQQQ Buy and Hold,142031.24999999997,10000.0,0.02557352388115832
2021-04-22,TQQQ Buy and Hold,136822.91666666663,10000.0,-0.036670333700036674
2021-04-23,TQQQ Buy and Hold,141979.16666666663,10000.0,0.03768557289684058
2021-04-26,TQQQ Buy and Hold,144843.74999999997,10000.0,0.020176082171680012
2021-04-27,TQQQ Buy and Hold,142916.66666666666,10000.0,-0.013304566702624863
2021-04-28,TQQQ Buy and Hold,141458.3333333333,10000.0,-0.010204081632653102
2021-04-29,TQQQ Buy and Hold,142864.5833333333,10000.0,0.009941089837997038
2021-04-30,TQQQ Buy and Hold,140208.3333333333,10000.0,-0.01859278162595691
2021-05-03,TQQQ Buy and Hold,137916.66666666663,10000.0,-0.016344725111441354
2021-05-04,TQQQ Buy and Hold,130624.99999999996,10000.0,-0.05287009063444117
2021-05-05,TQQQ Buy and Hold,129114.58333333328,10000.0,-0.011562998405103634
2021-05-06,TQQQ Buy and Hold,131927.08333333328,10000.0,0.02178297700685757
2021-05-07,TQQQ Buy and Hold,135156.24999999997,10000.0,0.024476904855902135
2021-05-10,TQQQ Buy and Hold,124999.99999999997,10000.0,-0.07514450867052021
2021-05-11,TQQQ Buy and Hold,124374.99999999997,10000.0,-0.005000000000000042
2021-05-12,TQQQ Buy and Hold,114895.8333333333,10000.0,-0.07621440536013402
2021-05-13,TQQQ Buy and Hold,117343.74999999997,10000.0,0.021305530371713618
2021-05-14,TQQQ Buy and Hold,124947.91666666663,10000.0,0.06480248557478904
2021-05-17,TQQQ Buy and Hold,122864.58333333331,10000.0,-0.016673614005835707
2021-05-18,TQQQ Buy and Hold,120260.41666666666,10000.0,-0.0211954217888936
2021-05-19,TQQQ Buy and Hold,120729.16666666666,10000.0,0.0038977912516240734
2021-05-20,TQQQ Buy and Hold,127708.33333333333,10000.0,0.05780845556514236
2021-05-21,TQQQ Buy and Hold,125572.91666666666,10000.0,-0.016721044045677005
2021-05-24,TQQQ Buy and Hold,131875.0,10000.0,0.05018664454583164
2021-05-25,TQQQ Buy and Hold,132500.0,10000.0,0.004739336492891035
2021-05-26,TQQQ Buy and Hold,133854.16666666666,10000.0,0.010220125786163443
2021-05-27,TQQQ Buy and Hold,132291.66666666666,10000.0,-0.01167315175097279
2021-05-28,TQQQ Buy and Hold,133593.75,10000.0,0.00984251968503937
2021-06-01,TQQQ Buy and Hold,132291.66666666666,10000.0,-0.009746588693957116
2021-06-02,TQQQ Buy and Hold,132968.75,10000.0,0.005118110236220574
2021-06-03,TQQQ Buy and Hold,128802.08333333333,10000.0,-0.031335683509596576
2021-06-04,TQQQ Buy and Hold,135416.66666666666,10000.0,0.05135463000404365
2021-06-07,TQQQ Buy and Hold,136614.58333333334,10000.0,0.008846153846153863
2021-06-08,TQQQ Buy and Hold,136718.75,10000.0,0.0007624857033930451
2021-06-09,TQQQ Buy and Hold,136875.0,10000.0,0.001142857142857186
2021-06-10,TQQQ Buy and Hold,141093.75,10000.0,0.030821917808219128
2021-06-11,TQQQ Buy and Hold,142239.5833333333,10000.0,0.008121077888519707
2021-06-14,TQQQ Buy and Hold,146197.91666666666,10000.0,0.027828634199926826
2021-06-15,TQQQ Buy and Hold,143489.58333333334,10000.0,-0.018525115781973623
2021-06-16,TQQQ Buy and Hold,141927.08333333334,10000.0,-0.010889292196007285
2021-06-17,TQQQ Buy and Hold,147239.58333333334,10000.0,0.03743119266055044
2021-06-18,TQQQ Buy and Hold,143750.0,10000.0,-0.02370003537318706
2021-06-21,TQQQ Buy and Hold,146354.1666666667,10000.0,0.018115942028985508
2021-06-22,TQQQ Buy and Hold,150468.75,10000.0,0.028113879003558686
2021-06-23,TQQQ Buy and Hold,150729.1666666667,10000.0,0.001730702665282129
2021-06-24,TQQQ Buy and Hold,153489.58333333334,10000.0,0.01831375259156868
2021-06-25,TQQQ Buy and Hold,153020.83333333334,10000.0,-0.003053953172718014
2021-06-28,TQQQ Buy and Hold,158437.50000000003,10000.0,0.035398230088495665
2021-06-29,TQQQ Buy and Hold,160208.33333333334,10000.0,0.011176857330703479
2021-06-30,TQQQ Buy and Hold,159531.25,10000.0,-0.004226267880364192
2021-07-01,TQQQ Buy and Hold,159583.33333333334,10000.0,0.0003264773098270181
2021-07-02,TQQQ Buy and Hold,165000.00000000003,10000.0,0.03394255874673626
2021-07-06,TQQQ Buy and Hold,167187.50000000006,10000.0,0.013257575757575812
2021-07-07,TQQQ Buy and Hold,168281.25000000006,10000.0,0.0065420560747663815
2021-07-08,TQQQ Buy and Hold,165364.58333333337,10000.0,-0.017332095326524365
2021-07-09,TQQQ Buy and Hold,168177.08333333337,10000.0,0.017007874015748006
2021-07-12,TQQQ Buy and Hold,170260.4166666667,10000.0,0.012387736141220148
2021-07-13,TQQQ Buy and Hold,170156.25000000003,10000.0,-0.0006118078923216893
2021-07-14,TQQQ Buy and Hold,171093.75000000003,10000.0,0.0055096418732782275
2021-07-15,TQQQ Buy and Hold,167552.08333333337,10000.0,-0.020700152207001513
2021-07-16,TQQQ Buy and Hold,163437.50000000003,10000.0,-0.024557040721168873
2021-07-19,TQQQ Buy and Hold,159531.25000000003,10000.0,-0.02390057361376673
2021-07-20,TQQQ Buy and Hold,164791.66666666672,10000.0,0.03297420829252372
2021-07-21,TQQQ Buy and Hold,168541.66666666672,10000.0,0.022756005056889975
2021-07-22,TQQQ Buy and Hold,172083.33333333337,10000.0,0.021013597033374527
2021-07-23,TQQQ Buy and Hold,177812.50000000006,10000.0,0.03329297820823249
2021-07-26,TQQQ Buy and Hold,178541.66666666674,10000.0,0.004100761570005875
2021-07-27,TQQQ Buy and Hold,172708.33333333337,10000.0,-0.03267211201866991
2021-07-28,TQQQ Buy and Hold,174635.41666666672,10000.0,0.011158021712907255
2021-07-29,TQQQ Buy and Hold,175468.75000000003,10000.0,0.004771846107962916
2021-07-30,TQQQ Buy and Hold,172864.58333333337,10000.0,-0.014841199168892847
2021-08-02,TQQQ Buy and Hold,172760.41666666672,10000.0,-0.0006025911419100941
2021-08-03,TQQQ Buy and Hold,175781.25000000003,10000.0,0.017485679831172694
2021-08-04,TQQQ Buy and Hold,176666.66666666672,10000.0,0.005037037037037087
2021-08-05,TQQQ Buy and Hold,180000.00000000006,10000.0,0.018867924528301903
2021-08-06,TQQQ Buy and Hold,177656.25000000006,10000.0,-0.013020833333333415
2021-08-09,TQQQ Buy and Hold,178593.75000000006,10000.0,0.0052770448548812585
2021-08-10,TQQQ Buy and Hold,175937.50000000006,10000.0,-0.014873140857392768
2021-08-11,TQQQ Buy and Hold,175000.00000000006,10000.0,-0.00532859680284191
2021-08-12,TQQQ Buy and Hold,176770.83333333337,10000.0,0.010119047619047509
2021-08-13,TQQQ Buy and Hold,178541.66666666672,10000.0,0.010017678255745534
2021-08-16,TQQQ Buy and Hold,178906.25000000006,10000.0,0.0020420070011668693
2021-08-17,TQQQ Buy and Hold,174166.6666666667,10000.0,-0.026491994177583803
2021-08-18,TQQQ Buy and Hold,169114.58333333337,10000.0,-0.02900717703349279
2021-08-19,TQQQ Buy and Hold,171510.41666666672,10000.0,0.014166923313828177
2021-08-20,TQQQ Buy and Hold,176822.91666666674,10000.0,0.030974795019738936
2021-08-23,TQQQ Buy and Hold,184687.50000000006,10000.0,0.0444771723122238
2021-08-24,TQQQ Buy and Hold,186510.41666666672,10000.0,0.009870276367738337
2021-08-25,TQQQ Buy and Hold,186718.75000000006,10000.0,0.001117006422786907
2021-08-26,TQQQ Buy and Hold,183541.66666666672,10000.0,-0.017015341701534153
2021-08-27,TQQQ Buy and Hold,188958.3333333334,10000.0,0.02951191827468783
2021-08-30,TQQQ Buy and Hold,195208.3333333334,10000.0,0.03307607497243648
2021-08-31,TQQQ Buy and Hold,194635.41666666674,10000.0,-0.0029348986125933684
2021-09-01,TQQQ Buy and Hold,195729.16666666674,10000.0,0.005619480867005643
2021-09-02,TQQQ Buy and Hold,195468.7500000001,10000.0,-0.0013304949441191368
2021-09-03,TQQQ Buy and Hold,197187.50000000006,10000.0,0.008792965627497956
2021-09-07,TQQQ Buy and Hold,198020.8333333334,10000.0,0.004226096143687366
2021-09-08,TQQQ Buy and Hold,195989.5833333334,10000.0,-0.010257759074171502
2021-09-09,TQQQ Buy and Hold,193854.16666666672,10000.0,-0.010895562051554708
2021-09-10,TQQQ Buy and Hold,189531.25000000006,10000.0,-0.022299838796346005
2021-09-13,TQQQ Buy and Hold,189114.5833333334,10000.0,-0.0021984061555371886
2021-09-14,TQQQ Buy and Hold,187447.91666666674,10000.0,-0.008812999173781335
2021-09-15,TQQQ Buy and Hold,191614.5833333334,10000.0,0.022228396776882386
2021-09-16,TQQQ Buy and Hold,191979.16666666672,10000.0,0.001902690948627352
2021-09-17,TQQQ Buy and Hold,185208.3333333334,10000.0,-0.03526858383071072
2021-09-20,TQQQ Buy and Hold,173802.08333333337,10000.0,-0.06158605174353219
2021-09-21,TQQQ Buy and Hold,174062.50000000006,10000.0,0.0014983518130058217
2021-09-22,TQQQ Buy and Hold,179114.5833333334,10000.0,0.029024536205864718
2021-09-23,TQQQ Buy and Hold,184114.58333333343,10000.0,0.027915091596394326
2021-09-24,TQQQ Buy and Hold,184635.41666666677,10000.0,0.002828854314002869
2021-09-27,TQQQ Buy and Hold,180156.2500000001,10000.0,-0.024259520451339896
2021-09-28,TQQQ Buy and Hold,165156.25000000006,10000.0,-0.08326105810928021
2021-09-29,TQQQ Buy and Hold,164062.50000000006,10000.0,-0.006622516556291418
2021-09-30,TQQQ Buy and Hold,162187.50000000006,10000.0,-0.011428571428571411
2021-10-01,TQQQ Buy and Hold,165156.25000000006,10000.0,0.018304431599229298
2021-10-04,TQQQ Buy and Hold,155000.00000000006,10000.0,-0.061494796594134316
2021-10-05,TQQQ Buy and Hold,160989.58333333337,10000.0,0.03864247311827952
2021-10-06,TQQQ Buy and Hold,164114.58333333337,10000.0,0.019411193788418032
2021-10-07,TQQQ Buy and Hold,168593.75000000003,10000.0,0.02729292288162475
2021-10-08,TQQQ Buy and Hold,165989.58333333337,10000.0,-0.015446400988569555
2021-10-11,TQQQ Buy and Hold,162291.6666666667,10000.0,-0.02227800439284596
2021-10-12,TQQQ Buy and Hold,160625.0,10000.0,-0.010269576379974336
2021-10-13,TQQQ Buy and Hold,164427.0833333333,10000.0,0.023670557717250337
2021-10-14,TQQQ Buy and Hold,173489.5833333333,10000.0,0.05511561609122591
2021-10-15,TQQQ Buy and Hold,176718.74999999994,10000.0,0.018613029120384192
2021-10-18,TQQQ Buy and Hold,181979.1666666666,10000.0,0.029767167698202122
2021-10-19,TQQQ Buy and Hold,185989.58333333326,10000.0,0.022037779049799748
2021-10-20,TQQQ Buy and Hold,185416.6666666666,10000.0,-0.003080369644357307
2021-10-21,TQQQ Buy and Hold,188749.99999999994,10000.0,0.017977528089887656
2021-10-22,TQQQ Buy and Hold,183958.33333333328,10000.0,-0.02538631346578371
2021-10-25,TQQQ Buy and Hold,189479.16666666666,10000.0,0.030011325028312635
2021-10-26,TQQQ Buy and Hold,191249.99999999997,10000.0,0.009345794392523261
2021-10-27,TQQQ Buy and Hold,192760.41666666663,10000.0,0.007897603485838758
2021-10-28,TQQQ Buy and Hold,199062.49999999997,10000.0,0.032693866522561496
2021-10-29,TQQQ Buy and Hold,202031.24999999997,10000.0,0.014913657770800635
2021-11-01,TQQQ Buy and Hold,204010.41666666666,10000.0,0.009796339262696638
2021-11-02,TQQQ Buy and Hold,206718.74999999994,10000.0,0.013275465917794127
2021-11-03,TQQQ Buy and Hold,213333.33333333328,10000.0,0.03199798437893684
2021-11-04,TQQQ Buy and Hold,221249.99999999994,10000.0,0.0371093749999999
2021-11-05,TQQQ Buy and Hold,222083.33333333328,10000.0,0.0037664783427496166
2021-11-08,TQQQ Buy and Hold,221197.9166666666,10000.0,-0.00398686679174488
2021-11-09,TQQQ Buy and Hold,216614.58333333328,10000.0,-0.020720508594301752
2021-11-10,TQQQ Buy and Hold,207135.41666666663,10000.0,-0.043760519355614334
2021-11-11,TQQQ Buy and Hold,208802.08333333328,10000.0,0.008046266029670613
2021-11-12,TQQQ Buy and Hold,215416.6666666666,10000.0,0.031678722873534446
2021-11-15,TQQQ Buy and Hold,215364.58333333328,10000.0,-0.00024177949709859792
2021-11-16,TQQQ Buy and Hold,219843.7499999999,10000.0,0.020798065296251497
2021-11-17,TQQQ Buy and Hold,220104.1666666666,10000.0,0.0011845534233593262
2021-11-18,TQQQ Buy and Hold,226822.9166666666,10000.0,0.030525319451017493
2021-11-19,TQQQ Buy and Hold,230624.99999999994,10000.0,0.016762342135476557
2021-11-22,TQQQ Buy and Hold,222656.24999999994,10000.0,-0.034552845528455306
2021-11-23,TQQQ Buy and Hold,219635.41666666663,10000.0,-0.013567251461988264
2021-11-24,TQQQ Buy and Hold,221666.66666666663,10000.0,0.009248280768318722
2021-11-26,TQQQ Buy and Hold,209427.08333333328,10000.0,-0.055216165413533864
2021-11-29,TQQQ Buy and Hold,222447.9166666666,10000.0,0.062173588659537427
2021-11-30,TQQQ Buy and Hold,212864.58333333323,10000.0,-0.043081245609927495
2021-12-01,TQQQ Buy and Hold,201979.16666666657,10000.0,-0.05113775385368232
2021-12-02,TQQQ Buy and Hold,205781.24999999988,10000.0,0.018824136152655928
2021-12-03,TQQQ Buy and Hold,195416.66666666657,10000.0,-0.0503669956972917
2021-12-06,TQQQ Buy and Hold,199999.99999999985,10000.0,0.023454157782515868
2021-12-07,TQQQ Buy and Hold,218020.83333333317,10000.0,0.0901041666666667
2021-12-08,TQQQ Buy and Hold,221041.66666666648,10000.0,0.01385570950788338
2021-12-09,TQQQ Buy and Hold,211510.41666666648,10000.0,-0.043119698397737945
2021-12-10,TQQQ Buy and Hold,218072.91666666645,10000.0,0.031026840679635508
2021-12-13,TQQQ Buy and Hold,208697.91666666648,10000.0,-0.042990207786004236
2021-12-14,TQQQ Buy and Hold,202499.99999999983,10000.0,-0.02969802845021207
2021-12-15,TQQQ Buy and Hold,215885.41666666648,10000.0,0.06610082304526749
2021-12-16,TQQQ Buy and Hold,199374.99999999983,10000.0,-0.07647768395657423
2021-12-17,TQQQ Buy and Hold,196354.1666666665,10000.0,-0.015151515151515107
2021-12-20,TQQQ Buy and Hold,190468.74999999985,10000.0,-0.029973474801061075
2021-12-21,TQQQ Buy and Hold,203229.16666666654,10000.0,0.06699480448455025
2021-12-22,TQQQ Buy and Hold,210468.74999999983,10000.0,0.03562275756022536
2021-12-23,TQQQ Buy and Hold,215468.74999999985,10000.0,0.023756495916852288
2021-12-27,TQQQ Buy and Hold,225781.24999999988,10000.0,0.04786076867295151
2021-12-28,TQQQ Buy and Hold,223124.99999999988,10000.0,-0.011764705882352894
2021-12-29,TQQQ Buy and Hold,222760.41666666654,10000.0,-0.0016339869281045817
2021-12-30,TQQQ Buy and Hold,220677.0833333332,10000.0,-0.009352349777881824
2021-12-31,TQQQ Buy and Hold,216562.49999999985,10000.0,-0.018645267878215698
2022-01-03,TQQQ Buy and Hold,222812.49999999985,10000.0,0.02886002886002893
2022-01-04,TQQQ Buy and Hold,214166.6666666665,10000.0,-0.03880317905563356
2022-01-05,TQQQ Buy and Hold,194479.16666666654,10000.0,-0.09192607003891036
2022-01-06,TQQQ Buy and Hold,193958.3333333332,10000.0,-0.0026780931976433157
2022-01-07,TQQQ Buy and Hold,187604.16666666654,10000.0,-0.03276047261009664
2022-01-10,TQQQ Buy and Hold,188281.24999999983,10000.0,0.0036091060521930996
2022-01-11,TQQQ Buy and Hold,196562.49999999983,10000.0,0.04398340248962665
2022-01-12,TQQQ Buy and Hold,198802.08333333317,10000.0,0.011393746687864326
2022-01-13,TQQQ Buy and Hold,184374.99999999983,10000.0,-0.07257008121561444
2022-01-14,TQQQ Buy and Hold,187187.4999999998,10000.0,0.01525423728813557
2022-01-18,TQQQ Buy and Hold,173697.9166666665,10000.0,-0.07206455203116295
2022-01-19,TQQQ Buy and Hold,167656.24999999983,10000.0,-0.034782608695652285
2022-01-20,TQQQ Buy and Hold,161145.8333333332,10000.0,-0.038831935383659415
2022-01-21,TQQQ Buy and Hold,147552.0833333332,10000.0,-0.08435681965093739
2022-01-24,TQQQ Buy and Hold,149739.5833333332,10000.0,0.014825273561595543
2022-01-25,TQQQ Buy and Hold,138697.91666666654,10000.0,-0.07373913043478264
2022-01-26,TQQQ Buy and Hold,138437.49999999985,10000.0,-0.0018775816748028806
2022-01-27,TQQQ Buy and Hold,134270.8333333332,10000.0,-0.03009781790820155
2022-01-28,TQQQ Buy and Hold,146770.83333333317,10000.0,0.09309542280837853
2022-01-31,TQQQ Buy and Hold,161041.6666666665,10000.0,0.09723207948899937
2022-02-01,TQQQ Buy and Hold,164062.49999999985,10000.0,0.018758085381629958
2022-02-02,TQQQ Buy and Hold,167968.74999999983,10000.0,0.023809523809523808
2022-02-03,TQQQ Buy and Hold,147760.4166666665,10000.0,-0.12031007751937982
2022-02-04,TQQQ Buy and Hold,152864.5833333332,10000.0,0.034543531899894266
2022-02-07,TQQQ Buy and Hold,149374.99999999985,10000.0,-0.022827938671209597
2022-02-08,TQQQ Buy and Hold,154479.1666666665,10000.0,0.034170153417015355
2022-02-09,TQQQ Buy and Hold,164062.49999999985,10000.0,0.06203641267700606
2022-02-10,TQQQ Buy and Hold,153177.0833333332,10000.0,-0.06634920634920634
2022-02-11,TQQQ Buy and Hold,138749.99999999988,10000.0,-0.09418565113906834
2022-02-14,TQQQ Buy and Hold,139166.66666666657,10000.0,0.003003003003002939
2022-02-15,TQQQ Buy and Hold,149218.74999999988,10000.0,0.07223053892215568
2022-02-16,TQQQ Buy and Hold,149218.74999999988,10000.0,0.0
2022-02-17,TQQQ Buy and Hold,135937.4999999999,10000.0,-0.08900523560209414
2022-02-18,TQQQ Buy and Hold,131354.16666666657,10000.0,-0.033716475095785535
2022-02-22,TQQQ Buy and Hold,127291.66666666658,10000.0,-0.030927835051546296
2022-02-23,TQQQ Buy and Hold,117552.08333333326,10000.0,-0.07651391162029464
2022-02-24,TQQQ Buy and Hold,129062.49999999991,10000.0,0.09791758972086845
2022-02-25,TQQQ Buy and Hold,135156.2499999999,10000.0,0.047215496368038665
2022-02-28,TQQQ Buy and Hold,136614.58333333326,10000.0,0.010789980732177308
2022-03-01,TQQQ Buy and Hold,130312.49999999993,10000.0,-0.04613038505528025
2022-03-02,TQQQ Buy and Hold,136562.4999999999,10000.0,0.04796163069544362
2022-03-03,TQQQ Buy and Hold,130833.33333333326,10000.0,-0.04195270785659794
2022-03-04,TQQQ Buy and Hold,125260.4166666666,10000.0,-0.0425955414012739
2022-03-07,TQQQ Buy and Hold,111249.99999999993,10000.0,-0.1118503118503119
2022-03-08,TQQQ Buy and Hold,109739.58333333326,10000.0,-0.013576779026217189
2022-03-09,TQQQ Buy and Hold,121458.33333333324,10000.0,0.10678690080683435
2022-03-10,TQQQ Buy and Hold,117552.08333333324,10000.0,-0.03216123499142367
2022-03-11,TQQQ Buy and Hold,110260.41666666658,10000.0,-0.062029242357111145
2022-03-14,TQQQ Buy and Hold,103802.08333333324,10000.0,-0.05857345299952772
2022-03-15,TQQQ Buy and Hold,113385.41666666657,10000.0,0.09232313095835423
2022-03-16,TQQQ Buy and Hold,126145.83333333323,10000.0,0.11254019292604499
2022-03-17,TQQQ Buy and Hold,130364.58333333323,10000.0,0.03344343517753932
2022-03-18,TQQQ Buy and Hold,138437.49999999985,10000.0,0.06192568917299229
2022-03-21,TQQQ Buy and Hold,137499.99999999985,10000.0,-0.006772009029345362
2022-03-22,TQQQ Buy and Hold,145572.91666666654,10000.0,0.05871212121212124
2022-03-23,TQQQ Buy and Hold,139427.0833333332,10000.0,-0.04221824686940965
2022-03-24,TQQQ Buy and Hold,148489.5833333332,10000.0,0.06499813223757946
2022-03-25,TQQQ Buy and Hold,148281.24999999985,10000.0,-0.0014030164854437986
2022-03-28,TQQQ Buy and Hold,154999.99999999985,10000.0,0.04531085353003171
2022-03-29,TQQQ Buy and Hold,162916.6666666665,10000.0,0.05107526881720428
2022-03-30,TQQQ Buy and Hold,158020.8333333332,10000.0,-0.030051150895140703
2022-03-31,TQQQ Buy and Hold,151510.41666666654,10000.0,-0.04119973632168754
2022-04-01,TQQQ Buy and Hold,150885.41666666654,10000.0,-0.004125128910278481
2022-04-04,TQQQ Buy and Hold,160260.4166666665,10000.0,0.06213324128408702
2022-04-05,TQQQ Buy and Hold,149687.49999999983,10000.0,-0.06597335066623339
2022-04-06,TQQQ Buy and Hold,139843.74999999985,10000.0,-0.06576200417536525
2022-04-07,TQQQ Buy and Hold,140729.1666666665,10000.0,0.0063314711359403406
2022-04-08,TQQQ Buy and Hold,134999.99999999985,10000.0,-0.04071058475203545
2022-04-11,TQQQ Buy and Hold,125416.66666666653,10000.0,-0.07098765432098778
2022-04-12,TQQQ Buy and Hold,123802.0833333332,10000.0,-0.012873754152823868
2022-04-13,TQQQ Buy and Hold,131197.91666666654,10000.0,0.059739167017248705
2022-04-14,TQQQ Buy and Hold,122395.83333333321,10000.0,-0.06709011512504967
2022-04-18,TQQQ Buy and Hold,122760.41666666654,10000.0,0.0029787234042553314
2022-04-19,TQQQ Buy and Hold,130624.99999999984,10000.0,0.06406448875689427
2022-04-20,TQQQ Buy and Hold,124739.58333333318,10000.0,-0.04505582137161081
2022-04-21,TQQQ Buy and Hold,117447.91666666653,10000.0,-0.058455114822546915
2022-04-22,TQQQ Buy and Hold,108072.91666666654,10000.0,-0.07982261640798229
2022-04-25,TQQQ Buy and Hold,112083.3333333332,10000.0,0.03710843373493974
2022-04-26,TQQQ Buy and Hold,99479.16666666656,10000.0,-0.11245353159851293
2022-04-27,TQQQ Buy and Hold,99062.49999999988,10000.0,-0.004188481675392767
2022-04-28,TQQQ Buy and Hold,109531.24999999987,10000.0,0.10567823343848588
2022-04-29,TQQQ Buy and Hold,95104.16666666656,10000.0,-0.13171659533999047
2022-05-02,TQQQ Buy and Hold,99635.41666666653,10000.0,0.047645125958378824
2022-05-03,TQQQ Buy and Hold,99843.74999999987,10000.0,0.002090956612650429
2022-05-04,TQQQ Buy and Hold,109739.58333333317,10000.0,0.09911319770474691
2022-05-05,TQQQ Buy and Hold,93385.41666666651,10000.0,-0.14902705268153776
2022-05-06,TQQQ Buy and Hold,90156.24999999985,10000.0,-0.034578918014500894
2022-05-09,TQQQ Buy and Hold,79479.16666666654,10000.0,-0.1184286539572501
2022-05-10,TQQQ Buy and Hold,82187.49999999987,10000.0,0.03407601572739185
2022-05-11,TQQQ Buy and Hold,74895.83333333323,10000.0,-0.08871989860583007
2022-05-12,TQQQ Buy and Hold,74322.91666666656,10000.0,-0.007649513212795633
2022-05-13,TQQQ Buy and Hold,82343.74999999988,10000.0,0.10791871058163988
2022-05-16,TQQQ Buy and Hold,79791.66666666656,10000.0,-0.03099304237824163
2022-05-17,TQQQ Buy and Hold,85833.33333333321,10000.0,0.07571801566579635
2022-05-18,TQQQ Buy and Hold,73281.2499999999,10000.0,-0.14623786407766992
2022-05-19,TQQQ Buy and Hold,71822.91666666656,10000.0,-0.01990049751243789
2022-05-20,TQQQ Buy and Hold,71197.91666666657,10000.0,-0.008701957940536565
2022-05-23,TQQQ Buy and Hold,74739.58333333323,10000.0,0.049743964886613
2022-05-24,TQQQ Buy and Hold,70052.08333333323,10000.0,-0.06271777003484323
2022-05-25,TQQQ Buy and Hold,72864.58333333323,10000.0,0.04014869888475844
2022-05-26,TQQQ Buy and Hold,78958.33333333321,10000.0,0.08363116511794139
2022-05-27,TQQQ Buy and Hold,86718.74999999985,10000.0,0.09828496042216349
2022-05-31,TQQQ Buy and Hold,86041.66666666653,10000.0,-0.007807807807807749
2022-06-01,TQQQ Buy and Hold,84062.49999999987,10000.0,-0.023002421307505995
2022-06-02,TQQQ Buy and Hold,90885.41666666651,10000.0,0.08116480793060711
2022-06-03,TQQQ Buy and Hold,83697.91666666654,10000.0,-0.07908309455587387
2022-06-06,TQQQ Buy and Hold,84739.5833333332,10000.0,0.012445550715619121
2022-06-07,TQQQ Buy and Hold,86822.91666666654,10000.0,0.024585125998770874
2022-06-08,TQQQ Buy and Hold,85052.08333333318,10000.0,-0.020395920815837035
2022-06-09,TQQQ Buy and Hold,78072.91666666654,10000.0,-0.08205756276791171
2022-06-10,TQQQ Buy and Hold,69791.66666666656,10000.0,-0.10607071380920613
2022-06-13,TQQQ Buy and Hold,60104.16666666657,10000.0,-0.1388059701492538
2022-06-14,TQQQ Buy and Hold,60468.7499999999,10000.0,0.0060658578856152764
2022-06-15,TQQQ Buy and Hold,64843.74999999989,10000.0,0.07235142118863049
2022-06-16,TQQQ Buy and Hold,56927.08333333324,10000.0,-0.1220883534136546
2022-06-17,TQQQ Buy and Hold,59062.499999999905,10000.0,0.037511436413540725
2022-06-21,TQQQ Buy and Hold,63489.583333333234,10000.0,0.07495590828924159
2022-06-22,TQQQ Buy and Hold,63281.249999999905,10000.0,-0.003281378178835041
2022-06-23,TQQQ Buy and Hold,65937.4999999999,10000.0,0.04197530864197529
2022-06-24,TQQQ Buy and Hold,72864.58333333323,10000.0,0.10505529225908374
2022-06-27,TQQQ Buy and Hold,71145.83333333323,10000.0,-0.023588277340957833
2022-06-28,TQQQ Buy and Hold,64635.41666666657,10000.0,-0.09150805270863836
2022-06-29,TQQQ Buy and Hold,64791.66666666657,10000.0,0.0024174053182916488
2022-06-30,TQQQ Buy and Hold,62499.999999999905,10000.0,-0.03536977491961411
2022-07-01,TQQQ Buy and Hold,63489.58333333324,10000.0,0.015833333333333293
2022-07-05,TQQQ Buy and Hold,66770.83333333324,10000.0,0.05168170631665306
2022-07-06,TQQQ Buy and Hold,68072.91666666657,10000.0,0.01950078003120125
2022-07-07,TQQQ Buy and Hold,72291.66666666657,10000.0,0.0619739862280031
2022-07-08,TQQQ Buy and Hold,72604.16666666657,10000.0,0.004322766570605095
2022-07-11,TQQQ Buy and Hold,68020.83333333326,10000.0,-0.06312769010043034
2022-07-12,TQQQ Buy and Hold,66041.66666666658,10000.0,-0.02909647779479332
2022-07-13,TQQQ Buy and Hold,65624.99999999993,10000.0,-0.006309148264984233
2022-07-14,TQQQ Buy and Hold,66302.08333333326,10000.0,0.01031746031746038
2022-07-15,TQQQ Buy and Hold,69791.66666666658,10000.0,0.05263157894736841
2022-07-18,TQQQ Buy and Hold,68177.08333333326,10000.0,-0.023134328358208993
2022-07-19,TQQQ Buy and Hold,74114.58333333326,10000.0,0.0870893812070283
2022-07-20,TQQQ Buy and Hold,77812.49999999991,10000.0,0.049894588896697054
2022-07-21,TQQQ Buy and Hold,81145.83333333326,10000.0,0.04283801874163324
2022-07-22,TQQQ Buy and Hold,76927.08333333326,10000.0,-0.05198973042362006
2022-07-25,TQQQ Buy and Hold,75781.24999999993,10000.0,-0.014895057549085908
2022-07-26,TQQQ Buy and Hold,71145.83333333327,10000.0,-0.061168384879725125
2022-07-27,TQQQ Buy and Hold,80052.08333333326,10000.0,0.1251830161054172
2022-07-28,TQQQ Buy and Hold,82343.74999999991,10000.0,0.028627195836044325
2022-07-29,TQQQ Buy and Hold,86874.9999999999,10000.0,0.05502846299810241
2022-08-01,TQQQ Buy and Hold,86770.83333333323,10000.0,-0.0011990407673860657
2022-08-02,TQQQ Buy and Hold,85937.4999999999,10000.0,-0.009603841536614654
2022-08-03,TQQQ Buy and Hold,92812.4999999999,10000.0,0.08000000000000002
2022-08-04,TQQQ Buy and Hold,94166.66666666654,10000.0,0.014590347923681145
2022-08-05,TQQQ Buy and Hold,91927.08333333321,10000.0,-0.02378318584070795
2022-08-08,TQQQ Buy and Hold,90989.58333333321,10000.0,-0.010198300283286103
2022-08-09,TQQQ Buy and Hold,87812.49999999988,10000.0,-0.03491700057240982
2022-08-10,TQQQ Buy and Hold,95052.08333333321,10000.0,0.08244365361803088
2022-08-11,TQQQ Buy and Hold,93645.83333333321,10000.0,-0.014794520547945183
2022-08-12,TQQQ Buy and Hold,98906.24999999987,10000.0,0.05617352614015562
2022-08-15,TQQQ Buy and Hold,101249.99999999988,10000.0,0.023696682464455127
2022-08-16,TQQQ Buy and Hold,100624.99999999988,10000.0,-0.00617283950617289
2022-08-17,TQQQ Buy and Hold,97135.41666666654,10000.0,-0.0346790890269152
2022-08-18,TQQQ Buy and Hold,97760.41666666654,10000.0,0.006434316353887453
2022-08-19,TQQQ Buy and Hold,92031.2499999999,10000.0,-0.058604155567394664
2022-08-22,TQQQ Buy and Hold,84791.66666666657,10000.0,-0.078664402942841
2022-08-23,TQQQ Buy and Hold,84531.2499999999,10000.0,-0.003071253071253115
2022-08-24,TQQQ Buy and Hold,85156.2499999999,10000.0,0.007393715341959396
2022-08-25,TQQQ Buy and Hold,89687.49999999987,10000.0,0.05321100917431176
2022-08-26,TQQQ Buy and Hold,78749.99999999988,10000.0,-0.1219512195121951
2022-08-29,TQQQ Buy and Hold,76302.08333333323,10000.0,-0.03108465608465601
2022-08-30,TQQQ Buy and Hold,73749.9999999999,10000.0,-0.03344709897610923
2022-08-31,TQQQ Buy and Hold,72395.83333333323,10000.0,-0.018361581920903938
2022-09-01,TQQQ Buy and Hold,72499.99999999988,10000.0,0.0014388489208632786
2022-09-02,TQQQ Buy and Hold,69479.16666666656,10000.0,-0.04166666666666667
2022-09-06,TQQQ Buy and Hold,67864.58333333321,10000.0,-0.02323838080959524
2022-09-07,TQQQ Buy and Hold,71927.08333333321,10000.0,0.059861857252494335
2022-09-08,TQQQ Buy and Hold,73072.91666666654,10000.0,0.015930485155684203
2022-09-09,TQQQ Buy and Hold,77708.3333333332,10000.0,0.0634354953670706
2022-09-12,TQQQ Buy and Hold,80572.91666666653,10000.0,0.03686327077747994
2022-09-13,TQQQ Buy and Hold,67291.66666666654,10000.0,-0.1648351648351649
2022-09-14,TQQQ Buy and Hold,68802.08333333321,10000.0,0.022445820433436604
2022-09-15,TQQQ Buy and Hold,65364.58333333322,10000.0,-0.04996214988644967
2022-09-16,TQQQ Buy and Hold,64062.49999999989,10000.0,-0.0199203187250996
2022-09-19,TQQQ Buy and Hold,65624.99999999988,10000.0,0.024390243902438935
2022-09-20,TQQQ Buy and Hold,64062.49999999989,10000.0,-0.023809523809523725
2022-09-21,TQQQ Buy and Hold,60520.83333333322,10000.0,-0.05528455284552857
2022-09-22,TQQQ Buy and Hold,58281.24999999989,10000.0,-0.037005163511187586
2022-09-23,TQQQ Buy and Hold,55468.7499999999,10000.0,-0.048257372654155424
2022-09-26,TQQQ Buy and Hold,54739.58333333323,10000.0,-0.01314553990610334
2022-09-27,TQQQ Buy and Hold,54791.666666666555,10000.0,0.0009514747859181529
2022-09-28,TQQQ Buy and Hold,58020.83333333321,10000.0,0.05893536121673013
2022-09-29,TQQQ Buy and Hold,53072.916666666555,10000.0,-0.0852782764811491
2022-09-30,TQQQ Buy and Hold,50312.4999999999,10000.0,-0.05201177625122663
2022-10-03,TQQQ Buy and Hold,53802.08333333322,10000.0,0.06935817805383022
2022-10-04,TQQQ Buy and Hold,58802.083333333205,10000.0,0.09293320425943843
2022-10-05,TQQQ Buy and Hold,58802.083333333205,10000.0,0.0
2022-10-06,TQQQ Buy and Hold,57343.74999999988,10000.0,-0.024800708591673992
2022-10-07,TQQQ Buy and Hold,50781.2499999999,10000.0,-0.11444141689373295
2022-10-10,TQQQ Buy and Hold,49166.66666666656,10000.0,-0.031794871794871844
2022-10-11,TQQQ Buy and Hold,47239.583333333234,10000.0,-0.039194915254237205
2022-10-12,TQQQ Buy and Hold,47135.41666666657,10000.0,-0.0022050716648290597
2022-10-13,TQQQ Buy and Hold,50260.41666666656,10000.0,0.06629834254143642
2022-10-14,TQQQ Buy and Hold,45729.16666666657,10000.0,-0.09015544041450788
2022-10-17,TQQQ Buy and Hold,50260.41666666657,10000.0,0.09908883826879283
2022-10-18,TQQQ Buy and Hold,51510.41666666657,10000.0,0.024870466321243543
2022-10-19,TQQQ Buy and Hold,50885.41666666656,10000.0,-0.012133468149646207
2022-10-20,TQQQ Buy and Hold,49999.9999999999,10000.0,-0.01740020470829068
2022-10-21,TQQQ Buy and Hold,53541.666666666555,10000.0,0.0708333333333333
2022-10-24,TQQQ Buy and Hold,55416.666666666555,10000.0,0.035019455252918406
2022-10-25,TQQQ Buy and Hold,58697.91666666654,10000.0,0.05921052631578938
2022-10-26,TQQQ Buy and Hold,54843.74999999988,10000.0,-0.06566104702750668
2022-10-27,TQQQ Buy and Hold,51822.916666666555,10000.0,-0.05508072174738842
2022-10-28,TQQQ Buy and Hold,56510.41666666654,10000.0,0.09045226130653271
2022-10-31,TQQQ Buy and Hold,54583.33333333322,10000.0,-0.034101382488479194
2022-11-01,TQQQ Buy and Hold,52864.58333333323,10000.0,-0.031488549618320615
2022-11-02,TQQQ Buy and Hold,47395.833333333234,10000.0,-0.10344827586206903
2022-11-03,TQQQ Buy and Hold,44635.41666666658,10000.0,-0.058241758241758174
2022-11-04,TQQQ Buy and Hold,46770.83333333324,10000.0,0.04784130688448076
2022-11-07,TQQQ Buy and Hold,48229.16666666657,10000.0,0.031180400890868525
2022-11-08,TQQQ Buy and Hold,49270.83333333324,10000.0,0.02159827213822906
2022-11-09,TQQQ Buy and Hold,45833.33333333325,10000.0,-0.06976744186046513
2022-11-10,TQQQ Buy and Hold,55885.41666666656,10000.0,0.21931818181818177
2022-11-11,TQQQ Buy and Hold,59062.49999999989,10000.0,0.056849953401677485
2022-11-14,TQQQ Buy and Hold,57447.91666666656,10000.0,-0.027336860670194047
2022-11-15,TQQQ Buy and Hold,59791.666666666555,10000.0,0.040797824116047245
2022-11-16,TQQQ Buy and Hold,57395.83333333322,10000.0,-0.0400696864111499
2022-11-17,TQQQ Buy and Hold,56927.08333333322,10000.0,-0.008166969147005432
2022-11-18,TQQQ Buy and Hold,56874.99999999988,10000.0,-0.0009149130832570711
2022-11-21,TQQQ Buy and Hold,55156.24999999988,10000.0,-0.030219780219780227
2022-11-22,TQQQ Buy and Hold,57447.91666666655,10000.0,0.041548630783758214
2022-11-23,TQQQ Buy and Hold,59166.66666666655,10000.0,0.029918404351767913
2022-11-25,TQQQ Buy and Hold,57968.74999999989,10000.0,-0.02024647887323932
2022-11-28,TQQQ Buy and Hold,55416.66666666656,10000.0,-0.04402515723270442
2022-11-29,TQQQ Buy and Hold,54114.58333333323,10000.0,-0.023496240601503758
2022-11-30,TQQQ Buy and Hold,61354.16666666654,10000.0,0.1337824831568815
2022-12-01,TQQQ Buy and Hold,61718.74999999988,10000.0,0.005942275042444847
2022-12-02,TQQQ Buy and Hold,60937.49999999988,10000.0,-0.012658227848101297
2022-12-05,TQQQ Buy and Hold,57864.58333333322,10000.0,-0.05042735042735042
2022-12-06,TQQQ Buy and Hold,54218.7499999999,10000.0,-0.06300630063006295
2022-12-07,TQQQ Buy and Hold,53541.66666666656,10000.0,-0.012487992315081728
2022-12-08,TQQQ Buy and Hold,55468.7499999999,10000.0,0.035992217898832786
2022-12-09,TQQQ Buy and Hold,54374.9999999999,10000.0,-0.019718309859155007
2022-12-12,TQQQ Buy and Hold,56354.16666666656,10000.0,0.03639846743295027
2022-12-13,TQQQ Buy and Hold,58124.99999999989,10000.0,0.03142329020332716
2022-12-14,TQQQ Buy and Hold,56770.83333333323,10000.0,-0.023297491039426504
2022-12-15,TQQQ Buy and Hold,51145.833333333234,10000.0,-0.09908256880733946
2022-12-16,TQQQ Buy and Hold,49635.41666666657,10000.0,-0.029531568228106
2022-12-19,TQQQ Buy and Hold,47604.166666666584,10000.0,-0.04092339979013629
2022-12-20,TQQQ Buy and Hold,47395.83333333324,10000.0,-0.00437636761487975
2022-12-21,TQQQ Buy and Hold,49427.08333333324,10000.0,0.04285714285714292
2022-12-22,TQQQ Buy and Hold,45677.08333333324,10000.0,-0.0758693361433088
2022-12-23,TQQQ Buy and Hold,45833.33333333325,10000.0,0.003420752565564554
2022-12-27,TQQQ Buy and Hold,43854.166666666584,10000.0,-0.043181818181818266
2022-12-28,TQQQ Buy and Hold,42083.333333333256,10000.0,-0.040380047505938224
2022-12-29,TQQQ Buy and Hold,45052.08333333325,10000.0,0.07054455445544558
2022-12-30,TQQQ Buy and Hold,45052.08333333325,10000.0,0.0
2023-01-03,TQQQ Buy and Hold,44010.41666666658,10000.0,-0.023121387283237118
2023-01-04,TQQQ Buy and Hold,44739.58333333325,10000.0,0.016568047337278177
2023-01-05,TQQQ Buy and Hold,42604.166666666584,10000.0,-0.04772991850989525
2023-01-06,TQQQ Buy and Hold,45937.49999999992,10000.0,0.07823960880195606
2023-01-09,TQQQ Buy and Hold,46927.08333333325,10000.0,0.021541950113378627
2023-01-10,TQQQ Buy and Hold,48124.99999999992,10000.0,0.02552719200887907
2023-01-11,TQQQ Buy and Hold,50520.83333333325,10000.0,0.04978354978354968
2023-01-12,TQQQ Buy and Hold,51302.08333333324,10000.0,0.015463917525773233
2023-01-13,TQQQ Buy and Hold,52343.74999999991,10000.0,0.02030456852791889
2023-01-17,TQQQ Buy and Hold,52604.16666666657,10000.0,0.004975124378109346
2023-01-18,TQQQ Buy and Hold,50677.08333333324,10000.0,-0.036633663366336555
2023-01-19,TQQQ Buy and Hold,49114.58333333324,10000.0,-0.030832476875642414
2023-01-20,TQQQ Buy and Hold,53072.91666666657,10000.0,0.08059384941675501
2023-01-23,TQQQ Buy and Hold,56562.4999999999,10000.0,0.06575073601570167
2023-01-24,TQQQ Buy and Hold,56249.999999999905,10000.0,-0.005524861878452921
2023-01-25,TQQQ Buy and Hold,55833.33333333324,10000.0,-0.007407407407407414
2023-01-26,TQQQ Buy and Hold,59062.4999999999,10000.0,0.05783582089552231
2023-01-27,TQQQ Buy and Hold,60729.16666666656,10000.0,0.028218694885361578
2023-01-30,TQQQ Buy and Hold,57135.41666666657,10000.0,-0.05917667238421951
2023-01-31,TQQQ Buy and Hold,59635.41666666656,10000.0,0.043755697356426496
2023-02-01,TQQQ Buy and Hold,63489.58333333322,10000.0,0.06462882096069872
2023-02-02,TQQQ Buy and Hold,70052.08333333321,10000.0,0.10336341263330598
2023-02-03,TQQQ Buy and Hold,66458.33333333323,10000.0,-0.05130111524163565
2023-02-06,TQQQ Buy and Hold,64791.66666666656,10000.0,-0.025078369905956136
2023-02-07,TQQQ Buy and Hold,68749.9999999999,10000.0,0.061093247588424424
2023-02-08,TQQQ Buy and Hold,65052.08333333324,10000.0,-0.05378787878787872
2023-02-09,TQQQ Buy and Hold,63333.33333333324,10000.0,-0.026421136909527628
2023-02-10,TQQQ Buy and Hold,62031.249999999905,10000.0,-0.02055921052631579
2023-02-13,TQQQ Buy and Hold,64999.9999999999,10000.0,0.047858942065491204
2023-02-14,TQQQ Buy and Hold,66354.16666666656,10000.0,0.020833333333333315
2023-02-15,TQQQ Buy and Hold,67864.58333333321,10000.0,0.02276295133437984
2023-02-16,TQQQ Buy and Hold,63958.33333333322,10000.0,-0.05755947812739831
2023-02-17,TQQQ Buy and Hold,62604.166666666555,10000.0,-0.02117263843648207
2023-02-21,TQQQ Buy and Hold,58229.16666666657,10000.0,-0.06988352745424292
2023-02-22,TQQQ Buy and Hold,58281.2499999999,10000.0,0.0008944543828264568
2023-02-23,TQQQ Buy and Hold,59739.58333333324,10000.0,0.025022341376228878
2023-02-24,TQQQ Buy and Hold,56718.74999999991,10000.0,-0.050566695727986055
2023-02-27,TQQQ Buy and Hold,57916.66666666658,10000.0,0.02112029384756645
2023-02-28,TQQQ Buy and Hold,57604.166666666584,10000.0,-0.005395683453237296
2023-03-01,TQQQ Buy and Hold,56249.99999999992,10000.0,-0.023508137432188044
2023-03-02,TQQQ Buy and Hold,57604.16666666659,10000.0,0.024074074074074053
2023-03-03,TQQQ Buy and Hold,61093.74999999992,10000.0,0.06057866184448462
2023-03-06,TQQQ Buy and Hold,61354.16666666658,10000.0,0.004262574595055323
2023-03-07,TQQQ Buy and Hold,59062.49999999992,10000.0,-0.037351443123938836
2023-03-08,TQQQ Buy and Hold,59843.74999999992,10000.0,0.01322751322751326
2023-03-09,TQQQ Buy and Hold,56718.74999999993,10000.0,-0.052219321148825035
2023-03-10,TQQQ Buy and Hold,54374.99999999993,10000.0,-0.041322314049586875
2023-03-13,TQQQ Buy and Hold,55520.833333333256,10000.0,0.021072796934865964
2023-03-14,TQQQ Buy and Hold,59322.916666666584,10000.0,0.0684803001876173
2023-03-15,TQQQ Buy and Hold,60208.333333333256,10000.0,0.014925373134328351
2023-03-16,TQQQ Buy and Hold,64947.91666666658,10000.0,0.07871972318339102
2023-03-17,TQQQ Buy and Hold,63958.33333333324,10000.0,-0.015236567762630415
2023-03-20,TQQQ Buy and Hold,64635.416666666584,10000.0,0.010586319218241106
2023-03-21,TQQQ Buy and Hold,67395.83333333324,10000.0,0.04270749395648665
2023-03-22,TQQQ Buy and Hold,64270.83333333324,10000.0,-0.04636785162287478
2023-03-23,TQQQ Buy and Hold,66562.4999999999,10000.0,0.03565640194489461
2023-03-24,TQQQ Buy and Hold,67239.58333333323,10000.0,0.010172143974960938
2023-03-27,TQQQ Buy and Hold,65885.41666666657,10000.0,-0.020139426800929495
2023-03-28,TQQQ Buy and Hold,64791.66666666657,10000.0,-0.01660079051383406
2023-03-29,TQQQ Buy and Hold,68281.2499999999,10000.0,0.05385852090032154
2023-03-30,TQQQ Buy and Hold,70156.2499999999,10000.0,0.027459954233409703
2023-03-31,TQQQ Buy and Hold,73593.7499999999,10000.0,0.048997772828507806
2023-04-03,TQQQ Buy and Hold,73072.91666666656,10000.0,-0.007077140835102719
2023-04-04,TQQQ Buy and Hold,72343.7499999999,10000.0,-0.009978617248752587
2023-04-05,TQQQ Buy and Hold,69999.9999999999,10000.0,-0.032397408207343485
2023-04-06,TQQQ Buy and Hold,71458.33333333324,10000.0,0.02083333333333342
2023-04-10,TQQQ Buy and Hold,71302.08333333324,10000.0,-0.0021865889212828817
2023-04-11,TQQQ Buy and Hold,69895.83333333324,10000.0,-0.0197224251278305
2023-04-12,TQQQ Buy and Hold,68020.83333333326,10000.0,-0.02682563338301039
2023-04-13,TQQQ Buy and Hold,71927.08333333324,10000.0,0.05742725880551301
2023-04-14,TQQQ Buy and Hold,71510.41666666657,10000.0,-0.005792903692976109
2023-04-17,TQQQ Buy and Hold,71614.58333333323,10000.0,0.001456664238892904
2023-04-18,TQQQ Buy and Hold,71666.66666666656,10000.0,0.0007272727272727117
2023-04-19,TQQQ Buy and Hold,71510.41666666656,10000.0,-0.0021802325581394884
2023-04-20,TQQQ Buy and Hold,69843.74999999988,10000.0,-0.02330662782228698
2023-04-21,TQQQ Buy and Hold,69999.99999999988,10000.0,0.002237136465324337
2023-04-24,TQQQ Buy and Hold,69531.24999999988,10000.0,-0.0066964285714285615
2023-04-25,TQQQ Buy and Hold,65624.99999999988,10000.0,-0.056179775280898875
2023-04-26,TQQQ Buy and Hold,66718.7499999999,10000.0,0.016666666666666736
2023-04-27,TQQQ Buy and Hold,72135.41666666654,10000.0,0.0811865729898516
2023-04-28,TQQQ Buy and Hold,73593.74999999987,10000.0,0.02021660649819503
2023-05-01,TQQQ Buy and Hold,73385.41666666653,10000.0,-0.0028308563340411126
2023-05-02,TQQQ Buy and Hold,71406.24999999987,10000.0,-0.026969481902058126
2023-05-03,TQQQ Buy and Hold,69999.99999999985,10000.0,-0.019693654266958523
2023-05-04,TQQQ Buy and Hold,69218.74999999985,10000.0,-0.011160714285714312
2023-05-05,TQQQ Buy and Hold,73437.49999999984,10000.0,0.060948081264108396
2023-05-08,TQQQ Buy and Hold,74062.49999999984,10000.0,0.008510638297872412
2023-05-09,TQQQ Buy and Hold,72604.1666666665,10000.0,-0.019690576652602047
2023-05-10,TQQQ Buy and Hold,74999.99999999983,10000.0,0.032998565279770506
2023-05-11,TQQQ Buy and Hold,75624.99999999983,10000.0,0.00833333333333328
2023-05-12,TQQQ Buy and Hold,74791.6666666665,10000.0,-0.011019283746556485
2023-05-15,TQQQ Buy and Hold,75989.58333333315,10000.0,0.016016713091922034
2023-05-16,TQQQ Buy and Hold,76249.99999999981,10000.0,0.0034270047978067655
2023-05-17,TQQQ Buy and Hold,78958.33333333312,10000.0,0.03551912568306008
2023-05-18,TQQQ Buy and Hold,83229.16666666645,10000.0,0.054089709762533
2023-05-19,TQQQ Buy and Hold,82656.24999999978,10000.0,-0.006883604505632116
2023-05-22,TQQQ Buy and Hold,83489.58333333312,10000.0,0.010081915563957274
2023-05-23,TQQQ Buy and Hold,80260.41666666647,10000.0,-0.03867747972551472
2023-05-24,TQQQ Buy and Hold,78958.33333333314,10000.0,-0.016223231667748216
2023-05-25,TQQQ Buy and Hold,84687.49999999981,10000.0,0.07255936675461751
2023-05-26,TQQQ Buy and Hold,91093.74999999978,10000.0,0.07564575645756437
2023-05-30,TQQQ Buy and Hold,92395.83333333311,10000.0,0.014293882218410521
2023-05-31,TQQQ Buy and Hold,90520.83333333311,10000.0,-0.020293122886133004
2023-06-01,TQQQ Buy and Hold,93749.99999999978,10000.0,0.03567318757192181
2023-06-02,TQQQ Buy and Hold,95885.41666666644,10000.0,0.022777777777777786
2023-06-05,TQQQ Buy and Hold,96093.74999999977,10000.0,0.0021727322107549783
2023-06-06,TQQQ Buy and Hold,95989.58333333311,10000.0,-0.001084010840108378
2023-06-07,TQQQ Buy and Hold,91093.74999999978,10000.0,-0.051003798155181836
2023-06-08,TQQQ Buy and Hold,94218.74999999978,10000.0,0.03430531732418533
2023-06-09,TQQQ Buy and Hold,95364.58333333311,10000.0,0.012161415146489711
2023-06-12,TQQQ Buy and Hold,100260.41666666644,10000.0,0.051338066630256765
2023-06-13,TQQQ Buy and Hold,102447.91666666645,10000.0,0.021818181818181907
2023-06-14,TQQQ Buy and Hold,104635.41666666644,10000.0,0.02135231316725969
2023-06-15,TQQQ Buy and Hold,108333.3333333331,10000.0,0.035340965654554544
2023-06-16,TQQQ Buy and Hold,106249.99999999975,10000.0,-0.019230769230769332
2023-06-20,TQQQ Buy and Hold,105729.16666666644,10000.0,-0.004901960784313621
2023-06-21,TQQQ Buy and Hold,101145.83333333311,10000.0,-0.04334975369458123
2023-06-22,TQQQ Buy and Hold,104531.24999999977,10000.0,0.03347064881565389
2023-06-23,TQQQ Buy and Hold,101458.33333333311,10000.0,-0.029397110114598897
2023-06-26,TQQQ Buy and Hold,97395.83333333311,10000.0,-0.04004106776180704
2023-06-27,TQQQ Buy and Hold,102239.58333333311,10000.0,0.049732620320855604
2023-06-28,TQQQ Buy and Hold,102864.58333333311,10000.0,0.006113092205807489
2023-06-29,TQQQ Buy and Hold,102135.41666666644,10000.0,-0.007088607594936737
2023-06-30,TQQQ Buy and Hold,106770.8333333331,10000.0,0.04538500764915862
2023-07-03,TQQQ Buy and Hold,107499.99999999977,10000.0,0.006829268292682955
2023-07-05,TQQQ Buy and Hold,107447.91666666642,10000.0,-0.0004844961240310835
2023-07-06,TQQQ Buy and Hold,104895.83333333311,10000.0,-0.023751817741153584
2023-07-07,TQQQ Buy and Hold,103802.08333333311,10000.0,-0.010427010923535296
2023-07-10,TQQQ Buy and Hold,103906.24999999978,10000.0,0.0010035122930255682
2023-07-11,TQQQ Buy and Hold,105416.66666666642,10000.0,0.014536340852130283
2023-07-12,TQQQ Buy and Hold,109322.91666666641,10000.0,0.03705533596837945
2023-07-13,TQQQ Buy and Hold,114739.58333333307,10000.0,0.04954740352548846
2023-07-14,TQQQ Buy and Hold,114635.4166666664,10000.0,-0.0009078529278256729
2023-07-17,TQQQ Buy and Hold,117812.49999999971,10000.0,0.02771467514766013
2023-07-18,TQQQ Buy and Hold,120624.9999999997,10000.0,0.0238726790450928
2023-07-19,TQQQ Buy and Hold,120624.9999999997,10000.0,0.0
2023-07-20,TQQQ Buy and Hold,112135.41666666638,10000.0,-0.07037996545768563
2023-07-21,TQQQ Buy and Hold,111145.83333333304,10000.0,-0.008824895494658674
2023-07-24,TQQQ Buy and Hold,111614.58333333302,10000.0,0.004217432052483592
2023-07-25,TQQQ Buy and Hold,113854.16666666635,10000.0,0.020065328978068116
2023-07-26,TQQQ Buy and Hold,112708.33333333302,10000.0,-0.010064043915827945
2023-07-27,TQQQ Buy and Hold,111718.74999999968,10000.0,-0.008780036968576769
2023-07-28,TQQQ Buy and Hold,117760.41666666632,10000.0,0.05407925407925409
2023-07-31,TQQQ Buy and Hold,118020.83333333301,10000.0,0.0022114108801415617
2023-08-01,TQQQ Buy and Hold,117083.33333333301,10000.0,-0.007943512797881717
2023-08-02,TQQQ Buy and Hold,109427.08333333302,10000.0,-0.06539145907473304
2023-08-03,TQQQ Buy and Hold,108645.83333333302,10000.0,-0.007139457401237607
2023-08-04,TQQQ Buy and Hold,107135.41666666637,10000.0,-0.013902205177372923
2023-08-07,TQQQ Buy and Hold,109791.66666666635,10000.0,0.02479338842975197
2023-08-08,TQQQ Buy and Hold,106979.16666666635,10000.0,-0.025616698292220075
2023-08-09,TQQQ Buy and Hold,103385.41666666637,10000.0,-0.03359298928919171
2023-08-10,TQQQ Buy and Hold,103854.16666666637,10000.0,0.004534005037783368
2023-08-11,TQQQ Buy and Hold,101822.91666666637,10000.0,-0.01955867602808428
2023-08-14,TQQQ Buy and Hold,105156.24999999968,10000.0,0.0327365728900256
2023-08-15,TQQQ Buy and Hold,101979.16666666635,10000.0,-0.03021297672114923
2023-08-16,TQQQ Buy and Hold,98541.66666666638,10000.0,-0.03370786516853915
2023-08-17,TQQQ Buy and Hold,95208.33333333305,10000.0,-0.0338266384778013
2023-08-18,TQQQ Buy and Hold,94791.66666666637,10000.0,-0.00437636761487975
2023-08-21,TQQQ Buy and Hold,99374.9999999997,10000.0,0.0483516483516483
2023-08-22,TQQQ Buy and Hold,98958.33333333304,10000.0,-0.00419287211740033
2023-08-23,TQQQ Buy and Hold,103593.74999999971,10000.0,0.04684210526315793
2023-08-24,TQQQ Buy and Hold,96770.83333333305,10000.0,-0.06586224233283068
2023-08-25,TQQQ Buy and Hold,99062.49999999972,10000.0,0.023681377825619018
2023-08-28,TQQQ Buy and Hold,101249.99999999972,10000.0,0.022082018927444887
2023-08-29,TQQQ Buy and Hold,107708.33333333304,10000.0,0.06378600823045259
2023-08-30,TQQQ Buy and Hold,109531.2499999997,10000.0,0.01692456479690529
2023-08-31,TQQQ Buy and Hold,110520.83333333301,10000.0,0.009034712315739312
2023-09-01,TQQQ Buy and Hold,110156.24999999968,10000.0,-0.0032987747408105695
2023-09-05,TQQQ Buy and Hold,110416.66666666635,10000.0,0.0023640661938534617
2023-09-06,TQQQ Buy and Hold,107499.9999999997,10000.0,-0.026415094339622584
2023-09-07,TQQQ Buy and Hold,105156.24999999971,10000.0,-0.021802325581395315
2023-09-08,TQQQ Buy and Hold,105468.74999999971,10000.0,0.0029717682020801743
2023-09-11,TQQQ Buy and Hold,109062.49999999971,10000.0,0.03407407407407414
2023-09-12,TQQQ Buy and Hold,105572.91666666637,10000.0,-0.031996179560649554
2023-09-13,TQQQ Buy and Hold,106614.58333333301,10000.0,0.009866798223976285
2023-09-14,TQQQ Buy and Hold,109114.583333333,10000.0,0.023448949682462163
2023-09-15,TQQQ Buy and Hold,103541.66666666634,10000.0,-0.05107398568019095
2023-09-18,TQQQ Buy and Hold,103749.99999999968,10000.0,0.002012072434607782
2023-09-19,TQQQ Buy and Hold,103124.99999999968,10000.0,-0.006024096385542218
2023-09-20,TQQQ Buy and Hold,98333.33333333302,10000.0,-0.04646464646464655
2023-09-21,TQQQ Buy and Hold,92708.33333333305,10000.0,-0.057203389830508385
2023-09-22,TQQQ Buy and Hold,92760.41666666638,10000.0,0.0005617977528088769
2023-09-25,TQQQ Buy and Hold,94010.41666666638,10000.0,0.013475575519371253
2023-09-26,TQQQ Buy and Hold,89843.74999999972,10000.0,-0.04432132963988923
2023-09-27,TQQQ Buy and Hold,90364.58333333307,10000.0,0.005797101449275445
2023-09-28,TQQQ Buy and Hold,92552.08333333305,10000.0,0.02420749279538894
2023-09-29,TQQQ Buy and Hold,92760.41666666638,10000.0,0.0022509848058525125
2023-10-02,TQQQ Buy and Hold,94999.99999999971,10000.0,0.02414373947220661
2023-10-03,TQQQ Buy and Hold,89947.9166666664,10000.0,-0.05317982456140345
2023-10-04,TQQQ Buy and Hold,93593.74999999971,10000.0,0.04053271569195132
2023-10-05,TQQQ Buy and Hold,92604.16666666638,10000.0,-0.010573177518085572
2023-10-06,TQQQ Buy and Hold,97239.58333333302,10000.0,0.05005624296962882
2023-10-09,TQQQ Buy and Hold,98697.91666666634,10000.0,0.014997321906802226
2023-10-10,TQQQ Buy and Hold,100312.49999999968,10000.0,0.016358839050132048
2023-10-11,TQQQ Buy and Hold,102447.91666666634,10000.0,0.021287642782969893
2023-10-12,TQQQ Buy and Hold,101249.99999999968,10000.0,-0.011692933401118474
2023-10-13,TQQQ Buy and Hold,97395.83333333301,10000.0,-0.038065843621399274
2023-10-16,TQQQ Buy and Hold,100677.083333333,10000.0,0.03368983957219246
2023-10-17,TQQQ Buy and Hold,99739.583333333,10000.0,-0.009311950336264859
2023-10-18,TQQQ Buy and Hold,95520.83333333302,10000.0,-0.04229765013054824
2023-10-19,TQQQ Buy and Hold,92968.74999999971,10000.0,-0.026717557251908313
2023-10-20,TQQQ Buy and Hold,88802.08333333305,10000.0,-0.04481792717086838
2023-10-23,TQQQ Buy and Hold,89531.24999999972,10000.0,0.008211143695014696
2023-10-24,TQQQ Buy and Hold,92083.33333333304,10000.0,0.028504944735311136
2023-10-25,TQQQ Buy and Hold,85364.58333333307,10000.0,-0.07296380090497732
2023-10-26,TQQQ Buy and Hold,80364.58333333308,10000.0,-0.05857230018303849
2023-10-27,TQQQ Buy and Hold,81510.41666666641,10000.0,0.014257939079714883
2023-10-30,TQQQ Buy and Hold,84166.6666666664,10000.0,0.03258785942492012
2023-10-31,TQQQ Buy and Hold,85364.58333333307,10000.0,0.01423267326732676
2023-11-01,TQQQ Buy and Hold,89791.66666666638,10000.0,0.05186089078706515
2023-11-02,TQQQ Buy and Hold,94531.2499999997,10000.0,0.05278422273781904
2023-11-03,TQQQ Buy and Hold,97864.58333333302,10000.0,0.03526170798898075
2023-11-06,TQQQ Buy and Hold,98958.33333333304,10000.0,0.01117615753060143
2023-11-07,TQQQ Buy and Hold,101770.83333333302,10000.0,0.028421052631578902
2023-11-08,TQQQ Buy and Hold,101979.16666666635,10000.0,0.002047082906857684
2023-11-09,TQQQ Buy and Hold,99531.2499999997,10000.0,-0.024004085801838555
2023-11-10,TQQQ Buy and Hold,106197.91666666635,10000.0,0.0669806384092099
2023-11-13,TQQQ Buy and Hold,105208.33333333301,10000.0,-0.00931829328102017
2023-11-14,TQQQ Buy and Hold,111822.91666666632,10000.0,0.06287128712871286
2023-11-15,TQQQ Buy and Hold,112135.41666666634,10000.0,0.0027945971122497566
2023-11-16,TQQQ Buy and Hold,112343.74999999965,10000.0,0.0018578727357175637
2023-11-17,TQQQ Buy and Hold,112395.83333333298,10000.0,0.0004636068613814562
2023-11-20,TQQQ Buy and Hold,116406.24999999964,10000.0,0.03568118628359607
2023-11-21,TQQQ Buy and Hold,114270.83333333298,10000.0,-0.01834451901565996
2023-11-22,TQQQ Buy and Hold,115624.99999999964,10000.0,0.011850501367365452
2023-11-24,TQQQ Buy and Hold,115052.08333333298,10000.0,-0.0049549549549549295
2023-11-27,TQQQ Buy and Hold,114687.49999999965,10000.0,-0.003168854685378012
2023-11-28,TQQQ Buy and Hold,115624.99999999965,10000.0,0.008174386920980914
2023-11-29,TQQQ Buy and Hold,115208.333333333,10000.0,-0.003603603603603527
2023-11-30,TQQQ Buy and Hold,114218.74999999967,10000.0,-0.008589511754068774
2023-12-01,TQQQ Buy and Hold,115208.333333333,10000.0,0.00866393068855455
2023-12-04,TQQQ Buy and Hold,111927.08333333298,10000.0,-0.02848101265822796
2023-12-05,TQQQ Buy and Hold,112760.41666666631,10000.0,0.007445323406235466
2023-12-06,TQQQ Buy and Hold,110729.16666666634,10000.0,-0.01801385681293289
2023-12-07,TQQQ Buy and Hold,115364.58333333298,10000.0,0.04186265286923786
2023-12-08,TQQQ Buy and Hold,116770.833333333,10000.0,0.012189616252821812
2023-12-11,TQQQ Buy and Hold,119739.58333333298,10000.0,0.025423728813559174
2023-12-12,TQQQ Buy and Hold,122604.16666666631,10000.0,0.023923444976076586
2023-12-13,TQQQ Buy and Hold,126927.08333333296,10000.0,0.03525913338997459
2023-12-14,TQQQ Buy and Hold,126718.74999999962,10000.0,-0.0016413623307346204
2023-12-15,TQQQ Buy and Hold,128229.1666666663,10000.0,0.011919441019317826
2023-12-18,TQQQ Buy and Hold,130937.49999999962,10000.0,0.02112103980503654
2023-12-19,TQQQ Buy and Hold,132864.58333333296,10000.0,0.014717581543357238
2023-12-20,TQQQ Buy and Hold,126406.24999999964,10000.0,-0.04860838886711101
2023-12-21,TQQQ Buy and Hold,130572.9166666663,10000.0,0.03296250515039146
2023-12-22,TQQQ Buy and Hold,131093.74999999962,10000.0,0.0039888312724372325
2023-12-26,TQQQ Buy and Hold,133541.66666666628,10000.0,0.018673023440603845
2023-12-27,TQQQ Buy and Hold,134218.7499999996,10000.0,0.005070202808112286
2023-12-28,TQQQ Buy and Hold,133854.16666666625,10000.0,-0.002716336825766406
2023-12-29,TQQQ Buy and Hold,132031.2499999996,10000.0,-0.013618677042801473
2024-01-02,TQQQ Buy and Hold,125364.58333333295,10000.0,-0.05049309664694284
2024-01-03,TQQQ Buy and Hold,121354.16666666631,10000.0,-0.031990029081844604
2024-01-04,TQQQ Buy and Hold,119322.91666666632,10000.0,-0.01673819742489273
2024-01-05,TQQQ Buy and Hold,119739.58333333298,10000.0,0.003491924923614068
2024-01-08,TQQQ Buy and Hold,126979.1666666663,10000.0,0.06046107003044805
2024-01-09,TQQQ Buy and Hold,127760.4166666663,10000.0,0.00615258408531592
2024-01-10,TQQQ Buy and Hold,130312.4999999996,10000.0,0.019975540154912288
2024-01-11,TQQQ Buy and Hold,131093.74999999962,10000.0,0.005995203836930541
2024-01-12,TQQQ Buy and Hold,131093.74999999962,10000.0,0.0
2024-01-15,TQQQ Buy and Hold,131015.62499999962,10000.0,-0.0005959475566150404
2024-01-16,TQQQ Buy and Hold,128749.99999999962,10000.0,-0.01729278473464529
2024-01-17,TQQQ Buy and Hold,134270.83333333294,10000.0,0.04288025889967647
2024-01-18,TQQQ Buy and Hold,142031.24999999956,10000.0,0.05779674166020164
2024-01-19,TQQQ Buy and Hold,142031.24999999956,10000.0,0.0
2024-01-21,TQQQ Buy and Hold,142604.16666666622,10000.0,0.004033736707004013
2024-01-22,TQQQ Buy and Hold,144296.87499999953,10000.0,0.011869978086194277
2024-01-23,TQQQ Buy and Hold,146666.6666666662,10000.0,0.016423028334235767
2024-01-24,TQQQ Buy and Hold,147083.33333333285,10000.0,0.0028409090909090303
2024-01-25,TQQQ Buy and Hold,144374.99999999953,10000.0,-0.018413597733711033
2024-01-26,TQQQ Buy and Hold,144374.99999999953,10000.0,0.0
2024-01-28,TQQQ Buy and Hold,148619.79166666622,10000.0,0.02940115440115445
2024-01-29,TQQQ Buy and Hold,145651.04166666622,10000.0,-0.01997546872262135
2024-01-30,TQQQ Buy and Hold,137083.3333333329,10000.0,-0.05882352941176469
2024-01-31,TQQQ Buy and Hold,141927.08333333288,10000.0,0.03533434650455926
2024-02-01,TQQQ Buy and Hold,149062.49999999953,10000.0,0.0502752293577982
2024-02-02,TQQQ Buy and Hold,149062.49999999953,10000.0,0.0
2024-02-04,TQQQ Buy and Hold,148307.29166666622,10000.0,-0.0050663871418588245
2024-02-05,TQQQ Buy and Hold,147447.9166666662,10000.0,-0.005794556628621692
2024-02-06,TQQQ Buy and Hold,151848.95833333285,10000.0,0.02984811020840701
2024-02-07,TQQQ Buy and Hold,152473.95833333282,10000.0,0.004115932087120475
2024-02-08,TQQQ Buy and Hold,156953.12499999948,10000.0,0.029376601195559453
2024-02-09,TQQQ Buy and Hold,156979.16666666613,10000.0,0.00016592002654717124
2024-02-11,TQQQ Buy and Hold,155104.16666666613,10000.0,-0.011944260119442583
2024-02-12,TQQQ Buy and Hold,147760.41666666616,10000.0,-0.04734721289456011
2024-02-13,TQQQ Buy and Hold,152447.91666666613,10000.0,0.031723651744800796
2024-02-14,TQQQ Buy and Hold,153723.9583333328,10000.0,0.00837034506320468
2024-02-15,TQQQ Buy and Hold,149505.2083333328,10000.0,-0.027443672708792215
2024-02-16,TQQQ Buy and Hold,149479.16666666613,10000.0,-0.00017418568193691014
2024-02-19,TQQQ Buy and Hold,146041.66666666613,10000.0,-0.022996515679442515
2024-02-20,TQQQ Buy and Hold,144218.74999999948,10000.0,-0.012482168330955702
2024-02-21,TQQQ Buy and Hold,156692.70833333276,10000.0,0.08649331888768506
2024-02-22,TQQQ Buy and Hold,155260.41666666607,10000.0,-0.009140767824497329
2024-02-23,TQQQ Buy and Hold,155260.41666666607,10000.0,0.0
2024-02-25,TQQQ Buy and Hold,155052.08333333276,10000.0,-0.0013418316001341545
2024-02-26,TQQQ Buy and Hold,156015.62499999942,10000.0,0.006214309707759447
2024-02-27,TQQQ Buy and Hold,153489.58333333276,10000.0,-0.016190953096311116
2024-02-28,TQQQ Buy and Hold,157187.49999999942,10000.0,0.024092297251442175
2024-02-29,TQQQ Buy and Hold,164401.04166666607,10000.0,0.04589131875414187
2024-03-01,TQQQ Buy and Hold,164427.08333333273,10000.0,0.00015840329478850008
2024-03-03,TQQQ Buy and Hold,162447.91666666607,10000.0,-0.012036743744060786
2024-03-04,TQQQ Buy and Hold,153749.99999999942,10000.0,-0.05354280218018601
2024-03-05,TQQQ Buy and Hold,156588.54166666607,10000.0,0.018462059620596265
2024-03-06,TQQQ Buy and Hold,163567.70833333273,10000.0,0.044570098120738394
2024-03-07,TQQQ Buy and Hold,156406.24999999942,10000.0,-0.043782837127845885
2024-03-08,TQQQ Buy and Hold,156406.24999999942,10000.0,0.0
2024-03-10,TQQQ Buy and Hold,154583.33333333276,10000.0,-0.011655011655011703
2024-03-11,TQQQ Buy and Hold,161145.83333333273,10000.0,0.0424528301886793
2024-03-12,TQQQ Buy and Hold,157395.83333333273,10000.0,-0.023270846800258642
2024-03-13,TQQQ Buy and Hold,156119.79166666607,10000.0,-0.008107213765717982
2024-03-14,TQQQ Buy and Hold,150416.66666666607,10000.0,-0.03653044203502927
2024-03-15,TQQQ Buy and Hold,150416.66666666607,10000.0,0.0
2024-03-17,TQQQ Buy and Hold,154661.45833333273,10000.0,0.028220221606648246
2024-03-18,TQQQ Buy and Hold,155729.16666666605,10000.0,0.006903519110961384
2024-03-19,TQQQ Buy and Hold,160677.0833333327,10000.0,0.03177257525083622
2024-03-20,TQQQ Buy and Hold,162760.41666666602,10000.0,0.012965964343598008
2024-03-21,TQQQ Buy and Hold,163098.9583333327,10000.0,0.002080000000000041
2024-03-22,TQQQ Buy and Hold,163124.99999999936,10000.0,0.00015966789078713094
2024-03-24,TQQQ Buy and Hold,161432.29166666605,10000.0,-0.010376756066411216
2024-03-25,TQQQ Buy and Hold,159921.87499999936,10000.0,-0.009356347798032027
2024-03-26,TQQQ Buy and Hold,161328.1249999994,10000.0,0.008793356130923404
2024-03-27,TQQQ Buy and Hold,160312.4999999994,10000.0,-0.006295399515738508
2024-03-28,TQQQ Buy and Hold,160312.4999999994,10000.0,0.0
2024-03-31,TQQQ Buy and Hold,161302.08333333273,10000.0,0.0061728395061727654
2024-04-01,TQQQ Buy and Hold,156979.16666666607,10000.0,-0.026800129157248897
2024-04-02,TQQQ Buy and Hold,158020.83333333273,10000.0,0.006635700066356977
2024-04-03,TQQQ Buy and Hold,150572.9166666661,10000.0,-0.04713249835201054
2024-04-04,TQQQ Buy and Hold,155885.41666666607,10000.0,0.03528190937391904
2024-04-05,TQQQ Buy and Hold,155885.41666666607,10000.0,0.0
2024-04-07,TQQQ Buy and Hold,155989.58333333273,10000.0,0.000668225860340781
2024-04-08,TQQQ Buy and Hold,157604.16666666607,10000.0,0.010350584307178707
2024-04-09,TQQQ Buy and Hold,153463.54166666607,10000.0,-0.026272306675479234
2024-04-10,TQQQ Buy and Hold,160677.08333333273,10000.0,0.04700492109282205
2024-04-11,TQQQ Buy and Hold,152916.66666666607,10000.0,-0.04829821717990282
2024-04-12,TQQQ Buy and Hold,152916.66666666607,10000.0,0.0
2024-04-14,TQQQ Buy and Hold,145234.37499999945,10000.0,-0.05023841961852854
2024-04-15,TQQQ Buy and Hold,145260.4166666661,10000.0,0.00017930787161552823
2024-04-16,TQQQ Buy and Hold,139869.79166666613,10000.0,-0.03711007529580495
2024-04-17,TQQQ Buy and Hold,137369.79166666613,10000.0,-0.017873766523924795
2024-04-18,TQQQ Buy and Hold,128854.16666666615,10000.0,-0.06199052132701428
2024-04-19,TQQQ Buy and Hold,128854.16666666615,10000.0,0.0
2024-04-21,TQQQ Buy and Hold,132604.16666666616,10000.0,0.02910266774454335
2024-04-22,TQQQ Buy and Hold,138515.62499999945,10000.0,0.04457973291437541
2024-04-23,TQQQ Buy and Hold,139869.7916666661,10000.0,0.009776273735664658
2024-04-24,TQQQ Buy and Hold,137630.2083333328,10000.0,-0.016011915844349273
2024-04-25,TQQQ Buy and Hold,143958.33333333276,10000.0,0.04597918637653736
2024-04-26,TQQQ Buy and Hold,143958.33333333276,10000.0,0.0
2024-04-28,TQQQ Buy and Hold,145677.08333333276,10000.0,0.011939218523878374
2024-04-29,TQQQ Buy and Hold,137330.72916666613,10000.0,-0.05729352878083658
2024-04-30,TQQQ Buy and Hold,134374.99999999948,10000.0,-0.021522707879017694
2024-05-01,TQQQ Buy and Hold,139348.9583333328,10000.0,0.03701550387596893
2024-05-02,TQQQ Buy and Hold,147656.24999999945,10000.0,0.059615025228929266
2024-05-03,TQQQ Buy and Hold,147656.24999999945,10000.0,0.0
2024-05-05,TQQQ Buy and Hold,152499.99999999945,10000.0,0.032804232804232794
2024-05-06,TQQQ Buy and Hold,152499.99999999945,10000.0,0.0
2024-05-07,TQQQ Buy and Hold,152213.5416666661,10000.0,-0.0018784153005464382
2024-05-08,TQQQ Buy and Hold,153046.87499999945,10000.0,0.005474764756201887
2024-05-09,TQQQ Buy and Hold,154088.5416666661,10000.0,0.006806193636208925
2024-05-10,TQQQ Buy and Hold,154062.49999999942,10000.0,-0.00016900456312329078
2024-05-12,TQQQ Buy and Hold,155104.1666666661,10000.0,0.006761325219743166
2024-05-13,TQQQ Buy and Hold,157994.79166666607,10000.0,0.018636668905305565
2024-05-14,TQQQ Buy and Hold,165286.4583333327,10000.0,0.046151310367562176
2024-05-15,TQQQ Buy and Hold,164270.8333333327,10000.0,-0.006144635260753121
2024-05-16,TQQQ Buy and Hold,163906.24999999936,10000.0,-0.002219403931515545
2024-05-17,TQQQ Buy and Hold,163906.24999999936,10000.0,0.0
2024-05-19,TQQQ Buy and Hold,167291.666666666,10000.0,0.020654591674610697
2024-05-20,TQQQ Buy and Hold,168151.041666666,10000.0,0.005136986301369837
2024-05-21,TQQQ Buy and Hold,168046.87499999936,10000.0,-0.0006194827319187246
2024-05-22,TQQQ Buy and Hold,165546.8749999994,10000.0,-0.014876801487680162
2024-05-23,TQQQ Buy and Hold,170182.29166666602,10000.0,0.028000629227623
2024-05-24,TQQQ Buy and Hold,170156.2499999994,10000.0,-0.00015302218821715234
2024-05-27,TQQQ Buy and Hold,172031.24999999936,10000.0,0.011019283746556455
2024-05-28,TQQQ Buy and Hold,168437.4999999994,10000.0,-0.02089009990917341
2024-05-29,TQQQ Buy and Hold,163020.83333333273,10000.0,-0.03215831787260367
2024-05-30,TQQQ Buy and Hold,162838.54166666607,10000.0,-0.0011182108626198127
2024-05-31,TQQQ Buy and Hold,162812.49999999942,10000.0,-0.00015992323684628195
2024-06-02,TQQQ Buy and Hold,164427.08333333273,10000.0,0.009916826615483003
2024-06-03,TQQQ Buy and Hold,165651.04166666607,10000.0,0.0074437757364586455
2024-06-04,TQQQ Buy and Hold,175651.04166666605,10000.0,0.06036786668762779
2024-06-05,TQQQ Buy and Hold,175442.70833333273,10000.0,-0.001186063750926587
2024-06-06,TQQQ Buy and Hold,174791.66666666607,10000.0,-0.0037108505269407748
2024-06-07,TQQQ Buy and Hold,174791.66666666607,10000.0,0.0
2024-06-09,TQQQ Buy and Hold,176640.6249999994,10000.0,0.010578069129916474
2024-06-10,TQQQ Buy and Hold,180286.45833333273,10000.0,0.020639834881321033
2024-06-11,TQQQ Buy and Hold,187395.8333333327,10000.0,0.039433771486349696
2024-06-12,TQQQ Buy and Hold,190390.6249999994,10000.0,0.015981100611450888
2024-06-13,TQQQ Buy and Hold,193151.04166666607,10000.0,0.014498700588154867
2024-06-14,TQQQ Buy and Hold,193124.9999999994,10000.0,-0.00013482540110563727
2024-06-16,TQQQ Buy and Hold,200156.2499999994,10000.0,0.0364077669902913
2024-06-17,TQQQ Buy and Hold,200260.41666666607,10000.0,0.000520426749935028
2024-06-18,TQQQ Buy and Hold,200260.41666666607,10000.0,0.0
2024-06-19,TQQQ Buy and Hold,195546.87499999942,10000.0,-0.023537061118335527
2024-06-20,TQQQ Buy and Hold,193749.99999999942,10000.0,-0.009188973232121424
2024-06-21,TQQQ Buy and Hold,193749.99999999942,10000.0,0.0
2024-06-23,TQQQ Buy and Hold,187187.49999999942,10000.0,-0.03387096774193562
2024-06-24,TQQQ Buy and Hold,193437.49999999942,10000.0,0.03338898163606018
2024-06-25,TQQQ Buy and Hold,193906.2499999994,10000.0,0.0024232633279482043
2024-06-26,TQQQ Buy and Hold,195312.4999999994,10000.0,0.007252215954875185
2024-06-27,TQQQ Buy and Hold,192239.58333333273,10000.0,-0.015733333333333425
2024-06-28,TQQQ Buy and Hold,192239.58333333273,10000.0,0.0
2024-06-30,TQQQ Buy and Hold,195390.6249999994,10000.0,0.016391221891086535
2024-07-01,TQQQ Buy and Hold,201380.2083333327,10000.0,0.030654404904704745
2024-07-02,TQQQ Buy and Hold,206328.12499999936,10000.0,0.024570024570024645
2024-07-03,TQQQ Buy and Hold,206354.16666666602,10000.0,0.00012621481761947373
2024-07-04,TQQQ Buy and Hold,212578.12499999936,10000.0,0.030161534578495717
2024-07-05,TQQQ Buy and Hold,212552.08333333273,10000.0,-0.0001225039813792834
2024-07-07,TQQQ Buy and Hold,213984.3749999994,10000.0,0.006738544474393496
2024-07-08,TQQQ Buy and Hold,214453.12499999936,10000.0,0.002190580503833426
2024-07-09,TQQQ Buy and Hold,221171.8749999994,10000.0,0.03132969034608394
2024-07-10,TQQQ Buy and Hold,206640.6249999994,10000.0,-0.0657011656658426
2024-07-11,TQQQ Buy and Hold,209999.9999999994,10000.0,0.01625708884688099
2024-07-12,TQQQ Buy and Hold,209999.9999999994,10000.0,0.0
2024-07-14,TQQQ Buy and Hold,211562.49999999936,10000.0,0.00744047619047612
2024-07-15,TQQQ Buy and Hold,211718.74999999936,10000.0,0.0007385524372230709
2024-07-16,TQQQ Buy and Hold,193098.95833333276,10000.0,-0.08794587945879448
2024-07-17,TQQQ Buy and Hold,190208.3333333328,10000.0,-0.014969656102494934
2024-07-18,TQQQ Buy and Hold,185052.0833333328,10000.0,-0.02710843373493981
2024-07-19,TQQQ Buy and Hold,185052.0833333328,10000.0,0.0
2024-07-21,TQQQ Buy and Hold,193124.99999999945,10000.0,0.043625105544610104
2024-07-22,TQQQ Buy and Hold,191041.66666666613,10000.0,-0.010787486515641818
2024-07-23,TQQQ Buy and Hold,170442.70833333285,10000.0,-0.10782442748091599
2024-07-24,TQQQ Buy and Hold,164765.62499999953,10000.0,-0.03330786860198624
2024-07-25,TQQQ Buy and Hold,169479.16666666616,10000.0,0.028607554923344318
2024-07-26,TQQQ Buy and Hold,169479.16666666616,10000.0,0.0
2024-07-28,TQQQ Buy and Hold,170468.74999999948,10000.0,0.005838967424707982
2024-07-29,TQQQ Buy and Hold,163515.6249999995,10000.0,-0.04078826764436289
2024-07-30,TQQQ Buy and Hold,177812.49999999948,10000.0,0.08743430482560921
2024-07-31,TQQQ Buy and Hold,164999.9999999995,10000.0,-0.07205623901581724
2024-08-01,TQQQ Buy and Hold,152968.74999999953,10000.0,-0.07291666666666663
2024-08-02,TQQQ Buy and Hold,152968.74999999953,10000.0,0.0
2024-08-04,TQQQ Buy and Hold,139635.41666666622,10000.0,-0.08716377255703106
2024-08-05,TQQQ Buy and Hold,143124.99999999953,10000.0,0.02499067512122349
2024-08-06,TQQQ Buy and Hold,138515.62499999953,10000.0,-0.03220524017467254
2024-08-07,TQQQ Buy and Hold,151197.91666666616,10000.0,0.091558563639782
2024-08-08,TQQQ Buy and Hold,153255.20833333282,10000.0,0.013606613847743698
2024-08-09,TQQQ Buy and Hold,153229.16666666616,10000.0,-0.0001699235344094819
2024-08-11,TQQQ Buy and Hold,154296.87499999948,10000.0,0.006968048946294979
2024-08-12,TQQQ Buy and Hold,165520.8333333328,10000.0,0.07274261603375531
2024-08-13,TQQQ Buy and Hold,165807.29166666613,10000.0,0.0017306482064191225
2024-08-14,TQQQ Buy and Hold,178281.24999999942,10000.0,0.07523166326370334
2024-08-15,TQQQ Buy and Hold,178749.99999999942,10000.0,0.0026292725679229745
2024-08-16,TQQQ Buy and Hold,178749.99999999942,10000.0,0.0
2024-08-18,TQQQ Buy and Hold,185677.0833333327,10000.0,0.038752913752913704
2024-08-19,TQQQ Buy and Hold,184531.24999999936,10000.0,-0.00617110799438987
2024-08-20,TQQQ Buy and Hold,187057.29166666602,10000.0,0.013688964154671166
2024-08-21,TQQQ Buy and Hold,178072.91666666605,10000.0,-0.04803007100097456
2024-08-22,TQQQ Buy and Hold,183671.8749999994,10000.0,0.031441942088330004
2024-08-23,TQQQ Buy and Hold,183645.8333333327,10000.0,-0.00014178363816822793
2024-08-25,TQQQ Buy and Hold,178281.2499999994,10000.0,-0.029211571185479332
2024-08-26,TQQQ Buy and Hold,179791.6666666661,10000.0,0.008472100496640557
2024-08-27,TQQQ Buy and Hold,173697.9166666661,10000.0,-0.03389339513325613
2024-08-28,TQQQ Buy and Hold,172786.45833333273,10000.0,-0.005247376311844206
2024-08-29,TQQQ Buy and Hold,178671.87499999942,10000.0,0.03406179351921636
2024-08-30,TQQQ Buy and Hold,178697.91666666607,10000.0,0.0001457513482000454
2024-09-02,TQQQ Buy and Hold,162369.79166666613,10000.0,-0.09137277761585548
2024-09-03,TQQQ Buy and Hold,160989.58333333282,10000.0,-0.00850040096230956
2024-09-04,TQQQ Buy and Hold,161510.41666666616,10000.0,0.003235198964736377
2024-09-05,TQQQ Buy and Hold,148411.45833333288,10000.0,-0.08110287004192197
2024-09-06,TQQQ Buy and Hold,148437.49999999953,10000.0,0.00017546938059305158
2024-09-08,TQQQ Buy and Hold,153932.2916666662,10000.0,0.037017543859649116
2024-09-09,TQQQ Buy and Hold,158072.91666666616,10000.0,0.026899001860937292
2024-09-10,TQQQ Buy and Hold,168151.0416666661,10000.0,0.0637561779242173
2024-09-11,TQQQ Buy and Hold,173124.99999999945,10000.0,0.02958030044912515
2024-09-12,TQQQ Buy and Hold,175390.62499999945,10000.0,0.013086642599277833
2024-09-13,TQQQ Buy and Hold,175364.58333333282,10000.0,-0.00014847809948019162
2024-09-15,TQQQ Buy and Hold,173046.8749999995,10000.0,-0.013216513216513225
2024-09-16,TQQQ Buy and Hold,173151.04166666613,10000.0,0.0006019563581639133
2024-09-17,TQQQ Buy and Hold,170885.41666666616,10000.0,-0.013084674387125739
2024-09-18,TQQQ Buy and Hold,183802.0833333328,10000.0,0.07558671136848512
2024-09-19,TQQQ Buy and Hold,182630.2083333328,10000.0,-0.006375743836780998
2024-09-20,TQQQ Buy and Hold,182604.16666666613,10000.0,-0.00014259232853259526
2024-09-22,TQQQ Buy and Hold,183984.37499999945,10000.0,0.007558471192241887
2024-09-23,TQQQ Buy and Hold,186588.5416666661,10000.0,0.014154281670205236
2024-09-24,TQQQ Buy and Hold,186640.62499999942,10000.0,0.0002791346824842431
2024-09-25,TQQQ Buy and Hold,190598.95833333273,10000.0,0.021208315892284023
2024-09-26,TQQQ Buy and Hold,187317.70833333276,10000.0,-0.017215466593796844
2024-09-27,TQQQ Buy and Hold,187343.74999999942,10000.0,0.00013902405116072438
2024-09-29,TQQQ Buy and Hold,188776.04166666607,10000.0,0.007645259938837881
2024-09-30,TQQQ Buy and Hold,180781.24999999945,10000.0,-0.04235066905780099
2024-10-01,TQQQ Buy and Hold,181458.3333333328,10000.0,0.003745318352059999
2024-10-02,TQQQ Buy and Hold,181041.6666666661,10000.0,-0.002296211251435287
2024-10-03,TQQQ Buy and Hold,187421.87499999942,10000.0,0.035241657077100155
2024-10-04,TQQQ Buy and Hold,187447.9166666661,10000.0,0.0001389467833820358
2024-10-06,TQQQ Buy and Hold,181249.99999999945,10000.0,-0.0330647402056128
2024-10-07,TQQQ Buy and Hold,189114.5833333328,10000.0,0.0433908045977013
2024-10-08,TQQQ Buy and Hold,193671.87499999945,10000.0,0.024098044615808317
2024-10-09,TQQQ Buy and Hold,192994.7916666661,10000.0,-0.003496033346779684
2024-10-10,TQQQ Buy and Hold,193489.58333333276,10000.0,0.0025637565780596105
2024-10-11,TQQQ Buy and Hold,193489.58333333276,10000.0,0.0
2024-10-13,TQQQ Buy and Hold,198437.49999999942,10000.0,0.02557200538358016
2024-10-14,TQQQ Buy and Hold,190520.83333333276,10000.0,-0.03989501312335966
2024-10-15,TQQQ Buy and Hold,190416.6666666661,10000.0,-0.000546746856205468
2024-10-16,TQQQ Buy and Hold,190989.5833333328,10000.0,0.0030087527352297434
2024-10-17,TQQQ Buy and Hold,194374.99999999942,10000.0,0.017725661303517822
2024-10-18,TQQQ Buy and Hold,194374.99999999942,10000.0,0.0
2024-10-20,TQQQ Buy and Hold,195442.70833333276,10000.0,0.005493033226152151
2024-10-21,TQQQ Buy and Hold,196015.62499999942,10000.0,0.0029313790806129096
2024-10-22,TQQQ Buy and Hold,186953.12499999948,10000.0,-0.046233559186926926
2024-10-23,TQQQ Buy and Hold,191406.24999999945,10000.0,0.0238194734642707
2024-10-24,TQQQ Buy and Hold,194635.41666666607,10000.0,0.016870748299319657
2024-10-25,TQQQ Buy and Hold,194635.41666666607,10000.0,0.0
2024-10-27,TQQQ Buy and Hold,194817.70833333273,10000.0,0.0009365801445010355
2024-10-28,TQQQ Buy and Hold,200208.3333333327,10000.0,0.02767009758053727
2024-10-29,TQQQ Buy and Hold,195755.20833333273,10000.0,-0.022242455775234052
2024-10-30,TQQQ Buy and Hold,180859.37499999945,10000.0,-0.076094186510576
2024-10-31,TQQQ Buy and Hold,184713.5416666661,10000.0,0.021310295176385944
2024-11-01,TQQQ Buy and Hold,184739.58333333273,10000.0,0.00014098406880009732
2024-11-03,TQQQ Buy and Hold,182994.79166666605,10000.0,-0.009444601071327908
2024-11-04,TQQQ Buy and Hold,189947.91666666605,10000.0,0.0379962999857692
2024-11-05,TQQQ Buy and Hold,205364.58333333264,10000.0,0.08116259939676448
2024-11-06,TQQQ Buy and Hold,214973.95833333262,10000.0,0.046791782906416404
2024-11-07,TQQQ Buy and Hold,215494.79166666596,10000.0,0.002422774076317418
2024-11-08,TQQQ Buy and Hold,215520.83333333262,10000.0,0.00012084592145021288
2024-11-10,TQQQ Buy and Hold,215104.16666666593,10000.0,-0.0019333011116482695
2024-11-11,TQQQ Buy and Hold,213932.29166666596,10000.0,-0.005447941888619717
2024-11-12,TQQQ Buy and Hold,212994.79166666596,10000.0,-0.0043822276323797855
2024-11-13,TQQQ Buy and Hold,208489.58333333262,10000.0,-0.021151730040347278
2024-11-14,TQQQ Buy and Hold,193411.45833333264,10000.0,-0.07232075943042726
2024-11-15,TQQQ Buy and Hold,193385.41666666602,10000.0,-0.000134643866971737
2024-11-17,TQQQ Buy and Hold,197317.70833333264,10000.0,0.020333961755992336
2024-11-18,TQQQ Buy and Hold,201276.041666666,10000.0,0.020060710043552994
2024-11-19,TQQQ Buy and Hold,201041.666666666,10000.0,-0.0011644455945142114
2024-11-20,TQQQ Buy and Hold,203020.83333333262,10000.0,0.00984455958549211
2024-11-21,TQQQ Buy and Hold,203776.041666666,10000.0,0.0037198563365829435
2024-11-22,TQQQ Buy and Hold,203802.08333333267,10000.0,0.0001277955271566149
2024-11-24,TQQQ Buy and Hold,204713.541666666,10000.0,0.004472271914132306
2024-11-25,TQQQ Buy and Hold,207890.6249999993,10000.0,0.015519653988042219
2024-11-26,TQQQ Buy and Hold,202864.58333333267,10000.0,-0.024176374796442347
2024-11-27,TQQQ Buy and Hold,202864.58333333267,10000.0,0.0
2024-11-28,TQQQ Buy and Hold,208046.8749999993,10000.0,0.02554557124518607
2024-11-29,TQQQ Buy and Hold,208020.83333333262,10000.0,-0.00012517211165358763
2024-12-01,TQQQ Buy and Hold,214791.66666666593,10000.0,0.032548823234852385
2024-12-02,TQQQ Buy and Hold,216692.70833333256,10000.0,0.008850630455867965
2024-12-03,TQQQ Buy and Hold,224609.37499999919,10000.0,0.03653407042422793
2024-12-04,TQQQ Buy and Hold,222760.41666666587,10000.0,-0.008231884057970942
2024-12-05,TQQQ Buy and Hold,228489.58333333247,10000.0,0.02571896188917452
2024-12-06,TQQQ Buy and Hold,228489.58333333247,10000.0,0.0
2024-12-08,TQQQ Buy and Hold,223151.04166666584,10000.0,-0.02336448598130838
2024-12-09,TQQQ Buy and Hold,220729.16666666587,10000.0,-0.010853075037927326
2024-12-10,TQQQ Buy and Hold,232526.04166666584,10000.0,0.05344502123643229
2024-12-11,TQQQ Buy and Hold,227916.6666666658,10000.0,-0.01982304849367242
2024-12-12,TQQQ Buy and Hold,232812.49999999916,10000.0,0.021480804387568667
2024-12-13,TQQQ Buy and Hold,232812.49999999916,10000.0,0.0
2024-12-15,TQQQ Buy and Hold,242942.70833333244,10000.0,0.04351230425055929
2024-12-16,TQQQ Buy and Hold,239687.4999999991,10000.0,-0.013399078143423731
2024-12-17,TQQQ Buy and Hold,213776.04166666584,10000.0,-0.10810517166449372
2024-12-18,TQQQ Buy and Hold,210755.20833333253,10000.0,-0.01413083201364352
2024-12-19,TQQQ Buy and Hold,216223.9583333325,10000.0,0.025948350426294255
2024-12-20,TQQQ Buy and Hold,216197.9166666658,10000.0,-0.00012043839576063008
2024-12-22,TQQQ Buy and Hold,221510.41666666578,10000.0,0.024572392194651967
2024-12-23,TQQQ Buy and Hold,230312.49999999907,10000.0,0.03973665647778034
2024-12-24,TQQQ Buy and Hold,230312.49999999907,10000.0,0.0
2024-12-25,TQQQ Buy and Hold,229817.7083333324,10000.0,-0.0021483491632745106
2024-12-26,TQQQ Buy and Hold,220468.7499999991,10000.0,-0.04067988668555245
2024-12-27,TQQQ Buy and Hold,220468.7499999991,10000.0,0.0
2024-12-29,TQQQ Buy and Hold,211614.58333333247,10000.0,-0.04016064257028103
2024-12-30,TQQQ Buy and Hold,206067.70833333247,10000.0,-0.026212158503568908
2024-12-31,TQQQ Buy and Hold,206041.6666666658,10000.0,-0.0001263743207379111
2025-01-01,TQQQ Buy and Hold,204765.62499999913,10000.0,-0.006193124368048648
2025-01-02,TQQQ Buy and Hold,214583.33333333244,10000.0,0.04794607656110912
2025-01-03,TQQQ Buy and Hold,214583.33333333244,10000.0,0.0
2025-01-05,TQQQ Buy and Hold,221901.04166666573,10000.0,0.03410194174757267
2025-01-06,TQQQ Buy and Hold,209947.9166666658,10000.0,-0.053866917028517654
2025-01-07,TQQQ Buy and Hold,210104.1666666658,10000.0,0.0007442322004465675
2025-01-08,TQQQ Buy and Hold,210104.1666666658,10000.0,0.0
2025-01-09,TQQQ Buy and Hold,200078.12499999919,10000.0,-0.04771938522558265
2025-01-10,TQQQ Buy and Hold,200104.16666666587,10000.0,0.00013015749056364853
2025-01-12,TQQQ Buy and Hold,197994.79166666587,10000.0,-0.010541384695471138
2025-01-13,TQQQ Buy and Hold,197291.66666666587,10000.0,-0.003551229777719269
2025-01-14,TQQQ Buy and Hold,210624.9999999991,10000.0,0.06758183738120367
2025-01-15,TQQQ Buy and Hold,206328.12499999913,10000.0,-0.020400593471809985
2025-01-16,TQQQ Buy and Hold,216510.41666666575,10000.0,0.049349993689259075
2025-01-17,TQQQ Buy and Hold,216510.41666666575,10000.0,0.0
2025-01-20,TQQQ Buy and Hold,220104.16666666575,10000.0,0.01659850853981231
2025-01-21,TQQQ Buy and Hold,228645.83333333238,10000.0,0.03880738286796026
2025-01-22,TQQQ Buy and Hold,230052.08333333238,10000.0,0.0061503416856492745
2025-01-23,TQQQ Buy and Hold,225911.45833333238,10000.0,-0.01799864161195385
2025-01-24,TQQQ Buy and Hold,225937.49999999904,10000.0,0.0001152737752161973
2025-01-26,TQQQ Buy and Hold,206093.74999999913,10000.0,-0.0878284923928078
2025-01-27,TQQQ Buy and Hold,215234.37499999907,10000.0,0.04435178165276731
2025-01-28,TQQQ Buy and Hold,213906.24999999907,10000.0,-0.006170598911070842
2025-01-29,TQQQ Buy and Hold,216588.54166666575,10000.0,0.012539566593620662
2025-01-30,TQQQ Buy and Hold,215416.66666666575,10000.0,-0.005410604785379377
2025-01-31,TQQQ Buy and Hold,215416.66666666575,10000.0,0.0
2025-02-02,TQQQ Buy and Hold,210208.33333333244,10000.0,-0.024177949709864605
2025-02-03,TQQQ Buy and Hold,217838.54166666575,10000.0,0.03629831516352833
2025-02-04,TQQQ Buy and Hold,220677.08333333238,10000.0,0.013030484160191144
2025-02-05,TQQQ Buy and Hold,223984.37499999904,10000.0,0.014987019117300097
2025-02-06,TQQQ Buy and Hold,215442.70833333238,10000.0,-0.03813510056970121
2025-02-07,TQQQ Buy and Hold,215468.74999999904,10000.0,0.00012087513598441805
2025-02-09,TQQQ Buy and Hold,223020.83333333235,10000.0,0.03504955281605035
2025-02-10,TQQQ Buy and Hold,221432.2916666657,10000.0,-0.00712283979448855
2025-02-11,TQQQ Buy and Hold,221874.99999999904,10000.0,0.001999294366694128
2025-02-12,TQQQ Buy and Hold,231223.95833333232,10000.0,0.04213615023474182
2025-02-13,TQQQ Buy and Hold,233932.29166666564,10000.0,0.01171303074670562
2025-02-14,TQQQ Buy and Hold,233958.3333333323,10000.0,0.00011132138483808433
2025-02-17,TQQQ Buy and Hold,235390.62499999895,10000.0,0.006121994657168267
2025-02-18,TQQQ Buy and Hold,235416.66666666567,10000.0,0.00011063170704729634
2025-02-19,TQQQ Buy and Hold,232552.08333333232,10000.0,-0.012168141592920447
2025-02-20,TQQQ Buy and Hold,217994.79166666573,10000.0,-0.06259798432250843
2025-02-21,TQQQ Buy and Hold,217968.74999999907,10000.0,-0.00011946004061630517
2025-02-23,TQQQ Buy and Hold,210156.2499999991,10000.0,-0.035842293906810034
2025-02-24,TQQQ Buy and Hold,202135.4166666658,10000.0,-0.03816604708798015
2025-02-25,TQQQ Buy and Hold,203437.49999999913,10000.0,0.006441638752898737
2025-02-26,TQQQ Buy and Hold,186562.49999999919,10000.0,-0.08294930875576041
2025-02-27,TQQQ Buy and Hold,195104.16666666584,10000.0,0.04578447794528198
2025-02-28,TQQQ Buy and Hold,195104.16666666584,10000.0,0.0
2025-03-02,TQQQ Buy and Hold,182499.9999999992,10000.0,-0.06460224239188472
2025-03-03,TQQQ Buy and Hold,180494.7916666659,10000.0,-0.010987442922374373
2025-03-04,TQQQ Buy and Hold,187526.04166666587,10000.0,0.03895541768864526
2025-03-05,TQQQ Buy and Hold,171979.16666666593,10000.0,-0.08290515206221356
2025-03-06,TQQQ Buy and Hold,175546.87499999924,10000.0,0.02074500302846745
2025-03-07,TQQQ Buy and Hold,175572.9166666659,10000.0,0.000148345942738542
2025-03-09,TQQQ Buy and Hold,155755.20833333267,10000.0,-0.11287451794719666
2025-03-10,TQQQ Buy and Hold,153932.29166666602,10000.0,-0.011703728473499462
2025-03-11,TQQQ Buy and Hold,159192.70833333267,10000.0,0.03417357469125365
2025-03-12,TQQQ Buy and Hold,150494.79166666602,10000.0,-0.054637657451333276
2025-03-13,TQQQ Buy and Hold,161171.8749999993,10000.0,0.07094653054161622
2025-03-14,TQQQ Buy and Hold,161145.83333333264,10000.0,-0.0001615769914363873
2025-03-16,TQQQ Buy and Hold,164296.87499999927,10000.0,0.01955397543632839
2025-03-17,TQQQ Buy and Hold,156015.6249999993,10000.0,-0.050404184498335815
2025-03-18,TQQQ Buy and Hold,162083.33333333262,10000.0,0.038891670839592815
2025-03-19,TQQQ Buy and Hold,160416.66666666596,10000.0,-0.010282776349614406
2025-03-20,TQQQ Buy and Hold,161927.08333333262,10000.0,0.009415584415584387
2025-03-21,TQQQ Buy and Hold,161927.08333333262,10000.0,0.0
2025-03-23,TQQQ Buy and Hold,172213.5416666659,10000.0,0.06352524927629456
2025-03-24,TQQQ Buy and Hold,175286.45833333256,10000.0,0.01784364131256626
2025-03-25,TQQQ Buy and Hold,165052.08333333262,10000.0,-0.05838656960332788
2025-03-26,TQQQ Buy and Hold,162239.58333333262,10000.0,-0.017040075733670012
2025-03-27,TQQQ Buy and Hold,149322.91666666602,10000.0,-0.0796147672552166
2025-03-28,TQQQ Buy and Hold,149322.91666666602,10000.0,0.0
2025-03-30,TQQQ Buy and Hold,149218.74999999933,10000.0,-0.0006975933031043992
2025-03-31,TQQQ Buy and Hold,152656.2499999993,10000.0,0.023036649214659692
2025-04-01,TQQQ Buy and Hold,156067.70833333262,10000.0,0.022347321733196902
2025-04-02,TQQQ Buy and Hold,130989.58333333272,10000.0,-0.16068746871349912
2025-04-03,TQQQ Buy and Hold,107005.20833333285,10000.0,-0.18310139165009928
2025-04-04,TQQQ Buy and Hold,107031.2499999995,10000.0,0.00024336821611092746
2025-04-06,TQQQ Buy and Hold,107421.87499999949,10000.0,0.0036496350364963156
2025-04-07,TQQQ Buy and Hold,101302.08333333285,10000.0,-0.056969696969697003
2025-04-08,TQQQ Buy and Hold,137005.20833333267,10000.0,0.35244215938303347
2025-04-09,TQQQ Buy and Hold,120156.24999999942,10000.0,-0.12298042197300892
2025-04-10,TQQQ Buy and Hold,126510.41666666606,10000.0,0.05288253142609445
2025-04-11,TQQQ Buy and Hold,126510.41666666606,10000.0,0.0
2025-04-13,TQQQ Buy and Hold,129166.66666666606,10000.0,0.020996294771510975
2025-04-14,TQQQ Buy and Hold,129661.4583333327,10000.0,0.0038306451612902764
2025-04-15,TQQQ Buy and Hold,117942.70833333276,10000.0,-0.09037959429604338
2025-04-16,TQQQ Buy and Hold,117604.16666666609,10000.0,-0.0028703908147494493
2025-04-17,TQQQ Buy and Hold,117604.16666666609,10000.0,0.0
2025-04-20,TQQQ Buy and Hold,109010.41666666613,10000.0,-0.07307351638618241
2025-04-21,TQQQ Buy and Hold,117343.74999999943,10000.0,0.07644529383659825
2025-04-22,TQQQ Buy and Hold,125130.20833333272,10000.0,0.0663559698180203
2025-04-23,TQQQ Buy and Hold,135781.24999999936,10000.0,0.08511966701352765
2025-04-24,TQQQ Buy and Hold,140260.416666666,10000.0,0.032988108937476
2025-04-25,TQQQ Buy and Hold,140260.416666666,10000.0,0.0
2025-04-27,TQQQ Buy and Hold,140156.24999999933,10000.0,-0.0007426661715558698
2025-04-28,TQQQ Buy and Hold,142890.6249999993,10000.0,0.019509476031215108
2025-04-29,TQQQ Buy and Hold,142916.666666666,10000.0,0.00018224895206861886
2025-04-30,TQQQ Buy and Hold,147838.54166666596,10000.0,0.03443877551020409
2025-05-01,TQQQ Buy and Hold,154765.62499999924,10000.0,0.04685573366214544
2025-05-02,TQQQ Buy and Hold,154791.6666666659,10000.0,0.000168265185932997
2025-05-04,TQQQ Buy and Hold,152083.3333333326,10000.0,-0.017496635262449517
2025-05-05,TQQQ Buy and Hold,147760.41666666596,10000.0,-0.028424657534246518
2025-05-06,TQQQ Buy and Hold,149479.16666666596,10000.0,0.011632005639760249
2025-05-07,TQQQ Buy and Hold,153932.29166666596,10000.0,0.029790940766550537
2025-05-08,TQQQ Buy and Hold,153567.70833333262,10000.0,-0.00236846557266115
2025-05-09,TQQQ Buy and Hold,153593.74999999927,10000.0,0.00016957775139898271
2025-05-11,TQQQ Buy and Hold,172161.45833333253,10000.0,0.12088843675822318
2025-05-12,TQQQ Buy and Hold,180052.08333333247,10000.0,0.04583270307063986
2025-05-13,TQQQ Buy and Hold,183229.16666666578,10000.0,0.01764535724616718
2025-05-14,TQQQ Buy and Hold,183802.08333333244,10000.0,0.0031267765776008933
2025-05-15,TQQQ Buy and Hold,186067.70833333244,10000.0,0.01232643808444325
2025-05-16,TQQQ Buy and Hold,186041.66666666575,10000.0,-0.00013995801259629272
2025-05-18,TQQQ Buy and Hold,186562.4999999991,10000.0,0.002799552071668573
2025-05-19,TQQQ Buy and Hold,184609.3749999991,10000.0,-0.010469011725293131
2025-05-20,TQQQ Buy and Hold,176927.08333333247,10000.0,-0.041613767809282026
2025-05-21,TQQQ Buy and Hold,177838.54166666584,10000.0,0.0051516043567855245
2025-05-22,TQQQ Buy and Hold,172708.3333333325,10000.0,-0.028847561868502167
2025-05-23,TQQQ Buy and Hold,172708.3333333325,10000.0,0.0
2025-05-26,TQQQ Buy and Hold,184739.58333333247,10000.0,0.06966224366706883
2025-05-27,TQQQ Buy and Hold,182369.7916666658,10000.0,-0.01282774175359454
2025-05-28,TQQQ Buy and Hold,183255.2083333325,10000.0,0.004855062116235947
2025-05-29,TQQQ Buy and Hold,182291.6666666658,10000.0,-0.005257922410118012
2025-05-30,TQQQ Buy and Hold,182291.6666666658,10000.0,0.0
2025-06-01,TQQQ Buy and Hold,186484.3749999991,10000.0,0.022999999999999993
2025-06-02,TQQQ Buy and Hold,190833.33333333238,10000.0,0.02332076525624915
2025-06-03,TQQQ Buy and Hold,192369.7916666657,10000.0,0.008051310043668169
2025-06-04,TQQQ Buy and Hold,187890.62499999907,10000.0,-0.023284147827264096
2025-06-05,TQQQ Buy and Hold,193255.20833333232,10000.0,0.028551628551628384
2025-06-06,TQQQ Buy and Hold,193229.16666666567,10000.0,-0.0001347527287426345
2025-06-08,TQQQ Buy and Hold,194114.58333333232,10000.0,0.004582210242587647
2025-06-09,TQQQ Buy and Hold,197864.5833333323,10000.0,0.019318486718540348
2025-06-10,TQQQ Buy and Hold,195833.3333333323,10000.0,-0.010265859436693881
2025-06-11,TQQQ Buy and Hold,197109.37499999895,10000.0,0.006515957446808442
2025-06-12,TQQQ Buy and Hold,189661.45833333232,10000.0,-0.03778570484872506
2025-06-13,TQQQ Buy and Hold,189687.49999999898,10000.0,0.00013730605519710444
2025-06-15,TQQQ Buy and Hold,197395.83333333227,10000.0,0.040637012630422756
2025-06-16,TQQQ Buy and Hold,191562.49999999898,10000.0,-0.029551451187335025
2025-06-17,TQQQ Buy and Hold,191302.0833333323,10000.0,-0.0013594344752584084
2025-06-18,TQQQ Buy and Hold,191302.0833333323,10000.0,0.0
2025-06-19,TQQQ Buy and Hold,188671.87499999898,10000.0,-0.013748979036210059
2025-06-20,TQQQ Buy and Hold,188645.8333333323,10000.0,-0.00013802622498281734
2025-06-22,TQQQ Buy and Hold,194531.24999999895,10000.0,0.031198233020430774
2025-06-23,TQQQ Buy and Hold,203385.41666666555,10000.0,0.04551539491298516
2025-06-24,TQQQ Buy and Hold,204374.99999999892,10000.0,0.004865556978233159
2025-06-25,TQQQ Buy and Hold,209973.9583333322,10000.0,0.02739551478083577
2025-06-26,TQQQ Buy and Hold,212031.2499999989,10000.0,0.009797841994295006
2025-06-27,TQQQ Buy and Hold,212031.2499999989,10000.0,0.0
2025-06-29,TQQQ Buy and Hold,216145.8333333322,10000.0,0.019405551461557334
2025-06-30,TQQQ Buy and Hold,210651.04166666558,10000.0,-0.025421686746987946
2025-07-01,TQQQ Buy and Hold,214843.7499999989,10000.0,0.019903572753121514
2025-07-02,TQQQ Buy and Hold,220859.37499999886,10000.0,0.02800000000000003
2025-07-03,TQQQ Buy and Hold,220833.3333333322,10000.0,-0.00011791062374725994
2025-07-06,TQQQ Buy and Hold,215937.4999999989,10000.0,-0.022169811320754663
2025-07-07,TQQQ Buy and Hold,216223.95833333224,10000.0,0.001326579835986486
2025-07-08,TQQQ Buy and Hold,220703.12499999886,10000.0,0.02071540407081776
2025-07-09,TQQQ Buy and Hold,219687.49999999886,10000.0,-0.004601769911504431
2025-07-10,TQQQ Buy and Hold,218020.8333333322,10000.0,-0.007586533902323383
2025-07-11,TQQQ Buy and Hold,218020.8333333322,10000.0,0.0
2025-07-13,TQQQ Buy and Hold,220338.54166666552,10000.0,0.010630673674151943
2025-07-14,TQQQ Buy and Hold,220911.4583333322,10000.0,0.002600165465075037
2025-07-15,TQQQ Buy and Hold,221536.4583333322,10000.0,0.0028291877873393243
2025-07-16,TQQQ Buy and Hold,226692.7083333322,10000.0,0.023274950041142637
2025-07-17,TQQQ Buy and Hold,225911.45833333224,10000.0,-0.0034462952326248957
2025-07-18,TQQQ Buy and Hold,225937.4999999989,10000.0,0.0001152737752161973
2025-07-20,TQQQ Buy and Hold,229348.9583333322,10000.0,0.015099124020285707
2025-07-21,TQQQ Buy and Hold,225781.24999999892,10000.0,-0.01555580788009527
2025-07-22,TQQQ Buy and Hold,228749.9999999989,10000.0,0.013148788927335646
2025-07-23,TQQQ Buy and Hold,230260.41666666555,10000.0,0.006602914389799616
2025-07-24,TQQQ Buy and Hold,231562.49999999886,10000.0,0.005654829224157431
2025-07-25,TQQQ Buy and Hold,231562.49999999886,10000.0,0.0
2025-07-27,TQQQ Buy and Hold,233815.1041666655,10000.0,0.009727845254160986
2025-07-28,TQQQ Buy and Hold,232760.4166666655,10000.0,-0.004510775742050467
2025-07-29,TQQQ Buy and Hold,233567.70833333215,10000.0,0.00346833743566796
2025-07-30,TQQQ Buy and Hold,229713.5416666655,10000.0,-0.016501282194224597
2025-07-31,TQQQ Buy and Hold,215937.49999999892,10000.0,-0.05997052488379993
2025-08-01,TQQQ Buy and Hold,215937.49999999892,10000.0,0.0
2025-08-03,TQQQ Buy and Hold,227760.4166666655,10000.0,0.054751567776169706
2025-08-04,TQQQ Buy and Hold,223020.83333333218,10000.0,-0.02080951292019201
2025-08-05,TQQQ Buy and Hold,231354.1666666655,10000.0,0.0373657169546941
2025-08-06,TQQQ Buy and Hold,233697.91666666546,10000.0,0.010130571814497877
2025-08-07,TQQQ Buy and Hold,239999.99999999878,10000.0,0.026966792957432605
2025-08-08,TQQQ Buy and Hold,239999.99999999878,10000.0,0.0
2025-08-10,TQQQ Buy and Hold,237890.62499999878,10000.0,-0.008789062500000024
2025-08-11,TQQQ Buy and Hold,246666.6666666654,10000.0,0.03689107827038867
2025-08-12,TQQQ Buy and Hold,247031.24999999875,10000.0,0.0014780405405405465
2025-08-13,TQQQ Buy and Hold,246354.1666666654,10000.0,-0.0027408812987561155
2025-08-14,TQQQ Buy and Hold,242864.58333333212,10000.0,-0.014164904862579169
2025-08-15,TQQQ Buy and Hold,242864.58333333212,10000.0,0.0
2025-08-17,TQQQ Buy and Hold,242552.08333333212,10000.0,-0.0012867252841518822
2025-08-18,TQQQ Buy and Hold,232656.24999999886,10000.0,-0.04079879750912602
2025-08-19,TQQQ Buy and Hold,228411.4583333322,10000.0,-0.018244907096485446
2025-08-20,TQQQ Buy and Hold,225234.3749999989,10000.0,-0.013909474404286842
2025-08-21,TQQQ Buy and Hold,235364.58333333215,10000.0,0.044976297837900345
2025-08-22,TQQQ Buy and Hold,235364.58333333215,10000.0,0.0
2025-08-24,TQQQ Buy and Hold,233307.29166666552,10000.0,-0.008740871874308387
2025-08-25,TQQQ Buy and Hold,236015.6249999988,10000.0,0.011608438441790289
2025-08-26,TQQQ Buy and Hold,237083.33333333218,10000.0,0.004523888337195308
2025-08-27,TQQQ Buy and Hold,241406.24999999884,10000.0,0.018233743409490296
2025-08-28,TQQQ Buy and Hold,232708.3333333322,10000.0,-0.03603020496224383
2025-08-29,TQQQ Buy and Hold,232708.3333333322,10000.0,0.0
2025-09-01,TQQQ Buy and Hold,226770.83333333224,10000.0,-0.025514771709937344
2025-09-02,TQQQ Buy and Hold,232057.29166666552,10000.0,0.023311897106109338
2025-09-03,TQQQ Buy and Hold,238333.33333333215,10000.0,0.027045225002805484
2025-09-04,TQQQ Buy and Hold,239114.58333333215,10000.0,0.003277972027971997
2025-09-05,TQQQ Buy and Hold,239114.58333333215,10000.0,0.0
2025-09-07,TQQQ Buy and Hold,242526.04166666546,10000.0,0.014267044216946224
2025-09-08,TQQQ Buy and Hold,244505.20833333215,10000.0,0.008160635670568078
2025-09-09,TQQQ Buy and Hold,244765.6249999988,10000.0,0.001065076152944875
2025-09-10,TQQQ Buy and Hold,248880.2083333321,10000.0,0.0168102989679753
2025-09-11,TQQQ Buy and Hold,251979.1666666654,10000.0,0.01245160615255846
2025-09-12,TQQQ Buy and Hold,251979.1666666654,10000.0,0.0
2025-09-14,TQQQ Buy and Hold,258411.45833333206,10000.0,0.02552707730467134
2025-09-15,TQQQ Buy and Hold,257708.33333333203,10000.0,-0.0027209513252041745
2025-09-16,TQQQ Buy and Hold,256067.70833333206,10000.0,-0.00636620856911879
2025-09-17,TQQQ Buy and Hold,262968.74999999866,10000.0,0.026950066103935785
2025-09-18,TQQQ Buy and Hold,268177.083333332,10000.0,0.019805902158843335
2025-09-19,TQQQ Buy and Hold,268177.083333332,10000.0,0.0
2025-09-21,TQQQ Buy and Hold,272708.3333333319,10000.0,0.016896484754321178
2025-09-22,TQQQ Buy and Hold,267213.5416666653,10000.0,-0.02014896867838044
2025-09-23,TQQQ Buy and Hold,264088.5416666653,10000.0,-0.01169476659195013
2025-09-24,TQQQ Buy and Hold,260546.87499999863,10000.0,-0.013410906222266044
2025-09-25,TQQQ Buy and Hold,263671.87499999866,10000.0,0.011994002998500779
2025-09-26,TQQQ Buy and Hold,263697.91666666535,10000.0,9.876543209881596e-05
2025-09-28,TQQQ Buy and Hold,267187.4999999986,10000.0,0.013233260912502362
2025-09-29,TQQQ Buy and Hold,269270.833333332,10000.0,0.0077972709551658035
2025-09-30,TQQQ Buy and Hold,273072.9166666653,10000.0,0.014119922630560867
2025-10-01,TQQQ Buy and Hold,276406.2499999986,10000.0,0.012206751859622365
2025-10-02,TQQQ Buy and Hold,272656.24999999866,10000.0,-0.013566986998304106
2025-10-03,TQQQ Buy and Hold,272656.24999999866,10000.0,0.0
2025-10-05,TQQQ Buy and Hold,278749.99999999866,10000.0,0.0223495702005731
2025-10-06,TQQQ Buy and Hold,274244.79166666535,10000.0,-0.016162182361733966
2025-10-07,TQQQ Buy and Hold,283541.6666666653,10000.0,0.03389991453803051
2025-10-08,TQQQ Buy and Hold,282421.87499999866,10000.0,-0.003949301983835347
2025-10-09,TQQQ Buy and Hold,252786.45833333212,10000.0,-0.10493314891655149
2025-10-10,TQQQ Buy and Hold,252760.4166666655,10000.0,-0.00010301844030072015
2025-10-12,TQQQ Buy and Hold,268828.1249999988,10000.0,0.06356892643725533
2025-10-13,TQQQ Buy and Hold,263359.3749999988,10000.0,-0.020342923568730104
2025-10-14,TQQQ Buy and Hold,268749.9999999988,10000.0,0.020468703648768984
2025-10-15,TQQQ Buy and Hold,265755.2083333321,10000.0,-0.011143410852713233
2025-10-16,TQQQ Buy and Hold,270807.2916666654,10000.0,0.01901028907398332
2025-10-17,TQQQ Buy and Hold,270781.2499999988,10000.0,-9.616309260497072e-05
2025-10-19,TQQQ Buy and Hold,280963.54166666535,10000.0,0.03760338526639735
2025-10-20,TQQQ Buy and Hold,280651.04166666535,10000.0,-0.0011122439521735522
2025-10-21,TQQQ Buy and Hold,272395.83333333203,10000.0,-0.029414493829451625
2025-10-22,TQQQ Buy and Hold,279218.74999999866,10000.0,0.02504780114722758
2025-10-23,TQQQ Buy and Hold,287916.6666666653,10000.0,0.03115090468196235
2025-10-24,TQQQ Buy and Hold,287916.6666666653,10000.0,0.0
2025-10-26,TQQQ Buy and Hold,303203.12499999854,10000.0,0.053093342981186724
2025-10-27,TQQQ Buy and Hold,310130.2083333318,10000.0,0.02284634544361416
2025-10-28,TQQQ Buy and Hold,314088.5416666651,10000.0,0.012763456209589352
2025-10-29,TQQQ Buy and Hold,299713.5416666652,10000.0,-0.045767349307685896
2025-10-30,TQQQ Buy and Hold,303958.3333333318,10000.0,0.014162829090277135
2025-10-31,TQQQ Buy and Hold,303958.3333333318,10000.0,0.0
2025-11-02,TQQQ Buy and Hold,308124.9999999984,10000.0,0.01370801919122682
2025-11-03,TQQQ Buy and Hold,289270.83333333186,10000.0,-0.06118999323867474
2025-11-04,TQQQ Buy and Hold,294895.83333333186,10000.0,0.019445444724522837
2025-11-05,TQQQ Buy and Hold,278359.3749999986,10000.0,-0.056075591663723015
2025-11-06,TQQQ Buy and Hold,275468.7499999986,10000.0,-0.010384507437552619
2025-11-07,TQQQ Buy and Hold,275468.7499999986,10000.0,0.0
2025-11-09,TQQQ Buy and Hold,293515.6249999985,10000.0,0.0655133295519001
2025-11-10,TQQQ Buy and Hold,291093.7499999985,10000.0,-0.008251264306627563
2025-11-11,TQQQ Buy and Hold,290494.7916666651,10000.0,-0.0020576131687243156
2025-11-12,TQQQ Buy and Hold,272552.08333333186,10000.0,-0.06176602420439266
2025-11-13,TQQQ Buy and Hold,272760.4166666652,10000.0,0.0007643798968086977
2025-11-14,TQQQ Buy and Hold,272760.4166666652,10000.0,0.0
2025-11-16,TQQQ Buy and Hold,265755.20833333186,10000.0,-0.025682642734389898
2025-11-17,TQQQ Buy and Hold,256145.83333333192,10000.0,-0.03615874571288582
2025-11-18,TQQQ Buy and Hold,260546.87499999854,10000.0,0.017181781211874723
2025-11-19,TQQQ Buy and Hold,241927.083333332,10000.0,-0.07146426786606688
2025-11-20,TQQQ Buy and Hold,247291.66666666526,10000.0,0.02217438105489761
2025-11-21,TQQQ Buy and Hold,247291.66666666526,10000.0,0.0
2025-11-23,TQQQ Buy and Hold,266041.6666666652,10000.0,0.07582139848357207
2025-11-24,TQQQ Buy and Hold,270885.4166666651,10000.0,0.018206734534064208
2025-11-25,TQQQ Buy and Hold,277968.7499999984,10000.0,0.026148817535089398
2025-11-26,TQQQ Buy and Hold,277968.7499999984,10000.0,0.0
2025-11-27,TQQQ Buy and Hold,284062.4999999984,10000.0,0.021922428330522797
2025-11-28,TQQQ Buy and Hold,284062.4999999984,10000.0,0.0
2025-11-30,TQQQ Buy and Hold,281510.4166666651,10000.0,-0.00898423175650902
2025-12-01,TQQQ Buy and Hold,288020.83333333174,10000.0,0.023126734505087884
2025-12-02,TQQQ Buy and Hold,290052.08333333174,10000.0,0.007052441229656431
2025-12-03,TQQQ Buy and Hold,289114.58333333174,10000.0,-0.0032321781289279894
2025-12-04,TQQQ Buy and Hold,292447.91666666506,10000.0,0.011529454152404982
2025-12-05,TQQQ Buy and Hold,292447.91666666506,10000.0,0.0
2025-12-07,TQQQ Buy and Hold,290624.9999999984,10000.0,-0.006233303650935021
2025-12-08,TQQQ Buy and Hold,291718.74999999837,10000.0,0.003763440860215069
2025-12-09,TQQQ Buy and Hold,295052.0833333317,10000.0,0.01142653097661133
2025-12-10,TQQQ Buy and Hold,292239.5833333317,10000.0,-0.009532215357458062
2025-12-11,TQQQ Buy and Hold,275104.1666666651,10000.0,-0.05863482445196933
2025-12-12,TQQQ Buy and Hold,275104.1666666651,10000.0,0.0
2025-12-14,TQQQ Buy and Hold,270937.4999999985,10000.0,-0.015145778114350571
2025-12-15,TQQQ Buy and Hold,272552.0833333318,10000.0,0.005959246443675416
2025-12-16,TQQQ Buy and Hold,257291.66666666523,10000.0,-0.05599082744123829
2025-12-17,TQQQ Buy and Hold,268281.2499999985,10000.0,0.04271255060728744
2025-12-18,TQQQ Buy and Hold,278749.9999999984,10000.0,0.039021549213745
2025-12-19,TQQQ Buy and Hold,278749.9999999984,10000.0,0.0
2025-12-21,TQQQ Buy and Hold,282552.08333333174,10000.0,0.013639760837070195
2025-12-22,TQQQ Buy and Hold,286510.41666666506,10000.0,0.014009216589861715
2025-12-23,TQQQ Buy and Hold,288333.3333333317,10000.0,0.006362479549172904
2025-12-24,TQQQ Buy and Hold,288333.3333333317,10000.0,0.0
2025-12-25,TQQQ Buy and Hold,288072.916666665,10000.0,-0.0009031791907513938
2025-12-26,TQQQ Buy and Hold,288072.916666665,10000.0,0.0
2025-12-28,TQQQ Buy and Hold,283802.0833333317,10000.0,-0.014825528837461585
2025-12-29,TQQQ Buy and Hold,281770.8333333317,10000.0,-0.007157276564507259
2025-12-30,TQQQ Buy and Hold,274583.33333333174,10000.0,-0.02550831792975975
2025-12-31,TQQQ Buy and Hold,274479.1666666651,10000.0,-0.0003793626707131264
2026-01-01,TQQQ Buy and Hold,272656.2499999984,10000.0,-0.006641366223908945
2026-01-04,TQQQ Buy and Hold,279166.66666666506,10000.0,0.02387774594078319
2026-01-05,TQQQ Buy and Hold,286510.416666665,10000.0,0.026305970149253666
2026-01-06,TQQQ Buy and Hold,287343.7499999983,10000.0,0.0029085620796219544
2026-01-07,TQQQ Buy and Hold,282239.5833333316,10000.0,-0.017763277143375094
2026-01-08,TQQQ Buy and Hold,290416.66666666494,10000.0,0.02897213508027312
